version,1.3.0
info,team,Australia
info,team,South Africa
info,gender,male
info,season,2016/17
info,date,2016/11/12
info,date,2016/11/13
info,date,2016/11/14
info,date,2016/11/15
info,series,South Africa in Australia Test Series
info,match_number,2
info,venue,Bellerive Oval
info,city,Hobart
info,toss_winner,South Africa
info,toss_decision,field
info,player_of_match,KJ Abbott
info,umpire,Aleem Dar
info,umpire,RA Kettleborough
info,reserve_umpire,MD Martell
info,tv_umpire,NJ Llong
info,match_referee,AJ Pycroft
info,winner,South Africa
info,winner_innings,1
info,winner_runs,80
ball,1,0.1,Australia,DA Warner,JA Burns,VD Philander,1,0,"",""
ball,1,0.2,Australia,JA Burns,DA Warner,VD Philander,0,0,"",""
ball,1,0.3,Australia,JA Burns,DA Warner,VD Philander,1,0,"",""
ball,1,0.4,Australia,DA Warner,JA Burns,VD Philander,0,0,"",""
ball,1,0.5,Australia,DA Warner,JA Burns,VD Philander,0,0,"",""
ball,1,0.6,Australia,DA Warner,JA Burns,VD Philander,0,0,caught,DA Warner
ball,1,1.1,Australia,JA Burns,UT Khawaja,KJ Abbott,0,0,"",""
ball,1,1.2,Australia,JA Burns,UT Khawaja,KJ Abbott,0,0,"",""
ball,1,1.3,Australia,JA Burns,UT Khawaja,KJ Abbott,0,0,"",""
ball,1,1.4,Australia,JA Burns,UT Khawaja,KJ Abbott,0,0,"",""
ball,1,1.5,Australia,JA Burns,UT Khawaja,KJ Abbott,0,0,"",""
ball,1,1.6,Australia,JA Burns,UT Khawaja,KJ Abbott,0,0,lbw,JA Burns
ball,1,2.1,Australia,UT Khawaja,SPD Smith,VD Philander,0,0,"",""
ball,1,2.2,Australia,UT Khawaja,SPD Smith,VD Philander,0,0,"",""
ball,1,2.3,Australia,UT Khawaja,SPD Smith,VD Philander,0,0,"",""
ball,1,2.4,Australia,UT Khawaja,SPD Smith,VD Philander,0,0,"",""
ball,1,2.5,Australia,UT Khawaja,SPD Smith,VD Philander,0,0,"",""
ball,1,2.6,Australia,UT Khawaja,SPD Smith,VD Philander,0,0,"",""
ball,1,3.1,Australia,SPD Smith,UT Khawaja,KJ Abbott,1,0,"",""
ball,1,3.2,Australia,UT Khawaja,SPD Smith,KJ Abbott,0,0,"",""
ball,1,3.3,Australia,UT Khawaja,SPD Smith,KJ Abbott,0,0,"",""
ball,1,3.4,Australia,UT Khawaja,SPD Smith,KJ Abbott,0,0,"",""
ball,1,3.5,Australia,UT Khawaja,SPD Smith,KJ Abbott,1,0,"",""
ball,1,3.6,Australia,SPD Smith,UT Khawaja,KJ Abbott,0,0,"",""
ball,1,4.1,Australia,UT Khawaja,SPD Smith,VD Philander,0,0,"",""
ball,1,4.2,Australia,UT Khawaja,SPD Smith,VD Philander,0,0,"",""
ball,1,4.3,Australia,UT Khawaja,SPD Smith,VD Philander,0,0,"",""
ball,1,4.4,Australia,UT Khawaja,SPD Smith,VD Philander,0,0,"",""
ball,1,4.5,Australia,UT Khawaja,SPD Smith,VD Philander,0,0,"",""
ball,1,4.6,Australia,UT Khawaja,SPD Smith,VD Philander,0,0,"",""
ball,1,5.1,Australia,SPD Smith,UT Khawaja,KJ Abbott,0,0,"",""
ball,1,5.2,Australia,SPD Smith,UT Khawaja,KJ Abbott,1,0,"",""
ball,1,5.3,Australia,UT Khawaja,SPD Smith,KJ Abbott,0,0,"",""
ball,1,5.4,Australia,UT Khawaja,SPD Smith,KJ Abbott,0,0,"",""
ball,1,5.5,Australia,UT Khawaja,SPD Smith,KJ Abbott,0,0,"",""
ball,1,5.6,Australia,UT Khawaja,SPD Smith,KJ Abbott,0,0,"",""
ball,1,6.1,Australia,SPD Smith,UT Khawaja,VD Philander,0,0,"",""
ball,1,6.2,Australia,SPD Smith,UT Khawaja,VD Philander,0,0,"",""
ball,1,6.3,Australia,SPD Smith,UT Khawaja,VD Philander,0,0,"",""
ball,1,6.4,Australia,SPD Smith,UT Khawaja,VD Philander,0,0,"",""
ball,1,6.5,Australia,SPD Smith,UT Khawaja,VD Philander,0,0,"",""
ball,1,6.6,Australia,SPD Smith,UT Khawaja,VD Philander,0,0,"",""
ball,1,7.1,Australia,UT Khawaja,SPD Smith,KJ Abbott,0,0,"",""
ball,1,7.2,Australia,UT Khawaja,SPD Smith,KJ Abbott,3,0,"",""
ball,1,7.3,Australia,SPD Smith,UT Khawaja,KJ Abbott,0,0,"",""
ball,1,7.4,Australia,SPD Smith,UT Khawaja,KJ Abbott,0,0,"",""
ball,1,7.5,Australia,SPD Smith,UT Khawaja,KJ Abbott,0,0,"",""
ball,1,7.6,Australia,SPD Smith,UT Khawaja,KJ Abbott,0,0,"",""
ball,1,8.1,Australia,UT Khawaja,SPD Smith,VD Philander,0,0,"",""
ball,1,8.2,Australia,UT Khawaja,SPD Smith,VD Philander,0,0,"",""
ball,1,8.3,Australia,UT Khawaja,SPD Smith,VD Philander,0,0,caught,UT Khawaja
ball,1,8.4,Australia,AC Voges,SPD Smith,VD Philander,0,0,caught,AC Voges
ball,1,8.5,Australia,CJ Ferguson,SPD Smith,VD Philander,0,0,"",""
ball,1,8.6,Australia,CJ Ferguson,SPD Smith,VD Philander,0,0,"",""
ball,1,9.1,Australia,SPD Smith,CJ Ferguson,KJ Abbott,0,0,"",""
ball,1,9.2,Australia,SPD Smith,CJ Ferguson,KJ Abbott,0,0,"",""
ball,1,9.3,Australia,SPD Smith,CJ Ferguson,KJ Abbott,4,0,"",""
ball,1,9.4,Australia,SPD Smith,CJ Ferguson,KJ Abbott,0,0,"",""
ball,1,9.5,Australia,SPD Smith,CJ Ferguson,KJ Abbott,0,0,"",""
ball,1,9.6,Australia,SPD Smith,CJ Ferguson,KJ Abbott,0,0,"",""
ball,1,10.1,Australia,CJ Ferguson,SPD Smith,VD Philander,0,0,"",""
ball,1,10.2,Australia,CJ Ferguson,SPD Smith,VD Philander,0,0,"",""
ball,1,10.3,Australia,CJ Ferguson,SPD Smith,VD Philander,0,0,"",""
ball,1,10.4,Australia,CJ Ferguson,SPD Smith,VD Philander,0,0,"",""
ball,1,10.5,Australia,CJ Ferguson,SPD Smith,VD Philander,0,0,"",""
ball,1,10.6,Australia,CJ Ferguson,SPD Smith,VD Philander,0,0,"",""
ball,1,11.1,Australia,SPD Smith,CJ Ferguson,K Rabada,0,0,"",""
ball,1,11.2,Australia,SPD Smith,CJ Ferguson,K Rabada,0,0,"",""
ball,1,11.3,Australia,SPD Smith,CJ Ferguson,K Rabada,0,0,"",""
ball,1,11.4,Australia,SPD Smith,CJ Ferguson,K Rabada,0,0,"",""
ball,1,11.5,Australia,SPD Smith,CJ Ferguson,K Rabada,1,0,"",""
ball,1,11.6,Australia,CJ Ferguson,SPD Smith,K Rabada,2,0,"",""
ball,1,12.1,Australia,SPD Smith,CJ Ferguson,VD Philander,0,0,"",""
ball,1,12.2,Australia,SPD Smith,CJ Ferguson,VD Philander,1,0,"",""
ball,1,12.3,Australia,CJ Ferguson,SPD Smith,KJ Abbott,0,0,"",""
ball,1,12.4,Australia,CJ Ferguson,SPD Smith,KJ Abbott,0,0,"",""
ball,1,12.5,Australia,CJ Ferguson,SPD Smith,KJ Abbott,1,0,run out,CJ Ferguson
ball,1,12.6,Australia,PM Nevill,SPD Smith,KJ Abbott,1,0,"",""
ball,1,13.1,Australia,PM Nevill,SPD Smith,K Rabada,0,0,"",""
ball,1,13.2,Australia,PM Nevill,SPD Smith,K Rabada,0,0,"",""
ball,1,13.3,Australia,PM Nevill,SPD Smith,K Rabada,0,0,"",""
ball,1,13.4,Australia,PM Nevill,SPD Smith,K Rabada,1,0,"",""
ball,1,13.5,Australia,SPD Smith,PM Nevill,K Rabada,0,1,"",""
ball,1,13.6,Australia,PM Nevill,SPD Smith,K Rabada,0,0,"",""
ball,1,14.1,Australia,SPD Smith,PM Nevill,KJ Abbott,0,0,"",""
ball,1,14.2,Australia,SPD Smith,PM Nevill,KJ Abbott,0,0,"",""
ball,1,14.3,Australia,SPD Smith,PM Nevill,KJ Abbott,0,0,"",""
ball,1,14.4,Australia,SPD Smith,PM Nevill,KJ Abbott,1,0,"",""
ball,1,14.5,Australia,PM Nevill,SPD Smith,KJ Abbott,0,0,"",""
ball,1,14.6,Australia,PM Nevill,SPD Smith,KJ Abbott,0,0,"",""
ball,1,15.1,Australia,SPD Smith,PM Nevill,K Rabada,2,0,"",""
ball,1,15.2,Australia,SPD Smith,PM Nevill,K Rabada,3,0,"",""
ball,1,15.3,Australia,PM Nevill,SPD Smith,K Rabada,0,0,"",""
ball,1,15.4,Australia,PM Nevill,SPD Smith,K Rabada,0,0,"",""
ball,1,15.5,Australia,PM Nevill,SPD Smith,K Rabada,0,0,"",""
ball,1,15.6,Australia,PM Nevill,SPD Smith,K Rabada,0,0,"",""
ball,1,16.1,Australia,SPD Smith,PM Nevill,KJ Abbott,0,0,"",""
ball,1,16.2,Australia,SPD Smith,PM Nevill,KJ Abbott,4,0,"",""
ball,1,16.3,Australia,SPD Smith,PM Nevill,KJ Abbott,0,0,"",""
ball,1,16.4,Australia,SPD Smith,PM Nevill,KJ Abbott,0,0,"",""
ball,1,16.5,Australia,SPD Smith,PM Nevill,KJ Abbott,0,0,"",""
ball,1,16.6,Australia,SPD Smith,PM Nevill,KJ Abbott,0,0,"",""
ball,1,17.1,Australia,PM Nevill,SPD Smith,KA Maharaj,0,0,"",""
ball,1,17.2,Australia,PM Nevill,SPD Smith,KA Maharaj,0,0,"",""
ball,1,17.3,Australia,PM Nevill,SPD Smith,KA Maharaj,0,0,"",""
ball,1,17.4,Australia,PM Nevill,SPD Smith,KA Maharaj,0,0,"",""
ball,1,17.5,Australia,PM Nevill,SPD Smith,KA Maharaj,0,0,"",""
ball,1,17.6,Australia,PM Nevill,SPD Smith,KA Maharaj,1,0,"",""
ball,1,18.1,Australia,PM Nevill,SPD Smith,KJ Abbott,0,0,"",""
ball,1,18.2,Australia,PM Nevill,SPD Smith,KJ Abbott,0,0,"",""
ball,1,18.3,Australia,PM Nevill,SPD Smith,KJ Abbott,0,0,"",""
ball,1,18.4,Australia,PM Nevill,SPD Smith,KJ Abbott,0,0,"",""
ball,1,18.5,Australia,PM Nevill,SPD Smith,KJ Abbott,0,0,"",""
ball,1,18.6,Australia,PM Nevill,SPD Smith,KJ Abbott,0,0,"",""
ball,1,19.1,Australia,SPD Smith,PM Nevill,KA Maharaj,0,0,"",""
ball,1,19.2,Australia,SPD Smith,PM Nevill,KA Maharaj,0,0,"",""
ball,1,19.3,Australia,SPD Smith,PM Nevill,KA Maharaj,0,0,"",""
ball,1,19.4,Australia,SPD Smith,PM Nevill,KA Maharaj,0,0,"",""
ball,1,19.5,Australia,SPD Smith,PM Nevill,KA Maharaj,0,0,"",""
ball,1,19.6,Australia,SPD Smith,PM Nevill,KA Maharaj,0,0,"",""
ball,1,20.1,Australia,PM Nevill,SPD Smith,K Rabada,0,0,lbw,PM Nevill
ball,1,20.2,Australia,JM Mennie,SPD Smith,K Rabada,0,0,"",""
ball,1,20.3,Australia,JM Mennie,SPD Smith,K Rabada,4,0,"",""
ball,1,20.4,Australia,JM Mennie,SPD Smith,K Rabada,0,0,"",""
ball,1,20.5,Australia,JM Mennie,SPD Smith,K Rabada,0,0,"",""
ball,1,20.6,Australia,JM Mennie,SPD Smith,K Rabada,0,0,"",""
ball,1,21.1,Australia,SPD Smith,JM Mennie,KA Maharaj,0,0,"",""
ball,1,21.2,Australia,SPD Smith,JM Mennie,KA Maharaj,0,0,"",""
ball,1,21.3,Australia,SPD Smith,JM Mennie,KA Maharaj,0,0,"",""
ball,1,21.4,Australia,SPD Smith,JM Mennie,KA Maharaj,0,0,"",""
ball,1,21.5,Australia,SPD Smith,JM Mennie,KA Maharaj,1,0,"",""
ball,1,21.6,Australia,JM Mennie,SPD Smith,KA Maharaj,0,0,"",""
ball,1,22.1,Australia,SPD Smith,JM Mennie,K Rabada,0,0,"",""
ball,1,22.2,Australia,SPD Smith,JM Mennie,K Rabada,0,0,"",""
ball,1,22.3,Australia,SPD Smith,JM Mennie,K Rabada,0,0,"",""
ball,1,22.4,Australia,SPD Smith,JM Mennie,K Rabada,1,0,"",""
ball,1,22.5,Australia,JM Mennie,SPD Smith,K Rabada,4,0,"",""
ball,1,22.6,Australia,JM Mennie,SPD Smith,K Rabada,0,0,"",""
ball,1,23.1,Australia,SPD Smith,JM Mennie,KA Maharaj,0,0,"",""
ball,1,23.2,Australia,SPD Smith,JM Mennie,KA Maharaj,0,0,"",""
ball,1,23.3,Australia,SPD Smith,JM Mennie,KA Maharaj,0,0,"",""
ball,1,23.4,Australia,SPD Smith,JM Mennie,KA Maharaj,0,0,"",""
ball,1,23.5,Australia,SPD Smith,JM Mennie,KA Maharaj,0,0,"",""
ball,1,23.6,Australia,SPD Smith,JM Mennie,KA Maharaj,0,0,"",""
ball,1,24.1,Australia,JM Mennie,SPD Smith,K Rabada,0,0,"",""
ball,1,24.2,Australia,JM Mennie,SPD Smith,K Rabada,0,0,"",""
ball,1,24.3,Australia,JM Mennie,SPD Smith,K Rabada,0,0,"",""
ball,1,24.4,Australia,JM Mennie,SPD Smith,K Rabada,0,0,"",""
ball,1,24.5,Australia,JM Mennie,SPD Smith,K Rabada,0,0,"",""
ball,1,24.6,Australia,JM Mennie,SPD Smith,K Rabada,2,0,"",""
ball,1,25.1,Australia,SPD Smith,JM Mennie,KJ Abbott,0,0,"",""
ball,1,25.2,Australia,SPD Smith,JM Mennie,KJ Abbott,0,0,"",""
ball,1,25.3,Australia,SPD Smith,JM Mennie,KJ Abbott,4,0,"",""
ball,1,25.4,Australia,SPD Smith,JM Mennie,KJ Abbott,0,0,"",""
ball,1,25.5,Australia,SPD Smith,JM Mennie,KJ Abbott,2,0,"",""
ball,1,25.6,Australia,SPD Smith,JM Mennie,KJ Abbott,1,0,"",""
ball,1,26.1,Australia,SPD Smith,JM Mennie,VD Philander,0,0,"",""
ball,1,26.2,Australia,SPD Smith,JM Mennie,VD Philander,0,0,"",""
ball,1,26.3,Australia,SPD Smith,JM Mennie,VD Philander,4,0,"",""
ball,1,26.4,Australia,SPD Smith,JM Mennie,VD Philander,2,0,"",""
ball,1,26.5,Australia,SPD Smith,JM Mennie,VD Philander,0,0,"",""
ball,1,26.6,Australia,SPD Smith,JM Mennie,VD Philander,2,0,"",""
ball,1,27.1,Australia,JM Mennie,SPD Smith,KJ Abbott,0,0,"",""
ball,1,27.2,Australia,JM Mennie,SPD Smith,KJ Abbott,0,0,"",""
ball,1,27.3,Australia,JM Mennie,SPD Smith,KJ Abbott,0,0,"",""
ball,1,27.4,Australia,JM Mennie,SPD Smith,KJ Abbott,0,0,"",""
ball,1,27.5,Australia,JM Mennie,SPD Smith,KJ Abbott,0,0,"",""
ball,1,27.6,Australia,JM Mennie,SPD Smith,KJ Abbott,0,0,"",""
ball,1,28.1,Australia,SPD Smith,JM Mennie,VD Philander,1,0,"",""
ball,1,28.2,Australia,JM Mennie,SPD Smith,VD Philander,0,0,"",""
ball,1,28.3,Australia,JM Mennie,SPD Smith,VD Philander,0,0,bowled,JM Mennie
ball,1,28.4,Australia,MA Starc,SPD Smith,VD Philander,0,0,"",""
ball,1,28.5,Australia,MA Starc,SPD Smith,VD Philander,0,0,"",""
ball,1,28.6,Australia,MA Starc,SPD Smith,VD Philander,0,0,"",""
ball,1,29.1,Australia,SPD Smith,MA Starc,KJ Abbott,3,0,"",""
ball,1,29.2,Australia,MA Starc,SPD Smith,KJ Abbott,0,0,"",""
ball,1,29.3,Australia,MA Starc,SPD Smith,KJ Abbott,4,0,"",""
ball,1,29.4,Australia,MA Starc,SPD Smith,KJ Abbott,0,0,caught,MA Starc
ball,1,29.5,Australia,JR Hazlewood,SPD Smith,KJ Abbott,0,0,"",""
ball,1,29.6,Australia,JR Hazlewood,SPD Smith,KJ Abbott,0,0,"",""
ball,1,30.1,Australia,SPD Smith,JR Hazlewood,VD Philander,0,0,"",""
ball,1,30.2,Australia,SPD Smith,JR Hazlewood,VD Philander,1,0,"",""
ball,1,30.3,Australia,JR Hazlewood,SPD Smith,VD Philander,0,0,"",""
ball,1,30.4,Australia,JR Hazlewood,SPD Smith,VD Philander,4,0,"",""
ball,1,30.5,Australia,JR Hazlewood,SPD Smith,VD Philander,0,0,"",""
ball,1,30.6,Australia,JR Hazlewood,SPD Smith,VD Philander,4,0,"",""
ball,1,31.1,Australia,SPD Smith,JR Hazlewood,KJ Abbott,1,0,"",""
ball,1,31.2,Australia,JR Hazlewood,SPD Smith,KJ Abbott,0,0,caught,JR Hazlewood
ball,1,31.3,Australia,NM Lyon,SPD Smith,KJ Abbott,1,0,"",""
ball,1,31.4,Australia,SPD Smith,NM Lyon,KJ Abbott,4,0,"",""
ball,1,31.5,Australia,SPD Smith,NM Lyon,KJ Abbott,3,0,"",""
ball,1,31.6,Australia,NM Lyon,SPD Smith,KJ Abbott,1,0,"",""
ball,1,32.1,Australia,NM Lyon,SPD Smith,VD Philander,0,0,"",""
ball,1,32.2,Australia,NM Lyon,SPD Smith,VD Philander,0,0,"",""
ball,1,32.3,Australia,NM Lyon,SPD Smith,VD Philander,0,0,"",""
ball,1,32.4,Australia,NM Lyon,SPD Smith,VD Philander,0,0,"",""
ball,1,32.5,Australia,NM Lyon,SPD Smith,VD Philander,0,0,caught,NM Lyon
ball,2,0.1,South Africa,SC Cook,D Elgar,MA Starc,1,0,"",""
ball,2,0.2,South Africa,D Elgar,SC Cook,MA Starc,0,0,"",""
ball,2,0.3,South Africa,D Elgar,SC Cook,MA Starc,0,0,"",""
ball,2,0.4,South Africa,D Elgar,SC Cook,MA Starc,0,0,"",""
ball,2,0.5,South Africa,D Elgar,SC Cook,MA Starc,0,0,"",""
ball,2,0.6,South Africa,D Elgar,SC Cook,MA Starc,2,0,"",""
ball,2,1.1,South Africa,SC Cook,D Elgar,JR Hazlewood,0,0,"",""
ball,2,1.2,South Africa,SC Cook,D Elgar,JR Hazlewood,0,0,"",""
ball,2,1.3,South Africa,SC Cook,D Elgar,JR Hazlewood,0,0,"",""
ball,2,1.4,South Africa,SC Cook,D Elgar,JR Hazlewood,4,0,"",""
ball,2,1.5,South Africa,SC Cook,D Elgar,JR Hazlewood,0,0,"",""
ball,2,1.6,South Africa,SC Cook,D Elgar,JR Hazlewood,1,0,"",""
ball,2,2.1,South Africa,SC Cook,D Elgar,MA Starc,0,0,"",""
ball,2,2.2,South Africa,SC Cook,D Elgar,MA Starc,0,0,"",""
ball,2,2.3,South Africa,SC Cook,D Elgar,MA Starc,0,0,"",""
ball,2,2.4,South Africa,SC Cook,D Elgar,MA Starc,4,0,"",""
ball,2,2.5,South Africa,SC Cook,D Elgar,MA Starc,0,0,"",""
ball,2,2.6,South Africa,SC Cook,D Elgar,MA Starc,0,0,"",""
ball,2,3.1,South Africa,D Elgar,SC Cook,JR Hazlewood,0,0,"",""
ball,2,3.2,South Africa,D Elgar,SC Cook,JR Hazlewood,0,0,"",""
ball,2,3.3,South Africa,D Elgar,SC Cook,JR Hazlewood,0,0,"",""
ball,2,3.4,South Africa,D Elgar,SC Cook,JR Hazlewood,0,0,"",""
ball,2,3.5,South Africa,D Elgar,SC Cook,JR Hazlewood,0,0,"",""
ball,2,3.6,South Africa,D Elgar,SC Cook,JR Hazlewood,0,0,"",""
ball,2,4.1,South Africa,SC Cook,D Elgar,MA Starc,0,0,"",""
ball,2,4.2,South Africa,SC Cook,D Elgar,MA Starc,0,0,"",""
ball,2,4.3,South Africa,SC Cook,D Elgar,MA Starc,3,0,"",""
ball,2,4.4,South Africa,D Elgar,SC Cook,MA Starc,0,0,"",""
ball,2,4.5,South Africa,D Elgar,SC Cook,MA Starc,0,0,"",""
ball,2,4.6,South Africa,D Elgar,SC Cook,MA Starc,0,0,"",""
ball,2,5.1,South Africa,SC Cook,D Elgar,JM Mennie,0,0,"",""
ball,2,5.2,South Africa,SC Cook,D Elgar,JM Mennie,1,0,"",""
ball,2,5.3,South Africa,D Elgar,SC Cook,JM Mennie,0,0,"",""
ball,2,5.4,South Africa,D Elgar,SC Cook,JM Mennie,0,0,"",""
ball,2,5.5,South Africa,D Elgar,SC Cook,JM Mennie,1,0,"",""
ball,2,5.6,South Africa,SC Cook,D Elgar,JM Mennie,3,0,"",""
ball,2,6.1,South Africa,SC Cook,D Elgar,JR Hazlewood,0,0,"",""
ball,2,6.2,South Africa,SC Cook,D Elgar,JR Hazlewood,0,0,"",""
ball,2,6.3,South Africa,SC Cook,D Elgar,JR Hazlewood,0,0,"",""
ball,2,6.4,South Africa,SC Cook,D Elgar,JR Hazlewood,0,0,"",""
ball,2,6.5,South Africa,SC Cook,D Elgar,JR Hazlewood,0,0,"",""
ball,2,6.6,South Africa,SC Cook,D Elgar,JR Hazlewood,2,0,"",""
ball,2,7.1,South Africa,D Elgar,SC Cook,JM Mennie,0,2,"",""
ball,2,7.2,South Africa,D Elgar,SC Cook,JM Mennie,0,0,"",""
ball,2,7.3,South Africa,D Elgar,SC Cook,JM Mennie,0,0,"",""
ball,2,7.4,South Africa,D Elgar,SC Cook,JM Mennie,0,0,"",""
ball,2,7.5,South Africa,D Elgar,SC Cook,JM Mennie,2,0,"",""
ball,2,7.6,South Africa,D Elgar,SC Cook,JM Mennie,0,0,"",""
ball,2,8.1,South Africa,SC Cook,D Elgar,JR Hazlewood,0,0,"",""
ball,2,8.2,South Africa,SC Cook,D Elgar,JR Hazlewood,0,0,"",""
ball,2,8.3,South Africa,SC Cook,D Elgar,JR Hazlewood,0,0,"",""
ball,2,8.4,South Africa,SC Cook,D Elgar,JR Hazlewood,0,0,"",""
ball,2,8.5,South Africa,SC Cook,D Elgar,JR Hazlewood,0,0,"",""
ball,2,8.6,South Africa,SC Cook,D Elgar,JR Hazlewood,0,0,"",""
ball,2,9.1,South Africa,D Elgar,SC Cook,JM Mennie,3,0,"",""
ball,2,9.2,South Africa,SC Cook,D Elgar,JM Mennie,0,0,"",""
ball,2,9.3,South Africa,SC Cook,D Elgar,JM Mennie,1,0,"",""
ball,2,9.4,South Africa,D Elgar,SC Cook,JM Mennie,1,0,"",""
ball,2,9.5,South Africa,SC Cook,D Elgar,JM Mennie,0,0,"",""
ball,2,9.6,South Africa,SC Cook,D Elgar,JM Mennie,0,0,"",""
ball,2,10.1,South Africa,D Elgar,SC Cook,JR Hazlewood,0,0,"",""
ball,2,10.2,South Africa,D Elgar,SC Cook,JR Hazlewood,0,0,"",""
ball,2,10.3,South Africa,D Elgar,SC Cook,JR Hazlewood,0,0,"",""
ball,2,10.4,South Africa,D Elgar,SC Cook,JR Hazlewood,0,0,"",""
ball,2,10.5,South Africa,D Elgar,SC Cook,JR Hazlewood,0,0,"",""
ball,2,10.6,South Africa,D Elgar,SC Cook,JR Hazlewood,0,0,"",""
ball,2,11.1,South Africa,SC Cook,D Elgar,JM Mennie,0,0,"",""
ball,2,11.2,South Africa,SC Cook,D Elgar,JM Mennie,0,0,"",""
ball,2,11.3,South Africa,SC Cook,D Elgar,JM Mennie,2,0,"",""
ball,2,11.4,South Africa,SC Cook,D Elgar,JM Mennie,0,0,"",""
ball,2,11.5,South Africa,SC Cook,D Elgar,JM Mennie,0,0,"",""
ball,2,11.6,South Africa,SC Cook,D Elgar,JM Mennie,0,0,"",""
ball,2,12.1,South Africa,D Elgar,SC Cook,JR Hazlewood,0,0,"",""
ball,2,12.2,South Africa,D Elgar,SC Cook,JR Hazlewood,0,0,"",""
ball,2,12.3,South Africa,D Elgar,SC Cook,JR Hazlewood,0,0,"",""
ball,2,12.4,South Africa,D Elgar,SC Cook,JR Hazlewood,0,0,"",""
ball,2,12.5,South Africa,D Elgar,SC Cook,JR Hazlewood,0,0,"",""
ball,2,12.6,South Africa,D Elgar,SC Cook,JR Hazlewood,0,0,"",""
ball,2,13.1,South Africa,SC Cook,D Elgar,JM Mennie,1,0,"",""
ball,2,13.2,South Africa,D Elgar,SC Cook,JM Mennie,0,0,"",""
ball,2,13.3,South Africa,D Elgar,SC Cook,JM Mennie,0,0,"",""
ball,2,13.4,South Africa,D Elgar,SC Cook,JM Mennie,0,0,"",""
ball,2,13.5,South Africa,D Elgar,SC Cook,JM Mennie,1,0,"",""
ball,2,13.6,South Africa,SC Cook,D Elgar,JM Mennie,0,0,"",""
ball,2,14.1,South Africa,D Elgar,SC Cook,MA Starc,0,0,"",""
ball,2,14.2,South Africa,D Elgar,SC Cook,MA Starc,2,0,"",""
ball,2,14.3,South Africa,D Elgar,SC Cook,MA Starc,0,0,"",""
ball,2,14.4,South Africa,D Elgar,SC Cook,MA Starc,0,0,"",""
ball,2,14.5,South Africa,D Elgar,SC Cook,MA Starc,0,0,"",""
ball,2,14.6,South Africa,D Elgar,SC Cook,MA Starc,0,0,"",""
ball,2,15.1,South Africa,SC Cook,D Elgar,JM Mennie,0,1,"",""
ball,2,15.2,South Africa,D Elgar,SC Cook,JM Mennie,1,0,"",""
ball,2,15.3,South Africa,SC Cook,D Elgar,JM Mennie,0,0,"",""
ball,2,15.4,South Africa,SC Cook,D Elgar,JM Mennie,0,0,"",""
ball,2,15.5,South Africa,SC Cook,D Elgar,JM Mennie,0,0,"",""
ball,2,15.6,South Africa,SC Cook,D Elgar,JM Mennie,0,0,"",""
ball,2,16.1,South Africa,D Elgar,SC Cook,MA Starc,0,0,"",""
ball,2,16.2,South Africa,D Elgar,SC Cook,MA Starc,0,0,"",""
ball,2,16.3,South Africa,D Elgar,SC Cook,MA Starc,0,0,"",""
ball,2,16.4,South Africa,D Elgar,SC Cook,MA Starc,0,0,"",""
ball,2,16.5,South Africa,D Elgar,SC Cook,MA Starc,0,0,"",""
ball,2,16.6,South Africa,D Elgar,SC Cook,MA Starc,3,0,"",""
ball,2,17.1,South Africa,D Elgar,SC Cook,NM Lyon,0,0,"",""
ball,2,17.2,South Africa,D Elgar,SC Cook,NM Lyon,0,0,"",""
ball,2,17.3,South Africa,D Elgar,SC Cook,NM Lyon,0,0,"",""
ball,2,17.4,South Africa,D Elgar,SC Cook,NM Lyon,0,0,"",""
ball,2,17.5,South Africa,D Elgar,SC Cook,NM Lyon,0,0,"",""
ball,2,17.6,South Africa,D Elgar,SC Cook,NM Lyon,1,0,"",""
ball,2,18.1,South Africa,D Elgar,SC Cook,MA Starc,0,0,lbw,D Elgar
ball,2,18.2,South Africa,HM Amla,SC Cook,MA Starc,0,0,"",""
ball,2,18.3,South Africa,HM Amla,SC Cook,MA Starc,0,0,"",""
ball,2,18.4,South Africa,HM Amla,SC Cook,MA Starc,1,0,"",""
ball,2,18.5,South Africa,SC Cook,HM Amla,MA Starc,0,0,caught,SC Cook
ball,2,18.6,South Africa,JP Duminy,HM Amla,MA Starc,0,0,"",""
ball,2,19.1,South Africa,HM Amla,JP Duminy,JR Hazlewood,0,0,"",""
ball,2,19.2,South Africa,HM Amla,JP Duminy,JR Hazlewood,0,0,"",""
ball,2,19.3,South Africa,HM Amla,JP Duminy,JR Hazlewood,0,0,"",""
ball,2,19.4,South Africa,HM Amla,JP Duminy,JR Hazlewood,0,0,"",""
ball,2,19.5,South Africa,HM Amla,JP Duminy,JR Hazlewood,0,0,"",""
ball,2,19.6,South Africa,HM Amla,JP Duminy,JR Hazlewood,0,0,"",""
ball,2,20.1,South Africa,JP Duminy,HM Amla,MA Starc,1,0,"",""
ball,2,20.2,South Africa,HM Amla,JP Duminy,MA Starc,1,0,"",""
ball,2,20.3,South Africa,JP Duminy,HM Amla,MA Starc,0,0,"",""
ball,2,20.4,South Africa,JP Duminy,HM Amla,MA Starc,0,0,caught,JP Duminy
ball,2,20.5,South Africa,F du Plessis,HM Amla,MA Starc,0,0,"",""
ball,2,20.6,South Africa,F du Plessis,HM Amla,MA Starc,1,0,"",""
ball,2,21.1,South Africa,F du Plessis,HM Amla,JR Hazlewood,0,0,"",""
ball,2,21.2,South Africa,F du Plessis,HM Amla,JR Hazlewood,0,0,"",""
ball,2,21.3,South Africa,F du Plessis,HM Amla,JR Hazlewood,0,0,"",""
ball,2,21.4,South Africa,F du Plessis,HM Amla,JR Hazlewood,0,0,"",""
ball,2,21.5,South Africa,F du Plessis,HM Amla,JR Hazlewood,0,0,"",""
ball,2,21.6,South Africa,F du Plessis,HM Amla,JR Hazlewood,0,0,"",""
ball,2,22.1,South Africa,HM Amla,F du Plessis,MA Starc,0,0,"",""
ball,2,22.2,South Africa,HM Amla,F du Plessis,MA Starc,0,0,"",""
ball,2,22.3,South Africa,HM Amla,F du Plessis,MA Starc,0,0,"",""
ball,2,22.4,South Africa,HM Amla,F du Plessis,MA Starc,3,0,"",""
ball,2,22.5,South Africa,F du Plessis,HM Amla,MA Starc,0,0,"",""
ball,2,22.6,South Africa,F du Plessis,HM Amla,MA Starc,0,0,"",""
ball,2,23.1,South Africa,HM Amla,F du Plessis,JR Hazlewood,4,0,"",""
ball,2,23.2,South Africa,HM Amla,F du Plessis,JR Hazlewood,0,0,"",""
ball,2,23.3,South Africa,HM Amla,F du Plessis,JR Hazlewood,0,0,"",""
ball,2,23.4,South Africa,HM Amla,F du Plessis,JR Hazlewood,0,0,"",""
ball,2,23.5,South Africa,HM Amla,F du Plessis,JR Hazlewood,0,0,"",""
ball,2,23.6,South Africa,HM Amla,F du Plessis,JR Hazlewood,0,0,"",""
ball,2,24.1,South Africa,F du Plessis,HM Amla,MA Starc,0,0,"",""
ball,2,24.2,South Africa,F du Plessis,HM Amla,MA Starc,0,1,"",""
ball,2,24.3,South Africa,F du Plessis,HM Amla,MA Starc,2,0,"",""
ball,2,24.4,South Africa,F du Plessis,HM Amla,MA Starc,0,0,"",""
ball,2,24.5,South Africa,F du Plessis,HM Amla,MA Starc,0,0,"",""
ball,2,24.6,South Africa,F du Plessis,HM Amla,MA Starc,0,0,"",""
ball,2,24.7,South Africa,F du Plessis,HM Amla,MA Starc,0,0,"",""
ball,2,25.1,South Africa,HM Amla,F du Plessis,JR Hazlewood,2,0,"",""
ball,2,25.2,South Africa,HM Amla,F du Plessis,JR Hazlewood,0,0,"",""
ball,2,25.3,South Africa,HM Amla,F du Plessis,JR Hazlewood,0,0,"",""
ball,2,25.4,South Africa,HM Amla,F du Plessis,JR Hazlewood,4,0,"",""
ball,2,25.5,South Africa,HM Amla,F du Plessis,JR Hazlewood,0,0,"",""
ball,2,25.6,South Africa,HM Amla,F du Plessis,JR Hazlewood,2,0,"",""
ball,2,26.1,South Africa,F du Plessis,HM Amla,JM Mennie,0,0,"",""
ball,2,26.2,South Africa,F du Plessis,HM Amla,JM Mennie,0,0,"",""
ball,2,26.3,South Africa,F du Plessis,HM Amla,JM Mennie,0,0,"",""
ball,2,26.4,South Africa,F du Plessis,HM Amla,JM Mennie,0,0,"",""
ball,2,26.5,South Africa,F du Plessis,HM Amla,JM Mennie,0,0,"",""
ball,2,26.6,South Africa,F du Plessis,HM Amla,JM Mennie,4,0,"",""
ball,2,27.1,South Africa,HM Amla,F du Plessis,JR Hazlewood,4,0,"",""
ball,2,27.2,South Africa,HM Amla,F du Plessis,JR Hazlewood,0,0,"",""
ball,2,27.3,South Africa,HM Amla,F du Plessis,JR Hazlewood,3,0,"",""
ball,2,27.4,South Africa,F du Plessis,HM Amla,JR Hazlewood,0,0,"",""
ball,2,27.5,South Africa,F du Plessis,HM Amla,JR Hazlewood,0,0,lbw,F du Plessis
ball,2,27.6,South Africa,T Bavuma,HM Amla,JR Hazlewood,0,0,"",""
ball,2,28.1,South Africa,HM Amla,T Bavuma,JM Mennie,0,0,"",""
ball,2,28.2,South Africa,HM Amla,T Bavuma,JM Mennie,0,0,"",""
ball,2,28.3,South Africa,HM Amla,T Bavuma,JM Mennie,0,0,"",""
ball,2,28.4,South Africa,HM Amla,T Bavuma,JM Mennie,0,0,"",""
ball,2,28.5,South Africa,HM Amla,T Bavuma,JM Mennie,4,0,"",""
ball,2,28.6,South Africa,HM Amla,T Bavuma,JM Mennie,0,0,"",""
ball,2,29.1,South Africa,T Bavuma,HM Amla,JR Hazlewood,0,0,"",""
ball,2,29.2,South Africa,T Bavuma,HM Amla,JR Hazlewood,0,0,"",""
ball,2,29.3,South Africa,T Bavuma,HM Amla,JR Hazlewood,0,0,"",""
ball,2,29.4,South Africa,T Bavuma,HM Amla,JR Hazlewood,0,0,"",""
ball,2,29.5,South Africa,T Bavuma,HM Amla,JR Hazlewood,0,1,"",""
ball,2,29.6,South Africa,HM Amla,T Bavuma,JR Hazlewood,1,0,"",""
ball,2,30.1,South Africa,HM Amla,T Bavuma,JM Mennie,0,0,"",""
ball,2,30.2,South Africa,HM Amla,T Bavuma,JM Mennie,3,0,"",""
ball,2,30.3,South Africa,T Bavuma,HM Amla,JM Mennie,0,0,"",""
ball,2,30.4,South Africa,T Bavuma,HM Amla,JM Mennie,0,0,"",""
ball,2,30.5,South Africa,T Bavuma,HM Amla,JM Mennie,0,0,"",""
ball,2,30.6,South Africa,T Bavuma,HM Amla,JM Mennie,1,0,"",""
ball,2,31.1,South Africa,T Bavuma,HM Amla,NM Lyon,0,0,"",""
ball,2,31.2,South Africa,T Bavuma,HM Amla,NM Lyon,0,0,"",""
ball,2,31.3,South Africa,T Bavuma,HM Amla,NM Lyon,4,0,"",""
ball,2,31.4,South Africa,T Bavuma,HM Amla,NM Lyon,0,0,"",""
ball,2,31.5,South Africa,T Bavuma,HM Amla,NM Lyon,0,0,"",""
ball,2,31.6,South Africa,T Bavuma,HM Amla,NM Lyon,1,0,"",""
ball,2,32.1,South Africa,T Bavuma,HM Amla,JM Mennie,0,0,"",""
ball,2,32.2,South Africa,T Bavuma,HM Amla,JM Mennie,0,0,"",""
ball,2,32.3,South Africa,T Bavuma,HM Amla,JM Mennie,1,0,"",""
ball,2,32.4,South Africa,HM Amla,T Bavuma,JM Mennie,0,0,"",""
ball,2,32.5,South Africa,HM Amla,T Bavuma,JM Mennie,0,0,"",""
ball,2,32.6,South Africa,HM Amla,T Bavuma,JM Mennie,0,0,"",""
ball,2,33.1,South Africa,T Bavuma,HM Amla,NM Lyon,0,0,"",""
ball,2,33.2,South Africa,T Bavuma,HM Amla,NM Lyon,0,0,"",""
ball,2,33.3,South Africa,T Bavuma,HM Amla,NM Lyon,0,0,"",""
ball,2,33.4,South Africa,T Bavuma,HM Amla,NM Lyon,0,0,"",""
ball,2,33.5,South Africa,T Bavuma,HM Amla,NM Lyon,0,0,"",""
ball,2,33.6,South Africa,T Bavuma,HM Amla,NM Lyon,0,0,"",""
ball,2,34.1,South Africa,HM Amla,T Bavuma,JM Mennie,0,0,"",""
ball,2,34.2,South Africa,HM Amla,T Bavuma,JM Mennie,3,0,"",""
ball,2,34.3,South Africa,T Bavuma,HM Amla,JM Mennie,0,0,"",""
ball,2,34.4,South Africa,T Bavuma,HM Amla,JM Mennie,1,0,"",""
ball,2,34.5,South Africa,HM Amla,T Bavuma,JM Mennie,0,0,"",""
ball,2,34.6,South Africa,HM Amla,T Bavuma,JM Mennie,0,0,"",""
ball,2,35.1,South Africa,T Bavuma,HM Amla,NM Lyon,0,0,"",""
ball,2,35.2,South Africa,T Bavuma,HM Amla,NM Lyon,0,3,"",""
ball,2,35.3,South Africa,HM Amla,T Bavuma,NM Lyon,0,0,"",""
ball,2,35.4,South Africa,HM Amla,T Bavuma,NM Lyon,0,0,"",""
ball,2,35.5,South Africa,HM Amla,T Bavuma,NM Lyon,1,0,"",""
ball,2,35.6,South Africa,T Bavuma,HM Amla,NM Lyon,2,0,"",""
ball,2,36.1,South Africa,HM Amla,T Bavuma,MA Starc,0,0,"",""
ball,2,36.2,South Africa,HM Amla,T Bavuma,MA Starc,2,0,"",""
ball,2,36.3,South Africa,HM Amla,T Bavuma,MA Starc,0,0,"",""
ball,2,36.4,South Africa,HM Amla,T Bavuma,MA Starc,0,1,"",""
ball,2,36.5,South Africa,T Bavuma,HM Amla,MA Starc,4,0,"",""
ball,2,36.6,South Africa,T Bavuma,HM Amla,MA Starc,0,0,"",""
ball,2,37.1,South Africa,HM Amla,T Bavuma,NM Lyon,4,0,"",""
ball,2,37.2,South Africa,HM Amla,T Bavuma,NM Lyon,0,0,"",""
ball,2,37.3,South Africa,HM Amla,T Bavuma,NM Lyon,0,0,"",""
ball,2,37.4,South Africa,HM Amla,T Bavuma,NM Lyon,0,0,"",""
ball,2,37.5,South Africa,HM Amla,T Bavuma,NM Lyon,1,0,"",""
ball,2,37.6,South Africa,T Bavuma,HM Amla,NM Lyon,1,0,"",""
ball,2,38.1,South Africa,T Bavuma,HM Amla,MA Starc,0,0,"",""
ball,2,38.2,South Africa,T Bavuma,HM Amla,MA Starc,0,0,"",""
ball,2,38.3,South Africa,T Bavuma,HM Amla,MA Starc,4,0,"",""
ball,2,38.4,South Africa,T Bavuma,HM Amla,MA Starc,0,0,"",""
ball,2,38.5,South Africa,T Bavuma,HM Amla,MA Starc,0,0,"",""
ball,2,38.6,South Africa,T Bavuma,HM Amla,MA Starc,0,0,"",""
ball,2,39.1,South Africa,HM Amla,T Bavuma,NM Lyon,0,0,"",""
ball,2,39.2,South Africa,HM Amla,T Bavuma,NM Lyon,0,0,"",""
ball,2,39.3,South Africa,HM Amla,T Bavuma,NM Lyon,1,0,"",""
ball,2,39.4,South Africa,T Bavuma,HM Amla,NM Lyon,0,0,"",""
ball,2,39.5,South Africa,T Bavuma,HM Amla,NM Lyon,0,0,"",""
ball,2,39.6,South Africa,T Bavuma,HM Amla,NM Lyon,1,0,"",""
ball,2,40.1,South Africa,T Bavuma,HM Amla,MA Starc,0,0,"",""
ball,2,40.2,South Africa,T Bavuma,HM Amla,MA Starc,4,0,"",""
ball,2,40.3,South Africa,T Bavuma,HM Amla,MA Starc,0,0,"",""
ball,2,40.4,South Africa,T Bavuma,HM Amla,MA Starc,0,0,"",""
ball,2,40.5,South Africa,T Bavuma,HM Amla,MA Starc,3,0,"",""
ball,2,40.6,South Africa,HM Amla,T Bavuma,MA Starc,0,0,"",""
ball,2,41.1,South Africa,T Bavuma,HM Amla,NM Lyon,0,0,"",""
ball,2,41.2,South Africa,T Bavuma,HM Amla,NM Lyon,1,0,"",""
ball,2,41.3,South Africa,HM Amla,T Bavuma,NM Lyon,0,0,"",""
ball,2,41.4,South Africa,HM Amla,T Bavuma,NM Lyon,1,0,"",""
ball,2,41.5,South Africa,T Bavuma,HM Amla,NM Lyon,0,0,"",""
ball,2,41.6,South Africa,T Bavuma,HM Amla,NM Lyon,0,0,"",""
ball,2,42.1,South Africa,HM Amla,T Bavuma,JR Hazlewood,2,0,"",""
ball,2,42.2,South Africa,HM Amla,T Bavuma,JR Hazlewood,0,0,"",""
ball,2,42.3,South Africa,HM Amla,T Bavuma,JR Hazlewood,0,0,"",""
ball,2,42.4,South Africa,HM Amla,T Bavuma,JR Hazlewood,0,0,caught,HM Amla
ball,2,42.5,South Africa,Q de Kock,T Bavuma,JR Hazlewood,0,0,"",""
ball,2,42.6,South Africa,Q de Kock,T Bavuma,JR Hazlewood,0,0,"",""
ball,2,43.1,South Africa,T Bavuma,Q de Kock,NM Lyon,1,0,"",""
ball,2,43.2,South Africa,Q de Kock,T Bavuma,NM Lyon,0,0,"",""
ball,2,43.3,South Africa,Q de Kock,T Bavuma,NM Lyon,0,0,"",""
ball,2,43.4,South Africa,Q de Kock,T Bavuma,NM Lyon,0,0,"",""
ball,2,43.5,South Africa,Q de Kock,T Bavuma,NM Lyon,2,0,"",""
ball,2,43.6,South Africa,Q de Kock,T Bavuma,NM Lyon,3,0,"",""
ball,2,44.1,South Africa,Q de Kock,T Bavuma,JR Hazlewood,2,0,"",""
ball,2,44.2,South Africa,Q de Kock,T Bavuma,JR Hazlewood,0,0,"",""
ball,2,44.3,South Africa,Q de Kock,T Bavuma,JR Hazlewood,0,1,"",""
ball,2,44.4,South Africa,T Bavuma,Q de Kock,JR Hazlewood,0,0,"",""
ball,2,44.5,South Africa,T Bavuma,Q de Kock,JR Hazlewood,0,0,"",""
ball,2,44.6,South Africa,T Bavuma,Q de Kock,JR Hazlewood,0,0,"",""
ball,2,45.1,South Africa,Q de Kock,T Bavuma,NM Lyon,1,0,"",""
ball,2,45.2,South Africa,T Bavuma,Q de Kock,NM Lyon,0,0,"",""
ball,2,45.3,South Africa,T Bavuma,Q de Kock,NM Lyon,0,0,"",""
ball,2,45.4,South Africa,T Bavuma,Q de Kock,NM Lyon,0,0,"",""
ball,2,45.5,South Africa,T Bavuma,Q de Kock,NM Lyon,0,0,"",""
ball,2,45.6,South Africa,T Bavuma,Q de Kock,NM Lyon,0,0,"",""
ball,2,46.1,South Africa,Q de Kock,T Bavuma,JR Hazlewood,0,0,"",""
ball,2,46.2,South Africa,Q de Kock,T Bavuma,JR Hazlewood,0,0,"",""
ball,2,46.3,South Africa,Q de Kock,T Bavuma,JR Hazlewood,0,0,"",""
ball,2,46.4,South Africa,Q de Kock,T Bavuma,JR Hazlewood,0,0,"",""
ball,2,46.5,South Africa,Q de Kock,T Bavuma,JR Hazlewood,0,0,"",""
ball,2,46.6,South Africa,Q de Kock,T Bavuma,JR Hazlewood,0,0,"",""
ball,2,47.1,South Africa,T Bavuma,Q de Kock,JM Mennie,0,0,"",""
ball,2,47.2,South Africa,T Bavuma,Q de Kock,JM Mennie,0,0,"",""
ball,2,47.3,South Africa,T Bavuma,Q de Kock,JM Mennie,1,0,"",""
ball,2,47.4,South Africa,Q de Kock,T Bavuma,JM Mennie,2,0,"",""
ball,2,47.5,South Africa,Q de Kock,T Bavuma,JM Mennie,0,0,"",""
ball,2,47.6,South Africa,Q de Kock,T Bavuma,JM Mennie,1,0,"",""
ball,2,48.1,South Africa,Q de Kock,T Bavuma,JR Hazlewood,4,0,"",""
ball,2,48.2,South Africa,Q de Kock,T Bavuma,JR Hazlewood,0,0,"",""
ball,2,48.3,South Africa,Q de Kock,T Bavuma,JR Hazlewood,1,0,"",""
ball,2,48.4,South Africa,T Bavuma,Q de Kock,JR Hazlewood,0,0,"",""
ball,2,48.5,South Africa,T Bavuma,Q de Kock,JR Hazlewood,0,0,"",""
ball,2,48.6,South Africa,T Bavuma,Q de Kock,JR Hazlewood,0,0,"",""
ball,2,49.1,South Africa,Q de Kock,T Bavuma,JM Mennie,0,0,"",""
ball,2,49.2,South Africa,Q de Kock,T Bavuma,JM Mennie,4,0,"",""
ball,2,49.3,South Africa,Q de Kock,T Bavuma,JM Mennie,4,0,"",""
ball,2,49.4,South Africa,Q de Kock,T Bavuma,JM Mennie,1,0,"",""
ball,2,49.5,South Africa,T Bavuma,Q de Kock,JM Mennie,0,0,"",""
ball,2,49.6,South Africa,T Bavuma,Q de Kock,JM Mennie,0,0,"",""
ball,2,50.1,South Africa,Q de Kock,T Bavuma,MA Starc,1,0,"",""
ball,2,50.2,South Africa,T Bavuma,Q de Kock,MA Starc,0,0,"",""
ball,2,50.3,South Africa,T Bavuma,Q de Kock,MA Starc,0,0,"",""
ball,2,50.4,South Africa,T Bavuma,Q de Kock,MA Starc,0,0,"",""
ball,2,50.5,South Africa,T Bavuma,Q de Kock,MA Starc,2,0,"",""
ball,2,50.6,South Africa,T Bavuma,Q de Kock,MA Starc,0,0,"",""
ball,2,51.1,South Africa,Q de Kock,T Bavuma,JM Mennie,0,0,"",""
ball,2,51.2,South Africa,Q de Kock,T Bavuma,JM Mennie,0,0,"",""
ball,2,51.3,South Africa,Q de Kock,T Bavuma,JM Mennie,0,0,"",""
ball,2,51.4,South Africa,Q de Kock,T Bavuma,JM Mennie,0,0,"",""
ball,2,51.5,South Africa,Q de Kock,T Bavuma,JM Mennie,0,0,"",""
ball,2,51.6,South Africa,Q de Kock,T Bavuma,JM Mennie,0,0,"",""
ball,2,52.1,South Africa,T Bavuma,Q de Kock,MA Starc,0,0,"",""
ball,2,52.2,South Africa,T Bavuma,Q de Kock,MA Starc,0,0,"",""
ball,2,52.3,South Africa,T Bavuma,Q de Kock,MA Starc,0,0,"",""
ball,2,52.4,South Africa,T Bavuma,Q de Kock,MA Starc,1,0,"",""
ball,2,52.5,South Africa,Q de Kock,T Bavuma,MA Starc,0,0,"",""
ball,2,52.6,South Africa,Q de Kock,T Bavuma,MA Starc,0,0,"",""
ball,2,53.1,South Africa,T Bavuma,Q de Kock,NM Lyon,0,0,"",""
ball,2,53.2,South Africa,T Bavuma,Q de Kock,NM Lyon,0,0,"",""
ball,2,53.3,South Africa,T Bavuma,Q de Kock,NM Lyon,0,0,"",""
ball,2,53.4,South Africa,T Bavuma,Q de Kock,NM Lyon,0,0,"",""
ball,2,53.5,South Africa,T Bavuma,Q de Kock,NM Lyon,4,0,"",""
ball,2,53.6,South Africa,T Bavuma,Q de Kock,NM Lyon,0,0,"",""
ball,2,54.1,South Africa,Q de Kock,T Bavuma,MA Starc,1,0,"",""
ball,2,54.2,South Africa,T Bavuma,Q de Kock,MA Starc,1,0,"",""
ball,2,54.3,South Africa,Q de Kock,T Bavuma,MA Starc,0,0,"",""
ball,2,54.4,South Africa,Q de Kock,T Bavuma,MA Starc,0,0,"",""
ball,2,54.5,South Africa,Q de Kock,T Bavuma,MA Starc,1,0,"",""
ball,2,54.6,South Africa,T Bavuma,Q de Kock,MA Starc,0,0,"",""
ball,2,55.1,South Africa,Q de Kock,T Bavuma,JR Hazlewood,0,0,"",""
ball,2,55.2,South Africa,Q de Kock,T Bavuma,JR Hazlewood,0,0,"",""
ball,2,55.3,South Africa,Q de Kock,T Bavuma,JR Hazlewood,0,0,"",""
ball,2,55.4,South Africa,Q de Kock,T Bavuma,JR Hazlewood,0,0,"",""
ball,2,55.5,South Africa,Q de Kock,T Bavuma,JR Hazlewood,0,0,"",""
ball,2,55.6,South Africa,Q de Kock,T Bavuma,JR Hazlewood,4,0,"",""
ball,2,56.1,South Africa,T Bavuma,Q de Kock,MA Starc,0,0,"",""
ball,2,56.2,South Africa,T Bavuma,Q de Kock,MA Starc,0,0,"",""
ball,2,56.3,South Africa,T Bavuma,Q de Kock,MA Starc,0,0,"",""
ball,2,56.4,South Africa,T Bavuma,Q de Kock,MA Starc,0,0,"",""
ball,2,56.5,South Africa,T Bavuma,Q de Kock,MA Starc,0,0,"",""
ball,2,56.6,South Africa,T Bavuma,Q de Kock,MA Starc,1,0,"",""
ball,2,57.1,South Africa,T Bavuma,Q de Kock,JR Hazlewood,0,0,"",""
ball,2,57.2,South Africa,T Bavuma,Q de Kock,JR Hazlewood,0,0,"",""
ball,2,57.3,South Africa,T Bavuma,Q de Kock,JR Hazlewood,0,0,"",""
ball,2,57.4,South Africa,T Bavuma,Q de Kock,JR Hazlewood,0,0,"",""
ball,2,57.5,South Africa,T Bavuma,Q de Kock,JR Hazlewood,4,0,"",""
ball,2,57.6,South Africa,T Bavuma,Q de Kock,JR Hazlewood,0,0,"",""
ball,2,58.1,South Africa,Q de Kock,T Bavuma,MA Starc,4,0,"",""
ball,2,58.2,South Africa,Q de Kock,T Bavuma,MA Starc,1,0,"",""
ball,2,58.3,South Africa,T Bavuma,Q de Kock,MA Starc,2,0,"",""
ball,2,58.4,South Africa,T Bavuma,Q de Kock,MA Starc,0,0,"",""
ball,2,58.5,South Africa,T Bavuma,Q de Kock,MA Starc,0,0,"",""
ball,2,58.6,South Africa,T Bavuma,Q de Kock,MA Starc,0,0,"",""
ball,2,59.1,South Africa,Q de Kock,T Bavuma,JR Hazlewood,0,0,"",""
ball,2,59.2,South Africa,Q de Kock,T Bavuma,JR Hazlewood,0,0,"",""
ball,2,59.3,South Africa,Q de Kock,T Bavuma,JR Hazlewood,0,0,"",""
ball,2,59.4,South Africa,Q de Kock,T Bavuma,JR Hazlewood,0,0,"",""
ball,2,59.5,South Africa,Q de Kock,T Bavuma,JR Hazlewood,0,0,"",""
ball,2,59.6,South Africa,Q de Kock,T Bavuma,JR Hazlewood,4,0,"",""
ball,2,60.1,South Africa,T Bavuma,Q de Kock,MA Starc,0,0,"",""
ball,2,60.2,South Africa,T Bavuma,Q de Kock,MA Starc,0,0,"",""
ball,2,60.3,South Africa,T Bavuma,Q de Kock,MA Starc,0,0,"",""
ball,2,60.4,South Africa,T Bavuma,Q de Kock,MA Starc,1,0,"",""
ball,2,60.5,South Africa,Q de Kock,T Bavuma,MA Starc,0,0,"",""
ball,2,60.6,South Africa,Q de Kock,T Bavuma,MA Starc,0,0,"",""
ball,2,61.1,South Africa,T Bavuma,Q de Kock,JM Mennie,0,0,"",""
ball,2,61.2,South Africa,T Bavuma,Q de Kock,JM Mennie,0,0,"",""
ball,2,61.3,South Africa,T Bavuma,Q de Kock,JM Mennie,0,0,"",""
ball,2,61.4,South Africa,T Bavuma,Q de Kock,JM Mennie,0,0,"",""
ball,2,61.5,South Africa,T Bavuma,Q de Kock,JM Mennie,0,0,"",""
ball,2,61.6,South Africa,T Bavuma,Q de Kock,JM Mennie,2,0,"",""
ball,2,62.1,South Africa,Q de Kock,T Bavuma,MA Starc,0,0,"",""
ball,2,62.2,South Africa,Q de Kock,T Bavuma,MA Starc,0,0,"",""
ball,2,62.3,South Africa,Q de Kock,T Bavuma,MA Starc,0,0,"",""
ball,2,62.4,South Africa,Q de Kock,T Bavuma,MA Starc,0,0,"",""
ball,2,62.5,South Africa,Q de Kock,T Bavuma,MA Starc,0,0,"",""
ball,2,62.6,South Africa,Q de Kock,T Bavuma,MA Starc,4,0,"",""
ball,2,63.1,South Africa,T Bavuma,Q de Kock,JM Mennie,0,0,"",""
ball,2,63.2,South Africa,T Bavuma,Q de Kock,JM Mennie,0,0,"",""
ball,2,63.3,South Africa,T Bavuma,Q de Kock,JM Mennie,0,0,"",""
ball,2,63.4,South Africa,T Bavuma,Q de Kock,JM Mennie,0,0,"",""
ball,2,63.5,South Africa,T Bavuma,Q de Kock,JM Mennie,0,0,"",""
ball,2,63.6,South Africa,T Bavuma,Q de Kock,JM Mennie,0,0,"",""
ball,2,64.1,South Africa,Q de Kock,T Bavuma,JR Hazlewood,0,0,"",""
ball,2,64.2,South Africa,Q de Kock,T Bavuma,JR Hazlewood,0,0,"",""
ball,2,64.3,South Africa,Q de Kock,T Bavuma,JR Hazlewood,1,0,"",""
ball,2,64.4,South Africa,T Bavuma,Q de Kock,JR Hazlewood,0,0,"",""
ball,2,64.5,South Africa,T Bavuma,Q de Kock,JR Hazlewood,2,0,"",""
ball,2,64.6,South Africa,T Bavuma,Q de Kock,JR Hazlewood,0,0,"",""
ball,2,65.1,South Africa,Q de Kock,T Bavuma,JM Mennie,0,0,"",""
ball,2,65.2,South Africa,Q de Kock,T Bavuma,JM Mennie,1,0,"",""
ball,2,65.3,South Africa,T Bavuma,Q de Kock,JM Mennie,0,0,"",""
ball,2,65.4,South Africa,T Bavuma,Q de Kock,JM Mennie,0,0,"",""
ball,2,65.5,South Africa,T Bavuma,Q de Kock,JM Mennie,0,0,"",""
ball,2,65.6,South Africa,T Bavuma,Q de Kock,JM Mennie,0,0,"",""
ball,2,66.1,South Africa,Q de Kock,T Bavuma,JR Hazlewood,1,0,"",""
ball,2,66.2,South Africa,T Bavuma,Q de Kock,JR Hazlewood,0,0,"",""
ball,2,66.3,South Africa,T Bavuma,Q de Kock,JR Hazlewood,0,0,"",""
ball,2,66.4,South Africa,T Bavuma,Q de Kock,JR Hazlewood,0,0,"",""
ball,2,66.5,South Africa,T Bavuma,Q de Kock,JR Hazlewood,0,0,"",""
ball,2,66.6,South Africa,T Bavuma,Q de Kock,JR Hazlewood,0,0,"",""
ball,2,67.1,South Africa,Q de Kock,T Bavuma,NM Lyon,0,0,"",""
ball,2,67.2,South Africa,Q de Kock,T Bavuma,NM Lyon,4,0,"",""
ball,2,67.3,South Africa,Q de Kock,T Bavuma,NM Lyon,0,0,"",""
ball,2,67.4,South Africa,Q de Kock,T Bavuma,NM Lyon,0,0,"",""
ball,2,67.5,South Africa,Q de Kock,T Bavuma,NM Lyon,0,0,"",""
ball,2,67.6,South Africa,Q de Kock,T Bavuma,NM Lyon,4,0,"",""
ball,2,68.1,South Africa,T Bavuma,Q de Kock,JR Hazlewood,0,0,"",""
ball,2,68.2,South Africa,T Bavuma,Q de Kock,JR Hazlewood,0,0,"",""
ball,2,68.3,South Africa,T Bavuma,Q de Kock,JR Hazlewood,1,0,"",""
ball,2,68.4,South Africa,Q de Kock,T Bavuma,JR Hazlewood,0,0,"",""
ball,2,68.5,South Africa,Q de Kock,T Bavuma,JR Hazlewood,0,0,"",""
ball,2,68.6,South Africa,Q de Kock,T Bavuma,JR Hazlewood,0,0,"",""
ball,2,69.1,South Africa,T Bavuma,Q de Kock,NM Lyon,0,0,"",""
ball,2,69.2,South Africa,T Bavuma,Q de Kock,NM Lyon,4,0,"",""
ball,2,69.3,South Africa,T Bavuma,Q de Kock,NM Lyon,0,0,"",""
ball,2,69.4,South Africa,T Bavuma,Q de Kock,NM Lyon,0,0,"",""
ball,2,69.5,South Africa,T Bavuma,Q de Kock,NM Lyon,0,0,"",""
ball,2,69.6,South Africa,T Bavuma,Q de Kock,NM Lyon,0,0,"",""
ball,2,70.1,South Africa,Q de Kock,T Bavuma,JM Mennie,0,0,"",""
ball,2,70.2,South Africa,Q de Kock,T Bavuma,JM Mennie,0,0,"",""
ball,2,70.3,South Africa,Q de Kock,T Bavuma,JM Mennie,0,0,"",""
ball,2,70.4,South Africa,Q de Kock,T Bavuma,JM Mennie,1,0,"",""
ball,2,70.5,South Africa,T Bavuma,Q de Kock,JM Mennie,0,0,"",""
ball,2,70.6,South Africa,T Bavuma,Q de Kock,JM Mennie,0,0,"",""
ball,2,71.1,South Africa,Q de Kock,T Bavuma,NM Lyon,4,0,"",""
ball,2,71.2,South Africa,Q de Kock,T Bavuma,NM Lyon,0,0,"",""
ball,2,71.3,South Africa,Q de Kock,T Bavuma,NM Lyon,0,0,"",""
ball,2,71.4,South Africa,Q de Kock,T Bavuma,NM Lyon,1,0,"",""
ball,2,71.5,South Africa,T Bavuma,Q de Kock,NM Lyon,1,0,"",""
ball,2,71.6,South Africa,Q de Kock,T Bavuma,NM Lyon,1,0,"",""
ball,2,72.1,South Africa,Q de Kock,T Bavuma,JM Mennie,0,0,"",""
ball,2,72.2,South Africa,Q de Kock,T Bavuma,JM Mennie,4,0,"",""
ball,2,72.3,South Africa,Q de Kock,T Bavuma,JM Mennie,0,0,"",""
ball,2,72.4,South Africa,Q de Kock,T Bavuma,JM Mennie,1,0,"",""
ball,2,72.5,South Africa,T Bavuma,Q de Kock,JM Mennie,0,0,"",""
ball,2,72.6,South Africa,T Bavuma,Q de Kock,JM Mennie,0,0,"",""
ball,2,73.1,South Africa,Q de Kock,T Bavuma,NM Lyon,0,0,"",""
ball,2,73.2,South Africa,Q de Kock,T Bavuma,NM Lyon,0,0,"",""
ball,2,73.3,South Africa,Q de Kock,T Bavuma,NM Lyon,4,0,"",""
ball,2,73.4,South Africa,Q de Kock,T Bavuma,NM Lyon,0,0,"",""
ball,2,73.5,South Africa,Q de Kock,T Bavuma,NM Lyon,0,0,"",""
ball,2,73.6,South Africa,Q de Kock,T Bavuma,NM Lyon,0,0,"",""
ball,2,74.1,South Africa,T Bavuma,Q de Kock,JM Mennie,0,0,"",""
ball,2,74.2,South Africa,T Bavuma,Q de Kock,JM Mennie,0,0,"",""
ball,2,74.3,South Africa,T Bavuma,Q de Kock,JM Mennie,0,0,"",""
ball,2,74.4,South Africa,T Bavuma,Q de Kock,JM Mennie,0,0,"",""
ball,2,74.5,South Africa,T Bavuma,Q de Kock,JM Mennie,0,0,"",""
ball,2,74.6,South Africa,T Bavuma,Q de Kock,JM Mennie,0,0,"",""
ball,2,75.1,South Africa,Q de Kock,T Bavuma,NM Lyon,0,0,"",""
ball,2,75.2,South Africa,Q de Kock,T Bavuma,NM Lyon,0,0,"",""
ball,2,75.3,South Africa,Q de Kock,T Bavuma,NM Lyon,0,0,"",""
ball,2,75.4,South Africa,Q de Kock,T Bavuma,NM Lyon,0,0,"",""
ball,2,75.5,South Africa,Q de Kock,T Bavuma,NM Lyon,0,0,"",""
ball,2,75.6,South Africa,Q de Kock,T Bavuma,NM Lyon,0,0,"",""
ball,2,76.1,South Africa,T Bavuma,Q de Kock,JM Mennie,0,0,"",""
ball,2,76.2,South Africa,T Bavuma,Q de Kock,JM Mennie,0,0,"",""
ball,2,76.3,South Africa,T Bavuma,Q de Kock,JM Mennie,0,0,"",""
ball,2,76.4,South Africa,T Bavuma,Q de Kock,JM Mennie,0,0,"",""
ball,2,76.5,South Africa,T Bavuma,Q de Kock,JM Mennie,0,0,"",""
ball,2,76.6,South Africa,T Bavuma,Q de Kock,JM Mennie,0,0,"",""
ball,2,77.1,South Africa,Q de Kock,T Bavuma,NM Lyon,1,0,"",""
ball,2,77.2,South Africa,T Bavuma,Q de Kock,NM Lyon,0,0,"",""
ball,2,77.3,South Africa,T Bavuma,Q de Kock,NM Lyon,0,0,"",""
ball,2,77.4,South Africa,T Bavuma,Q de Kock,NM Lyon,0,0,"",""
ball,2,77.5,South Africa,T Bavuma,Q de Kock,NM Lyon,0,0,"",""
ball,2,77.6,South Africa,T Bavuma,Q de Kock,NM Lyon,0,0,"",""
ball,2,78.1,South Africa,Q de Kock,T Bavuma,SPD Smith,0,0,"",""
ball,2,78.2,South Africa,Q de Kock,T Bavuma,SPD Smith,4,0,"",""
ball,2,78.3,South Africa,Q de Kock,T Bavuma,SPD Smith,0,0,"",""
ball,2,78.4,South Africa,Q de Kock,T Bavuma,SPD Smith,0,0,"",""
ball,2,78.5,South Africa,Q de Kock,T Bavuma,SPD Smith,1,0,"",""
ball,2,78.6,South Africa,T Bavuma,Q de Kock,SPD Smith,0,0,"",""
ball,2,79.1,South Africa,Q de Kock,T Bavuma,NM Lyon,0,0,"",""
ball,2,79.2,South Africa,Q de Kock,T Bavuma,NM Lyon,1,0,"",""
ball,2,79.3,South Africa,T Bavuma,Q de Kock,NM Lyon,0,0,"",""
ball,2,79.4,South Africa,T Bavuma,Q de Kock,NM Lyon,1,0,"",""
ball,2,79.5,South Africa,Q de Kock,T Bavuma,NM Lyon,1,0,"",""
ball,2,79.6,South Africa,T Bavuma,Q de Kock,NM Lyon,0,0,"",""
ball,2,80.1,South Africa,Q de Kock,T Bavuma,MA Starc,0,2,"",""
ball,2,80.2,South Africa,Q de Kock,T Bavuma,MA Starc,0,0,"",""
ball,2,80.3,South Africa,Q de Kock,T Bavuma,MA Starc,0,0,"",""
ball,2,80.4,South Africa,Q de Kock,T Bavuma,MA Starc,0,0,"",""
ball,2,80.5,South Africa,Q de Kock,T Bavuma,MA Starc,0,0,"",""
ball,2,80.6,South Africa,Q de Kock,T Bavuma,MA Starc,0,0,"",""
ball,2,81.1,South Africa,T Bavuma,Q de Kock,JR Hazlewood,0,0,"",""
ball,2,81.2,South Africa,T Bavuma,Q de Kock,JR Hazlewood,0,0,"",""
ball,2,81.3,South Africa,T Bavuma,Q de Kock,JR Hazlewood,0,0,"",""
ball,2,81.4,South Africa,T Bavuma,Q de Kock,JR Hazlewood,0,0,"",""
ball,2,81.5,South Africa,T Bavuma,Q de Kock,JR Hazlewood,0,0,"",""
ball,2,81.6,South Africa,T Bavuma,Q de Kock,JR Hazlewood,0,0,"",""
ball,2,82.1,South Africa,Q de Kock,T Bavuma,MA Starc,0,0,"",""
ball,2,82.2,South Africa,Q de Kock,T Bavuma,MA Starc,0,0,"",""
ball,2,82.3,South Africa,Q de Kock,T Bavuma,MA Starc,0,0,"",""
ball,2,82.4,South Africa,Q de Kock,T Bavuma,MA Starc,0,0,"",""
ball,2,82.5,South Africa,Q de Kock,T Bavuma,MA Starc,1,0,"",""
ball,2,82.6,South Africa,T Bavuma,Q de Kock,MA Starc,0,0,"",""
ball,2,83.1,South Africa,Q de Kock,T Bavuma,JR Hazlewood,0,0,"",""
ball,2,83.2,South Africa,Q de Kock,T Bavuma,JR Hazlewood,0,0,"",""
ball,2,83.3,South Africa,Q de Kock,T Bavuma,JR Hazlewood,2,0,"",""
ball,2,83.4,South Africa,Q de Kock,T Bavuma,JR Hazlewood,0,0,"",""
ball,2,83.5,South Africa,Q de Kock,T Bavuma,JR Hazlewood,0,0,"",""
ball,2,83.6,South Africa,Q de Kock,T Bavuma,JR Hazlewood,4,0,"",""
ball,2,84.1,South Africa,T Bavuma,Q de Kock,MA Starc,0,0,"",""
ball,2,84.2,South Africa,T Bavuma,Q de Kock,MA Starc,0,0,"",""
ball,2,84.3,South Africa,T Bavuma,Q de Kock,MA Starc,2,0,"",""
ball,2,84.4,South Africa,T Bavuma,Q de Kock,MA Starc,0,0,"",""
ball,2,84.5,South Africa,T Bavuma,Q de Kock,MA Starc,0,0,"",""
ball,2,84.6,South Africa,T Bavuma,Q de Kock,MA Starc,4,0,"",""
ball,2,85.1,South Africa,Q de Kock,T Bavuma,JM Mennie,4,0,"",""
ball,2,85.2,South Africa,Q de Kock,T Bavuma,JM Mennie,2,0,"",""
ball,2,85.3,South Africa,Q de Kock,T Bavuma,JM Mennie,0,0,"",""
ball,2,85.4,South Africa,Q de Kock,T Bavuma,JM Mennie,2,0,"",""
ball,2,85.5,South Africa,Q de Kock,T Bavuma,JM Mennie,0,0,"",""
ball,2,85.6,South Africa,Q de Kock,T Bavuma,JM Mennie,0,0,"",""
ball,2,86.1,South Africa,T Bavuma,Q de Kock,MA Starc,0,0,"",""
ball,2,86.2,South Africa,T Bavuma,Q de Kock,MA Starc,0,0,"",""
ball,2,86.3,South Africa,T Bavuma,Q de Kock,MA Starc,0,0,"",""
ball,2,86.4,South Africa,T Bavuma,Q de Kock,MA Starc,2,0,"",""
ball,2,86.5,South Africa,T Bavuma,Q de Kock,MA Starc,0,0,"",""
ball,2,86.6,South Africa,T Bavuma,Q de Kock,MA Starc,0,0,"",""
ball,2,87.1,South Africa,Q de Kock,T Bavuma,JM Mennie,0,0,"",""
ball,2,87.2,South Africa,Q de Kock,T Bavuma,JM Mennie,0,0,"",""
ball,2,87.3,South Africa,Q de Kock,T Bavuma,JM Mennie,4,0,"",""
ball,2,87.4,South Africa,Q de Kock,T Bavuma,JM Mennie,0,0,"",""
ball,2,87.5,South Africa,Q de Kock,T Bavuma,JM Mennie,1,0,"",""
ball,2,87.6,South Africa,T Bavuma,Q de Kock,JM Mennie,0,0,"",""
ball,2,88.1,South Africa,Q de Kock,T Bavuma,JR Hazlewood,0,0,"",""
ball,2,88.2,South Africa,Q de Kock,T Bavuma,JR Hazlewood,0,0,"",""
ball,2,88.3,South Africa,Q de Kock,T Bavuma,JR Hazlewood,4,0,"",""
ball,2,88.4,South Africa,Q de Kock,T Bavuma,JR Hazlewood,0,0,bowled,Q de Kock
ball,2,88.5,South Africa,VD Philander,T Bavuma,JR Hazlewood,0,0,"",""
ball,2,88.6,South Africa,VD Philander,T Bavuma,JR Hazlewood,0,0,"",""
ball,2,89.1,South Africa,T Bavuma,VD Philander,JM Mennie,0,0,"",""
ball,2,89.2,South Africa,T Bavuma,VD Philander,JM Mennie,0,0,"",""
ball,2,89.3,South Africa,T Bavuma,VD Philander,JM Mennie,0,0,"",""
ball,2,89.4,South Africa,T Bavuma,VD Philander,JM Mennie,0,0,"",""
ball,2,89.5,South Africa,T Bavuma,VD Philander,JM Mennie,0,0,"",""
ball,2,89.6,South Africa,T Bavuma,VD Philander,JM Mennie,0,0,"",""
ball,2,90.1,South Africa,VD Philander,T Bavuma,JR Hazlewood,3,0,"",""
ball,2,90.2,South Africa,T Bavuma,VD Philander,JR Hazlewood,0,0,"",""
ball,2,90.3,South Africa,T Bavuma,VD Philander,JR Hazlewood,0,0,"",""
ball,2,90.4,South Africa,T Bavuma,VD Philander,JR Hazlewood,0,0,"",""
ball,2,90.5,South Africa,T Bavuma,VD Philander,JR Hazlewood,2,0,"",""
ball,2,90.6,South Africa,T Bavuma,VD Philander,JR Hazlewood,3,0,"",""
ball,2,91.1,South Africa,T Bavuma,VD Philander,JM Mennie,0,0,"",""
ball,2,91.2,South Africa,T Bavuma,VD Philander,JM Mennie,0,0,"",""
ball,2,91.3,South Africa,T Bavuma,VD Philander,JM Mennie,0,0,"",""
ball,2,91.4,South Africa,T Bavuma,VD Philander,JM Mennie,0,0,"",""
ball,2,91.5,South Africa,T Bavuma,VD Philander,JM Mennie,2,0,"",""
ball,2,91.6,South Africa,T Bavuma,VD Philander,JM Mennie,2,0,"",""
ball,2,92.1,South Africa,VD Philander,T Bavuma,JR Hazlewood,4,0,"",""
ball,2,92.2,South Africa,VD Philander,T Bavuma,JR Hazlewood,0,0,"",""
ball,2,92.3,South Africa,VD Philander,T Bavuma,JR Hazlewood,0,0,"",""
ball,2,92.4,South Africa,VD Philander,T Bavuma,JR Hazlewood,0,0,"",""
ball,2,92.5,South Africa,VD Philander,T Bavuma,JR Hazlewood,0,0,"",""
ball,2,92.6,South Africa,VD Philander,T Bavuma,JR Hazlewood,0,0,"",""
ball,2,93.1,South Africa,T Bavuma,VD Philander,JM Mennie,0,0,"",""
ball,2,93.2,South Africa,T Bavuma,VD Philander,JM Mennie,0,0,"",""
ball,2,93.3,South Africa,T Bavuma,VD Philander,JM Mennie,0,0,caught,T Bavuma
ball,2,93.4,South Africa,KA Maharaj,VD Philander,JM Mennie,0,0,"",""
ball,2,93.5,South Africa,KA Maharaj,VD Philander,JM Mennie,0,0,"",""
ball,2,93.6,South Africa,KA Maharaj,VD Philander,JM Mennie,1,0,"",""
ball,2,94.1,South Africa,KA Maharaj,VD Philander,JR Hazlewood,0,0,"",""
ball,2,94.2,South Africa,KA Maharaj,VD Philander,JR Hazlewood,0,0,bowled,KA Maharaj
ball,2,94.3,South Africa,KJ Abbott,VD Philander,JR Hazlewood,0,0,"",""
ball,2,94.4,South Africa,KJ Abbott,VD Philander,JR Hazlewood,0,0,"",""
ball,2,94.5,South Africa,KJ Abbott,VD Philander,JR Hazlewood,0,0,"",""
ball,2,94.6,South Africa,KJ Abbott,VD Philander,JR Hazlewood,0,0,"",""
ball,2,95.1,South Africa,VD Philander,KJ Abbott,JM Mennie,1,0,"",""
ball,2,95.2,South Africa,KJ Abbott,VD Philander,JM Mennie,0,0,"",""
ball,2,95.3,South Africa,KJ Abbott,VD Philander,JM Mennie,0,0,"",""
ball,2,95.4,South Africa,KJ Abbott,VD Philander,JM Mennie,3,0,"",""
ball,2,95.5,South Africa,VD Philander,KJ Abbott,JM Mennie,0,0,"",""
ball,2,95.6,South Africa,VD Philander,KJ Abbott,JM Mennie,0,0,"",""
ball,2,96.1,South Africa,KJ Abbott,VD Philander,JR Hazlewood,0,0,"",""
ball,2,96.2,South Africa,KJ Abbott,VD Philander,JR Hazlewood,0,0,lbw,KJ Abbott
ball,2,96.3,South Africa,K Rabada,VD Philander,JR Hazlewood,0,0,"",""
ball,2,96.4,South Africa,K Rabada,VD Philander,JR Hazlewood,0,0,"",""
ball,2,96.5,South Africa,K Rabada,VD Philander,JR Hazlewood,0,0,"",""
ball,2,96.6,South Africa,K Rabada,VD Philander,JR Hazlewood,0,0,"",""
ball,2,97.1,South Africa,VD Philander,K Rabada,JM Mennie,3,0,"",""
ball,2,97.2,South Africa,K Rabada,VD Philander,JM Mennie,0,0,"",""
ball,2,97.3,South Africa,K Rabada,VD Philander,JM Mennie,4,0,"",""
ball,2,97.4,South Africa,K Rabada,VD Philander,JM Mennie,0,0,"",""
ball,2,97.5,South Africa,K Rabada,VD Philander,JM Mennie,0,0,"",""
ball,2,97.6,South Africa,K Rabada,VD Philander,JM Mennie,0,0,"",""
ball,2,98.1,South Africa,VD Philander,K Rabada,JR Hazlewood,4,0,"",""
ball,2,98.2,South Africa,VD Philander,K Rabada,JR Hazlewood,0,0,"",""
ball,2,98.3,South Africa,VD Philander,K Rabada,JR Hazlewood,0,0,"",""
ball,2,98.4,South Africa,VD Philander,K Rabada,JR Hazlewood,4,0,"",""
ball,2,98.5,South Africa,VD Philander,K Rabada,JR Hazlewood,1,0,"",""
ball,2,98.6,South Africa,K Rabada,VD Philander,JR Hazlewood,0,0,"",""
ball,2,99.1,South Africa,VD Philander,K Rabada,MA Starc,4,0,"",""
ball,2,99.2,South Africa,VD Philander,K Rabada,MA Starc,0,0,"",""
ball,2,99.3,South Africa,VD Philander,K Rabada,MA Starc,0,0,"",""
ball,2,99.4,South Africa,VD Philander,K Rabada,MA Starc,0,0,"",""
ball,2,99.5,South Africa,VD Philander,K Rabada,MA Starc,4,0,"",""
ball,2,99.6,South Africa,VD Philander,K Rabada,MA Starc,0,0,"",""
ball,2,100.1,South Africa,K Rabada,VD Philander,JR Hazlewood,1,0,"",""
ball,2,100.2,South Africa,VD Philander,K Rabada,JR Hazlewood,0,0,"",""
ball,2,100.3,South Africa,VD Philander,K Rabada,JR Hazlewood,0,0,"",""
ball,2,100.4,South Africa,VD Philander,K Rabada,JR Hazlewood,4,0,"",""
ball,2,100.5,South Africa,VD Philander,K Rabada,JR Hazlewood,0,0,caught,VD Philander
ball,3,0.1,Australia,JA Burns,DA Warner,KJ Abbott,0,0,"",""
ball,3,0.2,Australia,JA Burns,DA Warner,KJ Abbott,0,0,"",""
ball,3,0.3,Australia,JA Burns,DA Warner,KJ Abbott,0,0,"",""
ball,3,0.4,Australia,JA Burns,DA Warner,KJ Abbott,0,0,caught,JA Burns
ball,3,0.5,Australia,UT Khawaja,DA Warner,KJ Abbott,0,0,"",""
ball,3,0.6,Australia,UT Khawaja,DA Warner,KJ Abbott,2,0,"",""
ball,3,1.1,Australia,DA Warner,UT Khawaja,VD Philander,4,0,"",""
ball,3,1.2,Australia,DA Warner,UT Khawaja,VD Philander,0,0,"",""
ball,3,1.3,Australia,DA Warner,UT Khawaja,VD Philander,0,0,"",""
ball,3,1.4,Australia,DA Warner,UT Khawaja,VD Philander,0,1,"",""
ball,3,1.5,Australia,UT Khawaja,DA Warner,VD Philander,0,0,"",""
ball,3,1.6,Australia,UT Khawaja,DA Warner,VD Philander,0,0,"",""
ball,3,2.1,Australia,DA Warner,UT Khawaja,KJ Abbott,0,0,"",""
ball,3,2.2,Australia,DA Warner,UT Khawaja,KJ Abbott,0,0,"",""
ball,3,2.3,Australia,DA Warner,UT Khawaja,KJ Abbott,0,0,"",""
ball,3,2.4,Australia,DA Warner,UT Khawaja,KJ Abbott,0,0,"",""
ball,3,2.5,Australia,DA Warner,UT Khawaja,KJ Abbott,3,0,"",""
ball,3,2.6,Australia,UT Khawaja,DA Warner,KJ Abbott,4,0,"",""
ball,3,3.1,Australia,DA Warner,UT Khawaja,VD Philander,0,0,"",""
ball,3,3.2,Australia,DA Warner,UT Khawaja,VD Philander,0,0,"",""
ball,3,3.3,Australia,DA Warner,UT Khawaja,VD Philander,0,0,"",""
ball,3,3.4,Australia,DA Warner,UT Khawaja,VD Philander,0,0,"",""
ball,3,3.5,Australia,DA Warner,UT Khawaja,VD Philander,0,0,"",""
ball,3,3.6,Australia,DA Warner,UT Khawaja,VD Philander,0,0,"",""
ball,3,4.1,Australia,UT Khawaja,DA Warner,KJ Abbott,3,0,"",""
ball,3,4.2,Australia,DA Warner,UT Khawaja,KJ Abbott,0,0,"",""
ball,3,4.3,Australia,DA Warner,UT Khawaja,KJ Abbott,2,0,"",""
ball,3,4.4,Australia,DA Warner,UT Khawaja,KJ Abbott,3,0,"",""
ball,3,4.5,Australia,UT Khawaja,DA Warner,KJ Abbott,0,0,"",""
ball,3,4.6,Australia,UT Khawaja,DA Warner,KJ Abbott,0,0,"",""
ball,3,5.1,Australia,DA Warner,UT Khawaja,VD Philander,0,0,"",""
ball,3,5.2,Australia,DA Warner,UT Khawaja,VD Philander,0,0,"",""
ball,3,5.3,Australia,DA Warner,UT Khawaja,VD Philander,1,0,"",""
ball,3,5.4,Australia,UT Khawaja,DA Warner,VD Philander,0,0,"",""
ball,3,5.5,Australia,UT Khawaja,DA Warner,VD Philander,0,0,"",""
ball,3,5.6,Australia,UT Khawaja,DA Warner,VD Philander,0,0,"",""
ball,3,6.1,Australia,DA Warner,UT Khawaja,KJ Abbott,3,0,"",""
ball,3,6.2,Australia,UT Khawaja,DA Warner,KJ Abbott,0,0,"",""
ball,3,6.3,Australia,UT Khawaja,DA Warner,KJ Abbott,0,0,"",""
ball,3,6.4,Australia,UT Khawaja,DA Warner,KJ Abbott,0,0,"",""
ball,3,6.5,Australia,UT Khawaja,DA Warner,KJ Abbott,0,0,"",""
ball,3,6.6,Australia,UT Khawaja,DA Warner,KJ Abbott,0,0,"",""
ball,3,7.1,Australia,DA Warner,UT Khawaja,VD Philander,0,0,"",""
ball,3,7.2,Australia,DA Warner,UT Khawaja,VD Philander,0,0,"",""
ball,3,7.3,Australia,DA Warner,UT Khawaja,VD Philander,0,0,"",""
ball,3,7.4,Australia,DA Warner,UT Khawaja,VD Philander,0,0,"",""
ball,3,7.5,Australia,DA Warner,UT Khawaja,VD Philander,0,0,"",""
ball,3,7.6,Australia,DA Warner,UT Khawaja,VD Philander,2,0,"",""
ball,3,8.1,Australia,UT Khawaja,DA Warner,KJ Abbott,1,0,"",""
ball,3,8.2,Australia,DA Warner,UT Khawaja,KJ Abbott,1,0,"",""
ball,3,8.3,Australia,UT Khawaja,DA Warner,KJ Abbott,1,0,"",""
ball,3,8.4,Australia,DA Warner,UT Khawaja,KJ Abbott,0,0,"",""
ball,3,8.5,Australia,DA Warner,UT Khawaja,KJ Abbott,4,0,"",""
ball,3,8.6,Australia,DA Warner,UT Khawaja,KJ Abbott,0,0,"",""
ball,3,9.1,Australia,UT Khawaja,DA Warner,VD Philander,1,0,"",""
ball,3,9.2,Australia,DA Warner,UT Khawaja,VD Philander,0,0,"",""
ball,3,9.3,Australia,DA Warner,UT Khawaja,VD Philander,0,0,"",""
ball,3,9.4,Australia,DA Warner,UT Khawaja,VD Philander,0,0,"",""
ball,3,9.5,Australia,DA Warner,UT Khawaja,VD Philander,0,0,"",""
ball,3,9.6,Australia,DA Warner,UT Khawaja,VD Philander,0,0,"",""
ball,3,10.1,Australia,UT Khawaja,DA Warner,JP Duminy,4,0,"",""
ball,3,10.2,Australia,UT Khawaja,DA Warner,JP Duminy,0,0,"",""
ball,3,10.3,Australia,UT Khawaja,DA Warner,JP Duminy,4,0,"",""
ball,3,10.4,Australia,UT Khawaja,DA Warner,JP Duminy,0,0,"",""
ball,3,10.5,Australia,UT Khawaja,DA Warner,JP Duminy,0,0,"",""
ball,3,10.6,Australia,UT Khawaja,DA Warner,JP Duminy,0,0,"",""
ball,3,11.1,Australia,DA Warner,UT Khawaja,K Rabada,0,0,"",""
ball,3,11.2,Australia,DA Warner,UT Khawaja,K Rabada,0,0,"",""
ball,3,11.3,Australia,DA Warner,UT Khawaja,K Rabada,1,0,"",""
ball,3,11.4,Australia,UT Khawaja,DA Warner,K Rabada,0,0,"",""
ball,3,11.5,Australia,UT Khawaja,DA Warner,K Rabada,0,0,"",""
ball,3,11.6,Australia,UT Khawaja,DA Warner,K Rabada,1,0,"",""
ball,3,12.1,Australia,UT Khawaja,DA Warner,KJ Abbott,1,0,"",""
ball,3,12.2,Australia,DA Warner,UT Khawaja,KJ Abbott,0,0,"",""
ball,3,12.3,Australia,DA Warner,UT Khawaja,KJ Abbott,4,0,"",""
ball,3,12.4,Australia,DA Warner,UT Khawaja,KJ Abbott,0,0,"",""
ball,3,12.5,Australia,DA Warner,UT Khawaja,KJ Abbott,1,0,"",""
ball,3,12.6,Australia,UT Khawaja,DA Warner,KJ Abbott,2,0,"",""
ball,3,13.1,Australia,DA Warner,UT Khawaja,K Rabada,0,0,"",""
ball,3,13.2,Australia,DA Warner,UT Khawaja,K Rabada,0,0,"",""
ball,3,13.3,Australia,DA Warner,UT Khawaja,K Rabada,0,0,"",""
ball,3,13.4,Australia,DA Warner,UT Khawaja,K Rabada,0,0,"",""
ball,3,13.5,Australia,DA Warner,UT Khawaja,K Rabada,0,0,"",""
ball,3,13.6,Australia,DA Warner,UT Khawaja,K Rabada,2,0,"",""
ball,3,14.1,Australia,UT Khawaja,DA Warner,KJ Abbott,1,0,"",""
ball,3,14.2,Australia,DA Warner,UT Khawaja,KJ Abbott,0,0,"",""
ball,3,14.3,Australia,DA Warner,UT Khawaja,KJ Abbott,0,0,"",""
ball,3,14.4,Australia,DA Warner,UT Khawaja,KJ Abbott,0,0,"",""
ball,3,14.5,Australia,DA Warner,UT Khawaja,KJ Abbott,0,0,"",""
ball,3,14.6,Australia,DA Warner,UT Khawaja,KJ Abbott,0,0,"",""
ball,3,15.1,Australia,UT Khawaja,DA Warner,K Rabada,1,0,"",""
ball,3,15.2,Australia,DA Warner,UT Khawaja,K Rabada,0,0,"",""
ball,3,15.3,Australia,DA Warner,UT Khawaja,K Rabada,1,0,"",""
ball,3,15.4,Australia,UT Khawaja,DA Warner,K Rabada,0,0,"",""
ball,3,15.5,Australia,UT Khawaja,DA Warner,K Rabada,0,0,"",""
ball,3,15.6,Australia,UT Khawaja,DA Warner,K Rabada,0,0,"",""
ball,3,16.1,Australia,DA Warner,UT Khawaja,KJ Abbott,0,0,"",""
ball,3,16.2,Australia,DA Warner,UT Khawaja,KJ Abbott,1,0,"",""
ball,3,16.3,Australia,UT Khawaja,DA Warner,KJ Abbott,0,0,"",""
ball,3,16.4,Australia,UT Khawaja,DA Warner,KJ Abbott,0,0,"",""
ball,3,16.5,Australia,UT Khawaja,DA Warner,KJ Abbott,0,0,"",""
ball,3,16.6,Australia,UT Khawaja,DA Warner,KJ Abbott,0,0,"",""
ball,3,17.1,Australia,DA Warner,UT Khawaja,K Rabada,0,0,"",""
ball,3,17.2,Australia,DA Warner,UT Khawaja,K Rabada,0,0,"",""
ball,3,17.3,Australia,DA Warner,UT Khawaja,K Rabada,0,0,"",""
ball,3,17.4,Australia,DA Warner,UT Khawaja,K Rabada,3,0,"",""
ball,3,17.5,Australia,UT Khawaja,DA Warner,K Rabada,0,0,"",""
ball,3,17.6,Australia,UT Khawaja,DA Warner,K Rabada,1,0,"",""
ball,3,18.1,Australia,UT Khawaja,DA Warner,KJ Abbott,1,0,"",""
ball,3,18.2,Australia,DA Warner,UT Khawaja,KJ Abbott,0,0,"",""
ball,3,18.3,Australia,DA Warner,UT Khawaja,KJ Abbott,2,0,"",""
ball,3,18.4,Australia,DA Warner,UT Khawaja,KJ Abbott,0,0,"",""
ball,3,18.5,Australia,DA Warner,UT Khawaja,KJ Abbott,0,0,"",""
ball,3,18.6,Australia,DA Warner,UT Khawaja,KJ Abbott,0,0,"",""
ball,3,19.1,Australia,UT Khawaja,DA Warner,K Rabada,0,0,"",""
ball,3,19.2,Australia,UT Khawaja,DA Warner,K Rabada,0,0,"",""
ball,3,19.3,Australia,UT Khawaja,DA Warner,K Rabada,0,0,"",""
ball,3,19.4,Australia,UT Khawaja,DA Warner,K Rabada,4,0,"",""
ball,3,19.5,Australia,UT Khawaja,DA Warner,K Rabada,0,0,"",""
ball,3,19.6,Australia,UT Khawaja,DA Warner,K Rabada,0,0,"",""
ball,3,20.1,Australia,DA Warner,UT Khawaja,KJ Abbott,4,0,"",""
ball,3,20.2,Australia,DA Warner,UT Khawaja,KJ Abbott,0,0,"",""
ball,3,20.3,Australia,DA Warner,UT Khawaja,KJ Abbott,0,0,"",""
ball,3,20.4,Australia,DA Warner,UT Khawaja,KJ Abbott,1,0,"",""
ball,3,20.5,Australia,UT Khawaja,DA Warner,KJ Abbott,0,0,"",""
ball,3,20.6,Australia,UT Khawaja,DA Warner,KJ Abbott,0,0,"",""
ball,3,21.1,Australia,DA Warner,UT Khawaja,K Rabada,0,0,"",""
ball,3,21.2,Australia,DA Warner,UT Khawaja,K Rabada,1,0,"",""
ball,3,21.3,Australia,UT Khawaja,DA Warner,K Rabada,0,0,"",""
ball,3,21.4,Australia,UT Khawaja,DA Warner,K Rabada,0,0,"",""
ball,3,21.5,Australia,UT Khawaja,DA Warner,K Rabada,0,0,"",""
ball,3,21.6,Australia,UT Khawaja,DA Warner,K Rabada,0,0,"",""
ball,3,22.1,Australia,DA Warner,UT Khawaja,KJ Abbott,0,0,"",""
ball,3,22.2,Australia,DA Warner,UT Khawaja,KJ Abbott,0,0,"",""
ball,3,22.3,Australia,DA Warner,UT Khawaja,KJ Abbott,1,0,"",""
ball,3,22.4,Australia,UT Khawaja,DA Warner,KJ Abbott,0,0,"",""
ball,3,22.5,Australia,UT Khawaja,DA Warner,KJ Abbott,1,0,"",""
ball,3,22.6,Australia,DA Warner,UT Khawaja,KJ Abbott,0,0,bowled,DA Warner
ball,3,23.1,Australia,UT Khawaja,SPD Smith,K Rabada,0,0,"",""
ball,3,23.2,Australia,UT Khawaja,SPD Smith,K Rabada,0,0,"",""
ball,3,23.3,Australia,UT Khawaja,SPD Smith,K Rabada,0,0,"",""
ball,3,23.4,Australia,UT Khawaja,SPD Smith,K Rabada,0,0,"",""
ball,3,23.5,Australia,UT Khawaja,SPD Smith,K Rabada,0,0,"",""
ball,3,23.6,Australia,UT Khawaja,SPD Smith,K Rabada,0,0,"",""
ball,3,24.1,Australia,SPD Smith,UT Khawaja,KJ Abbott,0,0,"",""
ball,3,24.2,Australia,SPD Smith,UT Khawaja,KJ Abbott,0,0,"",""
ball,3,24.3,Australia,SPD Smith,UT Khawaja,KJ Abbott,3,0,"",""
ball,3,24.4,Australia,UT Khawaja,SPD Smith,KJ Abbott,0,0,"",""
ball,3,24.5,Australia,UT Khawaja,SPD Smith,KJ Abbott,0,0,"",""
ball,3,24.6,Australia,UT Khawaja,SPD Smith,KJ Abbott,0,0,"",""
ball,3,25.1,Australia,SPD Smith,UT Khawaja,K Rabada,0,0,"",""
ball,3,25.2,Australia,SPD Smith,UT Khawaja,K Rabada,0,0,"",""
ball,3,25.3,Australia,SPD Smith,UT Khawaja,K Rabada,0,0,"",""
ball,3,25.4,Australia,SPD Smith,UT Khawaja,K Rabada,0,0,"",""
ball,3,25.5,Australia,SPD Smith,UT Khawaja,K Rabada,0,0,"",""
ball,3,25.6,Australia,SPD Smith,UT Khawaja,K Rabada,0,0,"",""
ball,3,26.1,Australia,UT Khawaja,SPD Smith,KJ Abbott,0,0,"",""
ball,3,26.2,Australia,UT Khawaja,SPD Smith,KJ Abbott,0,0,"",""
ball,3,26.3,Australia,UT Khawaja,SPD Smith,KJ Abbott,0,0,"",""
ball,3,26.4,Australia,UT Khawaja,SPD Smith,KJ Abbott,0,0,"",""
ball,3,26.5,Australia,UT Khawaja,SPD Smith,KJ Abbott,0,0,"",""
ball,3,26.6,Australia,UT Khawaja,SPD Smith,KJ Abbott,0,0,"",""
ball,3,27.1,Australia,SPD Smith,UT Khawaja,K Rabada,0,0,"",""
ball,3,27.2,Australia,SPD Smith,UT Khawaja,K Rabada,4,0,"",""
ball,3,27.3,Australia,SPD Smith,UT Khawaja,K Rabada,0,0,"",""
ball,3,27.4,Australia,SPD Smith,UT Khawaja,K Rabada,0,0,"",""
ball,3,27.5,Australia,SPD Smith,UT Khawaja,K Rabada,0,0,"",""
ball,3,27.6,Australia,SPD Smith,UT Khawaja,K Rabada,0,0,"",""
ball,3,28.1,Australia,UT Khawaja,SPD Smith,KJ Abbott,0,0,"",""
ball,3,28.2,Australia,UT Khawaja,SPD Smith,KJ Abbott,1,0,"",""
ball,3,28.3,Australia,SPD Smith,UT Khawaja,KJ Abbott,0,0,"",""
ball,3,28.4,Australia,SPD Smith,UT Khawaja,KJ Abbott,0,0,"",""
ball,3,28.5,Australia,SPD Smith,UT Khawaja,KJ Abbott,0,0,"",""
ball,3,28.6,Australia,SPD Smith,UT Khawaja,KJ Abbott,4,0,"",""
ball,3,29.1,Australia,UT Khawaja,SPD Smith,VD Philander,0,0,"",""
ball,3,29.2,Australia,UT Khawaja,SPD Smith,VD Philander,1,0,"",""
ball,3,29.3,Australia,SPD Smith,UT Khawaja,VD Philander,1,0,"",""
ball,3,29.4,Australia,UT Khawaja,SPD Smith,VD Philander,0,0,"",""
ball,3,29.5,Australia,UT Khawaja,SPD Smith,VD Philander,0,0,"",""
ball,3,29.6,Australia,UT Khawaja,SPD Smith,VD Philander,0,0,"",""
ball,3,30.1,Australia,SPD Smith,UT Khawaja,KA Maharaj,0,0,"",""
ball,3,30.2,Australia,SPD Smith,UT Khawaja,KA Maharaj,0,0,"",""
ball,3,30.3,Australia,SPD Smith,UT Khawaja,KA Maharaj,0,0,"",""
ball,3,30.4,Australia,SPD Smith,UT Khawaja,KA Maharaj,1,0,"",""
ball,3,30.5,Australia,UT Khawaja,SPD Smith,KA Maharaj,4,0,"",""
ball,3,30.6,Australia,UT Khawaja,SPD Smith,KA Maharaj,0,0,"",""
ball,3,31.1,Australia,SPD Smith,UT Khawaja,VD Philander,0,0,"",""
ball,3,31.2,Australia,SPD Smith,UT Khawaja,VD Philander,1,1,"",""
ball,3,31.3,Australia,UT Khawaja,SPD Smith,VD Philander,2,0,"",""
ball,3,31.4,Australia,UT Khawaja,SPD Smith,VD Philander,0,0,"",""
ball,3,31.5,Australia,UT Khawaja,SPD Smith,VD Philander,0,0,"",""
ball,3,31.6,Australia,UT Khawaja,SPD Smith,VD Philander,0,0,"",""
ball,3,31.7,Australia,UT Khawaja,SPD Smith,VD Philander,0,0,"",""
ball,3,32.1,Australia,SPD Smith,UT Khawaja,KA Maharaj,4,0,"",""
ball,3,32.2,Australia,SPD Smith,UT Khawaja,KA Maharaj,0,0,"",""
ball,3,32.3,Australia,SPD Smith,UT Khawaja,KA Maharaj,0,0,"",""
ball,3,32.4,Australia,SPD Smith,UT Khawaja,KA Maharaj,0,0,"",""
ball,3,32.5,Australia,SPD Smith,UT Khawaja,KA Maharaj,0,0,"",""
ball,3,32.6,Australia,SPD Smith,UT Khawaja,KA Maharaj,0,0,"",""
ball,3,33.1,Australia,UT Khawaja,SPD Smith,VD Philander,4,0,"",""
ball,3,33.2,Australia,UT Khawaja,SPD Smith,VD Philander,0,0,"",""
ball,3,33.3,Australia,UT Khawaja,SPD Smith,VD Philander,0,0,"",""
ball,3,33.4,Australia,UT Khawaja,SPD Smith,VD Philander,0,0,"",""
ball,3,33.5,Australia,UT Khawaja,SPD Smith,VD Philander,4,0,"",""
ball,3,33.6,Australia,UT Khawaja,SPD Smith,VD Philander,1,0,"",""
ball,3,34.1,Australia,UT Khawaja,SPD Smith,KA Maharaj,0,0,"",""
ball,3,34.2,Australia,UT Khawaja,SPD Smith,KA Maharaj,0,0,"",""
ball,3,34.3,Australia,UT Khawaja,SPD Smith,KA Maharaj,0,0,"",""
ball,3,34.4,Australia,UT Khawaja,SPD Smith,KA Maharaj,0,0,"",""
ball,3,34.5,Australia,UT Khawaja,SPD Smith,KA Maharaj,0,0,"",""
ball,3,34.6,Australia,UT Khawaja,SPD Smith,KA Maharaj,1,0,"",""
ball,3,35.1,Australia,UT Khawaja,SPD Smith,VD Philander,0,0,"",""
ball,3,35.2,Australia,UT Khawaja,SPD Smith,VD Philander,0,0,"",""
ball,3,35.3,Australia,UT Khawaja,SPD Smith,VD Philander,0,0,"",""
ball,3,35.4,Australia,UT Khawaja,SPD Smith,VD Philander,4,0,"",""
ball,3,35.5,Australia,UT Khawaja,SPD Smith,VD Philander,0,0,"",""
ball,3,35.6,Australia,UT Khawaja,SPD Smith,VD Philander,1,0,"",""
ball,3,36.1,Australia,UT Khawaja,SPD Smith,KJ Abbott,0,0,"",""
ball,3,36.2,Australia,UT Khawaja,SPD Smith,KJ Abbott,0,0,"",""
ball,3,36.3,Australia,UT Khawaja,SPD Smith,KJ Abbott,0,0,"",""
ball,3,36.4,Australia,UT Khawaja,SPD Smith,KJ Abbott,0,0,"",""
ball,3,36.5,Australia,UT Khawaja,SPD Smith,KJ Abbott,0,0,"",""
ball,3,36.6,Australia,UT Khawaja,SPD Smith,KJ Abbott,0,0,"",""
ball,3,37.1,Australia,SPD Smith,UT Khawaja,VD Philander,0,0,"",""
ball,3,37.2,Australia,SPD Smith,UT Khawaja,VD Philander,0,0,"",""
ball,3,37.3,Australia,SPD Smith,UT Khawaja,VD Philander,0,0,"",""
ball,3,37.4,Australia,SPD Smith,UT Khawaja,VD Philander,0,0,"",""
ball,3,37.5,Australia,SPD Smith,UT Khawaja,VD Philander,0,0,"",""
ball,3,37.6,Australia,SPD Smith,UT Khawaja,VD Philander,0,0,"",""
ball,3,38.1,Australia,UT Khawaja,SPD Smith,KJ Abbott,0,0,"",""
ball,3,38.2,Australia,UT Khawaja,SPD Smith,KJ Abbott,0,0,"",""
ball,3,38.3,Australia,UT Khawaja,SPD Smith,KJ Abbott,2,0,"",""
ball,3,38.4,Australia,UT Khawaja,SPD Smith,KJ Abbott,0,0,"",""
ball,3,38.5,Australia,UT Khawaja,SPD Smith,KJ Abbott,0,0,"",""
ball,3,38.6,Australia,UT Khawaja,SPD Smith,KJ Abbott,0,0,"",""
ball,3,39.1,Australia,SPD Smith,UT Khawaja,VD Philander,0,0,"",""
ball,3,39.2,Australia,SPD Smith,UT Khawaja,VD Philander,0,0,"",""
ball,3,39.3,Australia,SPD Smith,UT Khawaja,VD Philander,0,0,"",""
ball,3,39.4,Australia,SPD Smith,UT Khawaja,VD Philander,0,0,"",""
ball,3,39.5,Australia,SPD Smith,UT Khawaja,VD Philander,0,0,"",""
ball,3,39.6,Australia,SPD Smith,UT Khawaja,VD Philander,0,0,"",""
ball,3,40.1,Australia,UT Khawaja,SPD Smith,KJ Abbott,2,0,"",""
ball,3,40.2,Australia,UT Khawaja,SPD Smith,KJ Abbott,4,0,"",""
ball,3,40.3,Australia,UT Khawaja,SPD Smith,KJ Abbott,0,0,"",""
ball,3,40.4,Australia,UT Khawaja,SPD Smith,KJ Abbott,0,0,"",""
ball,3,40.5,Australia,UT Khawaja,SPD Smith,KJ Abbott,0,0,"",""
ball,3,40.6,Australia,UT Khawaja,SPD Smith,KJ Abbott,0,0,caught,UT Khawaja
ball,3,41.1,Australia,SPD Smith,AC Voges,VD Philander,0,0,"",""
ball,3,41.2,Australia,SPD Smith,AC Voges,VD Philander,0,0,"",""
ball,3,41.3,Australia,SPD Smith,AC Voges,VD Philander,0,0,"",""
ball,3,41.4,Australia,SPD Smith,AC Voges,VD Philander,0,0,"",""
ball,3,41.5,Australia,SPD Smith,AC Voges,VD Philander,0,0,"",""
ball,3,41.6,Australia,SPD Smith,AC Voges,VD Philander,0,0,"",""
ball,3,42.1,Australia,AC Voges,SPD Smith,KJ Abbott,0,0,"",""
ball,3,42.2,Australia,AC Voges,SPD Smith,KJ Abbott,0,0,"",""
ball,3,42.3,Australia,AC Voges,SPD Smith,KJ Abbott,0,0,"",""
ball,3,42.4,Australia,AC Voges,SPD Smith,KJ Abbott,0,0,"",""
ball,3,42.5,Australia,AC Voges,SPD Smith,KJ Abbott,1,0,"",""
ball,3,42.6,Australia,SPD Smith,AC Voges,KJ Abbott,0,0,"",""
ball,3,43.1,Australia,AC Voges,SPD Smith,VD Philander,0,0,"",""
ball,3,43.2,Australia,AC Voges,SPD Smith,VD Philander,0,0,"",""
ball,3,43.3,Australia,AC Voges,SPD Smith,VD Philander,0,0,"",""
ball,3,43.4,Australia,AC Voges,SPD Smith,VD Philander,0,0,"",""
ball,3,43.5,Australia,AC Voges,SPD Smith,VD Philander,0,0,"",""
ball,3,43.6,Australia,AC Voges,SPD Smith,VD Philander,0,0,"",""
ball,3,44.1,Australia,SPD Smith,AC Voges,KJ Abbott,0,0,"",""
ball,3,44.2,Australia,SPD Smith,AC Voges,KJ Abbott,0,0,"",""
ball,3,44.3,Australia,SPD Smith,AC Voges,KJ Abbott,0,0,"",""
ball,3,44.4,Australia,SPD Smith,AC Voges,KJ Abbott,0,0,"",""
ball,3,44.5,Australia,SPD Smith,AC Voges,KJ Abbott,0,0,"",""
ball,3,44.6,Australia,SPD Smith,AC Voges,KJ Abbott,4,0,"",""
ball,3,45.1,Australia,AC Voges,SPD Smith,K Rabada,0,0,"",""
ball,3,45.2,Australia,AC Voges,SPD Smith,K Rabada,0,0,"",""
ball,3,45.3,Australia,AC Voges,SPD Smith,K Rabada,0,0,"",""
ball,3,45.4,Australia,AC Voges,SPD Smith,K Rabada,0,0,"",""
ball,3,45.5,Australia,AC Voges,SPD Smith,K Rabada,1,0,"",""
ball,3,45.6,Australia,SPD Smith,AC Voges,K Rabada,0,0,"",""
ball,3,46.1,Australia,AC Voges,SPD Smith,KJ Abbott,0,0,caught,AC Voges
ball,3,46.2,Australia,CJ Ferguson,SPD Smith,KJ Abbott,0,0,"",""
ball,3,46.3,Australia,CJ Ferguson,SPD Smith,KJ Abbott,0,0,"",""
ball,3,46.4,Australia,CJ Ferguson,SPD Smith,KJ Abbott,0,0,"",""
ball,3,46.5,Australia,CJ Ferguson,SPD Smith,KJ Abbott,1,0,"",""
ball,3,46.6,Australia,SPD Smith,CJ Ferguson,KJ Abbott,0,0,"",""
ball,3,47.1,Australia,CJ Ferguson,SPD Smith,K Rabada,0,0,"",""
ball,3,47.2,Australia,CJ Ferguson,SPD Smith,K Rabada,0,0,"",""
ball,3,47.3,Australia,CJ Ferguson,SPD Smith,K Rabada,0,0,"",""
ball,3,47.4,Australia,CJ Ferguson,SPD Smith,K Rabada,0,0,"",""
ball,3,47.5,Australia,CJ Ferguson,SPD Smith,K Rabada,0,0,"",""
ball,3,47.6,Australia,CJ Ferguson,SPD Smith,K Rabada,0,0,"",""
ball,3,48.1,Australia,SPD Smith,CJ Ferguson,KJ Abbott,4,0,"",""
ball,3,48.2,Australia,SPD Smith,CJ Ferguson,KJ Abbott,0,0,"",""
ball,3,48.3,Australia,SPD Smith,CJ Ferguson,KJ Abbott,0,0,"",""
ball,3,48.4,Australia,SPD Smith,CJ Ferguson,KJ Abbott,0,0,"",""
ball,3,48.5,Australia,SPD Smith,CJ Ferguson,KJ Abbott,0,0,"",""
ball,3,48.6,Australia,SPD Smith,CJ Ferguson,KJ Abbott,0,0,"",""
ball,3,49.1,Australia,CJ Ferguson,SPD Smith,K Rabada,0,0,caught,CJ Ferguson
ball,3,49.2,Australia,PM Nevill,SPD Smith,K Rabada,0,0,"",""
ball,3,49.3,Australia,PM Nevill,SPD Smith,K Rabada,0,0,"",""
ball,3,49.4,Australia,PM Nevill,SPD Smith,K Rabada,1,0,"",""
ball,3,49.5,Australia,SPD Smith,PM Nevill,K Rabada,1,0,"",""
ball,3,49.6,Australia,PM Nevill,SPD Smith,K Rabada,2,0,"",""
ball,3,50.1,Australia,SPD Smith,PM Nevill,VD Philander,0,0,"",""
ball,3,50.2,Australia,SPD Smith,PM Nevill,VD Philander,0,0,"",""
ball,3,50.3,Australia,SPD Smith,PM Nevill,VD Philander,0,0,"",""
ball,3,50.4,Australia,SPD Smith,PM Nevill,VD Philander,0,0,"",""
ball,3,50.5,Australia,SPD Smith,PM Nevill,VD Philander,0,0,"",""
ball,3,50.6,Australia,SPD Smith,PM Nevill,VD Philander,0,0,"",""
ball,3,51.1,Australia,PM Nevill,SPD Smith,K Rabada,0,0,"",""
ball,3,51.2,Australia,PM Nevill,SPD Smith,K Rabada,0,0,"",""
ball,3,51.3,Australia,PM Nevill,SPD Smith,K Rabada,1,0,"",""
ball,3,51.4,Australia,SPD Smith,PM Nevill,K Rabada,0,0,"",""
ball,3,51.5,Australia,SPD Smith,PM Nevill,K Rabada,0,0,"",""
ball,3,51.6,Australia,SPD Smith,PM Nevill,K Rabada,0,0,"",""
ball,3,52.1,Australia,PM Nevill,SPD Smith,VD Philander,2,0,"",""
ball,3,52.2,Australia,PM Nevill,SPD Smith,VD Philander,0,0,"",""
ball,3,52.3,Australia,PM Nevill,SPD Smith,VD Philander,0,0,"",""
ball,3,52.4,Australia,PM Nevill,SPD Smith,VD Philander,0,0,"",""
ball,3,52.5,Australia,PM Nevill,SPD Smith,VD Philander,0,0,"",""
ball,3,52.6,Australia,PM Nevill,SPD Smith,VD Philander,0,0,"",""
ball,3,53.1,Australia,SPD Smith,PM Nevill,K Rabada,3,0,"",""
ball,3,53.2,Australia,PM Nevill,SPD Smith,K Rabada,0,0,"",""
ball,3,53.3,Australia,PM Nevill,SPD Smith,K Rabada,0,0,"",""
ball,3,53.4,Australia,PM Nevill,SPD Smith,K Rabada,0,0,caught,PM Nevill
ball,3,53.5,Australia,JM Mennie,SPD Smith,K Rabada,0,0,"",""
ball,3,53.6,Australia,JM Mennie,SPD Smith,K Rabada,0,0,lbw,JM Mennie
ball,3,54.1,Australia,SPD Smith,MA Starc,VD Philander,0,0,"",""
ball,3,54.2,Australia,SPD Smith,MA Starc,VD Philander,1,0,"",""
ball,3,54.3,Australia,MA Starc,SPD Smith,VD Philander,0,0,"",""
ball,3,54.4,Australia,MA Starc,SPD Smith,VD Philander,0,0,"",""
ball,3,54.5,Australia,MA Starc,SPD Smith,VD Philander,0,0,"",""
ball,3,54.6,Australia,MA Starc,SPD Smith,VD Philander,0,0,"",""
ball,3,55.1,Australia,SPD Smith,MA Starc,K Rabada,0,0,"",""
ball,3,55.2,Australia,SPD Smith,MA Starc,K Rabada,0,0,"",""
ball,3,55.3,Australia,SPD Smith,MA Starc,K Rabada,0,0,"",""
ball,3,55.4,Australia,SPD Smith,MA Starc,K Rabada,0,0,caught,SPD Smith
ball,3,55.5,Australia,JR Hazlewood,MA Starc,K Rabada,0,0,"",""
ball,3,55.6,Australia,JR Hazlewood,MA Starc,K Rabada,0,0,"",""
ball,3,56.1,Australia,MA Starc,JR Hazlewood,KJ Abbott,0,0,"",""
ball,3,56.2,Australia,MA Starc,JR Hazlewood,KJ Abbott,0,0,"",""
ball,3,56.3,Australia,MA Starc,JR Hazlewood,KJ Abbott,0,0,"",""
ball,3,56.4,Australia,MA Starc,JR Hazlewood,KJ Abbott,0,0,"",""
ball,3,56.5,Australia,MA Starc,JR Hazlewood,KJ Abbott,0,0,"",""
ball,3,56.6,Australia,MA Starc,JR Hazlewood,KJ Abbott,0,0,"",""
ball,3,57.1,Australia,JR Hazlewood,MA Starc,K Rabada,0,0,"",""
ball,3,57.2,Australia,JR Hazlewood,MA Starc,K Rabada,0,0,"",""
ball,3,57.3,Australia,JR Hazlewood,MA Starc,K Rabada,0,0,"",""
ball,3,57.4,Australia,JR Hazlewood,MA Starc,K Rabada,0,0,"",""
ball,3,57.5,Australia,JR Hazlewood,MA Starc,K Rabada,0,0,"",""
ball,3,57.6,Australia,JR Hazlewood,MA Starc,K Rabada,0,0,"",""
ball,3,58.1,Australia,MA Starc,JR Hazlewood,KJ Abbott,0,0,"",""
ball,3,58.2,Australia,MA Starc,JR Hazlewood,KJ Abbott,0,0,"",""
ball,3,58.3,Australia,MA Starc,JR Hazlewood,KJ Abbott,0,0,caught,MA Starc
ball,3,58.4,Australia,NM Lyon,JR Hazlewood,KJ Abbott,0,0,"",""
ball,3,58.5,Australia,NM Lyon,JR Hazlewood,KJ Abbott,0,0,"",""
ball,3,58.6,Australia,NM Lyon,JR Hazlewood,KJ Abbott,4,0,"",""
ball,3,59.1,Australia,JR Hazlewood,NM Lyon,K Rabada,0,0,"",""
ball,3,59.2,Australia,JR Hazlewood,NM Lyon,K Rabada,4,0,"",""
ball,3,59.3,Australia,JR Hazlewood,NM Lyon,K Rabada,2,0,"",""
ball,3,59.4,Australia,JR Hazlewood,NM Lyon,K Rabada,0,0,"",""
ball,3,59.5,Australia,JR Hazlewood,NM Lyon,K Rabada,0,0,"",""
ball,3,59.6,Australia,JR Hazlewood,NM Lyon,K Rabada,0,0,"",""
ball,3,60.1,Australia,NM Lyon,JR Hazlewood,KJ Abbott,0,0,caught,NM Lyon
