version,1.3.0
info,team,Papua New Guinea
info,team,Namibia
info,gender,male
info,season,2016/17
info,date,2016/10/23
info,competition,"ICC World Cricket League Championship, 2015-2016/17"
info,match_number,30
info,venue,Amini Park
info,city,Port Moresby
info,toss_winner,Namibia
info,toss_decision,bat
info,umpire,CM Brown
info,umpire,A Kapa
info,reserve_umpire,L Oala
info,match_referee,SR Bernard
info,winner,Papua New Guinea
info,winner_wickets,6
ball,1,0.1,Namibia,SJ Baard,ZE Green,CA Soper,2,0,run out,ZE Green
ball,1,0.2,Namibia,SJ Baard,JP Kotze,CA Soper,4,0,"",""
ball,1,0.3,Namibia,SJ Baard,JP Kotze,CA Soper,4,0,"",""
ball,1,0.4,Namibia,SJ Baard,JP Kotze,CA Soper,0,0,"",""
ball,1,0.5,Namibia,SJ Baard,JP Kotze,CA Soper,0,0,"",""
ball,1,0.6,Namibia,SJ Baard,JP Kotze,CA Soper,2,0,"",""
ball,1,1.1,Namibia,JP Kotze,SJ Baard,N Vanua,1,0,"",""
ball,1,1.2,Namibia,SJ Baard,JP Kotze,N Vanua,0,0,"",""
ball,1,1.3,Namibia,SJ Baard,JP Kotze,N Vanua,3,0,"",""
ball,1,1.4,Namibia,JP Kotze,SJ Baard,N Vanua,1,0,"",""
ball,1,1.5,Namibia,SJ Baard,JP Kotze,N Vanua,4,0,"",""
ball,1,1.6,Namibia,SJ Baard,JP Kotze,N Vanua,0,0,"",""
ball,1,2.1,Namibia,JP Kotze,SJ Baard,CA Soper,4,0,"",""
ball,1,2.2,Namibia,JP Kotze,SJ Baard,CA Soper,2,0,"",""
ball,1,2.3,Namibia,JP Kotze,SJ Baard,CA Soper,0,0,"",""
ball,1,2.4,Namibia,JP Kotze,SJ Baard,CA Soper,0,0,"",""
ball,1,2.5,Namibia,JP Kotze,SJ Baard,CA Soper,0,0,"",""
ball,1,2.6,Namibia,JP Kotze,SJ Baard,CA Soper,0,0,"",""
ball,1,3.1,Namibia,SJ Baard,JP Kotze,N Vanua,0,0,"",""
ball,1,3.2,Namibia,SJ Baard,JP Kotze,N Vanua,0,0,"",""
ball,1,3.3,Namibia,SJ Baard,JP Kotze,N Vanua,1,0,"",""
ball,1,3.4,Namibia,JP Kotze,SJ Baard,N Vanua,4,0,"",""
ball,1,3.5,Namibia,JP Kotze,SJ Baard,N Vanua,1,0,"",""
ball,1,3.6,Namibia,SJ Baard,JP Kotze,N Vanua,0,0,"",""
ball,1,4.1,Namibia,JP Kotze,SJ Baard,CA Soper,0,0,"",""
ball,1,4.2,Namibia,JP Kotze,SJ Baard,CA Soper,0,0,"",""
ball,1,4.3,Namibia,JP Kotze,SJ Baard,CA Soper,4,0,"",""
ball,1,4.4,Namibia,JP Kotze,SJ Baard,CA Soper,1,0,"",""
ball,1,4.5,Namibia,SJ Baard,JP Kotze,CA Soper,4,0,"",""
ball,1,4.6,Namibia,SJ Baard,JP Kotze,CA Soper,0,0,"",""
ball,1,5.1,Namibia,JP Kotze,SJ Baard,A Vala,0,0,bowled,JP Kotze
ball,1,5.2,Namibia,G Snyman,SJ Baard,A Vala,0,0,"",""
ball,1,5.3,Namibia,G Snyman,SJ Baard,A Vala,0,0,"",""
ball,1,5.4,Namibia,G Snyman,SJ Baard,A Vala,0,0,"",""
ball,1,5.5,Namibia,G Snyman,SJ Baard,A Vala,0,0,"",""
ball,1,5.6,Namibia,G Snyman,SJ Baard,A Vala,1,0,"",""
ball,1,6.1,Namibia,G Snyman,SJ Baard,CA Soper,1,0,"",""
ball,1,6.2,Namibia,SJ Baard,G Snyman,CA Soper,0,0,"",""
ball,1,6.3,Namibia,SJ Baard,G Snyman,CA Soper,0,0,"",""
ball,1,6.4,Namibia,SJ Baard,G Snyman,CA Soper,0,0,"",""
ball,1,6.5,Namibia,SJ Baard,G Snyman,CA Soper,0,0,"",""
ball,1,6.6,Namibia,SJ Baard,G Snyman,CA Soper,1,0,"",""
ball,1,7.1,Namibia,SJ Baard,G Snyman,A Vala,4,0,"",""
ball,1,7.2,Namibia,SJ Baard,G Snyman,A Vala,1,0,"",""
ball,1,7.3,Namibia,G Snyman,SJ Baard,A Vala,0,0,"",""
ball,1,7.4,Namibia,G Snyman,SJ Baard,A Vala,1,0,"",""
ball,1,7.5,Namibia,SJ Baard,G Snyman,A Vala,4,0,"",""
ball,1,7.6,Namibia,SJ Baard,G Snyman,A Vala,0,0,"",""
ball,1,8.1,Namibia,G Snyman,SJ Baard,CA Soper,1,0,"",""
ball,1,8.2,Namibia,SJ Baard,G Snyman,CA Soper,0,0,"",""
ball,1,8.3,Namibia,SJ Baard,G Snyman,CA Soper,1,0,"",""
ball,1,8.4,Namibia,G Snyman,SJ Baard,CA Soper,0,0,"",""
ball,1,8.5,Namibia,G Snyman,SJ Baard,CA Soper,0,0,"",""
ball,1,8.6,Namibia,G Snyman,SJ Baard,CA Soper,1,0,"",""
ball,1,9.1,Namibia,G Snyman,SJ Baard,A Vala,3,0,"",""
ball,1,9.2,Namibia,SJ Baard,G Snyman,A Vala,1,0,"",""
ball,1,9.3,Namibia,G Snyman,SJ Baard,A Vala,0,0,"",""
ball,1,9.4,Namibia,G Snyman,SJ Baard,A Vala,0,0,"",""
ball,1,9.5,Namibia,G Snyman,SJ Baard,A Vala,2,0,"",""
ball,1,9.6,Namibia,G Snyman,SJ Baard,A Vala,1,0,"",""
ball,1,10.1,Namibia,G Snyman,SJ Baard,WT Gavera,1,0,"",""
ball,1,10.2,Namibia,SJ Baard,G Snyman,WT Gavera,1,0,"",""
ball,1,10.3,Namibia,G Snyman,SJ Baard,WT Gavera,0,0,"",""
ball,1,10.4,Namibia,G Snyman,SJ Baard,WT Gavera,1,0,"",""
ball,1,10.5,Namibia,SJ Baard,G Snyman,WT Gavera,0,0,"",""
ball,1,10.6,Namibia,SJ Baard,G Snyman,WT Gavera,0,0,"",""
ball,1,11.1,Namibia,G Snyman,SJ Baard,A Vala,1,0,"",""
ball,1,11.2,Namibia,SJ Baard,G Snyman,A Vala,2,0,"",""
ball,1,11.3,Namibia,SJ Baard,G Snyman,A Vala,0,0,"",""
ball,1,11.4,Namibia,SJ Baard,G Snyman,A Vala,0,0,"",""
ball,1,11.5,Namibia,SJ Baard,G Snyman,A Vala,1,0,"",""
ball,1,11.6,Namibia,G Snyman,SJ Baard,A Vala,0,0,"",""
ball,1,12.1,Namibia,SJ Baard,G Snyman,MD Dai,0,0,"",""
ball,1,12.2,Namibia,SJ Baard,G Snyman,MD Dai,0,0,"",""
ball,1,12.3,Namibia,SJ Baard,G Snyman,MD Dai,0,0,"",""
ball,1,12.4,Namibia,SJ Baard,G Snyman,MD Dai,1,0,"",""
ball,1,12.5,Namibia,G Snyman,SJ Baard,MD Dai,0,0,"",""
ball,1,12.6,Namibia,G Snyman,SJ Baard,MD Dai,1,0,"",""
ball,1,13.1,Namibia,G Snyman,SJ Baard,WT Gavera,1,0,"",""
ball,1,13.2,Namibia,SJ Baard,G Snyman,WT Gavera,1,0,"",""
ball,1,13.3,Namibia,G Snyman,SJ Baard,WT Gavera,0,0,caught,G Snyman
ball,1,13.4,Namibia,CG Williams,SJ Baard,WT Gavera,0,0,"",""
ball,1,13.5,Namibia,CG Williams,SJ Baard,WT Gavera,0,0,"",""
ball,1,13.6,Namibia,CG Williams,SJ Baard,WT Gavera,0,0,"",""
ball,1,14.1,Namibia,SJ Baard,CG Williams,MD Dai,0,0,"",""
ball,1,14.2,Namibia,SJ Baard,CG Williams,MD Dai,1,0,"",""
ball,1,14.3,Namibia,CG Williams,SJ Baard,MD Dai,0,0,"",""
ball,1,14.4,Namibia,CG Williams,SJ Baard,MD Dai,0,0,"",""
ball,1,14.5,Namibia,CG Williams,SJ Baard,MD Dai,1,0,"",""
ball,1,14.6,Namibia,SJ Baard,CG Williams,MD Dai,1,0,"",""
ball,1,15.1,Namibia,SJ Baard,CG Williams,WT Gavera,0,0,"",""
ball,1,15.2,Namibia,SJ Baard,CG Williams,WT Gavera,0,0,"",""
ball,1,15.3,Namibia,SJ Baard,CG Williams,WT Gavera,0,0,"",""
ball,1,15.4,Namibia,SJ Baard,CG Williams,WT Gavera,1,0,"",""
ball,1,15.5,Namibia,CG Williams,SJ Baard,WT Gavera,0,0,caught,CG Williams
ball,1,15.6,Namibia,SF Burger,SJ Baard,WT Gavera,0,0,"",""
ball,1,16.1,Namibia,SJ Baard,SF Burger,MD Dai,0,1,"",""
ball,1,16.2,Namibia,SJ Baard,SF Burger,MD Dai,1,0,"",""
ball,1,16.3,Namibia,SF Burger,SJ Baard,MD Dai,0,0,"",""
ball,1,16.4,Namibia,SF Burger,SJ Baard,MD Dai,0,0,"",""
ball,1,16.5,Namibia,SF Burger,SJ Baard,MD Dai,0,0,"",""
ball,1,16.6,Namibia,SF Burger,SJ Baard,MD Dai,1,0,"",""
ball,1,16.7,Namibia,SJ Baard,SF Burger,MD Dai,0,0,"",""
ball,1,17.1,Namibia,SF Burger,SJ Baard,WT Gavera,0,0,"",""
ball,1,17.2,Namibia,SF Burger,SJ Baard,WT Gavera,0,0,"",""
ball,1,17.3,Namibia,SF Burger,SJ Baard,WT Gavera,0,0,"",""
ball,1,17.4,Namibia,SF Burger,SJ Baard,WT Gavera,0,0,"",""
ball,1,17.5,Namibia,SF Burger,SJ Baard,WT Gavera,0,0,"",""
ball,1,17.6,Namibia,SF Burger,SJ Baard,WT Gavera,4,0,"",""
ball,1,18.1,Namibia,SJ Baard,SF Burger,MD Dai,1,0,"",""
ball,1,18.2,Namibia,SF Burger,SJ Baard,MD Dai,0,0,"",""
ball,1,18.3,Namibia,SF Burger,SJ Baard,MD Dai,0,0,"",""
ball,1,18.4,Namibia,SF Burger,SJ Baard,MD Dai,1,0,"",""
ball,1,18.5,Namibia,SJ Baard,SF Burger,MD Dai,0,0,"",""
ball,1,18.6,Namibia,SJ Baard,SF Burger,MD Dai,4,0,"",""
ball,1,19.1,Namibia,SF Burger,SJ Baard,WT Gavera,0,0,"",""
ball,1,19.2,Namibia,SF Burger,SJ Baard,WT Gavera,4,0,"",""
ball,1,19.3,Namibia,SF Burger,SJ Baard,WT Gavera,0,0,"",""
ball,1,19.4,Namibia,SF Burger,SJ Baard,WT Gavera,0,1,"",""
ball,1,19.5,Namibia,SF Burger,SJ Baard,WT Gavera,0,0,"",""
ball,1,19.6,Namibia,SF Burger,SJ Baard,WT Gavera,1,0,"",""
ball,1,19.7,Namibia,SJ Baard,SF Burger,WT Gavera,1,0,"",""
ball,1,20.1,Namibia,SJ Baard,SF Burger,MD Dai,2,0,"",""
ball,1,20.2,Namibia,SJ Baard,SF Burger,MD Dai,0,0,"",""
ball,1,20.3,Namibia,SJ Baard,SF Burger,MD Dai,0,1,"",""
ball,1,20.4,Namibia,SJ Baard,SF Burger,MD Dai,0,0,bowled,SJ Baard
ball,1,20.5,Namibia,NRP Scholtz,SF Burger,MD Dai,0,0,"",""
ball,1,20.6,Namibia,NRP Scholtz,SF Burger,MD Dai,0,0,"",""
ball,1,20.7,Namibia,NRP Scholtz,SF Burger,MD Dai,0,0,"",""
ball,1,21.1,Namibia,SF Burger,NRP Scholtz,WT Gavera,1,0,"",""
ball,1,21.2,Namibia,NRP Scholtz,SF Burger,WT Gavera,0,1,"",""
ball,1,21.3,Namibia,NRP Scholtz,SF Burger,WT Gavera,0,1,"",""
ball,1,21.4,Namibia,NRP Scholtz,SF Burger,WT Gavera,1,0,"",""
ball,1,21.5,Namibia,SF Burger,NRP Scholtz,WT Gavera,0,0,"",""
ball,1,21.6,Namibia,SF Burger,NRP Scholtz,WT Gavera,1,0,"",""
ball,1,21.7,Namibia,NRP Scholtz,SF Burger,WT Gavera,0,0,"",""
ball,1,21.8,Namibia,NRP Scholtz,SF Burger,WT Gavera,1,0,"",""
ball,1,22.1,Namibia,NRP Scholtz,SF Burger,MD Dai,0,0,"",""
ball,1,22.2,Namibia,NRP Scholtz,SF Burger,MD Dai,1,0,"",""
ball,1,22.3,Namibia,SF Burger,NRP Scholtz,MD Dai,0,0,"",""
ball,1,22.4,Namibia,SF Burger,NRP Scholtz,MD Dai,0,0,"",""
ball,1,22.5,Namibia,SF Burger,NRP Scholtz,MD Dai,0,0,"",""
ball,1,22.6,Namibia,SF Burger,NRP Scholtz,MD Dai,0,0,"",""
ball,1,23.1,Namibia,NRP Scholtz,SF Burger,N Vanua,0,0,"",""
ball,1,23.2,Namibia,NRP Scholtz,SF Burger,N Vanua,0,0,"",""
ball,1,23.3,Namibia,NRP Scholtz,SF Burger,N Vanua,0,0,"",""
ball,1,23.4,Namibia,NRP Scholtz,SF Burger,N Vanua,0,1,"",""
ball,1,23.5,Namibia,NRP Scholtz,SF Burger,N Vanua,0,0,"",""
ball,1,23.6,Namibia,NRP Scholtz,SF Burger,N Vanua,4,0,"",""
ball,1,23.7,Namibia,NRP Scholtz,SF Burger,N Vanua,0,0,"",""
ball,1,24.1,Namibia,SF Burger,NRP Scholtz,MD Dai,1,0,"",""
ball,1,24.2,Namibia,NRP Scholtz,SF Burger,MD Dai,0,0,"",""
ball,1,24.3,Namibia,NRP Scholtz,SF Burger,MD Dai,0,0,"",""
ball,1,24.4,Namibia,NRP Scholtz,SF Burger,MD Dai,0,0,"",""
ball,1,24.5,Namibia,NRP Scholtz,SF Burger,MD Dai,1,0,"",""
ball,1,24.6,Namibia,SF Burger,NRP Scholtz,MD Dai,1,0,"",""
ball,1,25.1,Namibia,SF Burger,NRP Scholtz,N Vanua,0,0,"",""
ball,1,25.2,Namibia,SF Burger,NRP Scholtz,N Vanua,0,0,"",""
ball,1,25.3,Namibia,SF Burger,NRP Scholtz,N Vanua,0,0,"",""
ball,1,25.4,Namibia,SF Burger,NRP Scholtz,N Vanua,0,0,"",""
ball,1,25.5,Namibia,SF Burger,NRP Scholtz,N Vanua,1,0,"",""
ball,1,25.6,Namibia,NRP Scholtz,SF Burger,N Vanua,0,0,"",""
ball,1,26.1,Namibia,SF Burger,NRP Scholtz,MD Dai,0,0,"",""
ball,1,26.2,Namibia,SF Burger,NRP Scholtz,MD Dai,0,0,"",""
ball,1,26.3,Namibia,SF Burger,NRP Scholtz,MD Dai,0,0,"",""
ball,1,26.4,Namibia,SF Burger,NRP Scholtz,MD Dai,1,0,"",""
ball,1,26.5,Namibia,NRP Scholtz,SF Burger,MD Dai,1,0,"",""
ball,1,26.6,Namibia,SF Burger,NRP Scholtz,MD Dai,0,0,"",""
ball,1,27.1,Namibia,NRP Scholtz,SF Burger,N Vanua,0,0,"",""
ball,1,27.2,Namibia,NRP Scholtz,SF Burger,N Vanua,0,0,"",""
ball,1,27.3,Namibia,NRP Scholtz,SF Burger,N Vanua,0,0,"",""
ball,1,27.4,Namibia,NRP Scholtz,SF Burger,N Vanua,0,0,"",""
ball,1,27.5,Namibia,NRP Scholtz,SF Burger,N Vanua,0,1,"",""
ball,1,27.6,Namibia,NRP Scholtz,SF Burger,N Vanua,1,0,"",""
ball,1,27.7,Namibia,SF Burger,NRP Scholtz,N Vanua,0,0,"",""
ball,1,28.1,Namibia,NRP Scholtz,SF Burger,MD Dai,1,0,"",""
ball,1,28.2,Namibia,SF Burger,NRP Scholtz,MD Dai,2,0,"",""
ball,1,28.3,Namibia,SF Burger,NRP Scholtz,MD Dai,0,0,"",""
ball,1,28.4,Namibia,SF Burger,NRP Scholtz,MD Dai,0,0,"",""
ball,1,28.5,Namibia,SF Burger,NRP Scholtz,MD Dai,0,0,"",""
ball,1,28.6,Namibia,SF Burger,NRP Scholtz,MD Dai,0,0,"",""
ball,1,29.1,Namibia,NRP Scholtz,SF Burger,N Vanua,0,0,"",""
ball,1,29.2,Namibia,NRP Scholtz,SF Burger,N Vanua,1,0,"",""
ball,1,29.3,Namibia,SF Burger,NRP Scholtz,N Vanua,0,0,caught,SF Burger
ball,1,29.4,Namibia,NRP Scholtz,JN Frylinck,N Vanua,0,0,"",""
ball,1,29.5,Namibia,NRP Scholtz,JN Frylinck,N Vanua,0,0,"",""
ball,1,29.6,Namibia,NRP Scholtz,JN Frylinck,N Vanua,0,0,"",""
ball,1,30.1,Namibia,JN Frylinck,NRP Scholtz,MD Dai,0,0,"",""
ball,1,30.2,Namibia,JN Frylinck,NRP Scholtz,MD Dai,0,0,"",""
ball,1,30.3,Namibia,JN Frylinck,NRP Scholtz,MD Dai,0,0,"",""
ball,1,30.4,Namibia,JN Frylinck,NRP Scholtz,MD Dai,0,0,"",""
ball,1,30.5,Namibia,JN Frylinck,NRP Scholtz,MD Dai,0,0,"",""
ball,1,30.6,Namibia,JN Frylinck,NRP Scholtz,MD Dai,0,0,"",""
ball,1,31.1,Namibia,NRP Scholtz,JN Frylinck,N Vanua,0,0,"",""
ball,1,31.2,Namibia,NRP Scholtz,JN Frylinck,N Vanua,0,1,"",""
ball,1,31.3,Namibia,JN Frylinck,NRP Scholtz,N Vanua,0,0,lbw,JN Frylinck
ball,1,31.4,Namibia,JJ Smit,NRP Scholtz,N Vanua,0,0,"",""
ball,1,31.5,Namibia,JJ Smit,NRP Scholtz,N Vanua,0,0,"",""
ball,1,31.6,Namibia,JJ Smit,NRP Scholtz,N Vanua,0,1,"",""
ball,1,31.7,Namibia,JJ Smit,NRP Scholtz,N Vanua,0,0,"",""
ball,1,32.1,Namibia,NRP Scholtz,JJ Smit,JB Reva,0,0,"",""
ball,1,32.2,Namibia,NRP Scholtz,JJ Smit,JB Reva,1,0,"",""
ball,1,32.3,Namibia,JJ Smit,NRP Scholtz,JB Reva,1,0,"",""
ball,1,32.4,Namibia,NRP Scholtz,JJ Smit,JB Reva,0,0,"",""
ball,1,32.5,Namibia,NRP Scholtz,JJ Smit,JB Reva,0,0,"",""
ball,1,32.6,Namibia,NRP Scholtz,JJ Smit,JB Reva,2,0,"",""
ball,1,33.1,Namibia,JJ Smit,NRP Scholtz,N Vanua,0,0,caught,JJ Smit
ball,1,33.2,Namibia,BM Scholtz,NRP Scholtz,N Vanua,0,0,"",""
ball,1,33.3,Namibia,BM Scholtz,NRP Scholtz,N Vanua,0,2,"",""
ball,1,33.4,Namibia,NRP Scholtz,BM Scholtz,N Vanua,0,0,"",""
ball,1,33.5,Namibia,NRP Scholtz,BM Scholtz,N Vanua,0,0,"",""
ball,1,33.6,Namibia,NRP Scholtz,BM Scholtz,N Vanua,0,1,"",""
ball,1,33.7,Namibia,NRP Scholtz,BM Scholtz,N Vanua,1,0,"",""
ball,1,33.8,Namibia,BM Scholtz,NRP Scholtz,N Vanua,0,0,"",""
ball,1,34.1,Namibia,NRP Scholtz,BM Scholtz,JB Reva,0,0,"",""
ball,1,34.2,Namibia,NRP Scholtz,BM Scholtz,JB Reva,1,0,"",""
ball,1,34.3,Namibia,BM Scholtz,NRP Scholtz,JB Reva,1,0,"",""
ball,1,34.4,Namibia,NRP Scholtz,BM Scholtz,JB Reva,0,0,"",""
ball,1,34.5,Namibia,NRP Scholtz,BM Scholtz,JB Reva,1,0,"",""
ball,1,34.6,Namibia,BM Scholtz,NRP Scholtz,JB Reva,0,0,"",""
ball,1,35.1,Namibia,NRP Scholtz,BM Scholtz,N Vanua,0,1,"",""
ball,1,35.2,Namibia,NRP Scholtz,BM Scholtz,N Vanua,0,1,"",""
ball,1,35.3,Namibia,NRP Scholtz,BM Scholtz,N Vanua,4,0,"",""
ball,1,35.4,Namibia,NRP Scholtz,BM Scholtz,N Vanua,1,0,"",""
ball,1,35.5,Namibia,BM Scholtz,NRP Scholtz,N Vanua,1,0,"",""
ball,1,35.6,Namibia,NRP Scholtz,BM Scholtz,N Vanua,0,0,"",""
ball,1,35.7,Namibia,NRP Scholtz,BM Scholtz,N Vanua,0,0,"",""
ball,1,35.8,Namibia,NRP Scholtz,BM Scholtz,N Vanua,0,0,"",""
ball,1,36.1,Namibia,BM Scholtz,NRP Scholtz,L Siaka,1,0,"",""
ball,1,36.2,Namibia,NRP Scholtz,BM Scholtz,L Siaka,1,0,"",""
ball,1,36.3,Namibia,BM Scholtz,NRP Scholtz,L Siaka,0,0,"",""
ball,1,36.4,Namibia,BM Scholtz,NRP Scholtz,L Siaka,0,0,"",""
ball,1,36.5,Namibia,BM Scholtz,NRP Scholtz,L Siaka,0,0,"",""
ball,1,36.6,Namibia,BM Scholtz,NRP Scholtz,L Siaka,0,0,"",""
ball,1,37.1,Namibia,NRP Scholtz,BM Scholtz,N Vanua,1,0,"",""
ball,1,37.2,Namibia,BM Scholtz,NRP Scholtz,N Vanua,0,0,"",""
ball,1,37.3,Namibia,BM Scholtz,NRP Scholtz,N Vanua,0,0,"",""
ball,1,37.4,Namibia,BM Scholtz,NRP Scholtz,N Vanua,0,0,"",""
ball,1,37.5,Namibia,BM Scholtz,NRP Scholtz,N Vanua,0,0,"",""
ball,1,37.6,Namibia,BM Scholtz,NRP Scholtz,N Vanua,0,0,"",""
ball,1,38.1,Namibia,NRP Scholtz,BM Scholtz,L Siaka,0,0,"",""
ball,1,38.2,Namibia,NRP Scholtz,BM Scholtz,L Siaka,0,0,"",""
ball,1,38.3,Namibia,NRP Scholtz,BM Scholtz,L Siaka,0,0,"",""
ball,1,38.4,Namibia,NRP Scholtz,BM Scholtz,L Siaka,4,0,"",""
ball,1,38.5,Namibia,NRP Scholtz,BM Scholtz,L Siaka,0,0,"",""
ball,1,38.6,Namibia,NRP Scholtz,BM Scholtz,L Siaka,2,0,"",""
ball,1,39.1,Namibia,BM Scholtz,NRP Scholtz,JB Reva,0,0,"",""
ball,1,39.2,Namibia,BM Scholtz,NRP Scholtz,JB Reva,0,0,"",""
ball,1,39.3,Namibia,BM Scholtz,NRP Scholtz,JB Reva,0,0,"",""
ball,1,39.4,Namibia,BM Scholtz,NRP Scholtz,JB Reva,2,0,"",""
ball,1,39.5,Namibia,BM Scholtz,NRP Scholtz,JB Reva,0,0,"",""
ball,1,39.6,Namibia,BM Scholtz,NRP Scholtz,JB Reva,0,0,"",""
ball,1,40.1,Namibia,NRP Scholtz,BM Scholtz,CA Soper,0,0,"",""
ball,1,40.2,Namibia,NRP Scholtz,BM Scholtz,CA Soper,0,0,"",""
ball,1,40.3,Namibia,NRP Scholtz,BM Scholtz,CA Soper,1,0,"",""
ball,1,40.4,Namibia,BM Scholtz,NRP Scholtz,CA Soper,2,0,"",""
ball,1,40.5,Namibia,BM Scholtz,NRP Scholtz,CA Soper,1,0,"",""
ball,1,40.6,Namibia,NRP Scholtz,BM Scholtz,CA Soper,1,0,"",""
ball,1,41.1,Namibia,NRP Scholtz,BM Scholtz,JB Reva,0,1,"",""
ball,1,41.2,Namibia,BM Scholtz,NRP Scholtz,JB Reva,0,0,"",""
ball,1,41.3,Namibia,BM Scholtz,NRP Scholtz,JB Reva,0,0,"",""
ball,1,41.4,Namibia,BM Scholtz,NRP Scholtz,JB Reva,0,0,"",""
ball,1,41.5,Namibia,BM Scholtz,NRP Scholtz,JB Reva,1,0,"",""
ball,1,41.6,Namibia,NRP Scholtz,BM Scholtz,JB Reva,0,0,"",""
ball,1,42.1,Namibia,BM Scholtz,NRP Scholtz,CA Soper,0,1,"",""
ball,1,42.2,Namibia,BM Scholtz,NRP Scholtz,CA Soper,1,0,"",""
ball,1,42.3,Namibia,NRP Scholtz,BM Scholtz,CA Soper,6,0,"",""
ball,1,42.4,Namibia,NRP Scholtz,BM Scholtz,CA Soper,1,0,"",""
ball,1,42.5,Namibia,BM Scholtz,NRP Scholtz,CA Soper,1,0,"",""
ball,1,42.6,Namibia,NRP Scholtz,BM Scholtz,CA Soper,0,0,"",""
ball,1,42.7,Namibia,NRP Scholtz,BM Scholtz,CA Soper,1,0,"",""
ball,1,43.1,Namibia,NRP Scholtz,BM Scholtz,JB Reva,0,0,"",""
ball,1,43.2,Namibia,NRP Scholtz,BM Scholtz,JB Reva,0,0,"",""
ball,1,43.3,Namibia,NRP Scholtz,BM Scholtz,JB Reva,0,1,"",""
ball,1,43.4,Namibia,NRP Scholtz,BM Scholtz,JB Reva,1,0,"",""
ball,1,43.5,Namibia,BM Scholtz,NRP Scholtz,JB Reva,1,0,"",""
ball,1,43.6,Namibia,NRP Scholtz,BM Scholtz,JB Reva,0,1,"",""
ball,1,43.7,Namibia,NRP Scholtz,BM Scholtz,JB Reva,1,0,"",""
ball,1,43.8,Namibia,BM Scholtz,NRP Scholtz,JB Reva,0,0,"",""
ball,1,44.1,Namibia,NRP Scholtz,BM Scholtz,CA Soper,2,0,"",""
ball,1,44.2,Namibia,NRP Scholtz,BM Scholtz,CA Soper,1,0,"",""
ball,1,44.3,Namibia,BM Scholtz,NRP Scholtz,CA Soper,1,0,"",""
ball,1,44.4,Namibia,NRP Scholtz,BM Scholtz,CA Soper,0,0,"",""
ball,1,44.5,Namibia,NRP Scholtz,BM Scholtz,CA Soper,1,0,"",""
ball,1,44.6,Namibia,BM Scholtz,NRP Scholtz,CA Soper,0,0,"",""
ball,1,45.1,Namibia,NRP Scholtz,BM Scholtz,WT Gavera,1,0,"",""
ball,1,45.2,Namibia,BM Scholtz,NRP Scholtz,WT Gavera,0,0,"",""
ball,1,45.3,Namibia,BM Scholtz,NRP Scholtz,WT Gavera,1,0,"",""
ball,1,45.4,Namibia,NRP Scholtz,BM Scholtz,WT Gavera,1,0,"",""
ball,1,45.5,Namibia,BM Scholtz,NRP Scholtz,WT Gavera,2,0,"",""
ball,1,45.6,Namibia,BM Scholtz,NRP Scholtz,WT Gavera,1,0,"",""
ball,1,46.1,Namibia,BM Scholtz,NRP Scholtz,CA Soper,1,0,"",""
ball,1,46.2,Namibia,NRP Scholtz,BM Scholtz,CA Soper,2,0,"",""
ball,1,46.3,Namibia,NRP Scholtz,BM Scholtz,CA Soper,1,0,"",""
ball,1,46.4,Namibia,BM Scholtz,NRP Scholtz,CA Soper,0,0,"",""
ball,1,46.5,Namibia,BM Scholtz,NRP Scholtz,CA Soper,1,0,"",""
ball,1,46.6,Namibia,NRP Scholtz,BM Scholtz,CA Soper,1,0,"",""
ball,1,47.1,Namibia,NRP Scholtz,BM Scholtz,WT Gavera,1,0,"",""
ball,1,47.2,Namibia,BM Scholtz,NRP Scholtz,WT Gavera,1,0,"",""
ball,1,47.3,Namibia,NRP Scholtz,BM Scholtz,WT Gavera,1,0,"",""
ball,1,47.4,Namibia,BM Scholtz,NRP Scholtz,WT Gavera,0,0,"",""
ball,1,47.5,Namibia,BM Scholtz,NRP Scholtz,WT Gavera,1,0,"",""
ball,1,47.6,Namibia,NRP Scholtz,BM Scholtz,WT Gavera,4,0,"",""
ball,1,48.1,Namibia,BM Scholtz,NRP Scholtz,CA Soper,0,0,caught and bowled,BM Scholtz
ball,1,48.2,Namibia,C Peake,NRP Scholtz,CA Soper,0,0,"",""
ball,1,48.3,Namibia,C Peake,NRP Scholtz,CA Soper,1,0,"",""
ball,1,48.4,Namibia,NRP Scholtz,C Peake,CA Soper,1,0,"",""
ball,1,48.5,Namibia,C Peake,NRP Scholtz,CA Soper,0,0,"",""
ball,1,48.6,Namibia,C Peake,NRP Scholtz,CA Soper,1,0,"",""
ball,1,49.1,Namibia,C Peake,NRP Scholtz,WT Gavera,0,0,"",""
ball,1,49.2,Namibia,C Peake,NRP Scholtz,WT Gavera,0,0,"",""
ball,1,49.3,Namibia,C Peake,NRP Scholtz,WT Gavera,0,0,"",""
ball,1,49.4,Namibia,C Peake,NRP Scholtz,WT Gavera,1,0,"",""
ball,1,49.5,Namibia,NRP Scholtz,C Peake,WT Gavera,1,0,"",""
ball,1,49.6,Namibia,C Peake,NRP Scholtz,WT Gavera,0,0,caught,C Peake
ball,2,0.1,Papua New Guinea,TP Ura,VV Morea,NRP Scholtz,0,0,"",""
ball,2,0.2,Papua New Guinea,TP Ura,VV Morea,NRP Scholtz,1,0,"",""
ball,2,0.3,Papua New Guinea,VV Morea,TP Ura,NRP Scholtz,0,0,"",""
ball,2,0.4,Papua New Guinea,VV Morea,TP Ura,NRP Scholtz,1,0,"",""
ball,2,0.5,Papua New Guinea,TP Ura,VV Morea,NRP Scholtz,1,0,"",""
ball,2,0.6,Papua New Guinea,VV Morea,TP Ura,NRP Scholtz,0,0,"",""
ball,2,1.1,Papua New Guinea,TP Ura,VV Morea,G Snyman,0,0,"",""
ball,2,1.2,Papua New Guinea,TP Ura,VV Morea,G Snyman,0,0,"",""
ball,2,1.3,Papua New Guinea,TP Ura,VV Morea,G Snyman,0,0,"",""
ball,2,1.4,Papua New Guinea,TP Ura,VV Morea,G Snyman,0,0,"",""
ball,2,1.5,Papua New Guinea,TP Ura,VV Morea,G Snyman,0,0,"",""
ball,2,1.6,Papua New Guinea,TP Ura,VV Morea,G Snyman,1,0,"",""
ball,2,2.1,Papua New Guinea,TP Ura,VV Morea,NRP Scholtz,1,0,"",""
ball,2,2.2,Papua New Guinea,VV Morea,TP Ura,NRP Scholtz,0,1,"",""
ball,2,2.3,Papua New Guinea,TP Ura,VV Morea,NRP Scholtz,4,0,"",""
ball,2,2.4,Papua New Guinea,TP Ura,VV Morea,NRP Scholtz,0,0,"",""
ball,2,2.5,Papua New Guinea,TP Ura,VV Morea,NRP Scholtz,1,0,"",""
ball,2,2.6,Papua New Guinea,VV Morea,TP Ura,NRP Scholtz,0,0,"",""
ball,2,3.1,Papua New Guinea,TP Ura,VV Morea,G Snyman,1,0,"",""
ball,2,3.2,Papua New Guinea,VV Morea,TP Ura,G Snyman,0,0,"",""
ball,2,3.3,Papua New Guinea,VV Morea,TP Ura,G Snyman,1,0,"",""
ball,2,3.4,Papua New Guinea,TP Ura,VV Morea,G Snyman,0,0,"",""
ball,2,3.5,Papua New Guinea,TP Ura,VV Morea,G Snyman,4,0,"",""
ball,2,3.6,Papua New Guinea,TP Ura,VV Morea,G Snyman,0,0,"",""
ball,2,4.1,Papua New Guinea,VV Morea,TP Ura,NRP Scholtz,0,0,"",""
ball,2,4.2,Papua New Guinea,VV Morea,TP Ura,NRP Scholtz,0,0,"",""
ball,2,4.3,Papua New Guinea,VV Morea,TP Ura,NRP Scholtz,0,0,"",""
ball,2,4.4,Papua New Guinea,VV Morea,TP Ura,NRP Scholtz,0,1,"",""
ball,2,4.5,Papua New Guinea,TP Ura,VV Morea,NRP Scholtz,2,0,"",""
ball,2,4.6,Papua New Guinea,TP Ura,VV Morea,NRP Scholtz,2,0,"",""
ball,2,5.1,Papua New Guinea,VV Morea,TP Ura,G Snyman,0,0,"",""
ball,2,5.2,Papua New Guinea,VV Morea,TP Ura,G Snyman,0,0,"",""
ball,2,5.3,Papua New Guinea,VV Morea,TP Ura,G Snyman,0,0,"",""
ball,2,5.4,Papua New Guinea,VV Morea,TP Ura,G Snyman,0,0,"",""
ball,2,5.5,Papua New Guinea,VV Morea,TP Ura,G Snyman,0,0,"",""
ball,2,5.6,Papua New Guinea,VV Morea,TP Ura,G Snyman,0,0,"",""
ball,2,6.1,Papua New Guinea,TP Ura,VV Morea,NRP Scholtz,0,0,"",""
ball,2,6.2,Papua New Guinea,TP Ura,VV Morea,NRP Scholtz,1,0,"",""
ball,2,6.3,Papua New Guinea,VV Morea,TP Ura,NRP Scholtz,1,0,"",""
ball,2,6.4,Papua New Guinea,TP Ura,VV Morea,NRP Scholtz,0,0,"",""
ball,2,6.5,Papua New Guinea,TP Ura,VV Morea,NRP Scholtz,1,0,"",""
ball,2,6.6,Papua New Guinea,VV Morea,TP Ura,NRP Scholtz,0,0,"",""
ball,2,7.1,Papua New Guinea,TP Ura,VV Morea,G Snyman,0,0,"",""
ball,2,7.2,Papua New Guinea,TP Ura,VV Morea,G Snyman,4,0,"",""
ball,2,7.3,Papua New Guinea,TP Ura,VV Morea,G Snyman,0,0,"",""
ball,2,7.4,Papua New Guinea,TP Ura,VV Morea,G Snyman,0,0,"",""
ball,2,7.5,Papua New Guinea,TP Ura,VV Morea,G Snyman,0,0,"",""
ball,2,7.6,Papua New Guinea,TP Ura,VV Morea,G Snyman,0,0,"",""
ball,2,8.1,Papua New Guinea,VV Morea,TP Ura,NRP Scholtz,0,0,"",""
ball,2,8.2,Papua New Guinea,VV Morea,TP Ura,NRP Scholtz,0,0,"",""
ball,2,8.3,Papua New Guinea,VV Morea,TP Ura,NRP Scholtz,0,0,"",""
ball,2,8.4,Papua New Guinea,VV Morea,TP Ura,NRP Scholtz,0,0,"",""
ball,2,8.5,Papua New Guinea,VV Morea,TP Ura,NRP Scholtz,0,0,"",""
ball,2,8.6,Papua New Guinea,VV Morea,TP Ura,NRP Scholtz,0,0,"",""
ball,2,9.1,Papua New Guinea,TP Ura,VV Morea,G Snyman,1,0,"",""
ball,2,9.2,Papua New Guinea,VV Morea,TP Ura,G Snyman,0,0,"",""
ball,2,9.3,Papua New Guinea,VV Morea,TP Ura,G Snyman,0,0,"",""
ball,2,9.4,Papua New Guinea,VV Morea,TP Ura,G Snyman,0,0,"",""
ball,2,9.5,Papua New Guinea,VV Morea,TP Ura,G Snyman,0,0,"",""
ball,2,9.6,Papua New Guinea,VV Morea,TP Ura,G Snyman,1,0,"",""
ball,2,10.1,Papua New Guinea,VV Morea,TP Ura,NRP Scholtz,1,0,"",""
ball,2,10.2,Papua New Guinea,TP Ura,VV Morea,NRP Scholtz,0,0,"",""
ball,2,10.3,Papua New Guinea,TP Ura,VV Morea,NRP Scholtz,1,0,"",""
ball,2,10.4,Papua New Guinea,VV Morea,TP Ura,NRP Scholtz,0,0,"",""
ball,2,10.5,Papua New Guinea,VV Morea,TP Ura,NRP Scholtz,0,0,"",""
ball,2,10.6,Papua New Guinea,VV Morea,TP Ura,NRP Scholtz,1,0,"",""
ball,2,11.1,Papua New Guinea,VV Morea,TP Ura,G Snyman,1,0,"",""
ball,2,11.2,Papua New Guinea,TP Ura,VV Morea,G Snyman,1,0,"",""
ball,2,11.3,Papua New Guinea,VV Morea,TP Ura,G Snyman,0,0,"",""
ball,2,11.4,Papua New Guinea,VV Morea,TP Ura,G Snyman,0,0,"",""
ball,2,11.5,Papua New Guinea,VV Morea,TP Ura,G Snyman,0,0,run out,TP Ura
ball,2,11.6,Papua New Guinea,L Siaka,VV Morea,G Snyman,0,0,"",""
ball,2,12.1,Papua New Guinea,VV Morea,L Siaka,NRP Scholtz,0,0,"",""
ball,2,12.2,Papua New Guinea,VV Morea,L Siaka,NRP Scholtz,1,0,"",""
ball,2,12.3,Papua New Guinea,L Siaka,VV Morea,NRP Scholtz,0,0,"",""
ball,2,12.4,Papua New Guinea,L Siaka,VV Morea,NRP Scholtz,1,0,"",""
ball,2,12.5,Papua New Guinea,VV Morea,L Siaka,NRP Scholtz,1,0,"",""
ball,2,12.6,Papua New Guinea,L Siaka,VV Morea,NRP Scholtz,4,0,"",""
ball,2,13.1,Papua New Guinea,VV Morea,L Siaka,G Snyman,0,0,"",""
ball,2,13.2,Papua New Guinea,VV Morea,L Siaka,G Snyman,0,0,"",""
ball,2,13.3,Papua New Guinea,VV Morea,L Siaka,G Snyman,0,0,"",""
ball,2,13.4,Papua New Guinea,VV Morea,L Siaka,G Snyman,0,0,"",""
ball,2,13.5,Papua New Guinea,VV Morea,L Siaka,G Snyman,0,0,"",""
ball,2,13.6,Papua New Guinea,VV Morea,L Siaka,G Snyman,0,0,"",""
ball,2,14.1,Papua New Guinea,L Siaka,VV Morea,BM Scholtz,3,0,"",""
ball,2,14.2,Papua New Guinea,VV Morea,L Siaka,BM Scholtz,1,0,"",""
ball,2,14.3,Papua New Guinea,L Siaka,VV Morea,BM Scholtz,1,0,"",""
ball,2,14.4,Papua New Guinea,VV Morea,L Siaka,BM Scholtz,0,3,"",""
ball,2,14.5,Papua New Guinea,VV Morea,L Siaka,BM Scholtz,1,0,"",""
ball,2,14.6,Papua New Guinea,L Siaka,VV Morea,BM Scholtz,0,0,"",""
ball,2,14.7,Papua New Guinea,L Siaka,VV Morea,BM Scholtz,0,0,caught,L Siaka
ball,2,15.1,Papua New Guinea,VV Morea,A Vala,G Snyman,0,0,"",""
ball,2,15.2,Papua New Guinea,VV Morea,A Vala,G Snyman,0,0,"",""
ball,2,15.3,Papua New Guinea,VV Morea,A Vala,G Snyman,4,0,"",""
ball,2,15.4,Papua New Guinea,VV Morea,A Vala,G Snyman,0,0,"",""
ball,2,15.5,Papua New Guinea,VV Morea,A Vala,G Snyman,0,0,"",""
ball,2,15.6,Papua New Guinea,VV Morea,A Vala,G Snyman,1,0,"",""
ball,2,16.1,Papua New Guinea,VV Morea,A Vala,BM Scholtz,0,0,"",""
ball,2,16.2,Papua New Guinea,VV Morea,A Vala,BM Scholtz,0,0,"",""
ball,2,16.3,Papua New Guinea,VV Morea,A Vala,BM Scholtz,0,0,"",""
ball,2,16.4,Papua New Guinea,VV Morea,A Vala,BM Scholtz,0,0,"",""
ball,2,16.5,Papua New Guinea,VV Morea,A Vala,BM Scholtz,0,0,"",""
ball,2,16.6,Papua New Guinea,VV Morea,A Vala,BM Scholtz,0,0,"",""
ball,2,17.1,Papua New Guinea,A Vala,VV Morea,G Snyman,0,0,"",""
ball,2,17.2,Papua New Guinea,A Vala,VV Morea,G Snyman,0,0,"",""
ball,2,17.3,Papua New Guinea,A Vala,VV Morea,G Snyman,0,0,"",""
ball,2,17.4,Papua New Guinea,A Vala,VV Morea,G Snyman,0,0,"",""
ball,2,17.5,Papua New Guinea,A Vala,VV Morea,G Snyman,0,0,"",""
ball,2,17.6,Papua New Guinea,A Vala,VV Morea,G Snyman,0,0,"",""
ball,2,18.1,Papua New Guinea,VV Morea,A Vala,BM Scholtz,0,0,"",""
ball,2,18.2,Papua New Guinea,VV Morea,A Vala,BM Scholtz,0,0,"",""
ball,2,18.3,Papua New Guinea,VV Morea,A Vala,BM Scholtz,1,0,"",""
ball,2,18.4,Papua New Guinea,A Vala,VV Morea,BM Scholtz,1,0,"",""
ball,2,18.5,Papua New Guinea,VV Morea,A Vala,BM Scholtz,0,0,"",""
ball,2,18.6,Papua New Guinea,VV Morea,A Vala,BM Scholtz,2,0,"",""
ball,2,19.1,Papua New Guinea,A Vala,VV Morea,G Snyman,0,0,"",""
ball,2,19.2,Papua New Guinea,A Vala,VV Morea,G Snyman,0,0,"",""
ball,2,19.3,Papua New Guinea,A Vala,VV Morea,G Snyman,1,0,"",""
ball,2,19.4,Papua New Guinea,VV Morea,A Vala,G Snyman,1,0,"",""
ball,2,19.5,Papua New Guinea,A Vala,VV Morea,G Snyman,0,0,"",""
ball,2,19.6,Papua New Guinea,A Vala,VV Morea,G Snyman,0,0,"",""
ball,2,20.1,Papua New Guinea,VV Morea,A Vala,BM Scholtz,1,0,"",""
ball,2,20.2,Papua New Guinea,A Vala,VV Morea,BM Scholtz,0,0,"",""
ball,2,20.3,Papua New Guinea,A Vala,VV Morea,BM Scholtz,0,0,"",""
ball,2,20.4,Papua New Guinea,A Vala,VV Morea,BM Scholtz,1,0,"",""
ball,2,20.5,Papua New Guinea,VV Morea,A Vala,BM Scholtz,1,0,"",""
ball,2,20.6,Papua New Guinea,A Vala,VV Morea,BM Scholtz,1,0,"",""
ball,2,21.1,Papua New Guinea,A Vala,VV Morea,SF Burger,2,0,"",""
ball,2,21.2,Papua New Guinea,A Vala,VV Morea,SF Burger,1,0,"",""
ball,2,21.3,Papua New Guinea,VV Morea,A Vala,SF Burger,2,0,"",""
ball,2,21.4,Papua New Guinea,VV Morea,A Vala,SF Burger,0,0,"",""
ball,2,21.5,Papua New Guinea,VV Morea,A Vala,SF Burger,1,0,"",""
ball,2,21.6,Papua New Guinea,A Vala,VV Morea,SF Burger,1,0,"",""
ball,2,22.1,Papua New Guinea,A Vala,VV Morea,BM Scholtz,1,0,"",""
ball,2,22.2,Papua New Guinea,VV Morea,A Vala,BM Scholtz,0,0,"",""
ball,2,22.3,Papua New Guinea,VV Morea,A Vala,BM Scholtz,0,0,"",""
ball,2,22.4,Papua New Guinea,VV Morea,A Vala,BM Scholtz,1,0,"",""
ball,2,22.5,Papua New Guinea,A Vala,VV Morea,BM Scholtz,0,0,"",""
ball,2,22.6,Papua New Guinea,A Vala,VV Morea,BM Scholtz,1,0,"",""
ball,2,23.1,Papua New Guinea,A Vala,VV Morea,C Peake,0,0,"",""
ball,2,23.2,Papua New Guinea,A Vala,VV Morea,C Peake,1,0,"",""
ball,2,23.3,Papua New Guinea,VV Morea,A Vala,C Peake,0,0,"",""
ball,2,23.4,Papua New Guinea,VV Morea,A Vala,C Peake,0,0,"",""
ball,2,23.5,Papua New Guinea,VV Morea,A Vala,C Peake,0,0,"",""
ball,2,23.6,Papua New Guinea,VV Morea,A Vala,C Peake,4,0,"",""
ball,2,24.1,Papua New Guinea,A Vala,VV Morea,BM Scholtz,1,0,"",""
ball,2,24.2,Papua New Guinea,VV Morea,A Vala,BM Scholtz,0,0,"",""
ball,2,24.3,Papua New Guinea,VV Morea,A Vala,BM Scholtz,3,0,"",""
ball,2,24.4,Papua New Guinea,A Vala,VV Morea,BM Scholtz,0,0,"",""
ball,2,24.5,Papua New Guinea,A Vala,VV Morea,BM Scholtz,0,0,"",""
ball,2,24.6,Papua New Guinea,A Vala,VV Morea,BM Scholtz,0,0,"",""
ball,2,25.1,Papua New Guinea,VV Morea,A Vala,C Peake,2,0,"",""
ball,2,25.2,Papua New Guinea,VV Morea,A Vala,C Peake,0,0,"",""
ball,2,25.3,Papua New Guinea,VV Morea,A Vala,C Peake,0,0,"",""
ball,2,25.4,Papua New Guinea,VV Morea,A Vala,C Peake,1,0,"",""
ball,2,25.5,Papua New Guinea,A Vala,VV Morea,C Peake,1,0,"",""
ball,2,25.6,Papua New Guinea,VV Morea,A Vala,C Peake,4,0,"",""
ball,2,26.1,Papua New Guinea,A Vala,VV Morea,BM Scholtz,1,0,"",""
ball,2,26.2,Papua New Guinea,VV Morea,A Vala,BM Scholtz,1,0,"",""
ball,2,26.3,Papua New Guinea,A Vala,VV Morea,BM Scholtz,1,0,"",""
ball,2,26.4,Papua New Guinea,VV Morea,A Vala,BM Scholtz,0,0,"",""
ball,2,26.5,Papua New Guinea,VV Morea,A Vala,BM Scholtz,0,0,"",""
ball,2,26.6,Papua New Guinea,VV Morea,A Vala,BM Scholtz,0,0,"",""
ball,2,27.1,Papua New Guinea,A Vala,VV Morea,C Peake,0,0,"",""
ball,2,27.2,Papua New Guinea,A Vala,VV Morea,C Peake,1,0,"",""
ball,2,27.3,Papua New Guinea,VV Morea,A Vala,C Peake,1,0,"",""
ball,2,27.4,Papua New Guinea,A Vala,VV Morea,C Peake,2,0,"",""
ball,2,27.5,Papua New Guinea,A Vala,VV Morea,C Peake,1,0,"",""
ball,2,27.6,Papua New Guinea,VV Morea,A Vala,C Peake,1,0,"",""
ball,2,28.1,Papua New Guinea,VV Morea,A Vala,BM Scholtz,0,0,"",""
ball,2,28.2,Papua New Guinea,VV Morea,A Vala,BM Scholtz,0,0,"",""
ball,2,28.3,Papua New Guinea,VV Morea,A Vala,BM Scholtz,0,0,"",""
ball,2,28.4,Papua New Guinea,VV Morea,A Vala,BM Scholtz,0,0,"",""
ball,2,28.5,Papua New Guinea,VV Morea,A Vala,BM Scholtz,0,0,"",""
ball,2,28.6,Papua New Guinea,VV Morea,A Vala,BM Scholtz,0,0,"",""
ball,2,29.1,Papua New Guinea,A Vala,VV Morea,JJ Smit,0,0,"",""
ball,2,29.2,Papua New Guinea,A Vala,VV Morea,JJ Smit,1,0,"",""
ball,2,29.3,Papua New Guinea,VV Morea,A Vala,JJ Smit,1,0,"",""
ball,2,29.4,Papua New Guinea,A Vala,VV Morea,JJ Smit,1,0,"",""
ball,2,29.5,Papua New Guinea,VV Morea,A Vala,JJ Smit,0,0,"",""
ball,2,29.6,Papua New Guinea,VV Morea,A Vala,JJ Smit,1,0,"",""
ball,2,30.1,Papua New Guinea,VV Morea,A Vala,SJ Baard,4,0,"",""
ball,2,30.2,Papua New Guinea,VV Morea,A Vala,SJ Baard,1,0,"",""
ball,2,30.3,Papua New Guinea,A Vala,VV Morea,SJ Baard,2,0,"",""
ball,2,30.4,Papua New Guinea,A Vala,VV Morea,SJ Baard,1,0,"",""
ball,2,30.5,Papua New Guinea,VV Morea,A Vala,SJ Baard,1,0,"",""
ball,2,30.6,Papua New Guinea,A Vala,VV Morea,SJ Baard,0,0,"",""
ball,2,31.1,Papua New Guinea,VV Morea,A Vala,JJ Smit,0,0,"",""
ball,2,31.2,Papua New Guinea,VV Morea,A Vala,JJ Smit,0,0,"",""
ball,2,31.3,Papua New Guinea,VV Morea,A Vala,JJ Smit,0,0,"",""
ball,2,31.4,Papua New Guinea,VV Morea,A Vala,JJ Smit,1,0,"",""
ball,2,31.5,Papua New Guinea,A Vala,VV Morea,JJ Smit,1,0,"",""
ball,2,31.6,Papua New Guinea,VV Morea,A Vala,JJ Smit,0,0,"",""
ball,2,32.1,Papua New Guinea,A Vala,VV Morea,SF Burger,1,0,"",""
ball,2,32.2,Papua New Guinea,VV Morea,A Vala,SF Burger,1,0,"",""
ball,2,32.3,Papua New Guinea,A Vala,VV Morea,SF Burger,2,0,"",""
ball,2,32.4,Papua New Guinea,A Vala,VV Morea,SF Burger,0,1,"",""
ball,2,32.5,Papua New Guinea,VV Morea,A Vala,SF Burger,1,0,"",""
ball,2,32.6,Papua New Guinea,A Vala,VV Morea,SF Burger,1,0,"",""
ball,2,33.1,Papua New Guinea,A Vala,VV Morea,JJ Smit,1,0,"",""
ball,2,33.2,Papua New Guinea,VV Morea,A Vala,JJ Smit,0,0,"",""
ball,2,33.3,Papua New Guinea,VV Morea,A Vala,JJ Smit,1,0,"",""
ball,2,33.4,Papua New Guinea,A Vala,VV Morea,JJ Smit,0,0,"",""
ball,2,33.5,Papua New Guinea,A Vala,VV Morea,JJ Smit,0,0,"",""
ball,2,33.6,Papua New Guinea,A Vala,VV Morea,JJ Smit,1,0,"",""
ball,2,34.1,Papua New Guinea,A Vala,VV Morea,SF Burger,0,0,"",""
ball,2,34.2,Papua New Guinea,A Vala,VV Morea,SF Burger,0,0,"",""
ball,2,34.3,Papua New Guinea,A Vala,VV Morea,SF Burger,2,0,"",""
ball,2,34.4,Papua New Guinea,A Vala,VV Morea,SF Burger,0,0,"",""
ball,2,34.5,Papua New Guinea,A Vala,VV Morea,SF Burger,0,0,"",""
ball,2,34.6,Papua New Guinea,A Vala,VV Morea,SF Burger,1,0,"",""
ball,2,35.1,Papua New Guinea,A Vala,VV Morea,JJ Smit,1,0,"",""
ball,2,35.2,Papua New Guinea,VV Morea,A Vala,JJ Smit,0,0,"",""
ball,2,35.3,Papua New Guinea,VV Morea,A Vala,JJ Smit,0,0,"",""
ball,2,35.4,Papua New Guinea,VV Morea,A Vala,JJ Smit,4,0,"",""
ball,2,35.5,Papua New Guinea,VV Morea,A Vala,JJ Smit,1,0,"",""
ball,2,35.6,Papua New Guinea,A Vala,VV Morea,JJ Smit,6,0,"",""
ball,2,36.1,Papua New Guinea,VV Morea,A Vala,SF Burger,0,0,"",""
ball,2,36.2,Papua New Guinea,VV Morea,A Vala,SF Burger,6,0,"",""
ball,2,36.3,Papua New Guinea,VV Morea,A Vala,SF Burger,1,0,"",""
ball,2,36.4,Papua New Guinea,A Vala,VV Morea,SF Burger,1,0,"",""
ball,2,36.5,Papua New Guinea,VV Morea,A Vala,SF Burger,0,1,"",""
ball,2,36.6,Papua New Guinea,VV Morea,A Vala,SF Burger,0,0,caught,VV Morea
ball,2,36.7,Papua New Guinea,A Vala,S Bau,SF Burger,1,0,"",""
ball,2,37.1,Papua New Guinea,A Vala,S Bau,JN Frylinck,1,0,"",""
ball,2,37.2,Papua New Guinea,S Bau,A Vala,JN Frylinck,0,0,"",""
ball,2,37.3,Papua New Guinea,S Bau,A Vala,JN Frylinck,2,0,"",""
ball,2,37.4,Papua New Guinea,S Bau,A Vala,JN Frylinck,0,0,"",""
ball,2,37.5,Papua New Guinea,S Bau,A Vala,JN Frylinck,1,0,"",""
ball,2,37.6,Papua New Guinea,A Vala,S Bau,JN Frylinck,1,0,"",""
ball,2,38.1,Papua New Guinea,A Vala,S Bau,BM Scholtz,1,0,"",""
ball,2,38.2,Papua New Guinea,S Bau,A Vala,BM Scholtz,0,0,"",""
ball,2,38.3,Papua New Guinea,S Bau,A Vala,BM Scholtz,0,0,"",""
ball,2,38.4,Papua New Guinea,S Bau,A Vala,BM Scholtz,0,0,"",""
ball,2,38.5,Papua New Guinea,S Bau,A Vala,BM Scholtz,1,0,"",""
ball,2,38.6,Papua New Guinea,A Vala,S Bau,BM Scholtz,1,0,"",""
ball,2,39.1,Papua New Guinea,A Vala,S Bau,JN Frylinck,1,0,"",""
ball,2,39.2,Papua New Guinea,S Bau,A Vala,JN Frylinck,0,1,"",""
ball,2,39.3,Papua New Guinea,A Vala,S Bau,JN Frylinck,1,0,"",""
ball,2,39.4,Papua New Guinea,S Bau,A Vala,JN Frylinck,0,0,"",""
ball,2,39.5,Papua New Guinea,S Bau,A Vala,JN Frylinck,0,0,"",""
ball,2,39.6,Papua New Guinea,S Bau,A Vala,JN Frylinck,0,0,"",""
ball,2,40.1,Papua New Guinea,A Vala,S Bau,BM Scholtz,1,0,"",""
ball,2,40.2,Papua New Guinea,S Bau,A Vala,BM Scholtz,0,0,"",""
ball,2,40.3,Papua New Guinea,S Bau,A Vala,BM Scholtz,4,0,"",""
ball,2,40.4,Papua New Guinea,S Bau,A Vala,BM Scholtz,0,0,"",""
ball,2,40.5,Papua New Guinea,S Bau,A Vala,BM Scholtz,0,0,"",""
ball,2,40.6,Papua New Guinea,S Bau,A Vala,BM Scholtz,0,0,"",""
ball,2,41.1,Papua New Guinea,A Vala,S Bau,JN Frylinck,3,0,"",""
ball,2,41.2,Papua New Guinea,S Bau,A Vala,JN Frylinck,4,0,"",""
ball,2,41.3,Papua New Guinea,S Bau,A Vala,JN Frylinck,0,0,"",""
ball,2,41.4,Papua New Guinea,S Bau,A Vala,JN Frylinck,0,0,"",""
ball,2,41.5,Papua New Guinea,S Bau,A Vala,JN Frylinck,0,0,"",""
ball,2,41.6,Papua New Guinea,S Bau,A Vala,JN Frylinck,0,0,"",""
ball,2,42.1,Papua New Guinea,A Vala,S Bau,NRP Scholtz,2,0,"",""
ball,2,42.2,Papua New Guinea,A Vala,S Bau,NRP Scholtz,0,0,lbw,A Vala
ball,2,42.3,Papua New Guinea,D Bau,S Bau,NRP Scholtz,1,0,"",""
ball,2,42.4,Papua New Guinea,S Bau,D Bau,NRP Scholtz,1,0,"",""
ball,2,42.5,Papua New Guinea,D Bau,S Bau,NRP Scholtz,0,0,"",""
ball,2,42.6,Papua New Guinea,D Bau,S Bau,NRP Scholtz,0,0,"",""
ball,2,43.1,Papua New Guinea,S Bau,D Bau,C Peake,0,0,"",""
ball,2,43.2,Papua New Guinea,S Bau,D Bau,C Peake,0,0,"",""
ball,2,43.3,Papua New Guinea,S Bau,D Bau,C Peake,2,0,"",""
ball,2,43.4,Papua New Guinea,S Bau,D Bau,C Peake,0,0,"",""
ball,2,43.5,Papua New Guinea,S Bau,D Bau,C Peake,2,0,"",""
ball,2,43.6,Papua New Guinea,S Bau,D Bau,C Peake,1,0,"",""
ball,2,44.1,Papua New Guinea,S Bau,D Bau,NRP Scholtz,1,0,"",""
ball,2,44.2,Papua New Guinea,D Bau,S Bau,NRP Scholtz,2,0,"",""
ball,2,44.3,Papua New Guinea,D Bau,S Bau,NRP Scholtz,0,0,"",""
ball,2,44.4,Papua New Guinea,D Bau,S Bau,NRP Scholtz,1,0,"",""
ball,2,44.5,Papua New Guinea,S Bau,D Bau,NRP Scholtz,4,0,"",""
ball,2,44.6,Papua New Guinea,S Bau,D Bau,NRP Scholtz,0,0,"",""
ball,2,45.1,Papua New Guinea,D Bau,S Bau,C Peake,1,0,"",""
ball,2,45.2,Papua New Guinea,S Bau,D Bau,C Peake,2,0,"",""
ball,2,45.3,Papua New Guinea,S Bau,D Bau,C Peake,4,0,"",""
ball,2,45.4,Papua New Guinea,S Bau,D Bau,C Peake,2,0,"",""
ball,2,45.5,Papua New Guinea,S Bau,D Bau,C Peake,1,0,"",""
ball,2,45.6,Papua New Guinea,D Bau,S Bau,C Peake,0,0,"",""
ball,2,46.1,Papua New Guinea,S Bau,D Bau,NRP Scholtz,0,0,"",""
ball,2,46.2,Papua New Guinea,S Bau,D Bau,NRP Scholtz,0,0,"",""
ball,2,46.3,Papua New Guinea,S Bau,D Bau,NRP Scholtz,0,0,"",""
ball,2,46.4,Papua New Guinea,S Bau,D Bau,NRP Scholtz,2,0,"",""
ball,2,46.5,Papua New Guinea,S Bau,D Bau,NRP Scholtz,0,0,"",""
ball,2,46.6,Papua New Guinea,S Bau,D Bau,NRP Scholtz,0,0,"",""
ball,2,47.1,Papua New Guinea,D Bau,S Bau,JJ Smit,1,0,"",""
ball,2,47.2,Papua New Guinea,S Bau,D Bau,JJ Smit,2,0,"",""
ball,2,47.3,Papua New Guinea,S Bau,D Bau,JJ Smit,0,0,"",""
ball,2,47.4,Papua New Guinea,S Bau,D Bau,JJ Smit,1,0,"",""
ball,2,47.5,Papua New Guinea,D Bau,S Bau,JJ Smit,1,0,"",""
ball,2,47.6,Papua New Guinea,S Bau,D Bau,JJ Smit,3,0,"",""
