version,1.3.0
info,team,New Zealand
info,team,Pakistan
info,gender,male
info,season,2016/17
info,date,2016/11/17
info,date,2016/11/18
info,date,2016/11/19
info,date,2016/11/20
info,series,Pakistan in New Zealand Test Series
info,match_number,1
info,venue,Hagley Oval
info,city,Christchurch
info,toss_winner,New Zealand
info,toss_decision,field
info,player_of_match,C de Grandhomme
info,umpire,IJ Gould
info,umpire,S Ravi
info,reserve_umpire,SB Haig
info,tv_umpire,SD Fry
info,match_referee,RB Richardson
info,winner,New Zealand
info,winner_wickets,8
ball,1,0.1,Pakistan,Sami Aslam,Azhar Ali,TG Southee,0,0,"",""
ball,1,0.2,Pakistan,Sami Aslam,Azhar Ali,TG Southee,0,0,"",""
ball,1,0.3,Pakistan,Sami Aslam,Azhar Ali,TG Southee,0,0,"",""
ball,1,0.4,Pakistan,Sami Aslam,Azhar Ali,TG Southee,0,0,"",""
ball,1,0.5,Pakistan,Sami Aslam,Azhar Ali,TG Southee,0,0,"",""
ball,1,0.6,Pakistan,Sami Aslam,Azhar Ali,TG Southee,0,0,"",""
ball,1,1.1,Pakistan,Azhar Ali,Sami Aslam,TA Boult,0,0,"",""
ball,1,1.2,Pakistan,Azhar Ali,Sami Aslam,TA Boult,0,0,"",""
ball,1,1.3,Pakistan,Azhar Ali,Sami Aslam,TA Boult,0,0,"",""
ball,1,1.4,Pakistan,Azhar Ali,Sami Aslam,TA Boult,1,0,"",""
ball,1,1.5,Pakistan,Sami Aslam,Azhar Ali,TA Boult,2,0,"",""
ball,1,1.6,Pakistan,Sami Aslam,Azhar Ali,TA Boult,0,0,"",""
ball,1,2.1,Pakistan,Azhar Ali,Sami Aslam,TG Southee,0,0,"",""
ball,1,2.2,Pakistan,Azhar Ali,Sami Aslam,TG Southee,0,0,"",""
ball,1,2.3,Pakistan,Azhar Ali,Sami Aslam,TG Southee,0,0,"",""
ball,1,2.4,Pakistan,Azhar Ali,Sami Aslam,TG Southee,0,0,"",""
ball,1,2.5,Pakistan,Azhar Ali,Sami Aslam,TG Southee,0,0,"",""
ball,1,2.6,Pakistan,Azhar Ali,Sami Aslam,TG Southee,0,0,"",""
ball,1,3.1,Pakistan,Sami Aslam,Azhar Ali,TA Boult,0,0,"",""
ball,1,3.2,Pakistan,Sami Aslam,Azhar Ali,TA Boult,0,0,"",""
ball,1,3.3,Pakistan,Sami Aslam,Azhar Ali,TA Boult,0,0,"",""
ball,1,3.4,Pakistan,Sami Aslam,Azhar Ali,TA Boult,0,0,"",""
ball,1,3.5,Pakistan,Sami Aslam,Azhar Ali,TA Boult,0,0,"",""
ball,1,3.6,Pakistan,Sami Aslam,Azhar Ali,TA Boult,0,0,"",""
ball,1,4.1,Pakistan,Azhar Ali,Sami Aslam,TG Southee,0,0,"",""
ball,1,4.2,Pakistan,Azhar Ali,Sami Aslam,TG Southee,0,0,"",""
ball,1,4.3,Pakistan,Azhar Ali,Sami Aslam,TG Southee,0,0,"",""
ball,1,4.4,Pakistan,Azhar Ali,Sami Aslam,TG Southee,0,0,"",""
ball,1,4.5,Pakistan,Azhar Ali,Sami Aslam,TG Southee,0,0,"",""
ball,1,4.6,Pakistan,Azhar Ali,Sami Aslam,TG Southee,0,0,"",""
ball,1,5.1,Pakistan,Sami Aslam,Azhar Ali,TA Boult,0,0,"",""
ball,1,5.2,Pakistan,Sami Aslam,Azhar Ali,TA Boult,1,0,"",""
ball,1,5.3,Pakistan,Azhar Ali,Sami Aslam,TA Boult,0,0,"",""
ball,1,5.4,Pakistan,Azhar Ali,Sami Aslam,TA Boult,0,0,"",""
ball,1,5.5,Pakistan,Azhar Ali,Sami Aslam,TA Boult,0,0,"",""
ball,1,5.6,Pakistan,Azhar Ali,Sami Aslam,TA Boult,0,0,"",""
ball,1,6.1,Pakistan,Sami Aslam,Azhar Ali,TG Southee,0,0,"",""
ball,1,6.2,Pakistan,Sami Aslam,Azhar Ali,TG Southee,0,0,"",""
ball,1,6.3,Pakistan,Sami Aslam,Azhar Ali,TG Southee,0,0,"",""
ball,1,6.4,Pakistan,Sami Aslam,Azhar Ali,TG Southee,0,0,"",""
ball,1,6.5,Pakistan,Sami Aslam,Azhar Ali,TG Southee,0,0,"",""
ball,1,6.6,Pakistan,Sami Aslam,Azhar Ali,TG Southee,0,0,"",""
ball,1,7.1,Pakistan,Azhar Ali,Sami Aslam,TA Boult,4,0,"",""
ball,1,7.2,Pakistan,Azhar Ali,Sami Aslam,TA Boult,0,0,"",""
ball,1,7.3,Pakistan,Azhar Ali,Sami Aslam,TA Boult,0,0,"",""
ball,1,7.4,Pakistan,Azhar Ali,Sami Aslam,TA Boult,0,0,"",""
ball,1,7.5,Pakistan,Azhar Ali,Sami Aslam,TA Boult,0,0,"",""
ball,1,7.6,Pakistan,Azhar Ali,Sami Aslam,TA Boult,0,0,"",""
ball,1,8.1,Pakistan,Sami Aslam,Azhar Ali,C de Grandhomme,0,0,"",""
ball,1,8.2,Pakistan,Sami Aslam,Azhar Ali,C de Grandhomme,0,0,"",""
ball,1,8.3,Pakistan,Sami Aslam,Azhar Ali,C de Grandhomme,0,0,"",""
ball,1,8.4,Pakistan,Sami Aslam,Azhar Ali,C de Grandhomme,2,0,"",""
ball,1,8.5,Pakistan,Sami Aslam,Azhar Ali,C de Grandhomme,0,0,"",""
ball,1,8.6,Pakistan,Sami Aslam,Azhar Ali,C de Grandhomme,0,0,"",""
ball,1,9.1,Pakistan,Azhar Ali,Sami Aslam,TA Boult,0,0,"",""
ball,1,9.2,Pakistan,Azhar Ali,Sami Aslam,TA Boult,1,0,"",""
ball,1,9.3,Pakistan,Sami Aslam,Azhar Ali,TA Boult,0,0,"",""
ball,1,9.4,Pakistan,Sami Aslam,Azhar Ali,TA Boult,2,0,"",""
ball,1,9.5,Pakistan,Sami Aslam,Azhar Ali,TA Boult,0,0,"",""
ball,1,9.6,Pakistan,Sami Aslam,Azhar Ali,TA Boult,0,0,"",""
ball,1,10.1,Pakistan,Azhar Ali,Sami Aslam,C de Grandhomme,2,0,"",""
ball,1,10.2,Pakistan,Azhar Ali,Sami Aslam,C de Grandhomme,1,0,"",""
ball,1,10.3,Pakistan,Sami Aslam,Azhar Ali,C de Grandhomme,0,4,"",""
ball,1,10.4,Pakistan,Sami Aslam,Azhar Ali,C de Grandhomme,1,0,"",""
ball,1,10.5,Pakistan,Azhar Ali,Sami Aslam,C de Grandhomme,2,0,"",""
ball,1,10.6,Pakistan,Azhar Ali,Sami Aslam,C de Grandhomme,3,0,"",""
ball,1,11.1,Pakistan,Azhar Ali,Sami Aslam,TA Boult,0,0,"",""
ball,1,11.2,Pakistan,Azhar Ali,Sami Aslam,TA Boult,0,0,"",""
ball,1,11.3,Pakistan,Azhar Ali,Sami Aslam,TA Boult,0,0,"",""
ball,1,11.4,Pakistan,Azhar Ali,Sami Aslam,TA Boult,1,0,"",""
ball,1,11.5,Pakistan,Sami Aslam,Azhar Ali,TA Boult,4,0,"",""
ball,1,11.6,Pakistan,Sami Aslam,Azhar Ali,TA Boult,0,0,"",""
ball,1,12.1,Pakistan,Azhar Ali,Sami Aslam,C de Grandhomme,0,0,"",""
ball,1,12.2,Pakistan,Azhar Ali,Sami Aslam,C de Grandhomme,0,0,"",""
ball,1,12.3,Pakistan,Azhar Ali,Sami Aslam,C de Grandhomme,0,0,bowled,Azhar Ali
ball,1,12.4,Pakistan,Babar Azam,Sami Aslam,C de Grandhomme,0,0,"",""
ball,1,12.5,Pakistan,Babar Azam,Sami Aslam,C de Grandhomme,0,0,"",""
ball,1,12.6,Pakistan,Babar Azam,Sami Aslam,C de Grandhomme,0,0,"",""
ball,1,13.1,Pakistan,Sami Aslam,Babar Azam,TA Boult,0,0,"",""
ball,1,13.2,Pakistan,Sami Aslam,Babar Azam,TA Boult,0,0,"",""
ball,1,13.3,Pakistan,Sami Aslam,Babar Azam,TA Boult,2,0,"",""
ball,1,13.4,Pakistan,Sami Aslam,Babar Azam,TA Boult,0,4,"",""
ball,1,13.5,Pakistan,Sami Aslam,Babar Azam,TA Boult,1,0,"",""
ball,1,13.6,Pakistan,Babar Azam,Sami Aslam,TA Boult,0,0,"",""
ball,1,14.1,Pakistan,Sami Aslam,Babar Azam,C de Grandhomme,0,0,"",""
ball,1,14.2,Pakistan,Sami Aslam,Babar Azam,C de Grandhomme,0,4,"",""
ball,1,14.3,Pakistan,Sami Aslam,Babar Azam,C de Grandhomme,1,0,"",""
ball,1,14.4,Pakistan,Babar Azam,Sami Aslam,C de Grandhomme,0,0,"",""
ball,1,14.5,Pakistan,Babar Azam,Sami Aslam,C de Grandhomme,0,0,"",""
ball,1,14.6,Pakistan,Babar Azam,Sami Aslam,C de Grandhomme,0,0,"",""
ball,1,15.1,Pakistan,Sami Aslam,Babar Azam,TG Southee,1,0,"",""
ball,1,15.2,Pakistan,Babar Azam,Sami Aslam,TG Southee,0,0,"",""
ball,1,15.3,Pakistan,Babar Azam,Sami Aslam,TG Southee,4,0,"",""
ball,1,15.4,Pakistan,Babar Azam,Sami Aslam,TG Southee,0,0,"",""
ball,1,15.5,Pakistan,Babar Azam,Sami Aslam,TG Southee,0,0,"",""
ball,1,15.6,Pakistan,Babar Azam,Sami Aslam,TG Southee,0,0,"",""
ball,1,16.1,Pakistan,Sami Aslam,Babar Azam,C de Grandhomme,1,0,"",""
ball,1,16.2,Pakistan,Babar Azam,Sami Aslam,C de Grandhomme,0,0,"",""
ball,1,16.3,Pakistan,Babar Azam,Sami Aslam,C de Grandhomme,3,0,"",""
ball,1,16.4,Pakistan,Sami Aslam,Babar Azam,C de Grandhomme,0,0,"",""
ball,1,16.5,Pakistan,Sami Aslam,Babar Azam,C de Grandhomme,1,0,"",""
ball,1,16.6,Pakistan,Babar Azam,Sami Aslam,C de Grandhomme,0,0,"",""
ball,1,17.1,Pakistan,Sami Aslam,Babar Azam,TG Southee,0,0,"",""
ball,1,17.2,Pakistan,Sami Aslam,Babar Azam,TG Southee,0,0,"",""
ball,1,17.3,Pakistan,Sami Aslam,Babar Azam,TG Southee,0,0,"",""
ball,1,17.4,Pakistan,Sami Aslam,Babar Azam,TG Southee,0,0,"",""
ball,1,17.5,Pakistan,Sami Aslam,Babar Azam,TG Southee,0,0,"",""
ball,1,17.6,Pakistan,Sami Aslam,Babar Azam,TG Southee,0,0,caught,Sami Aslam
ball,1,18.1,Pakistan,Babar Azam,Younis Khan,C de Grandhomme,0,0,"",""
ball,1,18.2,Pakistan,Babar Azam,Younis Khan,C de Grandhomme,0,0,"",""
ball,1,18.3,Pakistan,Babar Azam,Younis Khan,C de Grandhomme,0,0,"",""
ball,1,18.4,Pakistan,Babar Azam,Younis Khan,C de Grandhomme,0,0,"",""
ball,1,18.5,Pakistan,Babar Azam,Younis Khan,C de Grandhomme,0,0,"",""
ball,1,18.6,Pakistan,Babar Azam,Younis Khan,C de Grandhomme,0,0,caught,Babar Azam
ball,1,19.1,Pakistan,Younis Khan,Misbah-ul-Haq,TG Southee,0,0,"",""
ball,1,19.2,Pakistan,Younis Khan,Misbah-ul-Haq,TG Southee,0,0,"",""
ball,1,19.3,Pakistan,Younis Khan,Misbah-ul-Haq,TG Southee,0,0,"",""
ball,1,19.4,Pakistan,Younis Khan,Misbah-ul-Haq,TG Southee,0,0,"",""
ball,1,19.5,Pakistan,Younis Khan,Misbah-ul-Haq,TG Southee,0,0,"",""
ball,1,19.6,Pakistan,Younis Khan,Misbah-ul-Haq,TG Southee,0,0,"",""
ball,1,20.1,Pakistan,Misbah-ul-Haq,Younis Khan,C de Grandhomme,0,0,"",""
ball,1,20.2,Pakistan,Misbah-ul-Haq,Younis Khan,C de Grandhomme,0,0,"",""
ball,1,20.3,Pakistan,Misbah-ul-Haq,Younis Khan,C de Grandhomme,0,0,"",""
ball,1,20.4,Pakistan,Misbah-ul-Haq,Younis Khan,C de Grandhomme,1,0,"",""
ball,1,20.5,Pakistan,Younis Khan,Misbah-ul-Haq,C de Grandhomme,2,0,"",""
ball,1,20.6,Pakistan,Younis Khan,Misbah-ul-Haq,C de Grandhomme,0,0,caught,Younis Khan
ball,1,21.1,Pakistan,Misbah-ul-Haq,Asad Shafiq,TG Southee,0,0,"",""
ball,1,21.2,Pakistan,Misbah-ul-Haq,Asad Shafiq,TG Southee,0,0,"",""
ball,1,21.3,Pakistan,Misbah-ul-Haq,Asad Shafiq,TG Southee,1,0,"",""
ball,1,21.4,Pakistan,Asad Shafiq,Misbah-ul-Haq,TG Southee,0,0,"",""
ball,1,21.5,Pakistan,Asad Shafiq,Misbah-ul-Haq,TG Southee,0,0,"",""
ball,1,21.6,Pakistan,Asad Shafiq,Misbah-ul-Haq,TG Southee,0,0,"",""
ball,1,22.1,Pakistan,Misbah-ul-Haq,Asad Shafiq,C de Grandhomme,0,0,"",""
ball,1,22.2,Pakistan,Misbah-ul-Haq,Asad Shafiq,C de Grandhomme,0,0,"",""
ball,1,22.3,Pakistan,Misbah-ul-Haq,Asad Shafiq,C de Grandhomme,0,0,"",""
ball,1,22.4,Pakistan,Misbah-ul-Haq,Asad Shafiq,C de Grandhomme,0,0,"",""
ball,1,22.5,Pakistan,Misbah-ul-Haq,Asad Shafiq,C de Grandhomme,3,0,"",""
ball,1,22.6,Pakistan,Asad Shafiq,Misbah-ul-Haq,C de Grandhomme,0,0,"",""
ball,1,23.1,Pakistan,Misbah-ul-Haq,Asad Shafiq,TG Southee,0,0,"",""
ball,1,23.2,Pakistan,Misbah-ul-Haq,Asad Shafiq,TG Southee,0,0,"",""
ball,1,23.3,Pakistan,Misbah-ul-Haq,Asad Shafiq,TG Southee,0,0,"",""
ball,1,23.4,Pakistan,Misbah-ul-Haq,Asad Shafiq,TG Southee,0,0,"",""
ball,1,23.5,Pakistan,Misbah-ul-Haq,Asad Shafiq,TG Southee,0,0,"",""
ball,1,23.6,Pakistan,Misbah-ul-Haq,Asad Shafiq,TG Southee,0,0,"",""
ball,1,24.1,Pakistan,Asad Shafiq,Misbah-ul-Haq,N Wagner,0,0,"",""
ball,1,24.2,Pakistan,Asad Shafiq,Misbah-ul-Haq,N Wagner,0,0,"",""
ball,1,24.3,Pakistan,Asad Shafiq,Misbah-ul-Haq,N Wagner,0,0,"",""
ball,1,24.4,Pakistan,Asad Shafiq,Misbah-ul-Haq,N Wagner,0,0,"",""
ball,1,24.5,Pakistan,Asad Shafiq,Misbah-ul-Haq,N Wagner,0,2,"",""
ball,1,24.6,Pakistan,Asad Shafiq,Misbah-ul-Haq,N Wagner,2,0,"",""
ball,1,25.1,Pakistan,Misbah-ul-Haq,Asad Shafiq,TG Southee,0,0,"",""
ball,1,25.2,Pakistan,Misbah-ul-Haq,Asad Shafiq,TG Southee,1,0,"",""
ball,1,25.3,Pakistan,Asad Shafiq,Misbah-ul-Haq,TG Southee,1,0,"",""
ball,1,25.4,Pakistan,Misbah-ul-Haq,Asad Shafiq,TG Southee,0,0,"",""
ball,1,25.5,Pakistan,Misbah-ul-Haq,Asad Shafiq,TG Southee,0,0,"",""
ball,1,25.6,Pakistan,Misbah-ul-Haq,Asad Shafiq,TG Southee,0,0,"",""
ball,1,26.1,Pakistan,Asad Shafiq,Misbah-ul-Haq,N Wagner,0,0,"",""
ball,1,26.2,Pakistan,Asad Shafiq,Misbah-ul-Haq,N Wagner,1,0,"",""
ball,1,26.3,Pakistan,Misbah-ul-Haq,Asad Shafiq,N Wagner,0,0,"",""
ball,1,26.4,Pakistan,Misbah-ul-Haq,Asad Shafiq,N Wagner,0,0,"",""
ball,1,26.5,Pakistan,Misbah-ul-Haq,Asad Shafiq,N Wagner,0,0,"",""
ball,1,26.6,Pakistan,Misbah-ul-Haq,Asad Shafiq,N Wagner,0,0,"",""
ball,1,27.1,Pakistan,Asad Shafiq,Misbah-ul-Haq,TA Boult,2,0,"",""
ball,1,27.2,Pakistan,Asad Shafiq,Misbah-ul-Haq,TA Boult,0,0,"",""
ball,1,27.3,Pakistan,Asad Shafiq,Misbah-ul-Haq,TA Boult,0,0,"",""
ball,1,27.4,Pakistan,Asad Shafiq,Misbah-ul-Haq,TA Boult,0,0,"",""
ball,1,27.5,Pakistan,Asad Shafiq,Misbah-ul-Haq,TA Boult,0,0,"",""
ball,1,27.6,Pakistan,Asad Shafiq,Misbah-ul-Haq,TA Boult,4,0,"",""
ball,1,28.1,Pakistan,Misbah-ul-Haq,Asad Shafiq,N Wagner,0,0,"",""
ball,1,28.2,Pakistan,Misbah-ul-Haq,Asad Shafiq,N Wagner,0,0,"",""
ball,1,28.3,Pakistan,Misbah-ul-Haq,Asad Shafiq,N Wagner,4,0,"",""
ball,1,28.4,Pakistan,Misbah-ul-Haq,Asad Shafiq,N Wagner,0,0,"",""
ball,1,28.5,Pakistan,Misbah-ul-Haq,Asad Shafiq,N Wagner,0,0,"",""
ball,1,28.6,Pakistan,Misbah-ul-Haq,Asad Shafiq,N Wagner,0,0,"",""
ball,1,29.1,Pakistan,Asad Shafiq,Misbah-ul-Haq,TA Boult,0,0,"",""
ball,1,29.2,Pakistan,Asad Shafiq,Misbah-ul-Haq,TA Boult,0,0,"",""
ball,1,29.3,Pakistan,Asad Shafiq,Misbah-ul-Haq,TA Boult,0,0,"",""
ball,1,29.4,Pakistan,Asad Shafiq,Misbah-ul-Haq,TA Boult,0,0,"",""
ball,1,29.5,Pakistan,Asad Shafiq,Misbah-ul-Haq,TA Boult,0,0,"",""
ball,1,29.6,Pakistan,Asad Shafiq,Misbah-ul-Haq,TA Boult,0,0,"",""
ball,1,30.1,Pakistan,Misbah-ul-Haq,Asad Shafiq,N Wagner,0,0,"",""
ball,1,30.2,Pakistan,Misbah-ul-Haq,Asad Shafiq,N Wagner,1,0,"",""
ball,1,30.3,Pakistan,Asad Shafiq,Misbah-ul-Haq,N Wagner,0,0,"",""
ball,1,30.4,Pakistan,Asad Shafiq,Misbah-ul-Haq,N Wagner,0,0,"",""
ball,1,30.5,Pakistan,Asad Shafiq,Misbah-ul-Haq,N Wagner,0,0,"",""
ball,1,30.6,Pakistan,Asad Shafiq,Misbah-ul-Haq,N Wagner,0,0,"",""
ball,1,31.1,Pakistan,Misbah-ul-Haq,Asad Shafiq,TA Boult,0,0,"",""
ball,1,31.2,Pakistan,Misbah-ul-Haq,Asad Shafiq,TA Boult,0,0,"",""
ball,1,31.3,Pakistan,Misbah-ul-Haq,Asad Shafiq,TA Boult,3,0,"",""
ball,1,31.4,Pakistan,Asad Shafiq,Misbah-ul-Haq,TA Boult,0,0,"",""
ball,1,31.5,Pakistan,Asad Shafiq,Misbah-ul-Haq,TA Boult,2,0,"",""
ball,1,31.6,Pakistan,Asad Shafiq,Misbah-ul-Haq,TA Boult,0,0,"",""
ball,1,32.1,Pakistan,Misbah-ul-Haq,Asad Shafiq,N Wagner,0,0,"",""
ball,1,32.2,Pakistan,Misbah-ul-Haq,Asad Shafiq,N Wagner,1,0,"",""
ball,1,32.3,Pakistan,Asad Shafiq,Misbah-ul-Haq,N Wagner,0,0,"",""
ball,1,32.4,Pakistan,Asad Shafiq,Misbah-ul-Haq,N Wagner,0,0,"",""
ball,1,32.5,Pakistan,Asad Shafiq,Misbah-ul-Haq,N Wagner,0,0,"",""
ball,1,32.6,Pakistan,Asad Shafiq,Misbah-ul-Haq,N Wagner,4,0,"",""
ball,1,33.1,Pakistan,Misbah-ul-Haq,Asad Shafiq,TA Boult,0,0,"",""
ball,1,33.2,Pakistan,Misbah-ul-Haq,Asad Shafiq,TA Boult,0,0,"",""
ball,1,33.3,Pakistan,Misbah-ul-Haq,Asad Shafiq,TA Boult,0,0,"",""
ball,1,33.4,Pakistan,Misbah-ul-Haq,Asad Shafiq,TA Boult,0,0,"",""
ball,1,33.5,Pakistan,Misbah-ul-Haq,Asad Shafiq,TA Boult,0,0,"",""
ball,1,33.6,Pakistan,Misbah-ul-Haq,Asad Shafiq,TA Boult,0,0,"",""
ball,1,34.1,Pakistan,Asad Shafiq,Misbah-ul-Haq,C de Grandhomme,0,0,"",""
ball,1,34.2,Pakistan,Asad Shafiq,Misbah-ul-Haq,C de Grandhomme,0,0,"",""
ball,1,34.3,Pakistan,Asad Shafiq,Misbah-ul-Haq,C de Grandhomme,0,0,"",""
ball,1,34.4,Pakistan,Asad Shafiq,Misbah-ul-Haq,C de Grandhomme,0,0,caught,Asad Shafiq
ball,1,34.5,Pakistan,Sarfraz Ahmed,Misbah-ul-Haq,C de Grandhomme,0,0,"",""
ball,1,34.6,Pakistan,Sarfraz Ahmed,Misbah-ul-Haq,C de Grandhomme,0,0,"",""
ball,1,35.1,Pakistan,Misbah-ul-Haq,Sarfraz Ahmed,TG Southee,1,0,"",""
ball,1,35.2,Pakistan,Sarfraz Ahmed,Misbah-ul-Haq,TG Southee,3,0,"",""
ball,1,35.3,Pakistan,Misbah-ul-Haq,Sarfraz Ahmed,TG Southee,0,0,"",""
ball,1,35.4,Pakistan,Misbah-ul-Haq,Sarfraz Ahmed,TG Southee,1,0,"",""
ball,1,35.5,Pakistan,Sarfraz Ahmed,Misbah-ul-Haq,TG Southee,0,0,"",""
ball,1,35.6,Pakistan,Sarfraz Ahmed,Misbah-ul-Haq,TG Southee,0,0,"",""
ball,1,36.1,Pakistan,Misbah-ul-Haq,Sarfraz Ahmed,C de Grandhomme,0,0,"",""
ball,1,36.2,Pakistan,Misbah-ul-Haq,Sarfraz Ahmed,C de Grandhomme,0,0,"",""
ball,1,36.3,Pakistan,Misbah-ul-Haq,Sarfraz Ahmed,C de Grandhomme,0,0,"",""
ball,1,36.4,Pakistan,Misbah-ul-Haq,Sarfraz Ahmed,C de Grandhomme,0,0,"",""
ball,1,36.5,Pakistan,Misbah-ul-Haq,Sarfraz Ahmed,C de Grandhomme,4,0,"",""
ball,1,36.6,Pakistan,Misbah-ul-Haq,Sarfraz Ahmed,C de Grandhomme,0,0,"",""
ball,1,37.1,Pakistan,Sarfraz Ahmed,Misbah-ul-Haq,TG Southee,0,0,"",""
ball,1,37.2,Pakistan,Sarfraz Ahmed,Misbah-ul-Haq,TG Southee,0,0,"",""
ball,1,37.3,Pakistan,Sarfraz Ahmed,Misbah-ul-Haq,TG Southee,0,0,"",""
ball,1,37.4,Pakistan,Sarfraz Ahmed,Misbah-ul-Haq,TG Southee,1,0,"",""
ball,1,37.5,Pakistan,Misbah-ul-Haq,Sarfraz Ahmed,TG Southee,0,0,"",""
ball,1,37.6,Pakistan,Misbah-ul-Haq,Sarfraz Ahmed,TG Southee,0,0,"",""
ball,1,38.1,Pakistan,Sarfraz Ahmed,Misbah-ul-Haq,C de Grandhomme,3,0,"",""
ball,1,38.2,Pakistan,Misbah-ul-Haq,Sarfraz Ahmed,C de Grandhomme,0,0,"",""
ball,1,38.3,Pakistan,Misbah-ul-Haq,Sarfraz Ahmed,C de Grandhomme,0,0,"",""
ball,1,38.4,Pakistan,Misbah-ul-Haq,Sarfraz Ahmed,C de Grandhomme,0,0,"",""
ball,1,38.5,Pakistan,Misbah-ul-Haq,Sarfraz Ahmed,C de Grandhomme,0,0,"",""
ball,1,38.6,Pakistan,Misbah-ul-Haq,Sarfraz Ahmed,C de Grandhomme,0,0,"",""
ball,1,39.1,Pakistan,Sarfraz Ahmed,Misbah-ul-Haq,TG Southee,0,0,"",""
ball,1,39.2,Pakistan,Sarfraz Ahmed,Misbah-ul-Haq,TG Southee,0,0,caught,Sarfraz Ahmed
ball,1,39.3,Pakistan,Mohammad Amir,Misbah-ul-Haq,TG Southee,0,0,"",""
ball,1,39.4,Pakistan,Mohammad Amir,Misbah-ul-Haq,TG Southee,0,0,"",""
ball,1,39.5,Pakistan,Mohammad Amir,Misbah-ul-Haq,TG Southee,0,0,"",""
ball,1,39.6,Pakistan,Mohammad Amir,Misbah-ul-Haq,TG Southee,0,0,"",""
ball,1,40.1,Pakistan,Misbah-ul-Haq,Mohammad Amir,C de Grandhomme,0,0,"",""
ball,1,40.2,Pakistan,Misbah-ul-Haq,Mohammad Amir,C de Grandhomme,0,0,"",""
ball,1,40.3,Pakistan,Misbah-ul-Haq,Mohammad Amir,C de Grandhomme,0,0,"",""
ball,1,40.4,Pakistan,Misbah-ul-Haq,Mohammad Amir,C de Grandhomme,0,0,"",""
ball,1,40.5,Pakistan,Misbah-ul-Haq,Mohammad Amir,C de Grandhomme,0,0,"",""
ball,1,40.6,Pakistan,Misbah-ul-Haq,Mohammad Amir,C de Grandhomme,0,0,"",""
ball,1,41.1,Pakistan,Mohammad Amir,Misbah-ul-Haq,TG Southee,0,0,"",""
ball,1,41.2,Pakistan,Mohammad Amir,Misbah-ul-Haq,TG Southee,0,4,"",""
ball,1,41.3,Pakistan,Mohammad Amir,Misbah-ul-Haq,TG Southee,0,0,"",""
ball,1,41.4,Pakistan,Mohammad Amir,Misbah-ul-Haq,TG Southee,0,0,"",""
ball,1,41.5,Pakistan,Mohammad Amir,Misbah-ul-Haq,TG Southee,0,0,"",""
ball,1,41.6,Pakistan,Mohammad Amir,Misbah-ul-Haq,TG Southee,0,0,"",""
ball,1,42.1,Pakistan,Misbah-ul-Haq,Mohammad Amir,C de Grandhomme,0,0,"",""
ball,1,42.2,Pakistan,Misbah-ul-Haq,Mohammad Amir,C de Grandhomme,0,0,"",""
ball,1,42.3,Pakistan,Misbah-ul-Haq,Mohammad Amir,C de Grandhomme,0,0,"",""
ball,1,42.4,Pakistan,Misbah-ul-Haq,Mohammad Amir,C de Grandhomme,0,0,"",""
ball,1,42.5,Pakistan,Misbah-ul-Haq,Mohammad Amir,C de Grandhomme,0,0,"",""
ball,1,42.6,Pakistan,Misbah-ul-Haq,Mohammad Amir,C de Grandhomme,0,0,"",""
ball,1,43.1,Pakistan,Mohammad Amir,Misbah-ul-Haq,TG Southee,1,0,"",""
ball,1,43.2,Pakistan,Misbah-ul-Haq,Mohammad Amir,TG Southee,0,0,"",""
ball,1,43.3,Pakistan,Misbah-ul-Haq,Mohammad Amir,TG Southee,0,0,"",""
ball,1,43.4,Pakistan,Misbah-ul-Haq,Mohammad Amir,TG Southee,0,0,"",""
ball,1,43.5,Pakistan,Misbah-ul-Haq,Mohammad Amir,TG Southee,0,0,"",""
ball,1,43.6,Pakistan,Misbah-ul-Haq,Mohammad Amir,TG Southee,0,0,"",""
ball,1,44.1,Pakistan,Mohammad Amir,Misbah-ul-Haq,C de Grandhomme,0,0,"",""
ball,1,44.2,Pakistan,Mohammad Amir,Misbah-ul-Haq,C de Grandhomme,0,0,"",""
ball,1,44.3,Pakistan,Mohammad Amir,Misbah-ul-Haq,C de Grandhomme,1,0,"",""
ball,1,44.4,Pakistan,Misbah-ul-Haq,Mohammad Amir,C de Grandhomme,4,0,"",""
ball,1,44.5,Pakistan,Misbah-ul-Haq,Mohammad Amir,C de Grandhomme,0,0,"",""
ball,1,44.6,Pakistan,Misbah-ul-Haq,Mohammad Amir,C de Grandhomme,2,0,"",""
ball,1,45.1,Pakistan,Mohammad Amir,Misbah-ul-Haq,TG Southee,1,0,"",""
ball,1,45.2,Pakistan,Misbah-ul-Haq,Mohammad Amir,TG Southee,0,0,"",""
ball,1,45.3,Pakistan,Misbah-ul-Haq,Mohammad Amir,TG Southee,0,0,"",""
ball,1,45.4,Pakistan,Misbah-ul-Haq,Mohammad Amir,TG Southee,0,0,"",""
ball,1,45.5,Pakistan,Misbah-ul-Haq,Mohammad Amir,TG Southee,0,0,"",""
ball,1,45.6,Pakistan,Misbah-ul-Haq,Mohammad Amir,TG Southee,0,0,"",""
ball,1,46.1,Pakistan,Mohammad Amir,Misbah-ul-Haq,TA Boult,0,0,bowled,Mohammad Amir
ball,1,46.2,Pakistan,Sohail Khan,Misbah-ul-Haq,TA Boult,0,0,"",""
ball,1,46.3,Pakistan,Sohail Khan,Misbah-ul-Haq,TA Boult,0,0,"",""
ball,1,46.4,Pakistan,Sohail Khan,Misbah-ul-Haq,TA Boult,0,0,"",""
ball,1,46.5,Pakistan,Sohail Khan,Misbah-ul-Haq,TA Boult,0,0,"",""
ball,1,46.6,Pakistan,Sohail Khan,Misbah-ul-Haq,TA Boult,0,0,"",""
ball,1,47.1,Pakistan,Misbah-ul-Haq,Sohail Khan,TG Southee,0,0,"",""
ball,1,47.2,Pakistan,Misbah-ul-Haq,Sohail Khan,TG Southee,2,0,"",""
ball,1,47.3,Pakistan,Misbah-ul-Haq,Sohail Khan,TG Southee,2,0,"",""
ball,1,47.4,Pakistan,Misbah-ul-Haq,Sohail Khan,TG Southee,0,0,"",""
ball,1,47.5,Pakistan,Misbah-ul-Haq,Sohail Khan,TG Southee,0,0,"",""
ball,1,47.6,Pakistan,Misbah-ul-Haq,Sohail Khan,TG Southee,0,0,"",""
ball,1,48.1,Pakistan,Sohail Khan,Misbah-ul-Haq,TA Boult,0,0,"",""
ball,1,48.2,Pakistan,Sohail Khan,Misbah-ul-Haq,TA Boult,0,0,"",""
ball,1,48.3,Pakistan,Sohail Khan,Misbah-ul-Haq,TA Boult,0,0,"",""
ball,1,48.4,Pakistan,Sohail Khan,Misbah-ul-Haq,TA Boult,1,0,"",""
ball,1,48.5,Pakistan,Misbah-ul-Haq,Sohail Khan,TA Boult,0,0,"",""
ball,1,48.6,Pakistan,Misbah-ul-Haq,Sohail Khan,TA Boult,0,0,"",""
ball,1,49.1,Pakistan,Sohail Khan,Misbah-ul-Haq,TG Southee,0,0,"",""
ball,1,49.2,Pakistan,Sohail Khan,Misbah-ul-Haq,TG Southee,0,0,"",""
ball,1,49.3,Pakistan,Sohail Khan,Misbah-ul-Haq,TG Southee,0,0,"",""
ball,1,49.4,Pakistan,Sohail Khan,Misbah-ul-Haq,TG Southee,0,0,"",""
ball,1,49.5,Pakistan,Sohail Khan,Misbah-ul-Haq,TG Southee,0,0,"",""
ball,1,49.6,Pakistan,Sohail Khan,Misbah-ul-Haq,TG Southee,0,0,"",""
ball,1,50.1,Pakistan,Misbah-ul-Haq,Sohail Khan,TA Boult,0,0,"",""
ball,1,50.2,Pakistan,Misbah-ul-Haq,Sohail Khan,TA Boult,0,0,"",""
ball,1,50.3,Pakistan,Misbah-ul-Haq,Sohail Khan,TA Boult,0,0,"",""
ball,1,50.4,Pakistan,Misbah-ul-Haq,Sohail Khan,TA Boult,0,0,"",""
ball,1,50.5,Pakistan,Misbah-ul-Haq,Sohail Khan,TA Boult,0,0,"",""
ball,1,50.6,Pakistan,Misbah-ul-Haq,Sohail Khan,TA Boult,0,0,"",""
ball,1,51.1,Pakistan,Sohail Khan,Misbah-ul-Haq,TG Southee,0,0,"",""
ball,1,51.2,Pakistan,Sohail Khan,Misbah-ul-Haq,TG Southee,0,0,"",""
ball,1,51.3,Pakistan,Sohail Khan,Misbah-ul-Haq,TG Southee,0,0,"",""
ball,1,51.4,Pakistan,Sohail Khan,Misbah-ul-Haq,TG Southee,0,0,"",""
ball,1,51.5,Pakistan,Sohail Khan,Misbah-ul-Haq,TG Southee,0,1,"",""
ball,1,51.6,Pakistan,Misbah-ul-Haq,Sohail Khan,TG Southee,0,0,"",""
ball,1,52.1,Pakistan,Sohail Khan,Misbah-ul-Haq,TA Boult,0,0,"",""
ball,1,52.2,Pakistan,Sohail Khan,Misbah-ul-Haq,TA Boult,0,0,"",""
ball,1,52.3,Pakistan,Sohail Khan,Misbah-ul-Haq,TA Boult,0,0,"",""
ball,1,52.4,Pakistan,Sohail Khan,Misbah-ul-Haq,TA Boult,0,0,"",""
ball,1,52.5,Pakistan,Sohail Khan,Misbah-ul-Haq,TA Boult,4,0,"",""
ball,1,52.6,Pakistan,Sohail Khan,Misbah-ul-Haq,TA Boult,0,0,"",""
ball,1,53.1,Pakistan,Misbah-ul-Haq,Sohail Khan,C de Grandhomme,0,1,"",""
ball,1,53.2,Pakistan,Sohail Khan,Misbah-ul-Haq,C de Grandhomme,4,0,"",""
ball,1,53.3,Pakistan,Sohail Khan,Misbah-ul-Haq,C de Grandhomme,0,0,"",""
ball,1,53.4,Pakistan,Sohail Khan,Misbah-ul-Haq,C de Grandhomme,0,0,"",""
ball,1,53.5,Pakistan,Sohail Khan,Misbah-ul-Haq,C de Grandhomme,0,0,caught,Sohail Khan
ball,1,53.6,Pakistan,Yasir Shah,Misbah-ul-Haq,C de Grandhomme,0,0,"",""
ball,1,54.1,Pakistan,Misbah-ul-Haq,Yasir Shah,TA Boult,0,0,"",""
ball,1,54.2,Pakistan,Misbah-ul-Haq,Yasir Shah,TA Boult,0,0,"",""
ball,1,54.3,Pakistan,Misbah-ul-Haq,Yasir Shah,TA Boult,0,0,"",""
ball,1,54.4,Pakistan,Misbah-ul-Haq,Yasir Shah,TA Boult,0,0,"",""
ball,1,54.5,Pakistan,Misbah-ul-Haq,Yasir Shah,TA Boult,0,0,caught,Misbah-ul-Haq
ball,1,54.6,Pakistan,Yasir Shah,Rahat Ali,TA Boult,4,0,"",""
ball,1,55.1,Pakistan,Rahat Ali,Yasir Shah,C de Grandhomme,0,0,"",""
ball,1,55.2,Pakistan,Rahat Ali,Yasir Shah,C de Grandhomme,0,0,"",""
ball,1,55.3,Pakistan,Rahat Ali,Yasir Shah,C de Grandhomme,0,0,"",""
ball,1,55.4,Pakistan,Rahat Ali,Yasir Shah,C de Grandhomme,0,0,"",""
ball,1,55.5,Pakistan,Rahat Ali,Yasir Shah,C de Grandhomme,0,0,caught,Rahat Ali
ball,2,0.1,New Zealand,TWM Latham,JA Raval,Mohammad Amir,0,0,"",""
ball,2,0.2,New Zealand,TWM Latham,JA Raval,Mohammad Amir,0,0,"",""
ball,2,0.3,New Zealand,TWM Latham,JA Raval,Mohammad Amir,0,0,"",""
ball,2,0.4,New Zealand,TWM Latham,JA Raval,Mohammad Amir,0,0,"",""
ball,2,0.5,New Zealand,TWM Latham,JA Raval,Mohammad Amir,0,0,"",""
ball,2,0.6,New Zealand,TWM Latham,JA Raval,Mohammad Amir,1,0,"",""
ball,2,1.1,New Zealand,TWM Latham,JA Raval,Sohail Khan,0,0,"",""
ball,2,1.2,New Zealand,TWM Latham,JA Raval,Sohail Khan,0,0,"",""
ball,2,1.3,New Zealand,TWM Latham,JA Raval,Sohail Khan,0,0,"",""
ball,2,1.4,New Zealand,TWM Latham,JA Raval,Sohail Khan,0,0,"",""
ball,2,1.5,New Zealand,TWM Latham,JA Raval,Sohail Khan,0,0,"",""
ball,2,1.6,New Zealand,TWM Latham,JA Raval,Sohail Khan,0,0,"",""
ball,2,2.1,New Zealand,JA Raval,TWM Latham,Mohammad Amir,0,0,"",""
ball,2,2.2,New Zealand,JA Raval,TWM Latham,Mohammad Amir,1,0,"",""
ball,2,2.3,New Zealand,TWM Latham,JA Raval,Mohammad Amir,0,0,"",""
ball,2,2.4,New Zealand,TWM Latham,JA Raval,Mohammad Amir,0,0,"",""
ball,2,2.5,New Zealand,TWM Latham,JA Raval,Mohammad Amir,0,0,"",""
ball,2,2.6,New Zealand,TWM Latham,JA Raval,Mohammad Amir,0,0,"",""
ball,2,3.1,New Zealand,JA Raval,TWM Latham,Sohail Khan,0,0,"",""
ball,2,3.2,New Zealand,JA Raval,TWM Latham,Sohail Khan,0,0,"",""
ball,2,3.3,New Zealand,JA Raval,TWM Latham,Sohail Khan,0,0,"",""
ball,2,3.4,New Zealand,JA Raval,TWM Latham,Sohail Khan,0,0,"",""
ball,2,3.5,New Zealand,JA Raval,TWM Latham,Sohail Khan,0,0,"",""
ball,2,3.6,New Zealand,JA Raval,TWM Latham,Sohail Khan,4,0,"",""
ball,2,4.1,New Zealand,TWM Latham,JA Raval,Mohammad Amir,0,0,"",""
ball,2,4.2,New Zealand,TWM Latham,JA Raval,Mohammad Amir,0,0,"",""
ball,2,4.3,New Zealand,TWM Latham,JA Raval,Mohammad Amir,0,0,lbw,TWM Latham
ball,2,4.4,New Zealand,KS Williamson,JA Raval,Mohammad Amir,0,0,"",""
ball,2,4.5,New Zealand,KS Williamson,JA Raval,Mohammad Amir,0,0,"",""
ball,2,4.6,New Zealand,KS Williamson,JA Raval,Mohammad Amir,0,0,"",""
ball,2,5.1,New Zealand,JA Raval,KS Williamson,Sohail Khan,0,0,"",""
ball,2,5.2,New Zealand,JA Raval,KS Williamson,Sohail Khan,0,1,"",""
ball,2,5.3,New Zealand,KS Williamson,JA Raval,Sohail Khan,1,0,"",""
ball,2,5.4,New Zealand,JA Raval,KS Williamson,Sohail Khan,0,0,"",""
ball,2,5.5,New Zealand,JA Raval,KS Williamson,Sohail Khan,0,0,"",""
ball,2,5.6,New Zealand,JA Raval,KS Williamson,Sohail Khan,0,0,"",""
ball,2,6.1,New Zealand,KS Williamson,JA Raval,Mohammad Amir,0,0,"",""
ball,2,6.2,New Zealand,KS Williamson,JA Raval,Mohammad Amir,0,0,"",""
ball,2,6.3,New Zealand,KS Williamson,JA Raval,Mohammad Amir,0,0,"",""
ball,2,6.4,New Zealand,KS Williamson,JA Raval,Mohammad Amir,0,0,"",""
ball,2,6.5,New Zealand,KS Williamson,JA Raval,Mohammad Amir,0,0,"",""
ball,2,6.6,New Zealand,KS Williamson,JA Raval,Mohammad Amir,0,0,"",""
ball,2,7.1,New Zealand,JA Raval,KS Williamson,Sohail Khan,0,0,"",""
ball,2,7.2,New Zealand,JA Raval,KS Williamson,Sohail Khan,0,0,"",""
ball,2,7.3,New Zealand,JA Raval,KS Williamson,Sohail Khan,0,0,"",""
ball,2,7.4,New Zealand,JA Raval,KS Williamson,Sohail Khan,4,0,"",""
ball,2,7.5,New Zealand,JA Raval,KS Williamson,Sohail Khan,0,0,"",""
ball,2,7.6,New Zealand,JA Raval,KS Williamson,Sohail Khan,0,0,"",""
ball,2,8.1,New Zealand,KS Williamson,JA Raval,Mohammad Amir,0,0,"",""
ball,2,8.2,New Zealand,KS Williamson,JA Raval,Mohammad Amir,0,0,"",""
ball,2,8.3,New Zealand,KS Williamson,JA Raval,Mohammad Amir,0,0,"",""
ball,2,8.4,New Zealand,KS Williamson,JA Raval,Mohammad Amir,3,0,"",""
ball,2,8.5,New Zealand,JA Raval,KS Williamson,Mohammad Amir,0,0,"",""
ball,2,8.6,New Zealand,JA Raval,KS Williamson,Mohammad Amir,0,0,"",""
ball,2,9.1,New Zealand,KS Williamson,JA Raval,Sohail Khan,0,0,caught,KS Williamson
ball,2,9.2,New Zealand,LRPL Taylor,JA Raval,Sohail Khan,0,0,"",""
ball,2,9.3,New Zealand,LRPL Taylor,JA Raval,Sohail Khan,0,0,"",""
ball,2,9.4,New Zealand,LRPL Taylor,JA Raval,Sohail Khan,0,0,"",""
ball,2,9.5,New Zealand,LRPL Taylor,JA Raval,Sohail Khan,0,0,"",""
ball,2,9.6,New Zealand,LRPL Taylor,JA Raval,Sohail Khan,0,0,"",""
ball,2,10.1,New Zealand,JA Raval,LRPL Taylor,Mohammad Amir,0,0,"",""
ball,2,10.2,New Zealand,JA Raval,LRPL Taylor,Mohammad Amir,0,0,"",""
ball,2,10.3,New Zealand,JA Raval,LRPL Taylor,Mohammad Amir,0,0,"",""
ball,2,10.4,New Zealand,JA Raval,LRPL Taylor,Mohammad Amir,0,0,"",""
ball,2,10.5,New Zealand,JA Raval,LRPL Taylor,Mohammad Amir,1,0,"",""
ball,2,10.6,New Zealand,LRPL Taylor,JA Raval,Mohammad Amir,0,0,"",""
ball,2,11.1,New Zealand,JA Raval,LRPL Taylor,Sohail Khan,0,0,"",""
ball,2,11.2,New Zealand,JA Raval,LRPL Taylor,Sohail Khan,4,0,"",""
ball,2,11.3,New Zealand,JA Raval,LRPL Taylor,Sohail Khan,1,0,"",""
ball,2,11.4,New Zealand,LRPL Taylor,JA Raval,Sohail Khan,0,0,"",""
ball,2,11.5,New Zealand,LRPL Taylor,JA Raval,Sohail Khan,0,0,"",""
ball,2,11.6,New Zealand,LRPL Taylor,JA Raval,Sohail Khan,2,0,"",""
ball,2,12.1,New Zealand,JA Raval,LRPL Taylor,Rahat Ali,0,0,"",""
ball,2,12.2,New Zealand,JA Raval,LRPL Taylor,Rahat Ali,0,0,"",""
ball,2,12.3,New Zealand,JA Raval,LRPL Taylor,Rahat Ali,0,0,"",""
ball,2,12.4,New Zealand,JA Raval,LRPL Taylor,Rahat Ali,0,0,"",""
ball,2,12.5,New Zealand,JA Raval,LRPL Taylor,Rahat Ali,0,0,"",""
ball,2,12.6,New Zealand,JA Raval,LRPL Taylor,Rahat Ali,0,0,"",""
ball,2,13.1,New Zealand,LRPL Taylor,JA Raval,Sohail Khan,4,0,"",""
ball,2,13.2,New Zealand,LRPL Taylor,JA Raval,Sohail Khan,0,0,"",""
ball,2,13.3,New Zealand,LRPL Taylor,JA Raval,Sohail Khan,0,0,"",""
ball,2,13.4,New Zealand,LRPL Taylor,JA Raval,Sohail Khan,0,0,"",""
ball,2,13.5,New Zealand,LRPL Taylor,JA Raval,Sohail Khan,0,0,"",""
ball,2,13.6,New Zealand,LRPL Taylor,JA Raval,Sohail Khan,0,0,"",""
ball,2,14.1,New Zealand,JA Raval,LRPL Taylor,Rahat Ali,0,0,"",""
ball,2,14.2,New Zealand,JA Raval,LRPL Taylor,Rahat Ali,4,0,"",""
ball,2,14.3,New Zealand,JA Raval,LRPL Taylor,Rahat Ali,0,0,"",""
ball,2,14.4,New Zealand,JA Raval,LRPL Taylor,Rahat Ali,0,0,"",""
ball,2,14.5,New Zealand,JA Raval,LRPL Taylor,Rahat Ali,0,0,"",""
ball,2,14.6,New Zealand,JA Raval,LRPL Taylor,Rahat Ali,4,0,"",""
ball,2,15.1,New Zealand,LRPL Taylor,JA Raval,Sohail Khan,1,0,"",""
ball,2,15.2,New Zealand,JA Raval,LRPL Taylor,Sohail Khan,0,0,"",""
ball,2,15.3,New Zealand,JA Raval,LRPL Taylor,Sohail Khan,0,0,"",""
ball,2,15.4,New Zealand,JA Raval,LRPL Taylor,Sohail Khan,0,0,"",""
ball,2,15.5,New Zealand,JA Raval,LRPL Taylor,Sohail Khan,0,0,"",""
ball,2,15.6,New Zealand,JA Raval,LRPL Taylor,Sohail Khan,0,0,"",""
ball,2,16.1,New Zealand,LRPL Taylor,JA Raval,Rahat Ali,0,0,"",""
ball,2,16.2,New Zealand,LRPL Taylor,JA Raval,Rahat Ali,0,0,"",""
ball,2,16.3,New Zealand,LRPL Taylor,JA Raval,Rahat Ali,4,0,"",""
ball,2,16.4,New Zealand,LRPL Taylor,JA Raval,Rahat Ali,0,0,caught,LRPL Taylor
ball,2,16.5,New Zealand,HM Nicholls,JA Raval,Rahat Ali,0,0,"",""
ball,2,16.6,New Zealand,HM Nicholls,JA Raval,Rahat Ali,0,0,"",""
ball,2,17.1,New Zealand,JA Raval,HM Nicholls,Sohail Khan,0,0,"",""
ball,2,17.2,New Zealand,JA Raval,HM Nicholls,Sohail Khan,1,0,"",""
ball,2,17.3,New Zealand,HM Nicholls,JA Raval,Sohail Khan,0,0,"",""
ball,2,17.4,New Zealand,HM Nicholls,JA Raval,Sohail Khan,0,0,"",""
ball,2,17.5,New Zealand,HM Nicholls,JA Raval,Sohail Khan,0,0,"",""
ball,2,17.6,New Zealand,HM Nicholls,JA Raval,Sohail Khan,1,0,"",""
ball,2,18.1,New Zealand,HM Nicholls,JA Raval,Rahat Ali,4,0,"",""
ball,2,18.2,New Zealand,HM Nicholls,JA Raval,Rahat Ali,0,0,"",""
ball,2,18.3,New Zealand,HM Nicholls,JA Raval,Rahat Ali,4,0,"",""
ball,2,18.4,New Zealand,HM Nicholls,JA Raval,Rahat Ali,0,0,"",""
ball,2,18.5,New Zealand,HM Nicholls,JA Raval,Rahat Ali,0,0,"",""
ball,2,18.6,New Zealand,HM Nicholls,JA Raval,Rahat Ali,0,0,"",""
ball,2,19.1,New Zealand,JA Raval,HM Nicholls,Sohail Khan,4,0,"",""
ball,2,19.2,New Zealand,JA Raval,HM Nicholls,Sohail Khan,0,0,"",""
ball,2,19.3,New Zealand,JA Raval,HM Nicholls,Sohail Khan,0,0,"",""
ball,2,19.4,New Zealand,JA Raval,HM Nicholls,Sohail Khan,0,0,"",""
ball,2,19.5,New Zealand,JA Raval,HM Nicholls,Sohail Khan,0,0,"",""
ball,2,19.6,New Zealand,JA Raval,HM Nicholls,Sohail Khan,0,0,"",""
ball,2,20.1,New Zealand,HM Nicholls,JA Raval,Rahat Ali,0,0,"",""
ball,2,20.2,New Zealand,HM Nicholls,JA Raval,Rahat Ali,0,0,"",""
ball,2,20.3,New Zealand,HM Nicholls,JA Raval,Rahat Ali,1,0,"",""
ball,2,20.4,New Zealand,JA Raval,HM Nicholls,Rahat Ali,0,0,"",""
ball,2,20.5,New Zealand,JA Raval,HM Nicholls,Rahat Ali,4,0,"",""
ball,2,20.6,New Zealand,JA Raval,HM Nicholls,Rahat Ali,0,0,"",""
ball,2,21.1,New Zealand,HM Nicholls,JA Raval,Mohammad Amir,0,0,"",""
ball,2,21.2,New Zealand,HM Nicholls,JA Raval,Mohammad Amir,4,1,"",""
ball,2,21.3,New Zealand,HM Nicholls,JA Raval,Mohammad Amir,0,0,"",""
ball,2,21.4,New Zealand,HM Nicholls,JA Raval,Mohammad Amir,0,0,"",""
ball,2,21.5,New Zealand,HM Nicholls,JA Raval,Mohammad Amir,0,0,"",""
ball,2,21.6,New Zealand,HM Nicholls,JA Raval,Mohammad Amir,0,0,"",""
ball,2,21.7,New Zealand,HM Nicholls,JA Raval,Mohammad Amir,0,0,"",""
ball,2,22.1,New Zealand,JA Raval,HM Nicholls,Yasir Shah,0,0,"",""
ball,2,22.2,New Zealand,JA Raval,HM Nicholls,Yasir Shah,1,0,"",""
ball,2,22.3,New Zealand,HM Nicholls,JA Raval,Yasir Shah,0,0,"",""
ball,2,22.4,New Zealand,HM Nicholls,JA Raval,Yasir Shah,0,0,"",""
ball,2,22.5,New Zealand,HM Nicholls,JA Raval,Yasir Shah,0,0,"",""
ball,2,22.6,New Zealand,HM Nicholls,JA Raval,Yasir Shah,0,0,"",""
ball,2,23.1,New Zealand,JA Raval,HM Nicholls,Mohammad Amir,0,0,"",""
ball,2,23.2,New Zealand,JA Raval,HM Nicholls,Mohammad Amir,0,0,"",""
ball,2,23.3,New Zealand,JA Raval,HM Nicholls,Mohammad Amir,0,0,"",""
ball,2,23.4,New Zealand,JA Raval,HM Nicholls,Mohammad Amir,0,0,"",""
ball,2,23.5,New Zealand,JA Raval,HM Nicholls,Mohammad Amir,0,0,"",""
ball,2,23.6,New Zealand,JA Raval,HM Nicholls,Mohammad Amir,0,0,"",""
ball,2,24.1,New Zealand,HM Nicholls,JA Raval,Yasir Shah,0,0,"",""
ball,2,24.2,New Zealand,HM Nicholls,JA Raval,Yasir Shah,0,0,"",""
ball,2,24.3,New Zealand,HM Nicholls,JA Raval,Yasir Shah,4,0,"",""
ball,2,24.4,New Zealand,HM Nicholls,JA Raval,Yasir Shah,0,0,"",""
ball,2,24.5,New Zealand,HM Nicholls,JA Raval,Yasir Shah,1,0,"",""
ball,2,24.6,New Zealand,JA Raval,HM Nicholls,Yasir Shah,0,0,"",""
ball,2,25.1,New Zealand,HM Nicholls,JA Raval,Mohammad Amir,0,0,"",""
ball,2,25.2,New Zealand,HM Nicholls,JA Raval,Mohammad Amir,0,0,"",""
ball,2,25.3,New Zealand,HM Nicholls,JA Raval,Mohammad Amir,0,0,"",""
ball,2,25.4,New Zealand,HM Nicholls,JA Raval,Mohammad Amir,0,0,"",""
ball,2,25.5,New Zealand,HM Nicholls,JA Raval,Mohammad Amir,0,0,"",""
ball,2,25.6,New Zealand,HM Nicholls,JA Raval,Mohammad Amir,0,0,"",""
ball,2,26.1,New Zealand,JA Raval,HM Nicholls,Yasir Shah,1,0,"",""
ball,2,26.2,New Zealand,HM Nicholls,JA Raval,Yasir Shah,0,0,"",""
ball,2,26.3,New Zealand,HM Nicholls,JA Raval,Yasir Shah,3,0,"",""
ball,2,26.4,New Zealand,JA Raval,HM Nicholls,Yasir Shah,0,0,"",""
ball,2,26.5,New Zealand,JA Raval,HM Nicholls,Yasir Shah,1,0,"",""
ball,2,26.6,New Zealand,HM Nicholls,JA Raval,Yasir Shah,0,0,"",""
ball,2,27.1,New Zealand,JA Raval,HM Nicholls,Mohammad Amir,1,0,"",""
ball,2,27.2,New Zealand,HM Nicholls,JA Raval,Mohammad Amir,0,0,"",""
ball,2,27.3,New Zealand,HM Nicholls,JA Raval,Mohammad Amir,0,0,"",""
ball,2,27.4,New Zealand,HM Nicholls,JA Raval,Mohammad Amir,0,0,"",""
ball,2,27.5,New Zealand,HM Nicholls,JA Raval,Mohammad Amir,0,0,"",""
ball,2,27.6,New Zealand,HM Nicholls,JA Raval,Mohammad Amir,0,0,"",""
ball,2,28.1,New Zealand,JA Raval,HM Nicholls,Yasir Shah,0,0,"",""
ball,2,28.2,New Zealand,JA Raval,HM Nicholls,Yasir Shah,0,0,"",""
ball,2,28.3,New Zealand,JA Raval,HM Nicholls,Yasir Shah,0,0,"",""
ball,2,28.4,New Zealand,JA Raval,HM Nicholls,Yasir Shah,2,0,"",""
ball,2,28.5,New Zealand,JA Raval,HM Nicholls,Yasir Shah,3,0,"",""
ball,2,28.6,New Zealand,HM Nicholls,JA Raval,Yasir Shah,0,0,"",""
ball,2,29.1,New Zealand,JA Raval,HM Nicholls,Mohammad Amir,0,1,"",""
ball,2,29.2,New Zealand,JA Raval,HM Nicholls,Mohammad Amir,1,0,"",""
ball,2,29.3,New Zealand,HM Nicholls,JA Raval,Mohammad Amir,0,0,"",""
ball,2,29.4,New Zealand,HM Nicholls,JA Raval,Mohammad Amir,2,1,"",""
ball,2,29.5,New Zealand,HM Nicholls,JA Raval,Mohammad Amir,0,0,"",""
ball,2,29.6,New Zealand,HM Nicholls,JA Raval,Mohammad Amir,1,0,"",""
ball,2,29.7,New Zealand,JA Raval,HM Nicholls,Mohammad Amir,0,0,"",""
ball,2,29.8,New Zealand,JA Raval,HM Nicholls,Mohammad Amir,1,0,"",""
ball,2,30.1,New Zealand,JA Raval,HM Nicholls,Sohail Khan,1,0,"",""
ball,2,30.2,New Zealand,HM Nicholls,JA Raval,Sohail Khan,0,0,"",""
ball,2,30.3,New Zealand,HM Nicholls,JA Raval,Sohail Khan,1,0,"",""
ball,2,30.4,New Zealand,JA Raval,HM Nicholls,Sohail Khan,0,0,"",""
ball,2,30.5,New Zealand,JA Raval,HM Nicholls,Sohail Khan,0,0,"",""
ball,2,30.6,New Zealand,JA Raval,HM Nicholls,Sohail Khan,3,0,"",""
ball,2,31.1,New Zealand,JA Raval,HM Nicholls,Rahat Ali,0,0,"",""
ball,2,31.2,New Zealand,JA Raval,HM Nicholls,Rahat Ali,2,0,"",""
ball,2,31.3,New Zealand,JA Raval,HM Nicholls,Rahat Ali,0,0,"",""
ball,2,31.4,New Zealand,JA Raval,HM Nicholls,Rahat Ali,0,0,"",""
ball,2,31.5,New Zealand,JA Raval,HM Nicholls,Rahat Ali,0,0,"",""
ball,2,31.6,New Zealand,JA Raval,HM Nicholls,Rahat Ali,2,0,"",""
ball,2,32.1,New Zealand,HM Nicholls,JA Raval,Sohail Khan,0,0,"",""
ball,2,32.2,New Zealand,HM Nicholls,JA Raval,Sohail Khan,1,0,"",""
ball,2,32.3,New Zealand,JA Raval,HM Nicholls,Sohail Khan,0,0,"",""
ball,2,32.4,New Zealand,JA Raval,HM Nicholls,Sohail Khan,0,0,"",""
ball,2,32.5,New Zealand,JA Raval,HM Nicholls,Sohail Khan,0,0,"",""
ball,2,32.6,New Zealand,JA Raval,HM Nicholls,Sohail Khan,0,0,"",""
ball,2,33.1,New Zealand,HM Nicholls,JA Raval,Rahat Ali,1,0,"",""
ball,2,33.2,New Zealand,JA Raval,HM Nicholls,Rahat Ali,0,0,"",""
ball,2,33.3,New Zealand,JA Raval,HM Nicholls,Rahat Ali,0,0,"",""
ball,2,33.4,New Zealand,JA Raval,HM Nicholls,Rahat Ali,0,0,"",""
ball,2,33.5,New Zealand,JA Raval,HM Nicholls,Rahat Ali,0,0,"",""
ball,2,33.6,New Zealand,JA Raval,HM Nicholls,Rahat Ali,1,0,"",""
ball,2,34.1,New Zealand,JA Raval,HM Nicholls,Sohail Khan,0,0,"",""
ball,2,34.2,New Zealand,JA Raval,HM Nicholls,Sohail Khan,0,0,"",""
ball,2,34.3,New Zealand,JA Raval,HM Nicholls,Sohail Khan,1,0,"",""
ball,2,34.4,New Zealand,HM Nicholls,JA Raval,Sohail Khan,1,0,"",""
ball,2,34.5,New Zealand,JA Raval,HM Nicholls,Sohail Khan,0,0,"",""
ball,2,34.6,New Zealand,JA Raval,HM Nicholls,Sohail Khan,1,0,"",""
ball,2,35.1,New Zealand,JA Raval,HM Nicholls,Rahat Ali,0,0,"",""
ball,2,35.2,New Zealand,JA Raval,HM Nicholls,Rahat Ali,0,0,"",""
ball,2,35.3,New Zealand,JA Raval,HM Nicholls,Rahat Ali,0,0,"",""
ball,2,35.4,New Zealand,JA Raval,HM Nicholls,Rahat Ali,0,0,"",""
ball,2,35.5,New Zealand,JA Raval,HM Nicholls,Rahat Ali,1,0,"",""
ball,2,35.6,New Zealand,HM Nicholls,JA Raval,Rahat Ali,0,0,"",""
ball,2,36.1,New Zealand,JA Raval,HM Nicholls,Sohail Khan,0,0,"",""
ball,2,36.2,New Zealand,JA Raval,HM Nicholls,Sohail Khan,0,0,"",""
ball,2,36.3,New Zealand,JA Raval,HM Nicholls,Sohail Khan,0,0,"",""
ball,2,36.4,New Zealand,JA Raval,HM Nicholls,Sohail Khan,0,0,"",""
ball,2,36.5,New Zealand,JA Raval,HM Nicholls,Sohail Khan,0,0,"",""
ball,2,36.6,New Zealand,JA Raval,HM Nicholls,Sohail Khan,0,0,"",""
ball,2,37.1,New Zealand,HM Nicholls,JA Raval,Mohammad Amir,0,0,"",""
ball,2,37.2,New Zealand,HM Nicholls,JA Raval,Mohammad Amir,1,0,"",""
ball,2,37.3,New Zealand,JA Raval,HM Nicholls,Mohammad Amir,0,0,"",""
ball,2,37.4,New Zealand,JA Raval,HM Nicholls,Mohammad Amir,0,0,"",""
ball,2,37.5,New Zealand,JA Raval,HM Nicholls,Mohammad Amir,0,0,"",""
ball,2,37.6,New Zealand,JA Raval,HM Nicholls,Mohammad Amir,0,0,"",""
ball,2,38.1,New Zealand,HM Nicholls,JA Raval,Sohail Khan,0,0,"",""
ball,2,38.2,New Zealand,HM Nicholls,JA Raval,Sohail Khan,0,0,lbw,HM Nicholls
ball,2,38.3,New Zealand,C de Grandhomme,JA Raval,Sohail Khan,4,0,"",""
ball,2,38.4,New Zealand,C de Grandhomme,JA Raval,Sohail Khan,0,0,"",""
ball,2,38.5,New Zealand,C de Grandhomme,JA Raval,Sohail Khan,0,0,"",""
ball,2,38.6,New Zealand,C de Grandhomme,JA Raval,Sohail Khan,0,0,"",""
ball,2,39.1,New Zealand,JA Raval,C de Grandhomme,Mohammad Amir,0,0,"",""
ball,2,39.2,New Zealand,JA Raval,C de Grandhomme,Mohammad Amir,0,0,"",""
ball,2,39.3,New Zealand,JA Raval,C de Grandhomme,Mohammad Amir,0,0,caught,JA Raval
ball,2,39.4,New Zealand,BJ Watling,C de Grandhomme,Mohammad Amir,0,1,"",""
ball,2,39.5,New Zealand,BJ Watling,C de Grandhomme,Mohammad Amir,0,0,"",""
ball,2,39.6,New Zealand,BJ Watling,C de Grandhomme,Mohammad Amir,1,0,"",""
ball,2,39.7,New Zealand,C de Grandhomme,BJ Watling,Mohammad Amir,0,0,"",""
ball,2,40.1,New Zealand,BJ Watling,C de Grandhomme,Sohail Khan,0,0,"",""
ball,2,40.2,New Zealand,BJ Watling,C de Grandhomme,Sohail Khan,4,0,"",""
ball,2,40.3,New Zealand,BJ Watling,C de Grandhomme,Sohail Khan,1,0,"",""
ball,2,40.4,New Zealand,C de Grandhomme,BJ Watling,Sohail Khan,0,0,"",""
ball,2,40.5,New Zealand,C de Grandhomme,BJ Watling,Sohail Khan,0,0,"",""
ball,2,40.6,New Zealand,C de Grandhomme,BJ Watling,Sohail Khan,0,0,"",""
ball,2,41.1,New Zealand,BJ Watling,C de Grandhomme,Mohammad Amir,0,0,"",""
ball,2,41.2,New Zealand,BJ Watling,C de Grandhomme,Mohammad Amir,0,0,"",""
ball,2,41.3,New Zealand,BJ Watling,C de Grandhomme,Mohammad Amir,0,0,"",""
ball,2,41.4,New Zealand,BJ Watling,C de Grandhomme,Mohammad Amir,0,0,"",""
ball,2,41.5,New Zealand,BJ Watling,C de Grandhomme,Mohammad Amir,1,0,"",""
ball,2,41.6,New Zealand,C de Grandhomme,BJ Watling,Mohammad Amir,0,0,"",""
ball,2,42.1,New Zealand,BJ Watling,C de Grandhomme,Sohail Khan,0,0,"",""
ball,2,42.2,New Zealand,BJ Watling,C de Grandhomme,Sohail Khan,0,0,"",""
ball,2,42.3,New Zealand,BJ Watling,C de Grandhomme,Sohail Khan,0,0,"",""
ball,2,42.4,New Zealand,BJ Watling,C de Grandhomme,Sohail Khan,0,0,"",""
ball,2,42.5,New Zealand,BJ Watling,C de Grandhomme,Sohail Khan,0,0,"",""
ball,2,42.6,New Zealand,BJ Watling,C de Grandhomme,Sohail Khan,0,0,"",""
ball,2,43.1,New Zealand,C de Grandhomme,BJ Watling,Mohammad Amir,0,0,"",""
ball,2,43.2,New Zealand,C de Grandhomme,BJ Watling,Mohammad Amir,0,0,"",""
ball,2,43.3,New Zealand,C de Grandhomme,BJ Watling,Mohammad Amir,0,0,"",""
ball,2,43.4,New Zealand,C de Grandhomme,BJ Watling,Mohammad Amir,4,0,"",""
ball,2,43.5,New Zealand,C de Grandhomme,BJ Watling,Mohammad Amir,1,0,"",""
ball,2,43.6,New Zealand,BJ Watling,C de Grandhomme,Mohammad Amir,0,0,"",""
ball,2,44.1,New Zealand,C de Grandhomme,BJ Watling,Sohail Khan,4,0,"",""
ball,2,44.2,New Zealand,C de Grandhomme,BJ Watling,Sohail Khan,0,0,"",""
ball,2,44.3,New Zealand,C de Grandhomme,BJ Watling,Sohail Khan,0,0,"",""
ball,2,44.4,New Zealand,C de Grandhomme,BJ Watling,Sohail Khan,4,0,"",""
ball,2,44.5,New Zealand,C de Grandhomme,BJ Watling,Sohail Khan,0,0,"",""
ball,2,44.6,New Zealand,C de Grandhomme,BJ Watling,Sohail Khan,2,0,"",""
ball,2,45.1,New Zealand,BJ Watling,C de Grandhomme,Rahat Ali,1,0,"",""
ball,2,45.2,New Zealand,C de Grandhomme,BJ Watling,Rahat Ali,0,0,"",""
ball,2,45.3,New Zealand,C de Grandhomme,BJ Watling,Rahat Ali,4,0,"",""
ball,2,45.4,New Zealand,C de Grandhomme,BJ Watling,Rahat Ali,1,0,"",""
ball,2,45.5,New Zealand,BJ Watling,C de Grandhomme,Rahat Ali,0,0,"",""
ball,2,45.6,New Zealand,BJ Watling,C de Grandhomme,Rahat Ali,0,0,"",""
ball,2,46.1,New Zealand,C de Grandhomme,BJ Watling,Sohail Khan,0,0,"",""
ball,2,46.2,New Zealand,C de Grandhomme,BJ Watling,Sohail Khan,0,0,"",""
ball,2,46.3,New Zealand,C de Grandhomme,BJ Watling,Sohail Khan,0,0,"",""
ball,2,46.4,New Zealand,C de Grandhomme,BJ Watling,Sohail Khan,0,0,"",""
ball,2,46.5,New Zealand,C de Grandhomme,BJ Watling,Sohail Khan,0,0,"",""
ball,2,46.6,New Zealand,C de Grandhomme,BJ Watling,Sohail Khan,0,0,"",""
ball,2,47.1,New Zealand,BJ Watling,C de Grandhomme,Rahat Ali,0,0,"",""
ball,2,47.2,New Zealand,BJ Watling,C de Grandhomme,Rahat Ali,1,0,"",""
ball,2,47.3,New Zealand,C de Grandhomme,BJ Watling,Rahat Ali,0,0,"",""
ball,2,47.4,New Zealand,C de Grandhomme,BJ Watling,Rahat Ali,0,0,"",""
ball,2,47.5,New Zealand,C de Grandhomme,BJ Watling,Rahat Ali,1,0,"",""
ball,2,47.6,New Zealand,BJ Watling,C de Grandhomme,Rahat Ali,1,0,"",""
ball,2,48.1,New Zealand,BJ Watling,C de Grandhomme,Sohail Khan,1,0,"",""
ball,2,48.2,New Zealand,C de Grandhomme,BJ Watling,Sohail Khan,0,0,"",""
ball,2,48.3,New Zealand,C de Grandhomme,BJ Watling,Sohail Khan,0,0,"",""
ball,2,48.4,New Zealand,C de Grandhomme,BJ Watling,Sohail Khan,0,0,"",""
ball,2,48.5,New Zealand,C de Grandhomme,BJ Watling,Sohail Khan,4,0,"",""
ball,2,48.6,New Zealand,C de Grandhomme,BJ Watling,Sohail Khan,0,0,caught,C de Grandhomme
ball,2,49.1,New Zealand,TD Astle,BJ Watling,Rahat Ali,0,0,"",""
ball,2,49.2,New Zealand,TD Astle,BJ Watling,Rahat Ali,0,0,"",""
ball,2,49.3,New Zealand,TD Astle,BJ Watling,Rahat Ali,0,0,"",""
ball,2,49.4,New Zealand,TD Astle,BJ Watling,Rahat Ali,0,0,"",""
ball,2,49.5,New Zealand,TD Astle,BJ Watling,Rahat Ali,0,0,caught,TD Astle
ball,2,49.6,New Zealand,TG Southee,BJ Watling,Rahat Ali,0,0,"",""
ball,2,50.1,New Zealand,BJ Watling,TG Southee,Sohail Khan,0,0,"",""
ball,2,50.2,New Zealand,BJ Watling,TG Southee,Sohail Khan,0,0,"",""
ball,2,50.3,New Zealand,BJ Watling,TG Southee,Sohail Khan,0,0,"",""
ball,2,50.4,New Zealand,BJ Watling,TG Southee,Sohail Khan,0,0,"",""
ball,2,50.5,New Zealand,BJ Watling,TG Southee,Sohail Khan,1,0,"",""
ball,2,50.6,New Zealand,TG Southee,BJ Watling,Sohail Khan,1,0,"",""
ball,2,51.1,New Zealand,TG Southee,BJ Watling,Rahat Ali,0,0,"",""
ball,2,51.2,New Zealand,TG Southee,BJ Watling,Rahat Ali,1,0,"",""
ball,2,51.3,New Zealand,BJ Watling,TG Southee,Rahat Ali,0,0,"",""
ball,2,51.4,New Zealand,BJ Watling,TG Southee,Rahat Ali,0,0,"",""
ball,2,51.5,New Zealand,BJ Watling,TG Southee,Rahat Ali,2,0,"",""
ball,2,51.6,New Zealand,BJ Watling,TG Southee,Rahat Ali,0,0,"",""
ball,2,52.1,New Zealand,TG Southee,BJ Watling,Sohail Khan,4,0,"",""
ball,2,52.2,New Zealand,TG Southee,BJ Watling,Sohail Khan,4,0,"",""
ball,2,52.3,New Zealand,TG Southee,BJ Watling,Sohail Khan,0,0,"",""
ball,2,52.4,New Zealand,TG Southee,BJ Watling,Sohail Khan,0,0,"",""
ball,2,52.5,New Zealand,TG Southee,BJ Watling,Sohail Khan,4,0,"",""
ball,2,52.6,New Zealand,TG Southee,BJ Watling,Sohail Khan,4,0,"",""
ball,2,53.1,New Zealand,BJ Watling,TG Southee,Rahat Ali,0,0,"",""
ball,2,53.2,New Zealand,BJ Watling,TG Southee,Rahat Ali,0,0,"",""
ball,2,53.3,New Zealand,BJ Watling,TG Southee,Rahat Ali,4,0,"",""
ball,2,53.4,New Zealand,BJ Watling,TG Southee,Rahat Ali,0,0,"",""
ball,2,53.5,New Zealand,BJ Watling,TG Southee,Rahat Ali,0,0,"",""
ball,2,53.6,New Zealand,BJ Watling,TG Southee,Rahat Ali,0,0,caught,BJ Watling
ball,2,54.1,New Zealand,TG Southee,N Wagner,Mohammad Amir,1,0,"",""
ball,2,54.2,New Zealand,N Wagner,TG Southee,Mohammad Amir,1,0,"",""
ball,2,54.3,New Zealand,TG Southee,N Wagner,Mohammad Amir,1,0,"",""
ball,2,54.4,New Zealand,N Wagner,TG Southee,Mohammad Amir,0,0,"",""
ball,2,54.5,New Zealand,N Wagner,TG Southee,Mohammad Amir,0,0,"",""
ball,2,54.6,New Zealand,N Wagner,TG Southee,Mohammad Amir,0,0,"",""
ball,2,55.1,New Zealand,TG Southee,N Wagner,Rahat Ali,0,0,"",""
ball,2,55.2,New Zealand,TG Southee,N Wagner,Rahat Ali,0,0,"",""
ball,2,55.3,New Zealand,TG Southee,N Wagner,Rahat Ali,0,0,"",""
ball,2,55.4,New Zealand,TG Southee,N Wagner,Rahat Ali,0,0,"",""
ball,2,55.5,New Zealand,TG Southee,N Wagner,Rahat Ali,1,0,"",""
ball,2,55.6,New Zealand,N Wagner,TG Southee,Rahat Ali,0,0,"",""
ball,2,56.1,New Zealand,TG Southee,N Wagner,Mohammad Amir,1,0,"",""
ball,2,56.2,New Zealand,N Wagner,TG Southee,Mohammad Amir,0,0,"",""
ball,2,56.3,New Zealand,N Wagner,TG Southee,Mohammad Amir,0,0,"",""
ball,2,56.4,New Zealand,N Wagner,TG Southee,Mohammad Amir,1,0,"",""
ball,2,56.5,New Zealand,TG Southee,N Wagner,Mohammad Amir,0,0,caught,TG Southee
ball,2,56.6,New Zealand,TA Boult,N Wagner,Mohammad Amir,0,0,"",""
ball,2,57.1,New Zealand,N Wagner,TA Boult,Rahat Ali,1,0,"",""
ball,2,57.2,New Zealand,TA Boult,N Wagner,Rahat Ali,0,0,"",""
ball,2,57.3,New Zealand,TA Boult,N Wagner,Rahat Ali,0,0,"",""
ball,2,57.4,New Zealand,TA Boult,N Wagner,Rahat Ali,0,0,"",""
ball,2,57.5,New Zealand,TA Boult,N Wagner,Rahat Ali,1,0,"",""
ball,2,57.6,New Zealand,N Wagner,TA Boult,Rahat Ali,4,0,"",""
ball,2,58.1,New Zealand,TA Boult,N Wagner,Mohammad Amir,1,0,"",""
ball,2,58.2,New Zealand,N Wagner,TA Boult,Mohammad Amir,0,1,"",""
ball,2,58.3,New Zealand,N Wagner,TA Boult,Mohammad Amir,4,0,"",""
ball,2,58.4,New Zealand,N Wagner,TA Boult,Mohammad Amir,0,0,"",""
ball,2,58.5,New Zealand,N Wagner,TA Boult,Mohammad Amir,4,0,"",""
ball,2,58.6,New Zealand,N Wagner,TA Boult,Mohammad Amir,0,0,"",""
ball,2,58.7,New Zealand,N Wagner,TA Boult,Mohammad Amir,0,0,"",""
ball,2,59.1,New Zealand,TA Boult,N Wagner,Rahat Ali,0,0,"",""
ball,2,59.2,New Zealand,TA Boult,N Wagner,Rahat Ali,1,0,"",""
ball,2,59.3,New Zealand,N Wagner,TA Boult,Rahat Ali,0,0,"",""
ball,2,59.4,New Zealand,N Wagner,TA Boult,Rahat Ali,6,0,"",""
ball,2,59.5,New Zealand,N Wagner,TA Boult,Rahat Ali,0,0,caught,N Wagner
ball,3,0.1,Pakistan,Sami Aslam,Azhar Ali,TA Boult,0,0,"",""
ball,3,0.2,Pakistan,Sami Aslam,Azhar Ali,TA Boult,0,0,"",""
ball,3,0.3,Pakistan,Sami Aslam,Azhar Ali,TA Boult,0,0,"",""
ball,3,0.4,Pakistan,Sami Aslam,Azhar Ali,TA Boult,1,0,"",""
ball,3,0.5,Pakistan,Azhar Ali,Sami Aslam,TA Boult,0,0,"",""
ball,3,0.6,Pakistan,Azhar Ali,Sami Aslam,TA Boult,0,0,"",""
ball,3,1.1,Pakistan,Sami Aslam,Azhar Ali,TG Southee,0,0,"",""
ball,3,1.2,Pakistan,Sami Aslam,Azhar Ali,TG Southee,0,0,"",""
ball,3,1.3,Pakistan,Sami Aslam,Azhar Ali,TG Southee,0,0,"",""
ball,3,1.4,Pakistan,Sami Aslam,Azhar Ali,TG Southee,0,0,"",""
ball,3,1.5,Pakistan,Sami Aslam,Azhar Ali,TG Southee,0,0,"",""
ball,3,1.6,Pakistan,Sami Aslam,Azhar Ali,TG Southee,0,0,"",""
ball,3,2.1,Pakistan,Azhar Ali,Sami Aslam,TA Boult,0,0,"",""
ball,3,2.2,Pakistan,Azhar Ali,Sami Aslam,TA Boult,0,0,"",""
ball,3,2.3,Pakistan,Azhar Ali,Sami Aslam,TA Boult,0,0,"",""
ball,3,2.4,Pakistan,Azhar Ali,Sami Aslam,TA Boult,0,0,"",""
ball,3,2.5,Pakistan,Azhar Ali,Sami Aslam,TA Boult,4,0,"",""
ball,3,2.6,Pakistan,Azhar Ali,Sami Aslam,TA Boult,0,0,"",""
ball,3,3.1,Pakistan,Sami Aslam,Azhar Ali,TG Southee,0,0,"",""
ball,3,3.2,Pakistan,Sami Aslam,Azhar Ali,TG Southee,0,0,"",""
ball,3,3.3,Pakistan,Sami Aslam,Azhar Ali,TG Southee,0,0,"",""
ball,3,3.4,Pakistan,Sami Aslam,Azhar Ali,TG Southee,0,0,"",""
ball,3,3.5,Pakistan,Sami Aslam,Azhar Ali,TG Southee,0,0,"",""
ball,3,3.6,Pakistan,Sami Aslam,Azhar Ali,TG Southee,0,0,"",""
ball,3,4.1,Pakistan,Azhar Ali,Sami Aslam,TA Boult,0,0,"",""
ball,3,4.2,Pakistan,Azhar Ali,Sami Aslam,TA Boult,0,0,"",""
ball,3,4.3,Pakistan,Azhar Ali,Sami Aslam,TA Boult,1,0,"",""
ball,3,4.4,Pakistan,Sami Aslam,Azhar Ali,TA Boult,0,0,"",""
ball,3,4.5,Pakistan,Sami Aslam,Azhar Ali,TA Boult,0,0,"",""
ball,3,4.6,Pakistan,Sami Aslam,Azhar Ali,TA Boult,0,0,"",""
ball,3,5.1,Pakistan,Azhar Ali,Sami Aslam,TG Southee,0,0,"",""
ball,3,5.2,Pakistan,Azhar Ali,Sami Aslam,TG Southee,0,0,"",""
ball,3,5.3,Pakistan,Azhar Ali,Sami Aslam,TG Southee,0,0,"",""
ball,3,5.4,Pakistan,Azhar Ali,Sami Aslam,TG Southee,0,0,"",""
ball,3,5.5,Pakistan,Azhar Ali,Sami Aslam,TG Southee,0,0,"",""
ball,3,5.6,Pakistan,Azhar Ali,Sami Aslam,TG Southee,0,0,"",""
ball,3,6.1,Pakistan,Sami Aslam,Azhar Ali,TA Boult,0,0,"",""
ball,3,6.2,Pakistan,Sami Aslam,Azhar Ali,TA Boult,0,0,"",""
ball,3,6.3,Pakistan,Sami Aslam,Azhar Ali,TA Boult,0,0,"",""
ball,3,6.4,Pakistan,Sami Aslam,Azhar Ali,TA Boult,0,0,"",""
ball,3,6.5,Pakistan,Sami Aslam,Azhar Ali,TA Boult,0,0,"",""
ball,3,6.6,Pakistan,Sami Aslam,Azhar Ali,TA Boult,0,0,"",""
ball,3,7.1,Pakistan,Azhar Ali,Sami Aslam,C de Grandhomme,0,0,"",""
ball,3,7.2,Pakistan,Azhar Ali,Sami Aslam,C de Grandhomme,0,0,"",""
ball,3,7.3,Pakistan,Azhar Ali,Sami Aslam,C de Grandhomme,0,0,"",""
ball,3,7.4,Pakistan,Azhar Ali,Sami Aslam,C de Grandhomme,0,0,"",""
ball,3,7.5,Pakistan,Azhar Ali,Sami Aslam,C de Grandhomme,0,0,"",""
ball,3,7.6,Pakistan,Azhar Ali,Sami Aslam,C de Grandhomme,0,0,"",""
ball,3,8.1,Pakistan,Sami Aslam,Azhar Ali,TA Boult,0,0,"",""
ball,3,8.2,Pakistan,Sami Aslam,Azhar Ali,TA Boult,0,0,"",""
ball,3,8.3,Pakistan,Sami Aslam,Azhar Ali,TA Boult,1,0,"",""
ball,3,8.4,Pakistan,Azhar Ali,Sami Aslam,TA Boult,0,0,"",""
ball,3,8.5,Pakistan,Azhar Ali,Sami Aslam,TA Boult,0,0,"",""
ball,3,8.6,Pakistan,Azhar Ali,Sami Aslam,TA Boult,0,0,"",""
ball,3,9.1,Pakistan,Sami Aslam,Azhar Ali,C de Grandhomme,0,0,"",""
ball,3,9.2,Pakistan,Sami Aslam,Azhar Ali,C de Grandhomme,0,0,"",""
ball,3,9.3,Pakistan,Sami Aslam,Azhar Ali,C de Grandhomme,0,0,"",""
ball,3,9.4,Pakistan,Sami Aslam,Azhar Ali,C de Grandhomme,0,0,"",""
ball,3,9.5,Pakistan,Sami Aslam,Azhar Ali,C de Grandhomme,0,0,"",""
ball,3,9.6,Pakistan,Sami Aslam,Azhar Ali,C de Grandhomme,0,0,"",""
ball,3,10.1,Pakistan,Azhar Ali,Sami Aslam,TA Boult,0,0,"",""
ball,3,10.2,Pakistan,Azhar Ali,Sami Aslam,TA Boult,0,0,"",""
ball,3,10.3,Pakistan,Azhar Ali,Sami Aslam,TA Boult,0,0,"",""
ball,3,10.4,Pakistan,Azhar Ali,Sami Aslam,TA Boult,0,0,"",""
ball,3,10.5,Pakistan,Azhar Ali,Sami Aslam,TA Boult,0,0,"",""
ball,3,10.6,Pakistan,Azhar Ali,Sami Aslam,TA Boult,0,0,"",""
ball,3,11.1,Pakistan,Sami Aslam,Azhar Ali,C de Grandhomme,0,0,"",""
ball,3,11.2,Pakistan,Sami Aslam,Azhar Ali,C de Grandhomme,1,0,"",""
ball,3,11.3,Pakistan,Azhar Ali,Sami Aslam,C de Grandhomme,1,0,"",""
ball,3,11.4,Pakistan,Sami Aslam,Azhar Ali,C de Grandhomme,0,0,"",""
ball,3,11.5,Pakistan,Sami Aslam,Azhar Ali,C de Grandhomme,0,0,"",""
ball,3,11.6,Pakistan,Sami Aslam,Azhar Ali,C de Grandhomme,0,0,"",""
ball,3,12.1,Pakistan,Azhar Ali,Sami Aslam,TA Boult,0,0,"",""
ball,3,12.2,Pakistan,Azhar Ali,Sami Aslam,TA Boult,0,0,"",""
ball,3,12.3,Pakistan,Azhar Ali,Sami Aslam,TA Boult,0,0,"",""
ball,3,12.4,Pakistan,Azhar Ali,Sami Aslam,TA Boult,0,0,"",""
ball,3,12.5,Pakistan,Azhar Ali,Sami Aslam,TA Boult,0,0,"",""
ball,3,12.6,Pakistan,Azhar Ali,Sami Aslam,TA Boult,0,0,"",""
ball,3,13.1,Pakistan,Sami Aslam,Azhar Ali,C de Grandhomme,0,0,"",""
ball,3,13.2,Pakistan,Sami Aslam,Azhar Ali,C de Grandhomme,0,0,"",""
ball,3,13.3,Pakistan,Sami Aslam,Azhar Ali,C de Grandhomme,0,0,"",""
ball,3,13.4,Pakistan,Sami Aslam,Azhar Ali,C de Grandhomme,1,0,"",""
ball,3,13.5,Pakistan,Azhar Ali,Sami Aslam,C de Grandhomme,0,0,"",""
ball,3,13.6,Pakistan,Azhar Ali,Sami Aslam,C de Grandhomme,0,0,"",""
ball,3,14.1,Pakistan,Sami Aslam,Azhar Ali,TA Boult,0,0,"",""
ball,3,14.2,Pakistan,Sami Aslam,Azhar Ali,TA Boult,2,0,"",""
ball,3,14.3,Pakistan,Sami Aslam,Azhar Ali,TA Boult,0,0,"",""
ball,3,14.4,Pakistan,Sami Aslam,Azhar Ali,TA Boult,0,0,"",""
ball,3,14.5,Pakistan,Sami Aslam,Azhar Ali,TA Boult,0,0,"",""
ball,3,14.6,Pakistan,Sami Aslam,Azhar Ali,TA Boult,0,0,"",""
ball,3,15.1,Pakistan,Azhar Ali,Sami Aslam,C de Grandhomme,0,0,"",""
ball,3,15.2,Pakistan,Azhar Ali,Sami Aslam,C de Grandhomme,4,0,"",""
ball,3,15.3,Pakistan,Azhar Ali,Sami Aslam,C de Grandhomme,3,0,"",""
ball,3,15.4,Pakistan,Sami Aslam,Azhar Ali,C de Grandhomme,0,0,"",""
ball,3,15.5,Pakistan,Sami Aslam,Azhar Ali,C de Grandhomme,0,0,"",""
ball,3,15.6,Pakistan,Sami Aslam,Azhar Ali,C de Grandhomme,0,0,"",""
ball,3,16.1,Pakistan,Azhar Ali,Sami Aslam,TG Southee,0,0,"",""
ball,3,16.2,Pakistan,Azhar Ali,Sami Aslam,TG Southee,0,0,"",""
ball,3,16.3,Pakistan,Azhar Ali,Sami Aslam,TG Southee,0,0,"",""
ball,3,16.4,Pakistan,Azhar Ali,Sami Aslam,TG Southee,0,0,"",""
ball,3,16.5,Pakistan,Azhar Ali,Sami Aslam,TG Southee,0,0,"",""
ball,3,16.6,Pakistan,Azhar Ali,Sami Aslam,TG Southee,0,0,"",""
ball,3,17.1,Pakistan,Sami Aslam,Azhar Ali,C de Grandhomme,0,0,"",""
ball,3,17.2,Pakistan,Sami Aslam,Azhar Ali,C de Grandhomme,1,0,"",""
ball,3,17.3,Pakistan,Azhar Ali,Sami Aslam,C de Grandhomme,1,0,"",""
ball,3,17.4,Pakistan,Sami Aslam,Azhar Ali,C de Grandhomme,0,0,"",""
ball,3,17.5,Pakistan,Sami Aslam,Azhar Ali,C de Grandhomme,0,0,"",""
ball,3,17.6,Pakistan,Sami Aslam,Azhar Ali,C de Grandhomme,0,0,caught,Sami Aslam
ball,3,18.1,Pakistan,Azhar Ali,Babar Azam,TG Southee,0,0,"",""
ball,3,18.2,Pakistan,Azhar Ali,Babar Azam,TG Southee,0,0,"",""
ball,3,18.3,Pakistan,Azhar Ali,Babar Azam,TG Southee,0,0,"",""
ball,3,18.4,Pakistan,Azhar Ali,Babar Azam,TG Southee,0,0,"",""
ball,3,18.5,Pakistan,Azhar Ali,Babar Azam,TG Southee,0,0,"",""
ball,3,18.6,Pakistan,Azhar Ali,Babar Azam,TG Southee,0,0,"",""
ball,3,19.1,Pakistan,Babar Azam,Azhar Ali,C de Grandhomme,0,0,"",""
ball,3,19.2,Pakistan,Babar Azam,Azhar Ali,C de Grandhomme,1,0,"",""
ball,3,19.3,Pakistan,Azhar Ali,Babar Azam,C de Grandhomme,0,1,"",""
ball,3,19.4,Pakistan,Babar Azam,Azhar Ali,C de Grandhomme,1,0,"",""
ball,3,19.5,Pakistan,Azhar Ali,Babar Azam,C de Grandhomme,0,0,"",""
ball,3,19.6,Pakistan,Azhar Ali,Babar Azam,C de Grandhomme,0,0,"",""
ball,3,20.1,Pakistan,Babar Azam,Azhar Ali,TG Southee,1,0,"",""
ball,3,20.2,Pakistan,Azhar Ali,Babar Azam,TG Southee,0,0,"",""
ball,3,20.3,Pakistan,Azhar Ali,Babar Azam,TG Southee,0,0,"",""
ball,3,20.4,Pakistan,Azhar Ali,Babar Azam,TG Southee,0,0,"",""
ball,3,20.5,Pakistan,Azhar Ali,Babar Azam,TG Southee,0,0,"",""
ball,3,20.6,Pakistan,Azhar Ali,Babar Azam,TG Southee,0,0,"",""
ball,3,21.1,Pakistan,Babar Azam,Azhar Ali,N Wagner,0,0,"",""
ball,3,21.2,Pakistan,Babar Azam,Azhar Ali,N Wagner,0,0,"",""
ball,3,21.3,Pakistan,Babar Azam,Azhar Ali,N Wagner,0,0,"",""
ball,3,21.4,Pakistan,Babar Azam,Azhar Ali,N Wagner,1,0,"",""
ball,3,21.5,Pakistan,Azhar Ali,Babar Azam,N Wagner,0,0,"",""
ball,3,21.6,Pakistan,Azhar Ali,Babar Azam,N Wagner,0,0,"",""
ball,3,22.1,Pakistan,Babar Azam,Azhar Ali,TG Southee,0,0,"",""
ball,3,22.2,Pakistan,Babar Azam,Azhar Ali,TG Southee,0,0,"",""
ball,3,22.3,Pakistan,Babar Azam,Azhar Ali,TG Southee,0,0,"",""
ball,3,22.4,Pakistan,Babar Azam,Azhar Ali,TG Southee,0,0,"",""
ball,3,22.5,Pakistan,Babar Azam,Azhar Ali,TG Southee,0,0,"",""
ball,3,22.6,Pakistan,Babar Azam,Azhar Ali,TG Southee,0,0,"",""
ball,3,23.1,Pakistan,Azhar Ali,Babar Azam,N Wagner,0,0,"",""
ball,3,23.2,Pakistan,Azhar Ali,Babar Azam,N Wagner,0,0,"",""
ball,3,23.3,Pakistan,Azhar Ali,Babar Azam,N Wagner,0,0,"",""
ball,3,23.4,Pakistan,Azhar Ali,Babar Azam,N Wagner,0,0,"",""
ball,3,23.5,Pakistan,Azhar Ali,Babar Azam,N Wagner,0,0,"",""
ball,3,23.6,Pakistan,Azhar Ali,Babar Azam,N Wagner,0,0,"",""
ball,3,24.1,Pakistan,Babar Azam,Azhar Ali,TD Astle,1,0,"",""
ball,3,24.2,Pakistan,Azhar Ali,Babar Azam,TD Astle,0,0,"",""
ball,3,24.3,Pakistan,Azhar Ali,Babar Azam,TD Astle,0,0,"",""
ball,3,24.4,Pakistan,Azhar Ali,Babar Azam,TD Astle,2,0,"",""
ball,3,24.5,Pakistan,Azhar Ali,Babar Azam,TD Astle,0,0,"",""
ball,3,24.6,Pakistan,Azhar Ali,Babar Azam,TD Astle,0,0,"",""
ball,3,25.1,Pakistan,Babar Azam,Azhar Ali,TG Southee,3,0,"",""
ball,3,25.2,Pakistan,Azhar Ali,Babar Azam,TG Southee,1,0,"",""
ball,3,25.3,Pakistan,Babar Azam,Azhar Ali,TG Southee,0,0,"",""
ball,3,25.4,Pakistan,Babar Azam,Azhar Ali,TG Southee,0,0,"",""
ball,3,25.5,Pakistan,Babar Azam,Azhar Ali,TG Southee,0,0,"",""
ball,3,25.6,Pakistan,Babar Azam,Azhar Ali,TG Southee,0,0,"",""
ball,3,26.1,Pakistan,Azhar Ali,Babar Azam,TD Astle,1,0,"",""
ball,3,26.2,Pakistan,Babar Azam,Azhar Ali,TD Astle,4,0,"",""
ball,3,26.3,Pakistan,Babar Azam,Azhar Ali,TD Astle,0,0,"",""
ball,3,26.4,Pakistan,Babar Azam,Azhar Ali,TD Astle,2,0,"",""
ball,3,26.5,Pakistan,Babar Azam,Azhar Ali,TD Astle,0,0,"",""
ball,3,26.6,Pakistan,Babar Azam,Azhar Ali,TD Astle,0,0,"",""
ball,3,27.1,Pakistan,Azhar Ali,Babar Azam,TG Southee,0,0,"",""
ball,3,27.2,Pakistan,Azhar Ali,Babar Azam,TG Southee,1,0,"",""
ball,3,27.3,Pakistan,Babar Azam,Azhar Ali,TG Southee,0,0,"",""
ball,3,27.4,Pakistan,Babar Azam,Azhar Ali,TG Southee,0,0,"",""
ball,3,27.5,Pakistan,Babar Azam,Azhar Ali,TG Southee,0,0,"",""
ball,3,27.6,Pakistan,Babar Azam,Azhar Ali,TG Southee,0,0,"",""
ball,3,28.1,Pakistan,Azhar Ali,Babar Azam,N Wagner,0,0,"",""
ball,3,28.2,Pakistan,Azhar Ali,Babar Azam,N Wagner,0,0,"",""
ball,3,28.3,Pakistan,Azhar Ali,Babar Azam,N Wagner,0,0,"",""
ball,3,28.4,Pakistan,Azhar Ali,Babar Azam,N Wagner,0,0,"",""
ball,3,28.5,Pakistan,Azhar Ali,Babar Azam,N Wagner,0,0,"",""
ball,3,28.6,Pakistan,Azhar Ali,Babar Azam,N Wagner,0,0,"",""
ball,3,29.1,Pakistan,Babar Azam,Azhar Ali,TG Southee,0,0,"",""
ball,3,29.2,Pakistan,Babar Azam,Azhar Ali,TG Southee,0,0,"",""
ball,3,29.3,Pakistan,Babar Azam,Azhar Ali,TG Southee,4,0,"",""
ball,3,29.4,Pakistan,Babar Azam,Azhar Ali,TG Southee,0,0,"",""
ball,3,29.5,Pakistan,Babar Azam,Azhar Ali,TG Southee,0,0,"",""
ball,3,29.6,Pakistan,Babar Azam,Azhar Ali,TG Southee,0,0,"",""
ball,3,30.1,Pakistan,Azhar Ali,Babar Azam,N Wagner,0,0,"",""
ball,3,30.2,Pakistan,Azhar Ali,Babar Azam,N Wagner,0,0,"",""
ball,3,30.3,Pakistan,Azhar Ali,Babar Azam,N Wagner,0,0,"",""
ball,3,30.4,Pakistan,Azhar Ali,Babar Azam,N Wagner,0,0,"",""
ball,3,30.5,Pakistan,Azhar Ali,Babar Azam,N Wagner,0,0,"",""
ball,3,30.6,Pakistan,Azhar Ali,Babar Azam,N Wagner,0,0,"",""
ball,3,31.1,Pakistan,Babar Azam,Azhar Ali,TG Southee,0,0,"",""
ball,3,31.2,Pakistan,Babar Azam,Azhar Ali,TG Southee,0,0,"",""
ball,3,31.3,Pakistan,Babar Azam,Azhar Ali,TG Southee,0,0,"",""
ball,3,31.4,Pakistan,Babar Azam,Azhar Ali,TG Southee,0,0,"",""
ball,3,31.5,Pakistan,Babar Azam,Azhar Ali,TG Southee,0,0,"",""
ball,3,31.6,Pakistan,Babar Azam,Azhar Ali,TG Southee,0,0,"",""
ball,3,32.1,Pakistan,Azhar Ali,Babar Azam,N Wagner,0,0,"",""
ball,3,32.2,Pakistan,Azhar Ali,Babar Azam,N Wagner,0,0,"",""
ball,3,32.3,Pakistan,Azhar Ali,Babar Azam,N Wagner,0,0,"",""
ball,3,32.4,Pakistan,Azhar Ali,Babar Azam,N Wagner,0,0,"",""
ball,3,32.5,Pakistan,Azhar Ali,Babar Azam,N Wagner,0,0,"",""
ball,3,32.6,Pakistan,Azhar Ali,Babar Azam,N Wagner,0,0,"",""
ball,3,33.1,Pakistan,Babar Azam,Azhar Ali,TD Astle,0,0,"",""
ball,3,33.2,Pakistan,Babar Azam,Azhar Ali,TD Astle,1,0,"",""
ball,3,33.3,Pakistan,Azhar Ali,Babar Azam,TD Astle,0,0,"",""
ball,3,33.4,Pakistan,Azhar Ali,Babar Azam,TD Astle,0,0,"",""
ball,3,33.5,Pakistan,Azhar Ali,Babar Azam,TD Astle,0,0,"",""
ball,3,33.6,Pakistan,Azhar Ali,Babar Azam,TD Astle,0,0,"",""
ball,3,34.1,Pakistan,Babar Azam,Azhar Ali,N Wagner,0,0,"",""
ball,3,34.2,Pakistan,Babar Azam,Azhar Ali,N Wagner,0,0,"",""
ball,3,34.3,Pakistan,Babar Azam,Azhar Ali,N Wagner,0,0,"",""
ball,3,34.4,Pakistan,Babar Azam,Azhar Ali,N Wagner,0,0,"",""
ball,3,34.5,Pakistan,Babar Azam,Azhar Ali,N Wagner,0,0,"",""
ball,3,34.6,Pakistan,Babar Azam,Azhar Ali,N Wagner,4,0,"",""
ball,3,35.1,Pakistan,Azhar Ali,Babar Azam,C de Grandhomme,0,0,"",""
ball,3,35.2,Pakistan,Azhar Ali,Babar Azam,C de Grandhomme,0,0,"",""
ball,3,35.3,Pakistan,Azhar Ali,Babar Azam,C de Grandhomme,0,0,"",""
ball,3,35.4,Pakistan,Azhar Ali,Babar Azam,C de Grandhomme,0,0,"",""
ball,3,35.5,Pakistan,Azhar Ali,Babar Azam,C de Grandhomme,0,0,"",""
ball,3,35.6,Pakistan,Azhar Ali,Babar Azam,C de Grandhomme,0,0,"",""
ball,3,36.1,Pakistan,Babar Azam,Azhar Ali,N Wagner,1,0,"",""
ball,3,36.2,Pakistan,Azhar Ali,Babar Azam,N Wagner,0,0,"",""
ball,3,36.3,Pakistan,Azhar Ali,Babar Azam,N Wagner,0,0,"",""
ball,3,36.4,Pakistan,Azhar Ali,Babar Azam,N Wagner,0,0,"",""
ball,3,36.5,Pakistan,Azhar Ali,Babar Azam,N Wagner,0,0,"",""
ball,3,36.6,Pakistan,Azhar Ali,Babar Azam,N Wagner,0,0,"",""
ball,3,37.1,Pakistan,Babar Azam,Azhar Ali,C de Grandhomme,0,0,"",""
ball,3,37.2,Pakistan,Babar Azam,Azhar Ali,C de Grandhomme,0,0,"",""
ball,3,37.3,Pakistan,Babar Azam,Azhar Ali,C de Grandhomme,0,0,"",""
ball,3,37.4,Pakistan,Babar Azam,Azhar Ali,C de Grandhomme,0,0,"",""
ball,3,37.5,Pakistan,Babar Azam,Azhar Ali,C de Grandhomme,0,0,"",""
ball,3,37.6,Pakistan,Babar Azam,Azhar Ali,C de Grandhomme,2,0,"",""
ball,3,38.1,Pakistan,Azhar Ali,Babar Azam,N Wagner,0,0,"",""
ball,3,38.2,Pakistan,Azhar Ali,Babar Azam,N Wagner,0,0,"",""
ball,3,38.3,Pakistan,Azhar Ali,Babar Azam,N Wagner,0,0,"",""
ball,3,38.4,Pakistan,Azhar Ali,Babar Azam,N Wagner,0,0,"",""
ball,3,38.5,Pakistan,Azhar Ali,Babar Azam,N Wagner,0,0,"",""
ball,3,38.6,Pakistan,Azhar Ali,Babar Azam,N Wagner,0,0,"",""
ball,3,39.1,Pakistan,Babar Azam,Azhar Ali,C de Grandhomme,0,0,"",""
ball,3,39.2,Pakistan,Babar Azam,Azhar Ali,C de Grandhomme,0,0,"",""
ball,3,39.3,Pakistan,Babar Azam,Azhar Ali,C de Grandhomme,0,0,"",""
ball,3,39.4,Pakistan,Babar Azam,Azhar Ali,C de Grandhomme,0,2,"",""
ball,3,39.5,Pakistan,Babar Azam,Azhar Ali,C de Grandhomme,1,0,"",""
ball,3,39.6,Pakistan,Azhar Ali,Babar Azam,C de Grandhomme,0,0,"",""
ball,3,40.1,Pakistan,Babar Azam,Azhar Ali,N Wagner,0,0,"",""
ball,3,40.2,Pakistan,Babar Azam,Azhar Ali,N Wagner,0,0,"",""
ball,3,40.3,Pakistan,Babar Azam,Azhar Ali,N Wagner,2,0,"",""
ball,3,40.4,Pakistan,Babar Azam,Azhar Ali,N Wagner,0,0,"",""
ball,3,40.5,Pakistan,Babar Azam,Azhar Ali,N Wagner,0,0,caught,Babar Azam
ball,3,40.6,Pakistan,Younis Khan,Azhar Ali,N Wagner,0,0,"",""
ball,3,41.1,Pakistan,Azhar Ali,Younis Khan,C de Grandhomme,0,0,"",""
ball,3,41.2,Pakistan,Azhar Ali,Younis Khan,C de Grandhomme,0,0,"",""
ball,3,41.3,Pakistan,Azhar Ali,Younis Khan,C de Grandhomme,0,0,"",""
ball,3,41.4,Pakistan,Azhar Ali,Younis Khan,C de Grandhomme,0,0,"",""
ball,3,41.5,Pakistan,Azhar Ali,Younis Khan,C de Grandhomme,0,0,"",""
ball,3,41.6,Pakistan,Azhar Ali,Younis Khan,C de Grandhomme,4,0,"",""
ball,3,42.1,Pakistan,Younis Khan,Azhar Ali,N Wagner,0,0,"",""
ball,3,42.2,Pakistan,Younis Khan,Azhar Ali,N Wagner,1,0,"",""
ball,3,42.3,Pakistan,Azhar Ali,Younis Khan,N Wagner,0,0,"",""
ball,3,42.4,Pakistan,Azhar Ali,Younis Khan,N Wagner,0,0,"",""
ball,3,42.5,Pakistan,Azhar Ali,Younis Khan,N Wagner,0,0,"",""
ball,3,42.6,Pakistan,Azhar Ali,Younis Khan,N Wagner,0,0,"",""
ball,3,43.1,Pakistan,Younis Khan,Azhar Ali,C de Grandhomme,0,0,"",""
ball,3,43.2,Pakistan,Younis Khan,Azhar Ali,C de Grandhomme,0,1,"",""
ball,3,43.3,Pakistan,Azhar Ali,Younis Khan,C de Grandhomme,0,0,"",""
ball,3,43.4,Pakistan,Azhar Ali,Younis Khan,C de Grandhomme,0,0,"",""
ball,3,43.5,Pakistan,Azhar Ali,Younis Khan,C de Grandhomme,0,0,"",""
ball,3,43.6,Pakistan,Azhar Ali,Younis Khan,C de Grandhomme,0,0,"",""
ball,3,44.1,Pakistan,Younis Khan,Azhar Ali,N Wagner,0,0,"",""
ball,3,44.2,Pakistan,Younis Khan,Azhar Ali,N Wagner,0,0,"",""
ball,3,44.3,Pakistan,Younis Khan,Azhar Ali,N Wagner,0,0,caught,Younis Khan
ball,3,44.4,Pakistan,Misbah-ul-Haq,Azhar Ali,N Wagner,0,0,"",""
ball,3,44.5,Pakistan,Misbah-ul-Haq,Azhar Ali,N Wagner,0,0,"",""
ball,3,44.6,Pakistan,Misbah-ul-Haq,Azhar Ali,N Wagner,0,0,"",""
ball,3,45.1,Pakistan,Azhar Ali,Misbah-ul-Haq,C de Grandhomme,0,0,"",""
ball,3,45.2,Pakistan,Azhar Ali,Misbah-ul-Haq,C de Grandhomme,0,0,"",""
ball,3,45.3,Pakistan,Azhar Ali,Misbah-ul-Haq,C de Grandhomme,0,0,"",""
ball,3,45.4,Pakistan,Azhar Ali,Misbah-ul-Haq,C de Grandhomme,1,0,"",""
ball,3,45.5,Pakistan,Misbah-ul-Haq,Azhar Ali,C de Grandhomme,0,0,"",""
ball,3,45.6,Pakistan,Misbah-ul-Haq,Azhar Ali,C de Grandhomme,0,0,"",""
ball,3,46.1,Pakistan,Azhar Ali,Misbah-ul-Haq,N Wagner,0,0,"",""
ball,3,46.2,Pakistan,Azhar Ali,Misbah-ul-Haq,N Wagner,0,0,"",""
ball,3,46.3,Pakistan,Azhar Ali,Misbah-ul-Haq,N Wagner,0,0,"",""
ball,3,46.4,Pakistan,Azhar Ali,Misbah-ul-Haq,N Wagner,4,0,"",""
ball,3,46.5,Pakistan,Azhar Ali,Misbah-ul-Haq,N Wagner,0,0,"",""
ball,3,46.6,Pakistan,Azhar Ali,Misbah-ul-Haq,N Wagner,0,0,"",""
ball,3,47.1,Pakistan,Misbah-ul-Haq,Azhar Ali,C de Grandhomme,0,0,"",""
ball,3,47.2,Pakistan,Misbah-ul-Haq,Azhar Ali,C de Grandhomme,0,0,"",""
ball,3,47.3,Pakistan,Misbah-ul-Haq,Azhar Ali,C de Grandhomme,0,0,"",""
ball,3,47.4,Pakistan,Misbah-ul-Haq,Azhar Ali,C de Grandhomme,0,0,"",""
ball,3,47.5,Pakistan,Misbah-ul-Haq,Azhar Ali,C de Grandhomme,0,0,"",""
ball,3,47.6,Pakistan,Misbah-ul-Haq,Azhar Ali,C de Grandhomme,1,0,"",""
ball,3,48.1,Pakistan,Misbah-ul-Haq,Azhar Ali,N Wagner,0,0,"",""
ball,3,48.2,Pakistan,Misbah-ul-Haq,Azhar Ali,N Wagner,0,0,"",""
ball,3,48.3,Pakistan,Misbah-ul-Haq,Azhar Ali,N Wagner,0,0,"",""
ball,3,48.4,Pakistan,Misbah-ul-Haq,Azhar Ali,N Wagner,2,0,"",""
ball,3,48.5,Pakistan,Misbah-ul-Haq,Azhar Ali,N Wagner,0,0,"",""
ball,3,48.6,Pakistan,Misbah-ul-Haq,Azhar Ali,N Wagner,0,4,"",""
ball,3,49.1,Pakistan,Azhar Ali,Misbah-ul-Haq,TG Southee,1,0,"",""
ball,3,49.2,Pakistan,Misbah-ul-Haq,Azhar Ali,TG Southee,1,0,"",""
ball,3,49.3,Pakistan,Azhar Ali,Misbah-ul-Haq,TG Southee,2,0,"",""
ball,3,49.4,Pakistan,Azhar Ali,Misbah-ul-Haq,TG Southee,0,0,"",""
ball,3,49.5,Pakistan,Azhar Ali,Misbah-ul-Haq,TG Southee,0,0,"",""
ball,3,49.6,Pakistan,Azhar Ali,Misbah-ul-Haq,TG Southee,0,0,"",""
ball,3,50.1,Pakistan,Misbah-ul-Haq,Azhar Ali,TA Boult,0,0,"",""
ball,3,50.2,Pakistan,Misbah-ul-Haq,Azhar Ali,TA Boult,1,0,"",""
ball,3,50.3,Pakistan,Azhar Ali,Misbah-ul-Haq,TA Boult,0,0,"",""
ball,3,50.4,Pakistan,Azhar Ali,Misbah-ul-Haq,TA Boult,0,0,"",""
ball,3,50.5,Pakistan,Azhar Ali,Misbah-ul-Haq,TA Boult,0,0,"",""
ball,3,50.6,Pakistan,Azhar Ali,Misbah-ul-Haq,TA Boult,0,0,"",""
ball,3,51.1,Pakistan,Misbah-ul-Haq,Azhar Ali,TG Southee,0,0,"",""
ball,3,51.2,Pakistan,Misbah-ul-Haq,Azhar Ali,TG Southee,0,0,"",""
ball,3,51.3,Pakistan,Misbah-ul-Haq,Azhar Ali,TG Southee,1,0,"",""
ball,3,51.4,Pakistan,Azhar Ali,Misbah-ul-Haq,TG Southee,0,0,"",""
ball,3,51.5,Pakistan,Azhar Ali,Misbah-ul-Haq,TG Southee,0,0,"",""
ball,3,51.6,Pakistan,Azhar Ali,Misbah-ul-Haq,TG Southee,0,0,"",""
ball,3,52.1,Pakistan,Misbah-ul-Haq,Azhar Ali,TA Boult,0,0,"",""
ball,3,52.2,Pakistan,Misbah-ul-Haq,Azhar Ali,TA Boult,0,0,"",""
ball,3,52.3,Pakistan,Misbah-ul-Haq,Azhar Ali,TA Boult,0,0,"",""
ball,3,52.4,Pakistan,Misbah-ul-Haq,Azhar Ali,TA Boult,0,0,"",""
ball,3,52.5,Pakistan,Misbah-ul-Haq,Azhar Ali,TA Boult,0,0,"",""
ball,3,52.6,Pakistan,Misbah-ul-Haq,Azhar Ali,TA Boult,1,0,"",""
ball,3,53.1,Pakistan,Misbah-ul-Haq,Azhar Ali,TG Southee,0,0,"",""
ball,3,53.2,Pakistan,Misbah-ul-Haq,Azhar Ali,TG Southee,0,0,"",""
ball,3,53.3,Pakistan,Misbah-ul-Haq,Azhar Ali,TG Southee,0,0,"",""
ball,3,53.4,Pakistan,Misbah-ul-Haq,Azhar Ali,TG Southee,0,0,"",""
ball,3,53.5,Pakistan,Misbah-ul-Haq,Azhar Ali,TG Southee,0,0,"",""
ball,3,53.6,Pakistan,Misbah-ul-Haq,Azhar Ali,TG Southee,0,4,"",""
ball,3,54.1,Pakistan,Azhar Ali,Misbah-ul-Haq,TA Boult,0,0,"",""
ball,3,54.2,Pakistan,Azhar Ali,Misbah-ul-Haq,TA Boult,0,0,"",""
ball,3,54.3,Pakistan,Azhar Ali,Misbah-ul-Haq,TA Boult,0,0,"",""
ball,3,54.4,Pakistan,Azhar Ali,Misbah-ul-Haq,TA Boult,0,0,"",""
ball,3,54.5,Pakistan,Azhar Ali,Misbah-ul-Haq,TA Boult,0,0,"",""
ball,3,54.6,Pakistan,Azhar Ali,Misbah-ul-Haq,TA Boult,0,0,"",""
ball,3,55.1,Pakistan,Misbah-ul-Haq,Azhar Ali,TG Southee,0,0,"",""
ball,3,55.2,Pakistan,Misbah-ul-Haq,Azhar Ali,TG Southee,0,0,"",""
ball,3,55.3,Pakistan,Misbah-ul-Haq,Azhar Ali,TG Southee,0,0,"",""
ball,3,55.4,Pakistan,Misbah-ul-Haq,Azhar Ali,TG Southee,0,0,"",""
ball,3,55.5,Pakistan,Misbah-ul-Haq,Azhar Ali,TG Southee,0,0,"",""
ball,3,55.6,Pakistan,Misbah-ul-Haq,Azhar Ali,TG Southee,0,0,"",""
ball,3,56.1,Pakistan,Azhar Ali,Misbah-ul-Haq,TA Boult,0,0,"",""
ball,3,56.2,Pakistan,Azhar Ali,Misbah-ul-Haq,TA Boult,0,0,"",""
ball,3,56.3,Pakistan,Azhar Ali,Misbah-ul-Haq,TA Boult,0,0,"",""
ball,3,56.4,Pakistan,Azhar Ali,Misbah-ul-Haq,TA Boult,0,0,"",""
ball,3,56.5,Pakistan,Azhar Ali,Misbah-ul-Haq,TA Boult,0,0,"",""
ball,3,56.6,Pakistan,Azhar Ali,Misbah-ul-Haq,TA Boult,0,0,"",""
ball,3,57.1,Pakistan,Misbah-ul-Haq,Azhar Ali,TG Southee,0,0,"",""
ball,3,57.2,Pakistan,Misbah-ul-Haq,Azhar Ali,TG Southee,0,0,"",""
ball,3,57.3,Pakistan,Misbah-ul-Haq,Azhar Ali,TG Southee,0,0,"",""
ball,3,57.4,Pakistan,Misbah-ul-Haq,Azhar Ali,TG Southee,4,0,"",""
ball,3,57.5,Pakistan,Misbah-ul-Haq,Azhar Ali,TG Southee,2,0,"",""
ball,3,57.6,Pakistan,Misbah-ul-Haq,Azhar Ali,TG Southee,0,0,caught,Misbah-ul-Haq
ball,3,58.1,Pakistan,Azhar Ali,Asad Shafiq,TA Boult,0,0,"",""
ball,3,58.2,Pakistan,Azhar Ali,Asad Shafiq,TA Boult,0,0,"",""
ball,3,58.3,Pakistan,Azhar Ali,Asad Shafiq,TA Boult,0,0,bowled,Azhar Ali
ball,3,58.4,Pakistan,Sarfraz Ahmed,Asad Shafiq,TA Boult,0,0,"",""
ball,3,58.5,Pakistan,Sarfraz Ahmed,Asad Shafiq,TA Boult,0,0,"",""
ball,3,58.6,Pakistan,Sarfraz Ahmed,Asad Shafiq,TA Boult,2,0,"",""
ball,3,59.1,Pakistan,Asad Shafiq,Sarfraz Ahmed,TG Southee,0,0,"",""
ball,3,59.2,Pakistan,Asad Shafiq,Sarfraz Ahmed,TG Southee,0,0,"",""
ball,3,59.3,Pakistan,Asad Shafiq,Sarfraz Ahmed,TG Southee,0,0,"",""
ball,3,59.4,Pakistan,Asad Shafiq,Sarfraz Ahmed,TG Southee,0,0,"",""
ball,3,59.5,Pakistan,Asad Shafiq,Sarfraz Ahmed,TG Southee,0,0,"",""
ball,3,59.6,Pakistan,Asad Shafiq,Sarfraz Ahmed,TG Southee,0,0,"",""
ball,3,60.1,Pakistan,Sarfraz Ahmed,Asad Shafiq,TA Boult,0,0,"",""
ball,3,60.2,Pakistan,Sarfraz Ahmed,Asad Shafiq,TA Boult,0,0,bowled,Sarfraz Ahmed
ball,3,60.3,Pakistan,Mohammad Amir,Asad Shafiq,TA Boult,3,0,"",""
ball,3,60.4,Pakistan,Asad Shafiq,Mohammad Amir,TA Boult,0,0,"",""
ball,3,60.5,Pakistan,Asad Shafiq,Mohammad Amir,TA Boult,0,0,"",""
ball,3,60.6,Pakistan,Asad Shafiq,Mohammad Amir,TA Boult,0,0,"",""
ball,3,61.1,Pakistan,Mohammad Amir,Asad Shafiq,TG Southee,3,0,"",""
ball,3,61.2,Pakistan,Asad Shafiq,Mohammad Amir,TG Southee,0,0,"",""
ball,3,61.3,Pakistan,Asad Shafiq,Mohammad Amir,TG Southee,0,0,"",""
ball,3,61.4,Pakistan,Asad Shafiq,Mohammad Amir,TG Southee,4,0,"",""
ball,3,61.5,Pakistan,Asad Shafiq,Mohammad Amir,TG Southee,0,0,"",""
ball,3,61.6,Pakistan,Asad Shafiq,Mohammad Amir,TG Southee,0,0,"",""
ball,3,62.1,Pakistan,Mohammad Amir,Asad Shafiq,TA Boult,0,0,"",""
ball,3,62.2,Pakistan,Mohammad Amir,Asad Shafiq,TA Boult,0,0,caught,Mohammad Amir
ball,3,62.3,Pakistan,Sohail Khan,Asad Shafiq,TA Boult,0,0,"",""
ball,3,62.4,Pakistan,Sohail Khan,Asad Shafiq,TA Boult,0,0,"",""
ball,3,62.5,Pakistan,Sohail Khan,Asad Shafiq,TA Boult,0,0,"",""
ball,3,62.6,Pakistan,Sohail Khan,Asad Shafiq,TA Boult,2,0,"",""
ball,3,63.1,Pakistan,Asad Shafiq,Sohail Khan,TG Southee,0,0,"",""
ball,3,63.2,Pakistan,Asad Shafiq,Sohail Khan,TG Southee,0,0,"",""
ball,3,63.3,Pakistan,Asad Shafiq,Sohail Khan,TG Southee,1,0,"",""
ball,3,63.4,Pakistan,Sohail Khan,Asad Shafiq,TG Southee,6,0,"",""
ball,3,63.5,Pakistan,Sohail Khan,Asad Shafiq,TG Southee,4,0,"",""
ball,3,63.6,Pakistan,Sohail Khan,Asad Shafiq,TG Southee,4,0,"",""
ball,3,64.1,Pakistan,Asad Shafiq,Sohail Khan,N Wagner,1,0,"",""
ball,3,64.2,Pakistan,Sohail Khan,Asad Shafiq,N Wagner,0,0,"",""
ball,3,64.3,Pakistan,Sohail Khan,Asad Shafiq,N Wagner,0,0,"",""
ball,3,64.4,Pakistan,Sohail Khan,Asad Shafiq,N Wagner,0,0,"",""
ball,3,64.5,Pakistan,Sohail Khan,Asad Shafiq,N Wagner,4,0,"",""
ball,3,64.6,Pakistan,Sohail Khan,Asad Shafiq,N Wagner,1,0,"",""
ball,3,65.1,Pakistan,Sohail Khan,Asad Shafiq,TD Astle,0,0,"",""
ball,3,65.2,Pakistan,Sohail Khan,Asad Shafiq,TD Astle,0,0,"",""
ball,3,65.3,Pakistan,Sohail Khan,Asad Shafiq,TD Astle,0,0,"",""
ball,3,65.4,Pakistan,Sohail Khan,Asad Shafiq,TD Astle,0,0,"",""
ball,3,65.5,Pakistan,Sohail Khan,Asad Shafiq,TD Astle,0,0,"",""
ball,3,65.6,Pakistan,Sohail Khan,Asad Shafiq,TD Astle,1,0,"",""
ball,3,66.1,Pakistan,Sohail Khan,Asad Shafiq,TA Boult,4,0,"",""
ball,3,66.2,Pakistan,Sohail Khan,Asad Shafiq,TA Boult,3,0,"",""
ball,3,66.3,Pakistan,Asad Shafiq,Sohail Khan,TA Boult,0,0,"",""
ball,3,66.4,Pakistan,Asad Shafiq,Sohail Khan,TA Boult,0,0,"",""
ball,3,66.5,Pakistan,Asad Shafiq,Sohail Khan,TA Boult,0,0,"",""
ball,3,66.6,Pakistan,Asad Shafiq,Sohail Khan,TA Boult,0,0,"",""
ball,3,67.1,Pakistan,Sohail Khan,Asad Shafiq,N Wagner,0,0,"",""
ball,3,67.2,Pakistan,Sohail Khan,Asad Shafiq,N Wagner,1,0,"",""
ball,3,67.3,Pakistan,Asad Shafiq,Sohail Khan,N Wagner,0,0,"",""
ball,3,67.4,Pakistan,Asad Shafiq,Sohail Khan,N Wagner,0,0,"",""
ball,3,67.5,Pakistan,Asad Shafiq,Sohail Khan,N Wagner,0,0,"",""
ball,3,67.6,Pakistan,Asad Shafiq,Sohail Khan,N Wagner,0,0,"",""
ball,3,68.1,Pakistan,Sohail Khan,Asad Shafiq,TA Boult,0,0,"",""
ball,3,68.2,Pakistan,Sohail Khan,Asad Shafiq,TA Boult,0,5,"",""
ball,3,68.3,Pakistan,Sohail Khan,Asad Shafiq,TA Boult,0,0,"",""
ball,3,68.4,Pakistan,Sohail Khan,Asad Shafiq,TA Boult,4,0,"",""
ball,3,68.5,Pakistan,Sohail Khan,Asad Shafiq,TA Boult,1,0,"",""
ball,3,68.6,Pakistan,Asad Shafiq,Sohail Khan,TA Boult,2,0,"",""
ball,3,68.7,Pakistan,Asad Shafiq,Sohail Khan,TA Boult,0,0,"",""
ball,3,69.1,Pakistan,Sohail Khan,Asad Shafiq,N Wagner,0,0,"",""
ball,3,69.2,Pakistan,Sohail Khan,Asad Shafiq,N Wagner,1,0,"",""
ball,3,69.3,Pakistan,Asad Shafiq,Sohail Khan,N Wagner,0,0,"",""
ball,3,69.4,Pakistan,Asad Shafiq,Sohail Khan,N Wagner,0,0,"",""
ball,3,69.5,Pakistan,Asad Shafiq,Sohail Khan,N Wagner,1,0,"",""
ball,3,69.6,Pakistan,Sohail Khan,Asad Shafiq,N Wagner,1,0,"",""
ball,3,70.1,Pakistan,Sohail Khan,Asad Shafiq,TG Southee,0,0,"",""
ball,3,70.2,Pakistan,Sohail Khan,Asad Shafiq,TG Southee,0,0,"",""
ball,3,70.3,Pakistan,Sohail Khan,Asad Shafiq,TG Southee,1,0,"",""
ball,3,70.4,Pakistan,Asad Shafiq,Sohail Khan,TG Southee,0,0,"",""
ball,3,70.5,Pakistan,Asad Shafiq,Sohail Khan,TG Southee,1,0,"",""
ball,3,70.6,Pakistan,Sohail Khan,Asad Shafiq,TG Southee,1,0,"",""
ball,3,71.1,Pakistan,Sohail Khan,Asad Shafiq,N Wagner,1,0,"",""
ball,3,71.2,Pakistan,Asad Shafiq,Sohail Khan,N Wagner,0,0,"",""
ball,3,71.3,Pakistan,Asad Shafiq,Sohail Khan,N Wagner,0,0,"",""
ball,3,71.4,Pakistan,Asad Shafiq,Sohail Khan,N Wagner,1,0,"",""
ball,3,71.5,Pakistan,Sohail Khan,Asad Shafiq,N Wagner,0,0,"",""
ball,3,71.6,Pakistan,Sohail Khan,Asad Shafiq,N Wagner,0,0,"",""
ball,3,72.1,Pakistan,Asad Shafiq,Sohail Khan,TG Southee,0,0,"",""
ball,3,72.2,Pakistan,Asad Shafiq,Sohail Khan,TG Southee,0,0,"",""
ball,3,72.3,Pakistan,Asad Shafiq,Sohail Khan,TG Southee,1,0,"",""
ball,3,72.4,Pakistan,Sohail Khan,Asad Shafiq,TG Southee,0,0,"",""
ball,3,72.5,Pakistan,Sohail Khan,Asad Shafiq,TG Southee,0,0,"",""
ball,3,72.6,Pakistan,Sohail Khan,Asad Shafiq,TG Southee,0,0,caught,Sohail Khan
ball,3,73.1,Pakistan,Asad Shafiq,Yasir Shah,N Wagner,1,0,"",""
ball,3,73.2,Pakistan,Yasir Shah,Asad Shafiq,N Wagner,0,0,"",""
ball,3,73.3,Pakistan,Yasir Shah,Asad Shafiq,N Wagner,0,0,"",""
ball,3,73.4,Pakistan,Yasir Shah,Asad Shafiq,N Wagner,0,0,"",""
ball,3,73.5,Pakistan,Yasir Shah,Asad Shafiq,N Wagner,0,0,"",""
ball,3,73.6,Pakistan,Yasir Shah,Asad Shafiq,N Wagner,0,0,"",""
ball,3,74.1,Pakistan,Asad Shafiq,Yasir Shah,TG Southee,0,0,"",""
ball,3,74.2,Pakistan,Asad Shafiq,Yasir Shah,TG Southee,4,0,"",""
ball,3,74.3,Pakistan,Asad Shafiq,Yasir Shah,TG Southee,0,0,"",""
ball,3,74.4,Pakistan,Asad Shafiq,Yasir Shah,TG Southee,0,0,"",""
ball,3,74.5,Pakistan,Asad Shafiq,Yasir Shah,TG Southee,0,0,"",""
ball,3,74.6,Pakistan,Asad Shafiq,Yasir Shah,TG Southee,0,0,"",""
ball,3,75.1,Pakistan,Yasir Shah,Asad Shafiq,N Wagner,0,0,"",""
ball,3,75.2,Pakistan,Yasir Shah,Asad Shafiq,N Wagner,0,0,"",""
ball,3,75.3,Pakistan,Yasir Shah,Asad Shafiq,N Wagner,0,0,"",""
ball,3,75.4,Pakistan,Yasir Shah,Asad Shafiq,N Wagner,2,0,"",""
ball,3,75.5,Pakistan,Yasir Shah,Asad Shafiq,N Wagner,1,0,"",""
ball,3,75.6,Pakistan,Asad Shafiq,Yasir Shah,N Wagner,0,0,caught,Asad Shafiq
ball,3,76.1,Pakistan,Yasir Shah,Rahat Ali,TG Southee,1,0,"",""
ball,3,76.2,Pakistan,Rahat Ali,Yasir Shah,TG Southee,0,0,"",""
ball,3,76.3,Pakistan,Rahat Ali,Yasir Shah,TG Southee,0,0,"",""
ball,3,76.4,Pakistan,Rahat Ali,Yasir Shah,TG Southee,0,0,"",""
ball,3,76.5,Pakistan,Rahat Ali,Yasir Shah,TG Southee,0,0,"",""
ball,3,76.6,Pakistan,Rahat Ali,Yasir Shah,TG Southee,0,0,"",""
ball,3,77.1,Pakistan,Yasir Shah,Rahat Ali,N Wagner,0,0,"",""
ball,3,77.2,Pakistan,Yasir Shah,Rahat Ali,N Wagner,1,0,"",""
ball,3,77.3,Pakistan,Rahat Ali,Yasir Shah,N Wagner,0,0,"",""
ball,3,77.4,Pakistan,Rahat Ali,Yasir Shah,N Wagner,0,0,"",""
ball,3,77.5,Pakistan,Rahat Ali,Yasir Shah,N Wagner,0,0,"",""
ball,3,77.6,Pakistan,Rahat Ali,Yasir Shah,N Wagner,2,0,"",""
ball,3,78.1,Pakistan,Yasir Shah,Rahat Ali,TG Southee,0,0,"",""
ball,3,78.2,Pakistan,Yasir Shah,Rahat Ali,TG Southee,1,0,"",""
ball,3,78.3,Pakistan,Rahat Ali,Yasir Shah,TG Southee,0,0,"",""
ball,3,78.4,Pakistan,Rahat Ali,Yasir Shah,TG Southee,0,0,caught,Rahat Ali
ball,4,0.1,New Zealand,TWM Latham,JA Raval,Mohammad Amir,0,0,"",""
ball,4,0.2,New Zealand,TWM Latham,JA Raval,Mohammad Amir,1,0,"",""
ball,4,0.3,New Zealand,JA Raval,TWM Latham,Mohammad Amir,1,0,"",""
ball,4,0.4,New Zealand,TWM Latham,JA Raval,Mohammad Amir,0,0,"",""
ball,4,0.5,New Zealand,TWM Latham,JA Raval,Mohammad Amir,0,0,"",""
ball,4,0.6,New Zealand,TWM Latham,JA Raval,Mohammad Amir,0,0,"",""
ball,4,1.1,New Zealand,JA Raval,TWM Latham,Sohail Khan,0,0,"",""
ball,4,1.2,New Zealand,JA Raval,TWM Latham,Sohail Khan,0,0,"",""
ball,4,1.3,New Zealand,JA Raval,TWM Latham,Sohail Khan,0,0,"",""
ball,4,1.4,New Zealand,JA Raval,TWM Latham,Sohail Khan,0,0,"",""
ball,4,1.5,New Zealand,JA Raval,TWM Latham,Sohail Khan,0,0,"",""
ball,4,1.6,New Zealand,JA Raval,TWM Latham,Sohail Khan,0,0,"",""
ball,4,2.1,New Zealand,TWM Latham,JA Raval,Mohammad Amir,0,0,"",""
ball,4,2.2,New Zealand,TWM Latham,JA Raval,Mohammad Amir,1,0,"",""
ball,4,2.3,New Zealand,JA Raval,TWM Latham,Mohammad Amir,0,0,"",""
ball,4,2.4,New Zealand,JA Raval,TWM Latham,Mohammad Amir,0,0,"",""
ball,4,2.5,New Zealand,JA Raval,TWM Latham,Mohammad Amir,0,0,"",""
ball,4,2.6,New Zealand,JA Raval,TWM Latham,Mohammad Amir,0,0,"",""
ball,4,3.1,New Zealand,TWM Latham,JA Raval,Sohail Khan,0,0,"",""
ball,4,3.2,New Zealand,TWM Latham,JA Raval,Sohail Khan,0,0,"",""
ball,4,3.3,New Zealand,TWM Latham,JA Raval,Sohail Khan,0,0,"",""
ball,4,3.4,New Zealand,TWM Latham,JA Raval,Sohail Khan,4,0,"",""
ball,4,3.5,New Zealand,TWM Latham,JA Raval,Sohail Khan,0,0,"",""
ball,4,3.6,New Zealand,TWM Latham,JA Raval,Sohail Khan,0,0,"",""
ball,4,4.1,New Zealand,JA Raval,TWM Latham,Mohammad Amir,0,0,"",""
ball,4,4.2,New Zealand,JA Raval,TWM Latham,Mohammad Amir,0,0,"",""
ball,4,4.3,New Zealand,JA Raval,TWM Latham,Mohammad Amir,0,0,"",""
ball,4,4.4,New Zealand,JA Raval,TWM Latham,Mohammad Amir,0,0,"",""
ball,4,4.5,New Zealand,JA Raval,TWM Latham,Mohammad Amir,0,0,"",""
ball,4,4.6,New Zealand,JA Raval,TWM Latham,Mohammad Amir,0,0,"",""
ball,4,5.1,New Zealand,TWM Latham,JA Raval,Sohail Khan,0,0,"",""
ball,4,5.2,New Zealand,TWM Latham,JA Raval,Sohail Khan,0,0,"",""
ball,4,5.3,New Zealand,TWM Latham,JA Raval,Sohail Khan,0,0,"",""
ball,4,5.4,New Zealand,TWM Latham,JA Raval,Sohail Khan,0,0,"",""
ball,4,5.5,New Zealand,TWM Latham,JA Raval,Sohail Khan,1,0,"",""
ball,4,5.6,New Zealand,JA Raval,TWM Latham,Sohail Khan,0,0,"",""
ball,4,6.1,New Zealand,TWM Latham,JA Raval,Mohammad Amir,0,0,"",""
ball,4,6.2,New Zealand,TWM Latham,JA Raval,Mohammad Amir,1,0,"",""
ball,4,6.3,New Zealand,JA Raval,TWM Latham,Mohammad Amir,0,0,"",""
ball,4,6.4,New Zealand,JA Raval,TWM Latham,Mohammad Amir,0,0,"",""
ball,4,6.5,New Zealand,JA Raval,TWM Latham,Mohammad Amir,0,1,"",""
ball,4,6.6,New Zealand,JA Raval,TWM Latham,Mohammad Amir,0,0,"",""
ball,4,6.7,New Zealand,JA Raval,TWM Latham,Mohammad Amir,2,0,"",""
ball,4,7.1,New Zealand,TWM Latham,JA Raval,Rahat Ali,0,0,"",""
ball,4,7.2,New Zealand,TWM Latham,JA Raval,Rahat Ali,0,0,"",""
ball,4,7.3,New Zealand,TWM Latham,JA Raval,Rahat Ali,1,0,"",""
ball,4,7.4,New Zealand,JA Raval,TWM Latham,Rahat Ali,0,0,"",""
ball,4,7.5,New Zealand,JA Raval,TWM Latham,Rahat Ali,4,0,"",""
ball,4,7.6,New Zealand,JA Raval,TWM Latham,Rahat Ali,2,0,"",""
ball,4,8.1,New Zealand,TWM Latham,JA Raval,Mohammad Amir,0,0,"",""
ball,4,8.2,New Zealand,TWM Latham,JA Raval,Mohammad Amir,0,0,caught,TWM Latham
ball,4,8.3,New Zealand,KS Williamson,JA Raval,Mohammad Amir,2,0,"",""
ball,4,8.4,New Zealand,KS Williamson,JA Raval,Mohammad Amir,1,1,"",""
ball,4,8.5,New Zealand,JA Raval,KS Williamson,Mohammad Amir,0,0,"",""
ball,4,8.6,New Zealand,JA Raval,KS Williamson,Mohammad Amir,0,0,"",""
ball,4,8.7,New Zealand,JA Raval,KS Williamson,Mohammad Amir,0,0,"",""
ball,4,9.1,New Zealand,KS Williamson,JA Raval,Sohail Khan,0,0,"",""
ball,4,9.2,New Zealand,KS Williamson,JA Raval,Sohail Khan,0,0,"",""
ball,4,9.3,New Zealand,KS Williamson,JA Raval,Sohail Khan,1,0,"",""
ball,4,9.4,New Zealand,JA Raval,KS Williamson,Sohail Khan,0,0,"",""
ball,4,9.5,New Zealand,JA Raval,KS Williamson,Sohail Khan,0,0,"",""
ball,4,9.6,New Zealand,JA Raval,KS Williamson,Sohail Khan,1,0,"",""
ball,4,10.1,New Zealand,JA Raval,KS Williamson,Mohammad Amir,0,0,"",""
ball,4,10.2,New Zealand,JA Raval,KS Williamson,Mohammad Amir,0,0,"",""
ball,4,10.3,New Zealand,JA Raval,KS Williamson,Mohammad Amir,0,0,"",""
ball,4,10.4,New Zealand,JA Raval,KS Williamson,Mohammad Amir,0,0,"",""
ball,4,10.5,New Zealand,JA Raval,KS Williamson,Mohammad Amir,0,0,"",""
ball,4,10.6,New Zealand,JA Raval,KS Williamson,Mohammad Amir,1,0,"",""
ball,4,11.1,New Zealand,JA Raval,KS Williamson,Sohail Khan,1,0,"",""
ball,4,11.2,New Zealand,KS Williamson,JA Raval,Sohail Khan,2,0,"",""
ball,4,11.3,New Zealand,KS Williamson,JA Raval,Sohail Khan,0,0,"",""
ball,4,11.4,New Zealand,KS Williamson,JA Raval,Sohail Khan,0,0,"",""
ball,4,11.5,New Zealand,KS Williamson,JA Raval,Sohail Khan,1,0,"",""
ball,4,11.6,New Zealand,JA Raval,KS Williamson,Sohail Khan,0,0,"",""
ball,4,12.1,New Zealand,KS Williamson,JA Raval,Mohammad Amir,0,0,"",""
ball,4,12.2,New Zealand,KS Williamson,JA Raval,Mohammad Amir,0,0,"",""
ball,4,12.3,New Zealand,KS Williamson,JA Raval,Mohammad Amir,0,0,"",""
ball,4,12.4,New Zealand,KS Williamson,JA Raval,Mohammad Amir,0,0,"",""
ball,4,12.5,New Zealand,KS Williamson,JA Raval,Mohammad Amir,0,0,"",""
ball,4,12.6,New Zealand,KS Williamson,JA Raval,Mohammad Amir,0,0,"",""
ball,4,13.1,New Zealand,JA Raval,KS Williamson,Yasir Shah,0,0,"",""
ball,4,13.2,New Zealand,JA Raval,KS Williamson,Yasir Shah,1,0,"",""
ball,4,13.3,New Zealand,KS Williamson,JA Raval,Yasir Shah,4,0,"",""
ball,4,13.4,New Zealand,KS Williamson,JA Raval,Yasir Shah,0,0,"",""
ball,4,13.5,New Zealand,KS Williamson,JA Raval,Yasir Shah,0,0,"",""
ball,4,13.6,New Zealand,KS Williamson,JA Raval,Yasir Shah,1,0,"",""
ball,4,14.1,New Zealand,KS Williamson,JA Raval,Sohail Khan,2,0,"",""
ball,4,14.2,New Zealand,KS Williamson,JA Raval,Sohail Khan,1,0,"",""
ball,4,14.3,New Zealand,JA Raval,KS Williamson,Sohail Khan,1,0,"",""
ball,4,14.4,New Zealand,KS Williamson,JA Raval,Sohail Khan,2,0,"",""
ball,4,14.5,New Zealand,KS Williamson,JA Raval,Sohail Khan,0,0,"",""
ball,4,14.6,New Zealand,KS Williamson,JA Raval,Sohail Khan,4,0,"",""
ball,4,15.1,New Zealand,JA Raval,KS Williamson,Yasir Shah,1,0,"",""
ball,4,15.2,New Zealand,KS Williamson,JA Raval,Yasir Shah,0,0,"",""
ball,4,15.3,New Zealand,KS Williamson,JA Raval,Yasir Shah,0,0,"",""
ball,4,15.4,New Zealand,KS Williamson,JA Raval,Yasir Shah,4,0,"",""
ball,4,15.5,New Zealand,KS Williamson,JA Raval,Yasir Shah,0,0,"",""
ball,4,15.6,New Zealand,KS Williamson,JA Raval,Yasir Shah,3,0,"",""
ball,4,16.1,New Zealand,KS Williamson,JA Raval,Rahat Ali,0,0,"",""
ball,4,16.2,New Zealand,KS Williamson,JA Raval,Rahat Ali,1,0,"",""
ball,4,16.3,New Zealand,JA Raval,KS Williamson,Rahat Ali,0,0,"",""
ball,4,16.4,New Zealand,JA Raval,KS Williamson,Rahat Ali,1,0,"",""
ball,4,16.5,New Zealand,KS Williamson,JA Raval,Rahat Ali,2,0,"",""
ball,4,16.6,New Zealand,KS Williamson,JA Raval,Rahat Ali,0,0,"",""
ball,4,17.1,New Zealand,JA Raval,KS Williamson,Yasir Shah,0,0,"",""
ball,4,17.2,New Zealand,JA Raval,KS Williamson,Yasir Shah,0,0,"",""
ball,4,17.3,New Zealand,JA Raval,KS Williamson,Yasir Shah,0,0,"",""
ball,4,17.4,New Zealand,JA Raval,KS Williamson,Yasir Shah,0,0,"",""
ball,4,17.5,New Zealand,JA Raval,KS Williamson,Yasir Shah,0,0,"",""
ball,4,17.6,New Zealand,JA Raval,KS Williamson,Yasir Shah,0,0,"",""
ball,4,18.1,New Zealand,KS Williamson,JA Raval,Rahat Ali,0,0,"",""
ball,4,18.2,New Zealand,KS Williamson,JA Raval,Rahat Ali,0,0,"",""
ball,4,18.3,New Zealand,KS Williamson,JA Raval,Rahat Ali,0,0,"",""
ball,4,18.4,New Zealand,KS Williamson,JA Raval,Rahat Ali,3,0,"",""
ball,4,18.5,New Zealand,JA Raval,KS Williamson,Rahat Ali,0,0,"",""
ball,4,18.6,New Zealand,JA Raval,KS Williamson,Rahat Ali,0,0,"",""
ball,4,19.1,New Zealand,KS Williamson,JA Raval,Yasir Shah,0,0,"",""
ball,4,19.2,New Zealand,KS Williamson,JA Raval,Yasir Shah,1,0,"",""
ball,4,19.3,New Zealand,JA Raval,KS Williamson,Yasir Shah,0,0,"",""
ball,4,19.4,New Zealand,JA Raval,KS Williamson,Yasir Shah,4,0,"",""
ball,4,19.5,New Zealand,JA Raval,KS Williamson,Yasir Shah,0,0,"",""
ball,4,19.6,New Zealand,JA Raval,KS Williamson,Yasir Shah,0,0,"",""
ball,4,20.1,New Zealand,KS Williamson,JA Raval,Rahat Ali,0,0,"",""
ball,4,20.2,New Zealand,KS Williamson,JA Raval,Rahat Ali,2,0,"",""
ball,4,20.3,New Zealand,KS Williamson,JA Raval,Rahat Ali,0,0,"",""
ball,4,20.4,New Zealand,KS Williamson,JA Raval,Rahat Ali,0,0,"",""
ball,4,20.5,New Zealand,KS Williamson,JA Raval,Rahat Ali,0,0,"",""
ball,4,20.6,New Zealand,KS Williamson,JA Raval,Rahat Ali,1,0,"",""
ball,4,21.1,New Zealand,KS Williamson,JA Raval,Yasir Shah,1,0,"",""
ball,4,21.2,New Zealand,JA Raval,KS Williamson,Yasir Shah,1,0,"",""
ball,4,21.3,New Zealand,KS Williamson,JA Raval,Yasir Shah,6,0,"",""
ball,4,21.4,New Zealand,KS Williamson,JA Raval,Yasir Shah,1,0,"",""
ball,4,21.5,New Zealand,JA Raval,KS Williamson,Yasir Shah,1,0,"",""
ball,4,21.6,New Zealand,KS Williamson,JA Raval,Yasir Shah,0,0,"",""
ball,4,22.1,New Zealand,JA Raval,KS Williamson,Rahat Ali,0,0,"",""
ball,4,22.2,New Zealand,JA Raval,KS Williamson,Rahat Ali,0,0,"",""
ball,4,22.3,New Zealand,JA Raval,KS Williamson,Rahat Ali,0,0,"",""
ball,4,22.4,New Zealand,JA Raval,KS Williamson,Rahat Ali,0,0,"",""
ball,4,22.5,New Zealand,JA Raval,KS Williamson,Rahat Ali,4,0,"",""
ball,4,22.6,New Zealand,JA Raval,KS Williamson,Rahat Ali,0,0,"",""
ball,4,23.1,New Zealand,KS Williamson,JA Raval,Yasir Shah,0,0,"",""
ball,4,23.2,New Zealand,KS Williamson,JA Raval,Yasir Shah,0,0,"",""
ball,4,23.3,New Zealand,KS Williamson,JA Raval,Yasir Shah,0,0,"",""
ball,4,23.4,New Zealand,KS Williamson,JA Raval,Yasir Shah,1,0,"",""
ball,4,23.5,New Zealand,JA Raval,KS Williamson,Yasir Shah,0,0,"",""
ball,4,23.6,New Zealand,JA Raval,KS Williamson,Yasir Shah,0,0,"",""
ball,4,24.1,New Zealand,KS Williamson,JA Raval,Rahat Ali,0,0,"",""
ball,4,24.2,New Zealand,KS Williamson,JA Raval,Rahat Ali,0,0,"",""
ball,4,24.3,New Zealand,KS Williamson,JA Raval,Rahat Ali,3,0,"",""
ball,4,24.4,New Zealand,JA Raval,KS Williamson,Rahat Ali,0,0,"",""
ball,4,24.5,New Zealand,JA Raval,KS Williamson,Rahat Ali,0,0,"",""
ball,4,24.6,New Zealand,JA Raval,KS Williamson,Rahat Ali,0,0,"",""
ball,4,25.1,New Zealand,KS Williamson,JA Raval,Yasir Shah,0,0,"",""
ball,4,25.2,New Zealand,KS Williamson,JA Raval,Yasir Shah,1,0,"",""
ball,4,25.3,New Zealand,JA Raval,KS Williamson,Yasir Shah,2,0,"",""
ball,4,25.4,New Zealand,JA Raval,KS Williamson,Yasir Shah,0,0,"",""
ball,4,25.5,New Zealand,JA Raval,KS Williamson,Yasir Shah,1,0,"",""
ball,4,25.6,New Zealand,KS Williamson,JA Raval,Yasir Shah,1,0,"",""
ball,4,26.1,New Zealand,KS Williamson,JA Raval,Azhar Ali,0,0,"",""
ball,4,26.2,New Zealand,KS Williamson,JA Raval,Azhar Ali,2,0,"",""
ball,4,26.3,New Zealand,KS Williamson,JA Raval,Azhar Ali,1,0,"",""
ball,4,26.4,New Zealand,JA Raval,KS Williamson,Azhar Ali,0,0,"",""
ball,4,26.5,New Zealand,JA Raval,KS Williamson,Azhar Ali,0,0,"",""
ball,4,26.6,New Zealand,JA Raval,KS Williamson,Azhar Ali,1,0,"",""
ball,4,27.1,New Zealand,JA Raval,KS Williamson,Yasir Shah,0,0,"",""
ball,4,27.2,New Zealand,JA Raval,KS Williamson,Yasir Shah,1,0,"",""
ball,4,27.3,New Zealand,KS Williamson,JA Raval,Yasir Shah,4,0,"",""
ball,4,27.4,New Zealand,KS Williamson,JA Raval,Yasir Shah,0,0,"",""
ball,4,27.5,New Zealand,KS Williamson,JA Raval,Yasir Shah,0,0,"",""
ball,4,27.6,New Zealand,KS Williamson,JA Raval,Yasir Shah,0,0,"",""
ball,4,28.1,New Zealand,JA Raval,KS Williamson,Azhar Ali,1,0,"",""
ball,4,28.2,New Zealand,KS Williamson,JA Raval,Azhar Ali,0,0,"",""
ball,4,28.3,New Zealand,KS Williamson,JA Raval,Azhar Ali,0,0,"",""
ball,4,28.4,New Zealand,KS Williamson,JA Raval,Azhar Ali,0,0,"",""
ball,4,28.5,New Zealand,KS Williamson,JA Raval,Azhar Ali,1,0,"",""
ball,4,28.6,New Zealand,JA Raval,KS Williamson,Azhar Ali,0,0,"",""
ball,4,29.1,New Zealand,KS Williamson,JA Raval,Yasir Shah,1,0,"",""
ball,4,29.2,New Zealand,JA Raval,KS Williamson,Yasir Shah,0,0,"",""
ball,4,29.3,New Zealand,JA Raval,KS Williamson,Yasir Shah,0,0,"",""
ball,4,29.4,New Zealand,JA Raval,KS Williamson,Yasir Shah,0,0,"",""
ball,4,29.5,New Zealand,JA Raval,KS Williamson,Yasir Shah,0,0,"",""
ball,4,29.6,New Zealand,JA Raval,KS Williamson,Yasir Shah,0,0,"",""
ball,4,30.1,New Zealand,KS Williamson,JA Raval,Azhar Ali,0,0,"",""
ball,4,30.2,New Zealand,KS Williamson,JA Raval,Azhar Ali,0,0,"",""
ball,4,30.3,New Zealand,KS Williamson,JA Raval,Azhar Ali,0,0,"",""
ball,4,30.4,New Zealand,KS Williamson,JA Raval,Azhar Ali,0,0,"",""
ball,4,30.5,New Zealand,KS Williamson,JA Raval,Azhar Ali,0,0,"",""
ball,4,30.6,New Zealand,KS Williamson,JA Raval,Azhar Ali,0,0,caught,KS Williamson
ball,4,31.1,New Zealand,JA Raval,HM Nicholls,Yasir Shah,0,0,"",""
ball,4,31.2,New Zealand,JA Raval,HM Nicholls,Yasir Shah,0,0,"",""
ball,4,31.3,New Zealand,JA Raval,HM Nicholls,Yasir Shah,4,0,"",""
