version,1.3.0
info,team,Brisbane Heat
info,team,Melbourne Renegades
info,gender,male
info,season,2016/17
info,date,2017/01/20
info,competition,Big Bash League
info,match_number,30
info,venue,"Brisbane Cricket Ground, Woolloongabba"
info,city,Brisbane
info,toss_winner,Brisbane Heat
info,toss_decision,field
info,player_of_match,AJ Finch
info,umpire,SAJ Craig
info,umpire,SJ Nogajski
info,reserve_umpire,D Taylor
info,tv_umpire,GC Joshua
info,match_referee,SR Bernard
info,winner,Melbourne Renegades
info,winner_runs,1
ball,1,0.1,Melbourne Renegades,MS Harris,AJ Finch,MT Steketee,0,0,"",""
ball,1,0.2,Melbourne Renegades,MS Harris,AJ Finch,MT Steketee,0,1,"",""
ball,1,0.3,Melbourne Renegades,MS Harris,AJ Finch,MT Steketee,0,0,"",""
ball,1,0.4,Melbourne Renegades,MS Harris,AJ Finch,MT Steketee,1,0,"",""
ball,1,0.5,Melbourne Renegades,AJ Finch,MS Harris,MT Steketee,4,0,"",""
ball,1,0.6,Melbourne Renegades,AJ Finch,MS Harris,MT Steketee,0,0,"",""
ball,1,0.7,Melbourne Renegades,AJ Finch,MS Harris,MT Steketee,6,0,"",""
ball,1,1.1,Melbourne Renegades,MS Harris,AJ Finch,JD Wildermuth,0,0,"",""
ball,1,1.2,Melbourne Renegades,MS Harris,AJ Finch,JD Wildermuth,4,0,"",""
ball,1,1.3,Melbourne Renegades,MS Harris,AJ Finch,JD Wildermuth,4,0,"",""
ball,1,1.4,Melbourne Renegades,MS Harris,AJ Finch,JD Wildermuth,1,0,"",""
ball,1,1.5,Melbourne Renegades,AJ Finch,MS Harris,JD Wildermuth,4,0,"",""
ball,1,1.6,Melbourne Renegades,AJ Finch,MS Harris,JD Wildermuth,1,0,"",""
ball,1,2.1,Melbourne Renegades,AJ Finch,MS Harris,MT Steketee,0,0,"",""
ball,1,2.2,Melbourne Renegades,AJ Finch,MS Harris,MT Steketee,0,1,"",""
ball,1,2.3,Melbourne Renegades,AJ Finch,MS Harris,MT Steketee,1,0,"",""
ball,1,2.4,Melbourne Renegades,MS Harris,AJ Finch,MT Steketee,4,0,"",""
ball,1,2.5,Melbourne Renegades,MS Harris,AJ Finch,MT Steketee,0,0,"",""
ball,1,2.6,Melbourne Renegades,MS Harris,AJ Finch,MT Steketee,0,0,"",""
ball,1,2.7,Melbourne Renegades,MS Harris,AJ Finch,MT Steketee,6,0,"",""
ball,1,3.1,Melbourne Renegades,AJ Finch,MS Harris,JD Wildermuth,1,0,"",""
ball,1,3.2,Melbourne Renegades,MS Harris,AJ Finch,JD Wildermuth,4,0,"",""
ball,1,3.3,Melbourne Renegades,MS Harris,AJ Finch,JD Wildermuth,1,0,"",""
ball,1,3.4,Melbourne Renegades,AJ Finch,MS Harris,JD Wildermuth,1,0,"",""
ball,1,3.5,Melbourne Renegades,MS Harris,AJ Finch,JD Wildermuth,4,0,"",""
ball,1,3.6,Melbourne Renegades,MS Harris,AJ Finch,JD Wildermuth,1,0,"",""
ball,1,4.1,Melbourne Renegades,MS Harris,AJ Finch,JA Burns,0,0,"",""
ball,1,4.2,Melbourne Renegades,MS Harris,AJ Finch,JA Burns,1,0,"",""
ball,1,4.3,Melbourne Renegades,AJ Finch,MS Harris,JA Burns,1,0,"",""
ball,1,4.4,Melbourne Renegades,MS Harris,AJ Finch,JA Burns,1,0,"",""
ball,1,4.5,Melbourne Renegades,AJ Finch,MS Harris,JA Burns,0,1,"",""
ball,1,4.6,Melbourne Renegades,AJ Finch,MS Harris,JA Burns,2,0,"",""
ball,1,4.7,Melbourne Renegades,AJ Finch,MS Harris,JA Burns,4,0,"",""
ball,1,5.1,Melbourne Renegades,MS Harris,AJ Finch,ND Buchanan,4,0,"",""
ball,1,5.2,Melbourne Renegades,MS Harris,AJ Finch,ND Buchanan,0,0,"",""
ball,1,5.3,Melbourne Renegades,MS Harris,AJ Finch,ND Buchanan,3,0,"",""
ball,1,5.4,Melbourne Renegades,AJ Finch,MS Harris,ND Buchanan,4,0,"",""
ball,1,5.5,Melbourne Renegades,AJ Finch,MS Harris,ND Buchanan,0,0,"",""
ball,1,5.6,Melbourne Renegades,AJ Finch,MS Harris,ND Buchanan,4,0,"",""
ball,1,6.1,Melbourne Renegades,MS Harris,AJ Finch,MJ Swepson,1,0,"",""
ball,1,6.2,Melbourne Renegades,AJ Finch,MS Harris,MJ Swepson,1,0,"",""
ball,1,6.3,Melbourne Renegades,MS Harris,AJ Finch,MJ Swepson,0,0,"",""
ball,1,6.4,Melbourne Renegades,MS Harris,AJ Finch,MJ Swepson,1,0,"",""
ball,1,6.5,Melbourne Renegades,AJ Finch,MS Harris,MJ Swepson,1,0,"",""
ball,1,6.6,Melbourne Renegades,MS Harris,AJ Finch,MJ Swepson,1,0,"",""
ball,1,7.1,Melbourne Renegades,MS Harris,AJ Finch,M Labuschagne,1,0,"",""
ball,1,7.2,Melbourne Renegades,AJ Finch,MS Harris,M Labuschagne,6,0,"",""
ball,1,7.3,Melbourne Renegades,AJ Finch,MS Harris,M Labuschagne,6,0,"",""
ball,1,7.4,Melbourne Renegades,AJ Finch,MS Harris,M Labuschagne,6,0,"",""
ball,1,7.5,Melbourne Renegades,AJ Finch,MS Harris,M Labuschagne,1,0,"",""
ball,1,7.6,Melbourne Renegades,MS Harris,AJ Finch,M Labuschagne,1,0,"",""
ball,1,8.1,Melbourne Renegades,MS Harris,AJ Finch,MJ Swepson,1,0,"",""
ball,1,8.2,Melbourne Renegades,AJ Finch,MS Harris,MJ Swepson,1,0,"",""
ball,1,8.3,Melbourne Renegades,MS Harris,AJ Finch,MJ Swepson,0,0,"",""
ball,1,8.4,Melbourne Renegades,MS Harris,AJ Finch,MJ Swepson,2,0,"",""
ball,1,8.5,Melbourne Renegades,MS Harris,AJ Finch,MJ Swepson,1,0,"",""
ball,1,8.6,Melbourne Renegades,AJ Finch,MS Harris,MJ Swepson,0,0,"",""
ball,1,9.1,Melbourne Renegades,MS Harris,AJ Finch,BCJ Cutting,0,0,caught,MS Harris
ball,1,9.2,Melbourne Renegades,CL White,AJ Finch,BCJ Cutting,0,0,"",""
ball,1,9.3,Melbourne Renegades,CL White,AJ Finch,BCJ Cutting,1,0,"",""
ball,1,9.4,Melbourne Renegades,AJ Finch,CL White,BCJ Cutting,1,0,"",""
ball,1,9.5,Melbourne Renegades,CL White,AJ Finch,BCJ Cutting,0,1,"",""
ball,1,9.6,Melbourne Renegades,CL White,AJ Finch,BCJ Cutting,1,0,"",""
ball,1,9.7,Melbourne Renegades,AJ Finch,CL White,BCJ Cutting,4,0,"",""
ball,1,10.1,Melbourne Renegades,CL White,AJ Finch,MJ Swepson,0,0,"",""
ball,1,10.2,Melbourne Renegades,CL White,AJ Finch,MJ Swepson,1,0,"",""
ball,1,10.3,Melbourne Renegades,AJ Finch,CL White,MJ Swepson,1,0,"",""
ball,1,10.4,Melbourne Renegades,CL White,AJ Finch,MJ Swepson,1,0,"",""
ball,1,10.5,Melbourne Renegades,AJ Finch,CL White,MJ Swepson,2,0,"",""
ball,1,10.6,Melbourne Renegades,AJ Finch,CL White,MJ Swepson,1,0,"",""
ball,1,11.1,Melbourne Renegades,AJ Finch,CL White,BCJ Cutting,1,0,"",""
ball,1,11.2,Melbourne Renegades,CL White,AJ Finch,BCJ Cutting,1,0,"",""
ball,1,11.3,Melbourne Renegades,AJ Finch,CL White,BCJ Cutting,2,1,"",""
ball,1,11.4,Melbourne Renegades,AJ Finch,CL White,BCJ Cutting,1,0,"",""
ball,1,11.5,Melbourne Renegades,CL White,AJ Finch,BCJ Cutting,1,0,"",""
ball,1,11.6,Melbourne Renegades,AJ Finch,CL White,BCJ Cutting,1,0,"",""
ball,1,11.7,Melbourne Renegades,CL White,AJ Finch,BCJ Cutting,1,0,"",""
ball,1,12.1,Melbourne Renegades,CL White,AJ Finch,JD Wildermuth,1,0,"",""
ball,1,12.2,Melbourne Renegades,AJ Finch,CL White,JD Wildermuth,1,0,"",""
ball,1,12.3,Melbourne Renegades,CL White,AJ Finch,JD Wildermuth,2,0,"",""
ball,1,12.4,Melbourne Renegades,CL White,AJ Finch,JD Wildermuth,1,0,"",""
ball,1,12.5,Melbourne Renegades,AJ Finch,CL White,JD Wildermuth,1,0,"",""
ball,1,12.6,Melbourne Renegades,CL White,AJ Finch,JD Wildermuth,1,0,"",""
ball,1,13.1,Melbourne Renegades,CL White,AJ Finch,MT Steketee,1,0,"",""
ball,1,13.2,Melbourne Renegades,AJ Finch,CL White,MT Steketee,0,0,caught,AJ Finch
ball,1,13.3,Melbourne Renegades,TLW Cooper,CL White,MT Steketee,1,0,"",""
ball,1,13.4,Melbourne Renegades,CL White,TLW Cooper,MT Steketee,2,0,"",""
ball,1,13.5,Melbourne Renegades,CL White,TLW Cooper,MT Steketee,0,0,"",""
ball,1,13.6,Melbourne Renegades,CL White,TLW Cooper,MT Steketee,2,0,"",""
ball,1,14.1,Melbourne Renegades,TLW Cooper,CL White,MJ Swepson,1,0,"",""
ball,1,14.2,Melbourne Renegades,CL White,TLW Cooper,MJ Swepson,0,0,"",""
ball,1,14.3,Melbourne Renegades,CL White,TLW Cooper,MJ Swepson,3,0,"",""
ball,1,14.4,Melbourne Renegades,TLW Cooper,CL White,MJ Swepson,4,0,"",""
ball,1,14.5,Melbourne Renegades,TLW Cooper,CL White,MJ Swepson,4,0,"",""
ball,1,14.6,Melbourne Renegades,TLW Cooper,CL White,MJ Swepson,1,0,"",""
ball,1,15.1,Melbourne Renegades,TLW Cooper,CL White,ND Buchanan,1,0,"",""
ball,1,15.2,Melbourne Renegades,CL White,TLW Cooper,ND Buchanan,1,0,"",""
ball,1,15.3,Melbourne Renegades,TLW Cooper,CL White,ND Buchanan,0,0,caught,TLW Cooper
ball,1,15.4,Melbourne Renegades,CL White,CJ Ferguson,ND Buchanan,2,0,"",""
ball,1,15.5,Melbourne Renegades,CL White,CJ Ferguson,ND Buchanan,1,0,"",""
ball,1,15.6,Melbourne Renegades,CJ Ferguson,CL White,ND Buchanan,1,0,"",""
ball,1,16.1,Melbourne Renegades,CJ Ferguson,CL White,M Labuschagne,1,0,"",""
ball,1,16.2,Melbourne Renegades,CL White,CJ Ferguson,M Labuschagne,0,0,"",""
ball,1,16.3,Melbourne Renegades,CL White,CJ Ferguson,M Labuschagne,0,0,stumped,CL White
ball,1,16.4,Melbourne Renegades,NLTC Perera,CJ Ferguson,M Labuschagne,1,0,"",""
ball,1,16.5,Melbourne Renegades,CJ Ferguson,NLTC Perera,M Labuschagne,0,0,"",""
ball,1,16.6,Melbourne Renegades,CJ Ferguson,NLTC Perera,M Labuschagne,2,0,"",""
ball,1,17.1,Melbourne Renegades,NLTC Perera,CJ Ferguson,BCJ Cutting,1,0,"",""
ball,1,17.2,Melbourne Renegades,CJ Ferguson,NLTC Perera,BCJ Cutting,2,0,"",""
ball,1,17.3,Melbourne Renegades,CJ Ferguson,NLTC Perera,BCJ Cutting,1,0,"",""
ball,1,17.4,Melbourne Renegades,NLTC Perera,CJ Ferguson,BCJ Cutting,0,0,"",""
ball,1,17.5,Melbourne Renegades,NLTC Perera,CJ Ferguson,BCJ Cutting,1,0,"",""
ball,1,17.6,Melbourne Renegades,CJ Ferguson,NLTC Perera,BCJ Cutting,2,0,"",""
ball,1,18.1,Melbourne Renegades,NLTC Perera,CJ Ferguson,MT Steketee,2,0,"",""
ball,1,18.2,Melbourne Renegades,NLTC Perera,CJ Ferguson,MT Steketee,1,0,"",""
ball,1,18.3,Melbourne Renegades,CJ Ferguson,NLTC Perera,MT Steketee,1,0,"",""
ball,1,18.4,Melbourne Renegades,NLTC Perera,CJ Ferguson,MT Steketee,0,0,caught,NLTC Perera
ball,1,18.5,Melbourne Renegades,CJ Ferguson,SP Narine,MT Steketee,2,0,"",""
ball,1,18.6,Melbourne Renegades,CJ Ferguson,SP Narine,MT Steketee,1,0,"",""
ball,1,19.1,Melbourne Renegades,CJ Ferguson,SP Narine,BCJ Cutting,6,0,"",""
ball,1,19.2,Melbourne Renegades,CJ Ferguson,SP Narine,BCJ Cutting,6,0,"",""
ball,1,19.3,Melbourne Renegades,CJ Ferguson,SP Narine,BCJ Cutting,0,1,"",""
ball,1,19.4,Melbourne Renegades,CJ Ferguson,SP Narine,BCJ Cutting,1,0,"",""
ball,1,19.5,Melbourne Renegades,SP Narine,CJ Ferguson,BCJ Cutting,1,0,"",""
ball,1,19.6,Melbourne Renegades,CJ Ferguson,SP Narine,BCJ Cutting,4,0,"",""
ball,1,19.7,Melbourne Renegades,CJ Ferguson,SP Narine,BCJ Cutting,1,0,"",""
ball,2,0.1,Brisbane Heat,BB McCullum,JJ Peirson,TLW Cooper,2,0,"",""
ball,2,0.2,Brisbane Heat,BB McCullum,JJ Peirson,TLW Cooper,0,0,"",""
ball,2,0.3,Brisbane Heat,BB McCullum,JJ Peirson,TLW Cooper,6,0,"",""
ball,2,0.4,Brisbane Heat,BB McCullum,JJ Peirson,TLW Cooper,4,0,"",""
ball,2,0.5,Brisbane Heat,BB McCullum,JJ Peirson,TLW Cooper,1,0,"",""
ball,2,0.6,Brisbane Heat,JJ Peirson,BB McCullum,TLW Cooper,1,0,"",""
ball,2,1.1,Brisbane Heat,JJ Peirson,BB McCullum,JL Pattinson,0,0,caught,JJ Peirson
ball,2,1.2,Brisbane Heat,SD Heazlett,BB McCullum,JL Pattinson,1,0,"",""
ball,2,1.3,Brisbane Heat,BB McCullum,SD Heazlett,JL Pattinson,0,5,"",""
ball,2,1.4,Brisbane Heat,BB McCullum,SD Heazlett,JL Pattinson,4,0,"",""
ball,2,1.5,Brisbane Heat,BB McCullum,SD Heazlett,JL Pattinson,6,0,"",""
ball,2,1.6,Brisbane Heat,BB McCullum,SD Heazlett,JL Pattinson,4,0,"",""
ball,2,1.7,Brisbane Heat,BB McCullum,SD Heazlett,JL Pattinson,2,0,"",""
ball,2,2.1,Brisbane Heat,SD Heazlett,BB McCullum,NJ Rimmington,4,0,"",""
ball,2,2.2,Brisbane Heat,SD Heazlett,BB McCullum,NJ Rimmington,4,0,"",""
ball,2,2.3,Brisbane Heat,SD Heazlett,BB McCullum,NJ Rimmington,1,0,"",""
ball,2,2.4,Brisbane Heat,BB McCullum,SD Heazlett,NJ Rimmington,1,0,"",""
ball,2,2.5,Brisbane Heat,SD Heazlett,BB McCullum,NJ Rimmington,1,0,"",""
ball,2,2.6,Brisbane Heat,BB McCullum,SD Heazlett,NJ Rimmington,2,0,"",""
ball,2,3.1,Brisbane Heat,SD Heazlett,BB McCullum,SP Narine,1,0,"",""
ball,2,3.2,Brisbane Heat,BB McCullum,SD Heazlett,SP Narine,4,0,"",""
ball,2,3.3,Brisbane Heat,BB McCullum,SD Heazlett,SP Narine,0,0,"",""
ball,2,3.4,Brisbane Heat,BB McCullum,SD Heazlett,SP Narine,3,0,"",""
ball,2,3.5,Brisbane Heat,SD Heazlett,BB McCullum,SP Narine,6,0,"",""
ball,2,3.6,Brisbane Heat,SD Heazlett,BB McCullum,SP Narine,0,0,"",""
ball,2,4.1,Brisbane Heat,BB McCullum,SD Heazlett,TLW Cooper,6,0,"",""
ball,2,4.2,Brisbane Heat,BB McCullum,SD Heazlett,TLW Cooper,0,0,"",""
ball,2,4.3,Brisbane Heat,BB McCullum,SD Heazlett,TLW Cooper,4,0,"",""
ball,2,4.4,Brisbane Heat,BB McCullum,SD Heazlett,TLW Cooper,1,0,"",""
ball,2,4.5,Brisbane Heat,SD Heazlett,BB McCullum,TLW Cooper,6,0,"",""
ball,2,4.6,Brisbane Heat,SD Heazlett,BB McCullum,TLW Cooper,4,0,"",""
ball,2,5.1,Brisbane Heat,BB McCullum,SD Heazlett,NLTC Perera,0,0,"",""
ball,2,5.2,Brisbane Heat,BB McCullum,SD Heazlett,NLTC Perera,1,0,"",""
ball,2,5.3,Brisbane Heat,SD Heazlett,BB McCullum,NLTC Perera,0,0,"",""
ball,2,5.4,Brisbane Heat,SD Heazlett,BB McCullum,NLTC Perera,0,0,caught,SD Heazlett
ball,2,5.5,Brisbane Heat,AI Ross,BB McCullum,NLTC Perera,0,0,"",""
ball,2,5.6,Brisbane Heat,AI Ross,BB McCullum,NLTC Perera,0,0,"",""
ball,2,6.1,Brisbane Heat,BB McCullum,AI Ross,GB Hogg,1,0,"",""
ball,2,6.2,Brisbane Heat,AI Ross,BB McCullum,GB Hogg,1,0,"",""
ball,2,6.3,Brisbane Heat,BB McCullum,AI Ross,GB Hogg,0,4,"",""
ball,2,6.4,Brisbane Heat,BB McCullum,AI Ross,GB Hogg,0,0,"",""
ball,2,6.5,Brisbane Heat,BB McCullum,AI Ross,GB Hogg,0,0,"",""
ball,2,6.6,Brisbane Heat,BB McCullum,AI Ross,GB Hogg,0,1,"",""
ball,2,7.1,Brisbane Heat,BB McCullum,AI Ross,JL Pattinson,1,0,"",""
ball,2,7.2,Brisbane Heat,AI Ross,BB McCullum,JL Pattinson,1,0,"",""
ball,2,7.3,Brisbane Heat,BB McCullum,AI Ross,JL Pattinson,1,0,"",""
ball,2,7.4,Brisbane Heat,AI Ross,BB McCullum,JL Pattinson,2,0,"",""
ball,2,7.5,Brisbane Heat,AI Ross,BB McCullum,JL Pattinson,1,0,"",""
ball,2,7.6,Brisbane Heat,BB McCullum,AI Ross,JL Pattinson,0,0,"",""
ball,2,8.1,Brisbane Heat,AI Ross,BB McCullum,GB Hogg,1,0,"",""
ball,2,8.2,Brisbane Heat,BB McCullum,AI Ross,GB Hogg,1,0,"",""
ball,2,8.3,Brisbane Heat,AI Ross,BB McCullum,GB Hogg,1,0,"",""
ball,2,8.4,Brisbane Heat,BB McCullum,AI Ross,GB Hogg,0,0,"",""
ball,2,8.5,Brisbane Heat,BB McCullum,AI Ross,GB Hogg,0,0,"",""
ball,2,8.6,Brisbane Heat,BB McCullum,AI Ross,GB Hogg,0,0,"",""
ball,2,9.1,Brisbane Heat,AI Ross,BB McCullum,NLTC Perera,1,0,"",""
ball,2,9.2,Brisbane Heat,BB McCullum,AI Ross,NLTC Perera,0,1,"",""
ball,2,9.3,Brisbane Heat,BB McCullum,AI Ross,NLTC Perera,0,1,"",""
ball,2,9.4,Brisbane Heat,AI Ross,BB McCullum,NLTC Perera,1,0,"",""
ball,2,9.5,Brisbane Heat,BB McCullum,AI Ross,NLTC Perera,0,0,"",""
ball,2,9.6,Brisbane Heat,BB McCullum,AI Ross,NLTC Perera,1,0,"",""
ball,2,9.7,Brisbane Heat,AI Ross,BB McCullum,NLTC Perera,1,0,"",""
ball,2,10.1,Brisbane Heat,AI Ross,BB McCullum,SP Narine,1,0,"",""
ball,2,10.2,Brisbane Heat,BB McCullum,AI Ross,SP Narine,4,0,"",""
ball,2,10.3,Brisbane Heat,BB McCullum,AI Ross,SP Narine,2,0,"",""
ball,2,10.4,Brisbane Heat,BB McCullum,AI Ross,SP Narine,2,0,"",""
ball,2,10.5,Brisbane Heat,BB McCullum,AI Ross,SP Narine,0,1,"",""
ball,2,10.6,Brisbane Heat,AI Ross,BB McCullum,SP Narine,2,0,"",""
ball,2,11.1,Brisbane Heat,BB McCullum,AI Ross,NLTC Perera,0,0,caught,BB McCullum
ball,2,11.2,Brisbane Heat,AI Ross,JA Burns,NLTC Perera,0,0,"",""
ball,2,11.3,Brisbane Heat,AI Ross,JA Burns,NLTC Perera,2,0,"",""
ball,2,11.4,Brisbane Heat,AI Ross,JA Burns,NLTC Perera,1,0,"",""
ball,2,11.5,Brisbane Heat,JA Burns,AI Ross,NLTC Perera,3,0,"",""
ball,2,11.6,Brisbane Heat,AI Ross,JA Burns,NLTC Perera,0,1,"",""
ball,2,11.7,Brisbane Heat,AI Ross,JA Burns,NLTC Perera,0,0,"",""
ball,2,12.1,Brisbane Heat,JA Burns,AI Ross,GB Hogg,1,0,"",""
ball,2,12.2,Brisbane Heat,AI Ross,JA Burns,GB Hogg,0,0,"",""
ball,2,12.3,Brisbane Heat,AI Ross,JA Burns,GB Hogg,0,0,"",""
ball,2,12.4,Brisbane Heat,AI Ross,JA Burns,GB Hogg,0,0,lbw,AI Ross
ball,2,12.5,Brisbane Heat,BCJ Cutting,JA Burns,GB Hogg,1,0,"",""
ball,2,12.6,Brisbane Heat,JA Burns,BCJ Cutting,GB Hogg,1,0,"",""
ball,2,13.1,Brisbane Heat,JA Burns,BCJ Cutting,JL Pattinson,1,0,"",""
ball,2,13.2,Brisbane Heat,BCJ Cutting,JA Burns,JL Pattinson,1,0,"",""
ball,2,13.3,Brisbane Heat,JA Burns,BCJ Cutting,JL Pattinson,1,0,"",""
ball,2,13.4,Brisbane Heat,BCJ Cutting,JA Burns,JL Pattinson,2,0,"",""
ball,2,13.5,Brisbane Heat,BCJ Cutting,JA Burns,JL Pattinson,1,0,"",""
ball,2,13.6,Brisbane Heat,JA Burns,BCJ Cutting,JL Pattinson,2,0,"",""
ball,2,14.1,Brisbane Heat,BCJ Cutting,JA Burns,GB Hogg,2,0,"",""
ball,2,14.2,Brisbane Heat,BCJ Cutting,JA Burns,GB Hogg,2,0,"",""
ball,2,14.3,Brisbane Heat,BCJ Cutting,JA Burns,GB Hogg,2,0,"",""
ball,2,14.4,Brisbane Heat,BCJ Cutting,JA Burns,GB Hogg,2,0,"",""
ball,2,14.5,Brisbane Heat,BCJ Cutting,JA Burns,GB Hogg,0,0,"",""
ball,2,14.6,Brisbane Heat,BCJ Cutting,JA Burns,GB Hogg,2,0,"",""
ball,2,15.1,Brisbane Heat,JA Burns,BCJ Cutting,NLTC Perera,0,0,"",""
ball,2,15.2,Brisbane Heat,JA Burns,BCJ Cutting,NLTC Perera,0,0,"",""
ball,2,15.3,Brisbane Heat,JA Burns,BCJ Cutting,NLTC Perera,1,0,"",""
ball,2,15.4,Brisbane Heat,BCJ Cutting,JA Burns,NLTC Perera,6,0,"",""
ball,2,15.5,Brisbane Heat,BCJ Cutting,JA Burns,NLTC Perera,6,0,"",""
ball,2,15.6,Brisbane Heat,BCJ Cutting,JA Burns,NLTC Perera,1,0,"",""
ball,2,16.1,Brisbane Heat,BCJ Cutting,JA Burns,SP Narine,1,0,"",""
ball,2,16.2,Brisbane Heat,JA Burns,BCJ Cutting,SP Narine,0,0,"",""
ball,2,16.3,Brisbane Heat,JA Burns,BCJ Cutting,SP Narine,1,0,"",""
ball,2,16.4,Brisbane Heat,BCJ Cutting,JA Burns,SP Narine,1,0,"",""
ball,2,16.5,Brisbane Heat,JA Burns,BCJ Cutting,SP Narine,0,0,"",""
ball,2,16.6,Brisbane Heat,JA Burns,BCJ Cutting,SP Narine,2,0,"",""
ball,2,17.1,Brisbane Heat,BCJ Cutting,JA Burns,NJ Rimmington,1,0,"",""
ball,2,17.2,Brisbane Heat,JA Burns,BCJ Cutting,NJ Rimmington,1,0,"",""
ball,2,17.3,Brisbane Heat,BCJ Cutting,JA Burns,NJ Rimmington,4,0,"",""
ball,2,17.4,Brisbane Heat,BCJ Cutting,JA Burns,NJ Rimmington,0,0,caught,BCJ Cutting
ball,2,17.5,Brisbane Heat,JA Burns,M Labuschagne,NJ Rimmington,1,0,"",""
ball,2,17.6,Brisbane Heat,M Labuschagne,JA Burns,NJ Rimmington,1,0,"",""
ball,2,18.1,Brisbane Heat,M Labuschagne,JA Burns,SP Narine,0,0,caught,M Labuschagne
ball,2,18.2,Brisbane Heat,JA Burns,JD Wildermuth,SP Narine,2,0,"",""
ball,2,18.3,Brisbane Heat,JA Burns,JD Wildermuth,SP Narine,1,0,"",""
ball,2,18.4,Brisbane Heat,JD Wildermuth,JA Burns,SP Narine,0,0,caught,JD Wildermuth
ball,2,18.5,Brisbane Heat,JA Burns,ND Buchanan,SP Narine,4,0,"",""
ball,2,18.6,Brisbane Heat,JA Burns,ND Buchanan,SP Narine,1,0,"",""
ball,2,19.1,Brisbane Heat,JA Burns,ND Buchanan,NJ Rimmington,0,1,"",""
ball,2,19.2,Brisbane Heat,JA Burns,ND Buchanan,NJ Rimmington,6,0,"",""
ball,2,19.3,Brisbane Heat,JA Burns,ND Buchanan,NJ Rimmington,6,0,"",""
ball,2,19.4,Brisbane Heat,JA Burns,ND Buchanan,NJ Rimmington,0,0,caught,JA Burns
ball,2,19.5,Brisbane Heat,ND Buchanan,MT Steketee,NJ Rimmington,0,1,"",""
ball,2,19.6,Brisbane Heat,ND Buchanan,MT Steketee,NJ Rimmington,0,0,run out,ND Buchanan
ball,2,19.7,Brisbane Heat,MT Steketee,MJ Swepson,NJ Rimmington,0,1,"",""
ball,2,19.8,Brisbane Heat,MT Steketee,MJ Swepson,NJ Rimmington,0,0,"",""
ball,2,19.9,Brisbane Heat,MT Steketee,MJ Swepson,NJ Rimmington,0,1,run out,MJ Swepson
