version,1.3.0
info,team,Australia
info,team,New Zealand
info,gender,female
info,season,2016/17
info,date,2017/02/22
info,series,New Zealand Women in Australia T20I Series
info,match_number,3
info,venue,Adelaide Oval
info,city,
info,toss_winner,New Zealand
info,toss_decision,bat
info,player_of_match,SW Bates
info,umpire,GA Abood
info,umpire,JD Ward
info,reserve_umpire,AJ Barrow
info,tv_umpire,SAJ Craig
info,match_referee,SR Bernard
info,winner,New Zealand
info,winner_runs,47
ball,1,0.1,New Zealand,SW Bates,RH Priest,JL Jonassen,0,0,"",""
ball,1,0.2,New Zealand,SW Bates,RH Priest,JL Jonassen,0,0,"",""
ball,1,0.3,New Zealand,SW Bates,RH Priest,JL Jonassen,0,0,"",""
ball,1,0.4,New Zealand,SW Bates,RH Priest,JL Jonassen,1,0,"",""
ball,1,0.5,New Zealand,RH Priest,SW Bates,JL Jonassen,0,0,"",""
ball,1,0.6,New Zealand,RH Priest,SW Bates,JL Jonassen,0,0,"",""
ball,1,1.1,New Zealand,SW Bates,RH Priest,ML Schutt,0,0,"",""
ball,1,1.2,New Zealand,SW Bates,RH Priest,ML Schutt,1,0,"",""
ball,1,1.3,New Zealand,RH Priest,SW Bates,ML Schutt,0,0,"",""
ball,1,1.4,New Zealand,RH Priest,SW Bates,ML Schutt,1,0,"",""
ball,1,1.5,New Zealand,SW Bates,RH Priest,ML Schutt,1,0,"",""
ball,1,1.6,New Zealand,RH Priest,SW Bates,ML Schutt,0,0,"",""
ball,1,2.1,New Zealand,SW Bates,RH Priest,M Strano,4,0,"",""
ball,1,2.2,New Zealand,SW Bates,RH Priest,M Strano,1,0,"",""
ball,1,2.3,New Zealand,RH Priest,SW Bates,M Strano,4,0,"",""
ball,1,2.4,New Zealand,RH Priest,SW Bates,M Strano,0,0,"",""
ball,1,2.5,New Zealand,RH Priest,SW Bates,M Strano,1,0,"",""
ball,1,2.6,New Zealand,SW Bates,RH Priest,M Strano,0,0,"",""
ball,1,3.1,New Zealand,RH Priest,SW Bates,ML Schutt,0,1,"",""
ball,1,3.2,New Zealand,RH Priest,SW Bates,ML Schutt,4,0,"",""
ball,1,3.3,New Zealand,RH Priest,SW Bates,ML Schutt,0,1,"",""
ball,1,3.4,New Zealand,SW Bates,RH Priest,ML Schutt,4,0,"",""
ball,1,3.5,New Zealand,SW Bates,RH Priest,ML Schutt,0,0,"",""
ball,1,3.6,New Zealand,SW Bates,RH Priest,ML Schutt,1,0,"",""
ball,1,3.7,New Zealand,RH Priest,SW Bates,ML Schutt,1,0,"",""
ball,1,4.1,New Zealand,RH Priest,SW Bates,JL Jonassen,0,0,"",""
ball,1,4.2,New Zealand,RH Priest,SW Bates,JL Jonassen,0,0,"",""
ball,1,4.3,New Zealand,RH Priest,SW Bates,JL Jonassen,1,0,"",""
ball,1,4.4,New Zealand,SW Bates,RH Priest,JL Jonassen,1,0,"",""
ball,1,4.5,New Zealand,RH Priest,SW Bates,JL Jonassen,0,0,"",""
ball,1,4.6,New Zealand,RH Priest,SW Bates,JL Jonassen,0,0,"",""
ball,1,5.1,New Zealand,SW Bates,RH Priest,M Strano,2,0,"",""
ball,1,5.2,New Zealand,SW Bates,RH Priest,M Strano,0,0,"",""
ball,1,5.3,New Zealand,SW Bates,RH Priest,M Strano,1,0,"",""
ball,1,5.4,New Zealand,RH Priest,SW Bates,M Strano,4,0,"",""
ball,1,5.5,New Zealand,RH Priest,SW Bates,M Strano,0,0,"",""
ball,1,5.6,New Zealand,RH Priest,SW Bates,M Strano,1,0,"",""
ball,1,6.1,New Zealand,RH Priest,SW Bates,A Wellington,0,0,"",""
ball,1,6.2,New Zealand,RH Priest,SW Bates,A Wellington,0,0,stumped,RH Priest
ball,1,6.3,New Zealand,AE Satterthwaite,SW Bates,A Wellington,1,0,"",""
ball,1,6.4,New Zealand,SW Bates,AE Satterthwaite,A Wellington,1,0,"",""
ball,1,6.5,New Zealand,AE Satterthwaite,SW Bates,A Wellington,0,1,"",""
ball,1,6.6,New Zealand,SW Bates,AE Satterthwaite,A Wellington,2,0,"",""
ball,1,7.1,New Zealand,AE Satterthwaite,SW Bates,A Gardner,0,0,"",""
ball,1,7.2,New Zealand,AE Satterthwaite,SW Bates,A Gardner,0,0,"",""
ball,1,7.3,New Zealand,AE Satterthwaite,SW Bates,A Gardner,1,0,"",""
ball,1,7.4,New Zealand,SW Bates,AE Satterthwaite,A Gardner,1,0,"",""
ball,1,7.5,New Zealand,AE Satterthwaite,SW Bates,A Gardner,1,0,"",""
ball,1,7.6,New Zealand,SW Bates,AE Satterthwaite,A Gardner,0,0,"",""
ball,1,8.1,New Zealand,AE Satterthwaite,SW Bates,A Wellington,0,0,"",""
ball,1,8.2,New Zealand,AE Satterthwaite,SW Bates,A Wellington,1,0,"",""
ball,1,8.3,New Zealand,SW Bates,AE Satterthwaite,A Wellington,0,0,"",""
ball,1,8.4,New Zealand,SW Bates,AE Satterthwaite,A Wellington,1,0,"",""
ball,1,8.5,New Zealand,AE Satterthwaite,SW Bates,A Wellington,1,0,"",""
ball,1,8.6,New Zealand,SW Bates,AE Satterthwaite,A Wellington,0,0,"",""
ball,1,9.1,New Zealand,AE Satterthwaite,SW Bates,A Gardner,2,0,"",""
ball,1,9.2,New Zealand,AE Satterthwaite,SW Bates,A Gardner,0,0,"",""
ball,1,9.3,New Zealand,AE Satterthwaite,SW Bates,A Gardner,1,0,"",""
ball,1,9.4,New Zealand,SW Bates,AE Satterthwaite,A Gardner,2,0,"",""
ball,1,9.5,New Zealand,SW Bates,AE Satterthwaite,A Gardner,1,0,"",""
ball,1,9.6,New Zealand,AE Satterthwaite,SW Bates,A Gardner,4,0,"",""
ball,1,10.1,New Zealand,SW Bates,AE Satterthwaite,JL Jonassen,0,0,"",""
ball,1,10.2,New Zealand,SW Bates,AE Satterthwaite,JL Jonassen,4,0,"",""
ball,1,10.3,New Zealand,SW Bates,AE Satterthwaite,JL Jonassen,0,0,"",""
ball,1,10.4,New Zealand,SW Bates,AE Satterthwaite,JL Jonassen,0,0,"",""
ball,1,10.5,New Zealand,SW Bates,AE Satterthwaite,JL Jonassen,1,0,"",""
ball,1,10.6,New Zealand,AE Satterthwaite,SW Bates,JL Jonassen,1,0,"",""
ball,1,11.1,New Zealand,AE Satterthwaite,SW Bates,KM Beams,4,0,"",""
ball,1,11.2,New Zealand,AE Satterthwaite,SW Bates,KM Beams,1,0,"",""
ball,1,11.3,New Zealand,SW Bates,AE Satterthwaite,KM Beams,0,0,"",""
ball,1,11.4,New Zealand,SW Bates,AE Satterthwaite,KM Beams,1,0,"",""
ball,1,11.5,New Zealand,AE Satterthwaite,SW Bates,KM Beams,0,0,"",""
ball,1,11.6,New Zealand,AE Satterthwaite,SW Bates,KM Beams,0,0,caught,AE Satterthwaite
ball,1,12.1,New Zealand,KJ Martin,SW Bates,A Wellington,0,0,"",""
ball,1,12.2,New Zealand,KJ Martin,SW Bates,A Wellington,1,0,"",""
ball,1,12.3,New Zealand,SW Bates,KJ Martin,A Wellington,0,0,stumped,SW Bates
ball,1,12.4,New Zealand,AM Peterson,KJ Martin,A Wellington,1,0,"",""
ball,1,12.5,New Zealand,KJ Martin,AM Peterson,A Wellington,0,0,bowled,KJ Martin
ball,1,12.6,New Zealand,EC Perry,AM Peterson,A Wellington,0,0,lbw,EC Perry
ball,1,13.1,New Zealand,AM Peterson,ML Green,KM Beams,0,0,"",""
ball,1,13.2,New Zealand,AM Peterson,ML Green,KM Beams,0,0,"",""
ball,1,13.3,New Zealand,AM Peterson,ML Green,KM Beams,1,0,"",""
ball,1,13.4,New Zealand,ML Green,AM Peterson,KM Beams,0,0,"",""
ball,1,13.5,New Zealand,ML Green,AM Peterson,KM Beams,0,0,"",""
ball,1,13.6,New Zealand,ML Green,AM Peterson,KM Beams,0,0,"",""
ball,1,14.1,New Zealand,AM Peterson,ML Green,A Wellington,0,0,"",""
ball,1,14.2,New Zealand,AM Peterson,ML Green,A Wellington,0,0,"",""
ball,1,14.3,New Zealand,AM Peterson,ML Green,A Wellington,0,0,"",""
ball,1,14.4,New Zealand,AM Peterson,ML Green,A Wellington,0,1,"",""
ball,1,14.5,New Zealand,AM Peterson,ML Green,A Wellington,4,0,"",""
ball,1,14.6,New Zealand,AM Peterson,ML Green,A Wellington,0,0,"",""
ball,1,14.7,New Zealand,AM Peterson,ML Green,A Wellington,0,1,"",""
ball,1,14.8,New Zealand,AM Peterson,ML Green,A Wellington,1,0,"",""
ball,1,15.1,New Zealand,AM Peterson,ML Green,JL Jonassen,1,0,"",""
ball,1,15.2,New Zealand,ML Green,AM Peterson,JL Jonassen,1,0,"",""
ball,1,15.3,New Zealand,AM Peterson,ML Green,JL Jonassen,0,0,"",""
ball,1,15.4,New Zealand,AM Peterson,ML Green,JL Jonassen,2,0,"",""
ball,1,15.5,New Zealand,AM Peterson,ML Green,JL Jonassen,1,0,"",""
ball,1,15.6,New Zealand,ML Green,AM Peterson,JL Jonassen,1,0,"",""
ball,1,16.1,New Zealand,ML Green,AM Peterson,KM Beams,0,0,"",""
ball,1,16.2,New Zealand,ML Green,AM Peterson,KM Beams,1,0,"",""
ball,1,16.3,New Zealand,AM Peterson,ML Green,KM Beams,1,0,"",""
ball,1,16.4,New Zealand,ML Green,AM Peterson,KM Beams,1,0,"",""
ball,1,16.5,New Zealand,AM Peterson,ML Green,KM Beams,2,0,"",""
ball,1,16.6,New Zealand,AM Peterson,ML Green,KM Beams,1,0,"",""
ball,1,17.1,New Zealand,AM Peterson,ML Green,M Strano,0,0,"",""
ball,1,17.2,New Zealand,AM Peterson,ML Green,M Strano,0,0,run out,AM Peterson
ball,1,17.3,New Zealand,ML Green,EM Bermingham,M Strano,1,0,"",""
ball,1,17.4,New Zealand,EM Bermingham,ML Green,M Strano,3,0,"",""
ball,1,17.5,New Zealand,ML Green,EM Bermingham,M Strano,2,0,"",""
ball,1,17.6,New Zealand,ML Green,EM Bermingham,M Strano,1,0,"",""
ball,1,18.1,New Zealand,ML Green,EM Bermingham,KM Beams,0,1,"",""
ball,1,18.2,New Zealand,EM Bermingham,ML Green,KM Beams,2,0,"",""
ball,1,18.3,New Zealand,EM Bermingham,ML Green,KM Beams,0,0,caught,EM Bermingham
ball,1,18.4,New Zealand,ML Green,LMM Tahuhu,KM Beams,0,0,"",""
ball,1,18.5,New Zealand,ML Green,LMM Tahuhu,KM Beams,0,0,"",""
ball,1,18.6,New Zealand,ML Green,LMM Tahuhu,KM Beams,6,0,"",""
ball,1,19.1,New Zealand,LMM Tahuhu,ML Green,M Strano,1,0,"",""
ball,1,19.2,New Zealand,ML Green,LMM Tahuhu,M Strano,0,0,caught,ML Green
ball,1,19.3,New Zealand,LMM Tahuhu,AC Kerr,M Strano,1,0,"",""
ball,1,19.4,New Zealand,AC Kerr,LMM Tahuhu,M Strano,1,0,"",""
ball,1,19.5,New Zealand,LMM Tahuhu,AC Kerr,M Strano,2,0,"",""
ball,1,19.6,New Zealand,LMM Tahuhu,AC Kerr,M Strano,1,0,"",""
ball,2,0.1,Australia,BL Mooney,MM Lanning,LMM Tahuhu,0,0,"",""
ball,2,0.2,Australia,BL Mooney,MM Lanning,LMM Tahuhu,1,0,"",""
ball,2,0.3,Australia,MM Lanning,BL Mooney,LMM Tahuhu,0,0,"",""
ball,2,0.4,Australia,MM Lanning,BL Mooney,LMM Tahuhu,0,0,run out,BL Mooney
ball,2,0.5,Australia,MM Lanning,A Gardner,LMM Tahuhu,0,1,"",""
ball,2,0.6,Australia,MM Lanning,A Gardner,LMM Tahuhu,4,0,"",""
ball,2,0.7,Australia,MM Lanning,A Gardner,LMM Tahuhu,0,0,"",""
ball,2,1.1,Australia,A Gardner,MM Lanning,HR Huddleston,0,0,"",""
ball,2,1.2,Australia,A Gardner,MM Lanning,HR Huddleston,0,0,"",""
ball,2,1.3,Australia,A Gardner,MM Lanning,HR Huddleston,0,0,"",""
ball,2,1.4,Australia,A Gardner,MM Lanning,HR Huddleston,0,0,"",""
ball,2,1.5,Australia,A Gardner,MM Lanning,HR Huddleston,0,0,"",""
ball,2,1.6,Australia,A Gardner,MM Lanning,HR Huddleston,0,0,"",""
ball,2,2.1,Australia,MM Lanning,A Gardner,LMM Tahuhu,0,0,"",""
ball,2,2.2,Australia,MM Lanning,A Gardner,LMM Tahuhu,0,0,"",""
ball,2,2.3,Australia,MM Lanning,A Gardner,LMM Tahuhu,1,0,"",""
ball,2,2.4,Australia,A Gardner,MM Lanning,LMM Tahuhu,0,0,"",""
ball,2,2.5,Australia,A Gardner,MM Lanning,LMM Tahuhu,0,0,"",""
ball,2,2.6,Australia,A Gardner,MM Lanning,LMM Tahuhu,0,0,"",""
ball,2,3.1,Australia,MM Lanning,A Gardner,HR Huddleston,0,0,caught,MM Lanning
ball,2,3.2,Australia,EJ Villani,A Gardner,HR Huddleston,0,0,"",""
ball,2,3.3,Australia,EJ Villani,A Gardner,HR Huddleston,0,0,lbw,EJ Villani
ball,2,3.4,Australia,AJ Healy,A Gardner,HR Huddleston,0,0,"",""
ball,2,3.5,Australia,AJ Healy,A Gardner,HR Huddleston,0,0,"",""
ball,2,3.6,Australia,AJ Healy,A Gardner,HR Huddleston,0,0,"",""
ball,2,4.1,Australia,A Gardner,AJ Healy,LMM Tahuhu,0,0,"",""
ball,2,4.2,Australia,A Gardner,AJ Healy,LMM Tahuhu,0,0,caught,A Gardner
ball,2,4.3,Australia,JL Jonassen,AJ Healy,LMM Tahuhu,0,0,"",""
ball,2,4.4,Australia,JL Jonassen,AJ Healy,LMM Tahuhu,0,0,"",""
ball,2,4.5,Australia,JL Jonassen,AJ Healy,LMM Tahuhu,2,0,"",""
ball,2,4.6,Australia,JL Jonassen,AJ Healy,LMM Tahuhu,0,0,caught,JL Jonassen
ball,2,5.1,Australia,AJ Healy,AJ Blackwell,HR Huddleston,0,0,"",""
ball,2,5.2,Australia,AJ Healy,AJ Blackwell,HR Huddleston,1,0,"",""
ball,2,5.3,Australia,AJ Blackwell,AJ Healy,HR Huddleston,0,0,"",""
ball,2,5.4,Australia,AJ Blackwell,AJ Healy,HR Huddleston,0,0,"",""
ball,2,5.5,Australia,AJ Blackwell,AJ Healy,HR Huddleston,1,0,"",""
ball,2,5.6,Australia,AJ Healy,AJ Blackwell,HR Huddleston,0,0,"",""
ball,2,6.1,Australia,AJ Blackwell,AJ Healy,LMM Tahuhu,0,0,"",""
ball,2,6.2,Australia,AJ Blackwell,AJ Healy,LMM Tahuhu,0,0,"",""
ball,2,6.3,Australia,AJ Blackwell,AJ Healy,LMM Tahuhu,0,1,"",""
ball,2,6.4,Australia,AJ Blackwell,AJ Healy,LMM Tahuhu,0,0,"",""
ball,2,6.5,Australia,AJ Blackwell,AJ Healy,LMM Tahuhu,1,0,"",""
ball,2,6.6,Australia,AJ Healy,AJ Blackwell,LMM Tahuhu,1,0,"",""
ball,2,6.7,Australia,AJ Blackwell,AJ Healy,LMM Tahuhu,1,0,"",""
ball,2,7.1,Australia,AJ Blackwell,AJ Healy,AC Kerr,1,0,"",""
ball,2,7.2,Australia,AJ Healy,AJ Blackwell,AC Kerr,1,0,"",""
ball,2,7.3,Australia,AJ Blackwell,AJ Healy,AC Kerr,0,0,"",""
ball,2,7.4,Australia,AJ Blackwell,AJ Healy,AC Kerr,1,0,"",""
ball,2,7.5,Australia,AJ Healy,AJ Blackwell,AC Kerr,1,0,"",""
ball,2,7.6,Australia,AJ Blackwell,AJ Healy,AC Kerr,1,0,"",""
ball,2,8.1,Australia,AJ Blackwell,AJ Healy,EM Bermingham,1,0,"",""
ball,2,8.2,Australia,AJ Healy,AJ Blackwell,EM Bermingham,0,1,"",""
ball,2,8.3,Australia,AJ Healy,AJ Blackwell,EM Bermingham,1,0,"",""
ball,2,8.4,Australia,AJ Blackwell,AJ Healy,EM Bermingham,1,0,"",""
ball,2,8.5,Australia,AJ Healy,AJ Blackwell,EM Bermingham,1,0,"",""
ball,2,8.6,Australia,AJ Blackwell,AJ Healy,EM Bermingham,1,0,"",""
ball,2,8.7,Australia,AJ Healy,AJ Blackwell,EM Bermingham,1,0,"",""
ball,2,9.1,Australia,AJ Healy,AJ Blackwell,AC Kerr,1,0,"",""
ball,2,9.2,Australia,AJ Blackwell,AJ Healy,AC Kerr,2,0,"",""
ball,2,9.3,Australia,AJ Blackwell,AJ Healy,AC Kerr,1,0,"",""
ball,2,9.4,Australia,AJ Healy,AJ Blackwell,AC Kerr,4,0,"",""
ball,2,9.5,Australia,AJ Healy,AJ Blackwell,AC Kerr,0,0,caught,AJ Healy
ball,2,9.6,Australia,M Strano,AJ Blackwell,AC Kerr,0,0,"",""
ball,2,10.1,Australia,AJ Blackwell,M Strano,SW Bates,0,0,"",""
ball,2,10.2,Australia,AJ Blackwell,M Strano,SW Bates,1,0,"",""
ball,2,10.3,Australia,M Strano,AJ Blackwell,SW Bates,0,0,"",""
ball,2,10.4,Australia,M Strano,AJ Blackwell,SW Bates,0,0,caught,M Strano
ball,2,10.5,Australia,ML Schutt,AJ Blackwell,SW Bates,0,0,"",""
ball,2,10.6,Australia,ML Schutt,AJ Blackwell,SW Bates,1,0,"",""
ball,2,11.1,Australia,ML Schutt,AJ Blackwell,AM Peterson,0,0,"",""
ball,2,11.2,Australia,ML Schutt,AJ Blackwell,AM Peterson,1,0,"",""
ball,2,11.3,Australia,AJ Blackwell,ML Schutt,AM Peterson,1,0,"",""
ball,2,11.4,Australia,ML Schutt,AJ Blackwell,AM Peterson,0,0,caught and bowled,ML Schutt
ball,2,11.5,Australia,A Wellington,AJ Blackwell,AM Peterson,4,0,"",""
ball,2,11.6,Australia,A Wellington,AJ Blackwell,AM Peterson,0,0,"",""
ball,2,12.1,Australia,AJ Blackwell,A Wellington,SW Bates,2,0,"",""
ball,2,12.2,Australia,AJ Blackwell,A Wellington,SW Bates,1,0,"",""
ball,2,12.3,Australia,A Wellington,AJ Blackwell,SW Bates,1,0,"",""
ball,2,12.4,Australia,AJ Blackwell,A Wellington,SW Bates,1,0,"",""
ball,2,12.5,Australia,A Wellington,AJ Blackwell,SW Bates,1,0,"",""
ball,2,12.6,Australia,AJ Blackwell,A Wellington,SW Bates,1,0,"",""
ball,2,13.1,Australia,AJ Blackwell,A Wellington,HR Huddleston,1,0,"",""
ball,2,13.2,Australia,A Wellington,AJ Blackwell,HR Huddleston,0,0,"",""
ball,2,13.3,Australia,A Wellington,AJ Blackwell,HR Huddleston,1,0,"",""
ball,2,13.4,Australia,AJ Blackwell,A Wellington,HR Huddleston,0,0,"",""
ball,2,13.5,Australia,AJ Blackwell,A Wellington,HR Huddleston,4,0,"",""
ball,2,13.6,Australia,AJ Blackwell,A Wellington,HR Huddleston,0,1,"",""
ball,2,13.7,Australia,AJ Blackwell,A Wellington,HR Huddleston,0,0,"",""
ball,2,14.1,Australia,A Wellington,AJ Blackwell,AC Kerr,1,0,"",""
ball,2,14.2,Australia,AJ Blackwell,A Wellington,AC Kerr,1,0,"",""
ball,2,14.3,Australia,A Wellington,AJ Blackwell,AC Kerr,0,0,caught,A Wellington
ball,2,14.4,Australia,AJ Blackwell,KM Beams,AC Kerr,0,0,"",""
ball,2,14.5,Australia,AJ Blackwell,KM Beams,AC Kerr,1,0,"",""
ball,2,14.6,Australia,KM Beams,AJ Blackwell,AC Kerr,0,0,"",""
ball,2,15.1,Australia,AJ Blackwell,KM Beams,AM Peterson,2,0,"",""
ball,2,15.2,Australia,AJ Blackwell,KM Beams,AM Peterson,1,0,"",""
ball,2,15.3,Australia,KM Beams,AJ Blackwell,AM Peterson,1,0,"",""
ball,2,15.4,Australia,AJ Blackwell,KM Beams,AM Peterson,1,0,"",""
ball,2,15.5,Australia,KM Beams,AJ Blackwell,AM Peterson,0,0,"",""
ball,2,15.6,Australia,KM Beams,AJ Blackwell,AM Peterson,1,0,run out,KM Beams
