version,1.3.0
info,team,Israel
info,team,Spain
info,gender,male
info,season,2016
info,date,2016/08/17
info,competition,ICC World Cricket League Europe Region Division Two Twenty20
info,venue,Skarpnack 2
info,city,Stockholm
info,neutralvenue,true
info,toss_winner,Spain
info,toss_decision,field
info,umpire,J Jensen
info,umpire,DH Mclean
info,reserve_umpire,EM Young
info,match_referee,DT Jukes
info,winner,Spain
info,winner_wickets,7
ball,1,0.1,Israel,SRM Arachichige,M Hoffman,Tanveer Iqbal,0,0,"",""
ball,1,0.2,Israel,SRM Arachichige,M Hoffman,Tanveer Iqbal,0,0,"",""
ball,1,0.3,Israel,SRM Arachichige,M Hoffman,Tanveer Iqbal,0,0,"",""
ball,1,0.4,Israel,SRM Arachichige,M Hoffman,Tanveer Iqbal,0,0,caught,SRM Arachichige
ball,1,0.5,Israel,Emanuel Solomon,M Hoffman,Tanveer Iqbal,0,1,"",""
ball,1,0.6,Israel,M Hoffman,Emanuel Solomon,Tanveer Iqbal,0,0,"",""
ball,1,1.1,Israel,Emanuel Solomon,M Hoffman,Atif Mehmood,0,1,"",""
ball,1,1.2,Israel,M Hoffman,Emanuel Solomon,Atif Mehmood,0,0,"",""
ball,1,1.3,Israel,M Hoffman,Emanuel Solomon,Atif Mehmood,0,0,"",""
ball,1,1.4,Israel,M Hoffman,Emanuel Solomon,Atif Mehmood,2,0,"",""
ball,1,1.5,Israel,M Hoffman,Emanuel Solomon,Atif Mehmood,0,1,"",""
ball,1,1.6,Israel,M Hoffman,Emanuel Solomon,Atif Mehmood,0,0,"",""
ball,1,1.7,Israel,M Hoffman,Emanuel Solomon,Atif Mehmood,0,0,"",""
ball,1,2.1,Israel,Emanuel Solomon,M Hoffman,Tanveer Iqbal,4,0,"",""
ball,1,2.2,Israel,Emanuel Solomon,M Hoffman,Tanveer Iqbal,1,0,"",""
ball,1,2.3,Israel,M Hoffman,Emanuel Solomon,Tanveer Iqbal,0,1,"",""
ball,1,2.4,Israel,M Hoffman,Emanuel Solomon,Tanveer Iqbal,1,0,"",""
ball,1,2.5,Israel,Emanuel Solomon,M Hoffman,Tanveer Iqbal,0,0,"",""
ball,1,2.6,Israel,Emanuel Solomon,M Hoffman,Tanveer Iqbal,2,0,"",""
ball,1,2.7,Israel,Emanuel Solomon,M Hoffman,Tanveer Iqbal,1,0,"",""
ball,1,3.1,Israel,Emanuel Solomon,M Hoffman,Atif Mehmood,0,0,"",""
ball,1,3.2,Israel,Emanuel Solomon,M Hoffman,Atif Mehmood,0,0,bowled,Emanuel Solomon
ball,1,3.3,Israel,E Kahamker,M Hoffman,Atif Mehmood,0,0,"",""
ball,1,3.4,Israel,E Kahamker,M Hoffman,Atif Mehmood,0,0,"",""
ball,1,3.5,Israel,E Kahamker,M Hoffman,Atif Mehmood,0,0,"",""
ball,1,3.6,Israel,E Kahamker,M Hoffman,Atif Mehmood,0,0,"",""
ball,1,4.1,Israel,M Hoffman,E Kahamker,Tanveer Iqbal,0,0,"",""
ball,1,4.2,Israel,M Hoffman,E Kahamker,Tanveer Iqbal,0,0,"",""
ball,1,4.3,Israel,M Hoffman,E Kahamker,Tanveer Iqbal,0,0,"",""
ball,1,4.4,Israel,M Hoffman,E Kahamker,Tanveer Iqbal,1,0,"",""
ball,1,4.5,Israel,E Kahamker,M Hoffman,Tanveer Iqbal,0,0,"",""
ball,1,4.6,Israel,E Kahamker,M Hoffman,Tanveer Iqbal,0,0,"",""
ball,1,5.1,Israel,M Hoffman,E Kahamker,Atif Mehmood,1,0,"",""
ball,1,5.2,Israel,E Kahamker,M Hoffman,Atif Mehmood,0,0,caught,E Kahamker
ball,1,5.3,Israel,M Hoffman,J Evans,Atif Mehmood,0,0,"",""
ball,1,5.4,Israel,M Hoffman,J Evans,Atif Mehmood,1,0,"",""
ball,1,5.5,Israel,J Evans,M Hoffman,Atif Mehmood,1,0,"",""
ball,1,5.6,Israel,M Hoffman,J Evans,Atif Mehmood,0,0,"",""
ball,1,6.1,Israel,J Evans,M Hoffman,Tanveer Iqbal,0,0,"",""
ball,1,6.2,Israel,J Evans,M Hoffman,Tanveer Iqbal,0,0,"",""
ball,1,6.3,Israel,J Evans,M Hoffman,Tanveer Iqbal,1,0,"",""
ball,1,6.4,Israel,M Hoffman,J Evans,Tanveer Iqbal,1,0,"",""
ball,1,6.5,Israel,J Evans,M Hoffman,Tanveer Iqbal,0,0,"",""
ball,1,6.6,Israel,J Evans,M Hoffman,Tanveer Iqbal,0,0,"",""
ball,1,7.1,Israel,M Hoffman,J Evans,Atif Mehmood,1,0,"",""
ball,1,7.2,Israel,J Evans,M Hoffman,Atif Mehmood,1,0,"",""
ball,1,7.3,Israel,M Hoffman,J Evans,Atif Mehmood,1,0,"",""
ball,1,7.4,Israel,J Evans,M Hoffman,Atif Mehmood,0,0,"",""
ball,1,7.5,Israel,J Evans,M Hoffman,Atif Mehmood,1,0,"",""
ball,1,7.6,Israel,M Hoffman,J Evans,Atif Mehmood,0,0,"",""
ball,1,8.1,Israel,J Evans,M Hoffman,Farzan Afzal,1,0,"",""
ball,1,8.2,Israel,M Hoffman,J Evans,Farzan Afzal,0,0,"",""
ball,1,8.3,Israel,M Hoffman,J Evans,Farzan Afzal,1,0,"",""
ball,1,8.4,Israel,J Evans,M Hoffman,Farzan Afzal,1,0,"",""
ball,1,8.5,Israel,M Hoffman,J Evans,Farzan Afzal,0,1,"",""
ball,1,8.6,Israel,M Hoffman,J Evans,Farzan Afzal,1,0,"",""
ball,1,8.7,Israel,J Evans,M Hoffman,Farzan Afzal,4,0,"",""
ball,1,9.1,Israel,M Hoffman,J Evans,Talat Nadeem,0,0,"",""
ball,1,9.2,Israel,M Hoffman,J Evans,Talat Nadeem,0,0,caught,M Hoffman
ball,1,9.3,Israel,J Evans,E Solomon,Talat Nadeem,4,0,"",""
ball,1,9.4,Israel,J Evans,E Solomon,Talat Nadeem,2,0,"",""
ball,1,9.5,Israel,J Evans,E Solomon,Talat Nadeem,1,0,"",""
ball,1,9.6,Israel,E Solomon,J Evans,Talat Nadeem,1,0,"",""
ball,1,10.1,Israel,E Solomon,J Evans,Farzan Afzal,0,0,caught,E Solomon
ball,1,10.2,Israel,Y Razpurker,J Evans,Farzan Afzal,0,0,"",""
ball,1,10.3,Israel,Y Razpurker,J Evans,Farzan Afzal,1,0,"",""
ball,1,10.4,Israel,J Evans,Y Razpurker,Farzan Afzal,1,0,"",""
ball,1,10.5,Israel,Y Razpurker,J Evans,Farzan Afzal,0,0,"",""
ball,1,10.6,Israel,Y Razpurker,J Evans,Farzan Afzal,0,0,"",""
ball,1,11.1,Israel,J Evans,Y Razpurker,Talat Nadeem,4,0,"",""
ball,1,11.2,Israel,J Evans,Y Razpurker,Talat Nadeem,1,0,"",""
ball,1,11.3,Israel,Y Razpurker,J Evans,Talat Nadeem,1,0,"",""
ball,1,11.4,Israel,J Evans,Y Razpurker,Talat Nadeem,0,0,"",""
ball,1,11.5,Israel,J Evans,Y Razpurker,Talat Nadeem,2,0,"",""
ball,1,11.6,Israel,J Evans,Y Razpurker,Talat Nadeem,0,0,caught,J Evans
ball,1,12.1,Israel,R Schachat,Y Razpurker,Kuldeep Lal,0,0,"",""
ball,1,12.2,Israel,R Schachat,Y Razpurker,Kuldeep Lal,1,0,"",""
ball,1,12.3,Israel,Y Razpurker,R Schachat,Kuldeep Lal,1,0,"",""
ball,1,12.4,Israel,R Schachat,Y Razpurker,Kuldeep Lal,1,0,"",""
ball,1,12.5,Israel,Y Razpurker,R Schachat,Kuldeep Lal,1,0,"",""
ball,1,12.6,Israel,R Schachat,Y Razpurker,Kuldeep Lal,1,0,"",""
ball,1,13.1,Israel,R Schachat,Y Razpurker,Talat Nadeem,0,0,"",""
ball,1,13.2,Israel,R Schachat,Y Razpurker,Talat Nadeem,1,0,"",""
ball,1,13.3,Israel,Y Razpurker,R Schachat,Talat Nadeem,0,0,"",""
ball,1,13.4,Israel,Y Razpurker,R Schachat,Talat Nadeem,0,0,"",""
ball,1,13.5,Israel,Y Razpurker,R Schachat,Talat Nadeem,1,0,"",""
ball,1,13.6,Israel,R Schachat,Y Razpurker,Talat Nadeem,0,0,"",""
ball,1,14.1,Israel,Y Razpurker,R Schachat,Kuldeep Lal,0,0,"",""
ball,1,14.2,Israel,Y Razpurker,R Schachat,Kuldeep Lal,0,0,bowled,Y Razpurker
ball,1,14.3,Israel,S Bangera,R Schachat,Kuldeep Lal,1,0,"",""
ball,1,14.4,Israel,R Schachat,S Bangera,Kuldeep Lal,1,0,"",""
ball,1,14.5,Israel,S Bangera,R Schachat,Kuldeep Lal,1,0,"",""
ball,1,14.6,Israel,R Schachat,S Bangera,Kuldeep Lal,0,0,bowled,R Schachat
ball,1,15.1,Israel,S Bangera,N Dokarker,R Panchal,0,0,"",""
ball,1,15.2,Israel,S Bangera,N Dokarker,R Panchal,0,0,"",""
ball,1,15.3,Israel,S Bangera,N Dokarker,R Panchal,1,0,"",""
ball,1,15.4,Israel,N Dokarker,S Bangera,R Panchal,0,0,"",""
ball,1,15.5,Israel,N Dokarker,S Bangera,R Panchal,0,1,"",""
ball,1,15.6,Israel,N Dokarker,S Bangera,R Panchal,0,1,"",""
ball,1,15.7,Israel,N Dokarker,S Bangera,R Panchal,1,0,"",""
ball,1,15.8,Israel,S Bangera,N Dokarker,R Panchal,0,0,"",""
ball,1,16.1,Israel,N Dokarker,S Bangera,Kuldeep Lal,0,0,"",""
ball,1,16.2,Israel,N Dokarker,S Bangera,Kuldeep Lal,1,0,"",""
ball,1,16.3,Israel,S Bangera,N Dokarker,Kuldeep Lal,1,0,"",""
ball,1,16.4,Israel,N Dokarker,S Bangera,Kuldeep Lal,0,0,caught,N Dokarker
ball,1,16.5,Israel,S Bangera,D Massil,Kuldeep Lal,0,0,"",""
ball,1,16.6,Israel,S Bangera,D Massil,Kuldeep Lal,0,1,"",""
ball,1,16.7,Israel,S Bangera,D Massil,Kuldeep Lal,1,0,"",""
ball,1,17.1,Israel,S Bangera,D Massil,Farzan Afzal,1,0,"",""
ball,1,17.2,Israel,D Massil,S Bangera,Farzan Afzal,1,0,"",""
ball,1,17.3,Israel,S Bangera,D Massil,Farzan Afzal,4,0,"",""
ball,1,17.4,Israel,S Bangera,D Massil,Farzan Afzal,4,0,"",""
ball,1,17.5,Israel,S Bangera,D Massil,Farzan Afzal,2,0,"",""
ball,1,17.6,Israel,S Bangera,D Massil,Farzan Afzal,1,0,"",""
ball,2,0.1,Spain,M Armghan Khan,Awais Ahmed,D Massil,0,1,"",""
ball,2,0.2,Spain,M Armghan Khan,Awais Ahmed,D Massil,0,1,"",""
ball,2,0.3,Spain,M Armghan Khan,Awais Ahmed,D Massil,2,0,"",""
ball,2,0.4,Spain,M Armghan Khan,Awais Ahmed,D Massil,0,0,"",""
ball,2,0.5,Spain,M Armghan Khan,Awais Ahmed,D Massil,1,0,"",""
ball,2,0.6,Spain,Awais Ahmed,M Armghan Khan,D Massil,0,0,"",""
ball,2,0.7,Spain,Awais Ahmed,M Armghan Khan,D Massil,0,0,"",""
ball,2,0.8,Spain,Awais Ahmed,M Armghan Khan,D Massil,0,0,"",""
ball,2,1.1,Spain,M Armghan Khan,Awais Ahmed,SRM Arachichige,4,0,"",""
ball,2,1.2,Spain,M Armghan Khan,Awais Ahmed,SRM Arachichige,1,0,"",""
ball,2,1.3,Spain,Awais Ahmed,M Armghan Khan,SRM Arachichige,0,0,caught,Awais Ahmed
ball,2,1.4,Spain,Nisar Ahmed,M Armghan Khan,SRM Arachichige,0,0,"",""
ball,2,1.5,Spain,Nisar Ahmed,M Armghan Khan,SRM Arachichige,0,0,"",""
ball,2,1.6,Spain,Nisar Ahmed,M Armghan Khan,SRM Arachichige,0,1,"",""
ball,2,1.7,Spain,Nisar Ahmed,M Armghan Khan,SRM Arachichige,0,0,"",""
ball,2,2.1,Spain,M Armghan Khan,Nisar Ahmed,E Kahamker,1,0,"",""
ball,2,2.2,Spain,Nisar Ahmed,M Armghan Khan,E Kahamker,0,0,"",""
ball,2,2.3,Spain,Nisar Ahmed,M Armghan Khan,E Kahamker,0,0,"",""
ball,2,2.4,Spain,Nisar Ahmed,M Armghan Khan,E Kahamker,1,0,"",""
ball,2,2.5,Spain,M Armghan Khan,Nisar Ahmed,E Kahamker,0,0,"",""
ball,2,2.6,Spain,M Armghan Khan,Nisar Ahmed,E Kahamker,0,0,"",""
ball,2,3.1,Spain,Nisar Ahmed,M Armghan Khan,Y Razpurker,0,0,"",""
ball,2,3.2,Spain,Nisar Ahmed,M Armghan Khan,Y Razpurker,0,0,"",""
ball,2,3.3,Spain,Nisar Ahmed,M Armghan Khan,Y Razpurker,0,0,"",""
ball,2,3.4,Spain,Nisar Ahmed,M Armghan Khan,Y Razpurker,1,0,"",""
ball,2,3.5,Spain,M Armghan Khan,Nisar Ahmed,Y Razpurker,0,0,"",""
ball,2,3.6,Spain,M Armghan Khan,Nisar Ahmed,Y Razpurker,1,0,"",""
ball,2,4.1,Spain,M Armghan Khan,Nisar Ahmed,E Kahamker,4,0,"",""
ball,2,4.2,Spain,M Armghan Khan,Nisar Ahmed,E Kahamker,0,0,caught,M Armghan Khan
ball,2,4.3,Spain,C Munoz-Mills,Nisar Ahmed,E Kahamker,0,0,"",""
ball,2,4.4,Spain,C Munoz-Mills,Nisar Ahmed,E Kahamker,4,0,"",""
ball,2,4.5,Spain,C Munoz-Mills,Nisar Ahmed,E Kahamker,0,0,"",""
ball,2,4.6,Spain,C Munoz-Mills,Nisar Ahmed,E Kahamker,2,0,"",""
ball,2,5.1,Spain,Nisar Ahmed,C Munoz-Mills,Y Razpurker,1,0,"",""
ball,2,5.2,Spain,C Munoz-Mills,Nisar Ahmed,Y Razpurker,0,0,"",""
ball,2,5.3,Spain,C Munoz-Mills,Nisar Ahmed,Y Razpurker,6,0,"",""
ball,2,5.4,Spain,C Munoz-Mills,Nisar Ahmed,Y Razpurker,2,0,"",""
ball,2,5.5,Spain,C Munoz-Mills,Nisar Ahmed,Y Razpurker,0,0,"",""
ball,2,5.6,Spain,C Munoz-Mills,Nisar Ahmed,Y Razpurker,0,0,"",""
ball,2,6.1,Spain,Nisar Ahmed,C Munoz-Mills,J Evans,1,0,"",""
ball,2,6.2,Spain,C Munoz-Mills,Nisar Ahmed,J Evans,0,3,"",""
ball,2,6.3,Spain,C Munoz-Mills,Nisar Ahmed,J Evans,0,0,"",""
ball,2,6.4,Spain,C Munoz-Mills,Nisar Ahmed,J Evans,0,0,"",""
ball,2,6.5,Spain,C Munoz-Mills,Nisar Ahmed,J Evans,0,0,"",""
ball,2,6.6,Spain,C Munoz-Mills,Nisar Ahmed,J Evans,1,0,"",""
ball,2,6.7,Spain,Nisar Ahmed,C Munoz-Mills,J Evans,0,0,"",""
ball,2,7.1,Spain,C Munoz-Mills,Nisar Ahmed,R Schachat,4,0,"",""
ball,2,7.2,Spain,C Munoz-Mills,Nisar Ahmed,R Schachat,0,1,"",""
ball,2,7.3,Spain,C Munoz-Mills,Nisar Ahmed,R Schachat,0,0,"",""
ball,2,7.4,Spain,C Munoz-Mills,Nisar Ahmed,R Schachat,0,0,"",""
ball,2,7.5,Spain,C Munoz-Mills,Nisar Ahmed,R Schachat,0,1,"",""
ball,2,7.6,Spain,C Munoz-Mills,Nisar Ahmed,R Schachat,1,0,"",""
ball,2,7.7,Spain,Nisar Ahmed,C Munoz-Mills,R Schachat,1,0,"",""
ball,2,7.8,Spain,C Munoz-Mills,Nisar Ahmed,R Schachat,0,0,"",""
ball,2,8.1,Spain,Nisar Ahmed,C Munoz-Mills,J Evans,1,0,"",""
ball,2,8.2,Spain,C Munoz-Mills,Nisar Ahmed,J Evans,6,0,"",""
ball,2,8.3,Spain,C Munoz-Mills,Nisar Ahmed,J Evans,1,0,"",""
ball,2,8.4,Spain,Nisar Ahmed,C Munoz-Mills,J Evans,1,0,"",""
ball,2,8.5,Spain,C Munoz-Mills,Nisar Ahmed,J Evans,1,0,"",""
ball,2,8.6,Spain,Nisar Ahmed,C Munoz-Mills,J Evans,0,0,"",""
ball,2,9.1,Spain,C Munoz-Mills,Nisar Ahmed,R Schachat,1,0,"",""
ball,2,9.2,Spain,Nisar Ahmed,C Munoz-Mills,R Schachat,2,0,"",""
ball,2,9.3,Spain,Nisar Ahmed,C Munoz-Mills,R Schachat,0,0,"",""
ball,2,9.4,Spain,Nisar Ahmed,C Munoz-Mills,R Schachat,0,0,"",""
ball,2,9.5,Spain,Nisar Ahmed,C Munoz-Mills,R Schachat,0,0,"",""
ball,2,9.6,Spain,Nisar Ahmed,C Munoz-Mills,R Schachat,1,0,"",""
ball,2,10.1,Spain,Nisar Ahmed,C Munoz-Mills,J Evans,1,0,"",""
ball,2,10.2,Spain,C Munoz-Mills,Nisar Ahmed,J Evans,0,0,caught,C Munoz-Mills
ball,2,10.3,Spain,Farzan Afzal,Nisar Ahmed,J Evans,0,0,"",""
ball,2,10.4,Spain,Farzan Afzal,Nisar Ahmed,J Evans,1,0,"",""
ball,2,10.5,Spain,Nisar Ahmed,Farzan Afzal,J Evans,0,0,"",""
ball,2,10.6,Spain,Nisar Ahmed,Farzan Afzal,J Evans,2,0,"",""
ball,2,11.1,Spain,Farzan Afzal,Nisar Ahmed,R Schachat,1,0,"",""
ball,2,11.2,Spain,Nisar Ahmed,Farzan Afzal,R Schachat,1,0,"",""
ball,2,11.3,Spain,Farzan Afzal,Nisar Ahmed,R Schachat,1,0,"",""
ball,2,11.4,Spain,Nisar Ahmed,Farzan Afzal,R Schachat,4,0,"",""
ball,2,11.5,Spain,Nisar Ahmed,Farzan Afzal,R Schachat,1,0,"",""
ball,2,11.6,Spain,Farzan Afzal,Nisar Ahmed,R Schachat,1,0,"",""
ball,2,12.1,Spain,Farzan Afzal,Nisar Ahmed,J Evans,1,0,"",""
ball,2,12.2,Spain,Nisar Ahmed,Farzan Afzal,J Evans,1,0,"",""
ball,2,12.3,Spain,Farzan Afzal,Nisar Ahmed,J Evans,4,0,"",""
ball,2,12.4,Spain,Farzan Afzal,Nisar Ahmed,J Evans,4,0,"",""
