version,1.3.0
info,team,Gibraltar
info,team,Israel
info,gender,male
info,season,2016
info,date,2016/08/17
info,competition,ICC World Cricket League Europe Region Division Two Twenty20
info,venue,Skarpnack 1
info,city,Stockholm
info,neutralvenue,true
info,toss_winner,Israel
info,toss_decision,field
info,umpire,NN Davidson
info,umpire,HE Kearns
info,match_referee,DT Jukes
info,winner,Israel
info,winner_wickets,5
ball,1,0.1,Gibraltar,KJ Ferrary,MO Bacarese,D Massil,1,0,"",""
ball,1,0.2,Gibraltar,MO Bacarese,KJ Ferrary,D Massil,0,0,"",""
ball,1,0.3,Gibraltar,MO Bacarese,KJ Ferrary,D Massil,0,1,"",""
ball,1,0.4,Gibraltar,MO Bacarese,KJ Ferrary,D Massil,4,0,"",""
ball,1,0.5,Gibraltar,MO Bacarese,KJ Ferrary,D Massil,0,0,"",""
ball,1,0.6,Gibraltar,MO Bacarese,KJ Ferrary,D Massil,0,0,"",""
ball,1,0.7,Gibraltar,MO Bacarese,KJ Ferrary,D Massil,1,0,"",""
ball,1,1.1,Gibraltar,MO Bacarese,KJ Ferrary,S Waskar,0,0,"",""
ball,1,1.2,Gibraltar,MO Bacarese,KJ Ferrary,S Waskar,4,0,"",""
ball,1,1.3,Gibraltar,MO Bacarese,KJ Ferrary,S Waskar,1,0,"",""
ball,1,1.4,Gibraltar,KJ Ferrary,MO Bacarese,S Waskar,0,0,"",""
ball,1,1.5,Gibraltar,KJ Ferrary,MO Bacarese,S Waskar,0,0,"",""
ball,1,1.6,Gibraltar,KJ Ferrary,MO Bacarese,S Waskar,0,0,"",""
ball,1,2.1,Gibraltar,MO Bacarese,KJ Ferrary,D Massil,0,0,"",""
ball,1,2.2,Gibraltar,MO Bacarese,KJ Ferrary,D Massil,1,0,"",""
ball,1,2.3,Gibraltar,KJ Ferrary,MO Bacarese,D Massil,4,0,"",""
ball,1,2.4,Gibraltar,KJ Ferrary,MO Bacarese,D Massil,1,0,"",""
ball,1,2.5,Gibraltar,MO Bacarese,KJ Ferrary,D Massil,0,0,"",""
ball,1,2.6,Gibraltar,MO Bacarese,KJ Ferrary,D Massil,0,0,"",""
ball,1,3.1,Gibraltar,KJ Ferrary,MO Bacarese,S Waskar,0,0,"",""
ball,1,3.2,Gibraltar,KJ Ferrary,MO Bacarese,S Waskar,1,0,"",""
ball,1,3.3,Gibraltar,MO Bacarese,KJ Ferrary,S Waskar,1,0,"",""
ball,1,3.4,Gibraltar,KJ Ferrary,MO Bacarese,S Waskar,4,0,"",""
ball,1,3.5,Gibraltar,KJ Ferrary,MO Bacarese,S Waskar,0,0,"",""
ball,1,3.6,Gibraltar,KJ Ferrary,MO Bacarese,S Waskar,4,0,"",""
ball,1,4.1,Gibraltar,MO Bacarese,KJ Ferrary,SRM Arachichige,0,0,"",""
ball,1,4.2,Gibraltar,MO Bacarese,KJ Ferrary,SRM Arachichige,0,0,caught,MO Bacarese
ball,1,4.3,Gibraltar,KJ Ferrary,K Aswani,SRM Arachichige,0,0,"",""
ball,1,4.4,Gibraltar,KJ Ferrary,K Aswani,SRM Arachichige,0,0,"",""
ball,1,4.5,Gibraltar,KJ Ferrary,K Aswani,SRM Arachichige,4,0,"",""
ball,1,4.6,Gibraltar,KJ Ferrary,K Aswani,SRM Arachichige,0,0,caught,KJ Ferrary
ball,1,5.1,Gibraltar,K Aswani,IDM Latin,E Kahamker,1,0,"",""
ball,1,5.2,Gibraltar,IDM Latin,K Aswani,E Kahamker,1,0,"",""
ball,1,5.3,Gibraltar,K Aswani,IDM Latin,E Kahamker,0,0,"",""
ball,1,5.4,Gibraltar,K Aswani,IDM Latin,E Kahamker,0,0,"",""
ball,1,5.5,Gibraltar,K Aswani,IDM Latin,E Kahamker,6,0,"",""
ball,1,5.6,Gibraltar,K Aswani,IDM Latin,E Kahamker,0,0,"",""
ball,1,6.1,Gibraltar,IDM Latin,K Aswani,SRM Arachichige,0,0,"",""
ball,1,6.2,Gibraltar,IDM Latin,K Aswani,SRM Arachichige,1,0,"",""
ball,1,6.3,Gibraltar,K Aswani,IDM Latin,SRM Arachichige,2,0,"",""
ball,1,6.4,Gibraltar,K Aswani,IDM Latin,SRM Arachichige,0,0,lbw,K Aswani
ball,1,6.5,Gibraltar,CJ Phillips,IDM Latin,SRM Arachichige,0,0,"",""
ball,1,6.6,Gibraltar,CJ Phillips,IDM Latin,SRM Arachichige,0,0,"",""
ball,1,7.1,Gibraltar,IDM Latin,CJ Phillips,E Kahamker,0,0,"",""
ball,1,7.2,Gibraltar,IDM Latin,CJ Phillips,E Kahamker,1,0,"",""
ball,1,7.3,Gibraltar,CJ Phillips,IDM Latin,E Kahamker,0,0,"",""
ball,1,7.4,Gibraltar,CJ Phillips,IDM Latin,E Kahamker,1,0,"",""
ball,1,7.5,Gibraltar,IDM Latin,CJ Phillips,E Kahamker,4,0,"",""
ball,1,7.6,Gibraltar,IDM Latin,CJ Phillips,E Kahamker,0,0,"",""
ball,1,8.1,Gibraltar,CJ Phillips,IDM Latin,SRM Arachichige,1,0,"",""
ball,1,8.2,Gibraltar,IDM Latin,CJ Phillips,SRM Arachichige,0,1,"",""
ball,1,8.3,Gibraltar,CJ Phillips,IDM Latin,SRM Arachichige,0,0,"",""
ball,1,8.4,Gibraltar,CJ Phillips,IDM Latin,SRM Arachichige,0,0,"",""
ball,1,8.5,Gibraltar,CJ Phillips,IDM Latin,SRM Arachichige,0,0,"",""
ball,1,8.6,Gibraltar,CJ Phillips,IDM Latin,SRM Arachichige,1,0,"",""
ball,1,9.1,Gibraltar,CJ Phillips,IDM Latin,R Schachat,1,0,"",""
ball,1,9.2,Gibraltar,IDM Latin,CJ Phillips,R Schachat,1,0,"",""
ball,1,9.3,Gibraltar,CJ Phillips,IDM Latin,R Schachat,0,0,"",""
ball,1,9.4,Gibraltar,CJ Phillips,IDM Latin,R Schachat,0,0,"",""
ball,1,9.5,Gibraltar,CJ Phillips,IDM Latin,R Schachat,1,0,"",""
ball,1,9.6,Gibraltar,IDM Latin,CJ Phillips,R Schachat,0,0,"",""
ball,1,10.1,Gibraltar,CJ Phillips,IDM Latin,J Evans,0,0,"",""
ball,1,10.2,Gibraltar,CJ Phillips,IDM Latin,J Evans,0,1,"",""
ball,1,10.3,Gibraltar,CJ Phillips,IDM Latin,J Evans,1,0,"",""
ball,1,10.4,Gibraltar,IDM Latin,CJ Phillips,J Evans,0,0,"",""
ball,1,10.5,Gibraltar,IDM Latin,CJ Phillips,J Evans,1,0,"",""
ball,1,10.6,Gibraltar,CJ Phillips,IDM Latin,J Evans,4,0,"",""
ball,1,10.7,Gibraltar,CJ Phillips,IDM Latin,J Evans,1,0,"",""
ball,1,11.1,Gibraltar,CJ Phillips,IDM Latin,R Schachat,2,0,"",""
ball,1,11.2,Gibraltar,CJ Phillips,IDM Latin,R Schachat,0,0,"",""
ball,1,11.3,Gibraltar,CJ Phillips,IDM Latin,R Schachat,0,0,"",""
ball,1,11.4,Gibraltar,CJ Phillips,IDM Latin,R Schachat,0,0,"",""
ball,1,11.5,Gibraltar,CJ Phillips,IDM Latin,R Schachat,2,0,"",""
ball,1,11.6,Gibraltar,CJ Phillips,IDM Latin,R Schachat,0,0,"",""
ball,1,12.1,Gibraltar,IDM Latin,CJ Phillips,J Evans,0,1,"",""
ball,1,12.2,Gibraltar,IDM Latin,CJ Phillips,J Evans,1,0,"",""
ball,1,12.3,Gibraltar,CJ Phillips,IDM Latin,J Evans,0,0,caught,CJ Phillips
ball,1,12.4,Gibraltar,IDM Latin,K Mirpuri,J Evans,1,0,"",""
ball,1,12.5,Gibraltar,K Mirpuri,IDM Latin,J Evans,0,0,"",""
ball,1,12.6,Gibraltar,K Mirpuri,IDM Latin,J Evans,0,0,"",""
ball,1,12.7,Gibraltar,K Mirpuri,IDM Latin,J Evans,1,0,"",""
ball,1,13.1,Gibraltar,K Mirpuri,IDM Latin,Y Razpurker,0,0,"",""
ball,1,13.2,Gibraltar,K Mirpuri,IDM Latin,Y Razpurker,0,1,"",""
ball,1,13.3,Gibraltar,K Mirpuri,IDM Latin,Y Razpurker,0,1,"",""
ball,1,13.4,Gibraltar,K Mirpuri,IDM Latin,Y Razpurker,0,0,"",""
ball,1,13.5,Gibraltar,K Mirpuri,IDM Latin,Y Razpurker,1,0,"",""
ball,1,13.6,Gibraltar,IDM Latin,K Mirpuri,Y Razpurker,2,0,"",""
ball,1,13.7,Gibraltar,IDM Latin,K Mirpuri,Y Razpurker,1,0,"",""
ball,1,13.8,Gibraltar,K Mirpuri,IDM Latin,Y Razpurker,0,0,"",""
ball,1,14.1,Gibraltar,IDM Latin,K Mirpuri,J Evans,1,0,"",""
ball,1,14.2,Gibraltar,K Mirpuri,IDM Latin,J Evans,0,0,"",""
ball,1,14.3,Gibraltar,K Mirpuri,IDM Latin,J Evans,0,0,"",""
ball,1,14.4,Gibraltar,K Mirpuri,IDM Latin,J Evans,0,1,"",""
ball,1,14.5,Gibraltar,IDM Latin,K Mirpuri,J Evans,0,0,bowled,IDM Latin
ball,1,14.6,Gibraltar,JD Freyone,K Mirpuri,J Evans,0,0,"",""
ball,1,15.1,Gibraltar,K Mirpuri,JD Freyone,Y Razpurker,1,0,"",""
ball,1,15.2,Gibraltar,JD Freyone,K Mirpuri,Y Razpurker,0,0,"",""
ball,1,15.3,Gibraltar,JD Freyone,K Mirpuri,Y Razpurker,1,0,"",""
ball,1,15.4,Gibraltar,K Mirpuri,JD Freyone,Y Razpurker,2,0,"",""
ball,1,15.5,Gibraltar,K Mirpuri,JD Freyone,Y Razpurker,0,0,"",""
ball,1,15.6,Gibraltar,K Mirpuri,JD Freyone,Y Razpurker,1,0,"",""
ball,1,16.1,Gibraltar,K Mirpuri,JD Freyone,J Evans,1,0,"",""
ball,1,16.2,Gibraltar,JD Freyone,K Mirpuri,J Evans,0,0,"",""
ball,1,16.3,Gibraltar,JD Freyone,K Mirpuri,J Evans,0,0,"",""
ball,1,16.4,Gibraltar,JD Freyone,K Mirpuri,J Evans,0,0,"",""
ball,1,16.5,Gibraltar,JD Freyone,K Mirpuri,J Evans,1,0,"",""
ball,1,16.6,Gibraltar,K Mirpuri,JD Freyone,J Evans,1,0,"",""
ball,1,17.1,Gibraltar,K Mirpuri,JD Freyone,R Schachat,0,0,"",""
ball,1,17.2,Gibraltar,K Mirpuri,JD Freyone,R Schachat,2,0,"",""
ball,1,17.3,Gibraltar,K Mirpuri,JD Freyone,R Schachat,2,0,"",""
ball,1,17.4,Gibraltar,K Mirpuri,JD Freyone,R Schachat,1,0,"",""
ball,1,17.5,Gibraltar,JD Freyone,K Mirpuri,R Schachat,0,0,"",""
ball,1,17.6,Gibraltar,JD Freyone,K Mirpuri,R Schachat,0,0,"",""
ball,1,18.1,Gibraltar,K Mirpuri,JD Freyone,SRM Arachichige,1,0,"",""
ball,1,18.2,Gibraltar,JD Freyone,K Mirpuri,SRM Arachichige,1,0,"",""
ball,1,18.3,Gibraltar,K Mirpuri,JD Freyone,SRM Arachichige,0,0,"",""
ball,1,18.4,Gibraltar,K Mirpuri,JD Freyone,SRM Arachichige,1,0,"",""
ball,1,18.5,Gibraltar,JD Freyone,K Mirpuri,SRM Arachichige,0,0,"",""
ball,1,18.6,Gibraltar,JD Freyone,K Mirpuri,SRM Arachichige,0,1,"",""
ball,1,18.7,Gibraltar,JD Freyone,K Mirpuri,SRM Arachichige,0,0,caught,JD Freyone
ball,1,19.1,Gibraltar,K Mirpuri,J Hazell,R Schachat,0,0,"",""
ball,1,19.2,Gibraltar,K Mirpuri,J Hazell,R Schachat,4,0,"",""
ball,1,19.3,Gibraltar,K Mirpuri,J Hazell,R Schachat,1,0,"",""
ball,1,19.4,Gibraltar,J Hazell,K Mirpuri,R Schachat,1,0,"",""
ball,1,19.5,Gibraltar,K Mirpuri,J Hazell,R Schachat,1,0,"",""
ball,1,19.6,Gibraltar,J Hazell,K Mirpuri,R Schachat,1,0,"",""
ball,2,0.1,Israel,SRM Arachichige,M Hoffman,S Suarez,0,0,"",""
ball,2,0.2,Israel,SRM Arachichige,M Hoffman,S Suarez,4,0,"",""
ball,2,0.3,Israel,SRM Arachichige,M Hoffman,S Suarez,2,0,"",""
ball,2,0.4,Israel,SRM Arachichige,M Hoffman,S Suarez,4,0,"",""
ball,2,0.5,Israel,SRM Arachichige,M Hoffman,S Suarez,0,0,"",""
ball,2,0.6,Israel,SRM Arachichige,M Hoffman,S Suarez,1,0,"",""
ball,2,1.1,Israel,SRM Arachichige,M Hoffman,MO Bacarese,2,0,"",""
ball,2,1.2,Israel,SRM Arachichige,M Hoffman,MO Bacarese,0,0,"",""
ball,2,1.3,Israel,SRM Arachichige,M Hoffman,MO Bacarese,0,0,"",""
ball,2,1.4,Israel,SRM Arachichige,M Hoffman,MO Bacarese,4,0,"",""
ball,2,1.5,Israel,SRM Arachichige,M Hoffman,MO Bacarese,0,0,"",""
ball,2,1.6,Israel,SRM Arachichige,M Hoffman,MO Bacarese,0,0,"",""
ball,2,2.1,Israel,M Hoffman,SRM Arachichige,S Suarez,0,1,"",""
ball,2,2.2,Israel,M Hoffman,SRM Arachichige,S Suarez,0,0,"",""
ball,2,2.3,Israel,M Hoffman,SRM Arachichige,S Suarez,1,0,"",""
ball,2,2.4,Israel,SRM Arachichige,M Hoffman,S Suarez,1,0,"",""
ball,2,2.5,Israel,M Hoffman,SRM Arachichige,S Suarez,4,0,"",""
ball,2,2.6,Israel,M Hoffman,SRM Arachichige,S Suarez,0,0,"",""
ball,2,2.7,Israel,M Hoffman,SRM Arachichige,S Suarez,1,0,"",""
ball,2,3.1,Israel,M Hoffman,SRM Arachichige,MO Bacarese,0,0,"",""
ball,2,3.2,Israel,M Hoffman,SRM Arachichige,MO Bacarese,1,0,"",""
ball,2,3.3,Israel,SRM Arachichige,M Hoffman,MO Bacarese,0,0,run out,M Hoffman
ball,2,3.4,Israel,SRM Arachichige,E Kahamker,MO Bacarese,0,0,"",""
ball,2,3.5,Israel,SRM Arachichige,E Kahamker,MO Bacarese,0,0,"",""
ball,2,3.6,Israel,SRM Arachichige,E Kahamker,MO Bacarese,1,0,"",""
ball,2,4.1,Israel,SRM Arachichige,E Kahamker,K Mirpuri,0,0,"",""
ball,2,4.2,Israel,SRM Arachichige,E Kahamker,K Mirpuri,1,0,"",""
ball,2,4.3,Israel,E Kahamker,SRM Arachichige,K Mirpuri,1,0,"",""
ball,2,4.4,Israel,SRM Arachichige,E Kahamker,K Mirpuri,0,0,caught,SRM Arachichige
ball,2,4.5,Israel,E Kahamker,Emanuel Solomon,K Mirpuri,0,0,"",""
ball,2,4.6,Israel,E Kahamker,Emanuel Solomon,K Mirpuri,0,0,"",""
ball,2,5.1,Israel,Emanuel Solomon,E Kahamker,MO Bacarese,0,0,"",""
ball,2,5.2,Israel,Emanuel Solomon,E Kahamker,MO Bacarese,4,0,"",""
ball,2,5.3,Israel,Emanuel Solomon,E Kahamker,MO Bacarese,1,0,"",""
ball,2,5.4,Israel,E Kahamker,Emanuel Solomon,MO Bacarese,0,0,"",""
ball,2,5.5,Israel,E Kahamker,Emanuel Solomon,MO Bacarese,1,0,"",""
ball,2,5.6,Israel,Emanuel Solomon,E Kahamker,MO Bacarese,4,0,"",""
ball,2,6.1,Israel,E Kahamker,Emanuel Solomon,K Mirpuri,0,0,"",""
ball,2,6.2,Israel,E Kahamker,Emanuel Solomon,K Mirpuri,2,0,"",""
ball,2,6.3,Israel,E Kahamker,Emanuel Solomon,K Mirpuri,1,0,"",""
ball,2,6.4,Israel,Emanuel Solomon,E Kahamker,K Mirpuri,4,0,"",""
ball,2,6.5,Israel,Emanuel Solomon,E Kahamker,K Mirpuri,0,0,"",""
ball,2,6.6,Israel,Emanuel Solomon,E Kahamker,K Mirpuri,1,0,"",""
ball,2,7.1,Israel,Emanuel Solomon,E Kahamker,SA Chipolina,6,0,"",""
ball,2,7.2,Israel,Emanuel Solomon,E Kahamker,SA Chipolina,1,0,"",""
ball,2,7.3,Israel,E Kahamker,Emanuel Solomon,SA Chipolina,1,0,"",""
ball,2,7.4,Israel,Emanuel Solomon,E Kahamker,SA Chipolina,1,0,"",""
ball,2,7.5,Israel,E Kahamker,Emanuel Solomon,SA Chipolina,0,0,"",""
ball,2,7.6,Israel,E Kahamker,Emanuel Solomon,SA Chipolina,1,0,"",""
ball,2,8.1,Israel,E Kahamker,Emanuel Solomon,A Orfila,1,0,"",""
ball,2,8.2,Israel,Emanuel Solomon,E Kahamker,A Orfila,6,0,"",""
ball,2,8.3,Israel,Emanuel Solomon,E Kahamker,A Orfila,1,0,"",""
ball,2,8.4,Israel,E Kahamker,Emanuel Solomon,A Orfila,0,0,"",""
ball,2,8.5,Israel,E Kahamker,Emanuel Solomon,A Orfila,2,0,"",""
ball,2,8.6,Israel,E Kahamker,Emanuel Solomon,A Orfila,0,0,bowled,E Kahamker
ball,2,9.1,Israel,Emanuel Solomon,J Evans,SA Chipolina,2,1,"",""
ball,2,9.2,Israel,Emanuel Solomon,J Evans,SA Chipolina,0,0,"",""
ball,2,9.3,Israel,Emanuel Solomon,J Evans,SA Chipolina,4,0,"",""
ball,2,9.4,Israel,Emanuel Solomon,J Evans,SA Chipolina,1,0,"",""
ball,2,9.5,Israel,J Evans,Emanuel Solomon,SA Chipolina,1,0,"",""
ball,2,9.6,Israel,Emanuel Solomon,J Evans,SA Chipolina,0,0,bowled,Emanuel Solomon
ball,2,9.7,Israel,E Solomon,J Evans,SA Chipolina,0,0,caught,E Solomon
ball,2,10.1,Israel,Y Razpurker,J Evans,K Mirpuri,0,0,"",""
ball,2,10.2,Israel,Y Razpurker,J Evans,K Mirpuri,0,0,"",""
ball,2,10.3,Israel,Y Razpurker,J Evans,K Mirpuri,1,0,"",""
ball,2,10.4,Israel,J Evans,Y Razpurker,K Mirpuri,0,0,"",""
ball,2,10.5,Israel,J Evans,Y Razpurker,K Mirpuri,1,0,"",""
ball,2,10.6,Israel,Y Razpurker,J Evans,K Mirpuri,0,0,"",""
ball,2,11.1,Israel,J Evans,Y Razpurker,KJ Ferrary,0,0,"",""
ball,2,11.2,Israel,J Evans,Y Razpurker,KJ Ferrary,0,0,"",""
ball,2,11.3,Israel,J Evans,Y Razpurker,KJ Ferrary,0,1,"",""
ball,2,11.4,Israel,J Evans,Y Razpurker,KJ Ferrary,0,0,"",""
ball,2,11.5,Israel,J Evans,Y Razpurker,KJ Ferrary,0,0,"",""
ball,2,11.6,Israel,J Evans,Y Razpurker,KJ Ferrary,1,0,"",""
ball,2,11.7,Israel,Y Razpurker,J Evans,KJ Ferrary,1,0,"",""
ball,2,12.1,Israel,Y Razpurker,J Evans,K Mirpuri,0,0,"",""
ball,2,12.2,Israel,Y Razpurker,J Evans,K Mirpuri,2,0,"",""
ball,2,12.3,Israel,Y Razpurker,J Evans,K Mirpuri,1,0,"",""
ball,2,12.4,Israel,J Evans,Y Razpurker,K Mirpuri,6,0,"",""
ball,2,12.5,Israel,J Evans,Y Razpurker,K Mirpuri,1,0,"",""
ball,2,12.6,Israel,Y Razpurker,J Evans,K Mirpuri,0,0,"",""
ball,2,13.1,Israel,J Evans,Y Razpurker,KJ Ferrary,6,0,"",""
ball,2,13.2,Israel,J Evans,Y Razpurker,KJ Ferrary,1,0,"",""
ball,2,13.3,Israel,Y Razpurker,J Evans,KJ Ferrary,0,0,"",""
ball,2,13.4,Israel,Y Razpurker,J Evans,KJ Ferrary,0,0,"",""
ball,2,13.5,Israel,Y Razpurker,J Evans,KJ Ferrary,4,0,"",""
ball,2,13.6,Israel,Y Razpurker,J Evans,KJ Ferrary,4,0,"",""
