version,1.3.0
info,team,Malaysia
info,team,Singapore
info,gender,female
info,season,2016
info,date,2016/08/28
info,competition,Saudari Cup
info,match_number,3
info,venue,Johor Cricket Academy Oval
info,city,
info,toss_winner,Malaysia
info,toss_decision,bat
info,umpire,Suharril Fetri
info,umpire,M Syahadat Ramli
info,winner,Malaysia
info,winner_runs,16
ball,1,0.1,Malaysia,Emylia Eliani,Christina Baret,Kashish Agarwal,0,0,"",""
ball,1,0.2,Malaysia,Emylia Eliani,Christina Baret,Kashish Agarwal,2,0,"",""
ball,1,0.3,Malaysia,Emylia Eliani,Christina Baret,Kashish Agarwal,0,0,caught,Emylia Eliani
ball,1,0.4,Malaysia,Zumika Azmi,Christina Baret,Kashish Agarwal,0,0,"",""
ball,1,0.5,Malaysia,Zumika Azmi,Christina Baret,Kashish Agarwal,0,1,"",""
ball,1,0.6,Malaysia,Zumika Azmi,Christina Baret,Kashish Agarwal,0,0,"",""
ball,1,0.7,Malaysia,Zumika Azmi,Christina Baret,Kashish Agarwal,2,0,"",""
ball,1,1.1,Malaysia,Christina Baret,Zumika Azmi,GK Diviya,2,0,"",""
ball,1,1.2,Malaysia,Christina Baret,Zumika Azmi,GK Diviya,0,0,"",""
ball,1,1.3,Malaysia,Christina Baret,Zumika Azmi,GK Diviya,0,0,"",""
ball,1,1.4,Malaysia,Christina Baret,Zumika Azmi,GK Diviya,2,0,"",""
ball,1,1.5,Malaysia,Christina Baret,Zumika Azmi,GK Diviya,0,0,"",""
ball,1,1.6,Malaysia,Christina Baret,Zumika Azmi,GK Diviya,0,0,"",""
ball,1,2.1,Malaysia,Zumika Azmi,Christina Baret,Kashish Agarwal,1,0,"",""
ball,1,2.2,Malaysia,Christina Baret,Zumika Azmi,Kashish Agarwal,0,0,"",""
ball,1,2.3,Malaysia,Christina Baret,Zumika Azmi,Kashish Agarwal,1,0,"",""
ball,1,2.4,Malaysia,Zumika Azmi,Christina Baret,Kashish Agarwal,0,0,"",""
ball,1,2.5,Malaysia,Zumika Azmi,Christina Baret,Kashish Agarwal,0,1,"",""
ball,1,2.6,Malaysia,Zumika Azmi,Christina Baret,Kashish Agarwal,1,0,"",""
ball,1,2.7,Malaysia,Christina Baret,Zumika Azmi,Kashish Agarwal,0,0,"",""
ball,1,3.1,Malaysia,Zumika Azmi,Christina Baret,GK Diviya,0,0,"",""
ball,1,3.2,Malaysia,Zumika Azmi,Christina Baret,GK Diviya,2,0,"",""
ball,1,3.3,Malaysia,Zumika Azmi,Christina Baret,GK Diviya,4,0,"",""
ball,1,3.4,Malaysia,Zumika Azmi,Christina Baret,GK Diviya,0,0,run out,Zumika Azmi
ball,1,3.5,Malaysia,Christina Baret,WA Duraisingam,GK Diviya,0,0,"",""
ball,1,3.6,Malaysia,Christina Baret,WA Duraisingam,GK Diviya,0,0,"",""
ball,1,4.1,Malaysia,WA Duraisingam,Christina Baret,T Sen,0,1,"",""
ball,1,4.2,Malaysia,WA Duraisingam,Christina Baret,T Sen,2,0,"",""
ball,1,4.3,Malaysia,WA Duraisingam,Christina Baret,T Sen,0,0,"",""
ball,1,4.4,Malaysia,WA Duraisingam,Christina Baret,T Sen,0,1,"",""
ball,1,4.5,Malaysia,WA Duraisingam,Christina Baret,T Sen,0,1,"",""
ball,1,4.6,Malaysia,WA Duraisingam,Christina Baret,T Sen,0,0,caught,WA Duraisingam
ball,1,4.7,Malaysia,Sasha Azmi,Christina Baret,T Sen,1,0,"",""
ball,1,4.8,Malaysia,Christina Baret,Sasha Azmi,T Sen,0,0,"",""
ball,1,4.9,Malaysia,Christina Baret,Sasha Azmi,T Sen,0,0,"",""
ball,1,5.1,Malaysia,Sasha Azmi,Christina Baret,Smruthi Radhakrishnan,0,0,"",""
ball,1,5.2,Malaysia,Sasha Azmi,Christina Baret,Smruthi Radhakrishnan,1,0,"",""
ball,1,5.3,Malaysia,Christina Baret,Sasha Azmi,Smruthi Radhakrishnan,3,0,"",""
ball,1,5.4,Malaysia,Sasha Azmi,Christina Baret,Smruthi Radhakrishnan,4,0,"",""
ball,1,5.5,Malaysia,Sasha Azmi,Christina Baret,Smruthi Radhakrishnan,1,0,"",""
ball,1,5.6,Malaysia,Christina Baret,Sasha Azmi,Smruthi Radhakrishnan,0,0,"",""
ball,1,6.1,Malaysia,Sasha Azmi,Christina Baret,T Sen,0,0,"",""
ball,1,6.2,Malaysia,Sasha Azmi,Christina Baret,T Sen,0,0,"",""
ball,1,6.3,Malaysia,Sasha Azmi,Christina Baret,T Sen,2,0,"",""
ball,1,6.4,Malaysia,Sasha Azmi,Christina Baret,T Sen,0,0,"",""
ball,1,6.5,Malaysia,Sasha Azmi,Christina Baret,T Sen,2,0,"",""
ball,1,6.6,Malaysia,Sasha Azmi,Christina Baret,T Sen,0,0,"",""
ball,1,7.1,Malaysia,Christina Baret,Sasha Azmi,Smruthi Radhakrishnan,3,0,"",""
ball,1,7.2,Malaysia,Sasha Azmi,Christina Baret,Smruthi Radhakrishnan,0,0,"",""
ball,1,7.3,Malaysia,Sasha Azmi,Christina Baret,Smruthi Radhakrishnan,0,0,"",""
ball,1,7.4,Malaysia,Sasha Azmi,Christina Baret,Smruthi Radhakrishnan,1,0,"",""
ball,1,7.5,Malaysia,Christina Baret,Sasha Azmi,Smruthi Radhakrishnan,1,0,"",""
ball,1,7.6,Malaysia,Sasha Azmi,Christina Baret,Smruthi Radhakrishnan,4,0,"",""
ball,1,8.1,Malaysia,Christina Baret,Sasha Azmi,Samantha Singham,0,0,"",""
ball,1,8.2,Malaysia,Christina Baret,Sasha Azmi,Samantha Singham,2,0,"",""
ball,1,8.3,Malaysia,Christina Baret,Sasha Azmi,Samantha Singham,1,0,"",""
ball,1,8.4,Malaysia,Sasha Azmi,Christina Baret,Samantha Singham,4,0,"",""
ball,1,8.5,Malaysia,Sasha Azmi,Christina Baret,Samantha Singham,0,0,"",""
ball,1,8.6,Malaysia,Sasha Azmi,Christina Baret,Samantha Singham,1,0,"",""
ball,1,9.1,Malaysia,Sasha Azmi,Christina Baret,Roshni Ramesh,0,0,"",""
ball,1,9.2,Malaysia,Sasha Azmi,Christina Baret,Roshni Ramesh,2,0,"",""
ball,1,9.3,Malaysia,Sasha Azmi,Christina Baret,Roshni Ramesh,4,0,"",""
ball,1,9.4,Malaysia,Sasha Azmi,Christina Baret,Roshni Ramesh,2,0,"",""
ball,1,9.5,Malaysia,Sasha Azmi,Christina Baret,Roshni Ramesh,1,0,"",""
ball,1,9.6,Malaysia,Christina Baret,Sasha Azmi,Roshni Ramesh,1,0,"",""
ball,1,10.1,Malaysia,Christina Baret,Sasha Azmi,Samantha Singham,0,0,"",""
ball,1,10.2,Malaysia,Christina Baret,Sasha Azmi,Samantha Singham,0,1,"",""
ball,1,10.3,Malaysia,Christina Baret,Sasha Azmi,Samantha Singham,2,0,"",""
ball,1,10.4,Malaysia,Christina Baret,Sasha Azmi,Samantha Singham,0,1,"",""
ball,1,10.5,Malaysia,Christina Baret,Sasha Azmi,Samantha Singham,0,0,"",""
ball,1,10.6,Malaysia,Christina Baret,Sasha Azmi,Samantha Singham,4,0,"",""
ball,1,10.7,Malaysia,Christina Baret,Sasha Azmi,Samantha Singham,0,0,"",""
ball,1,10.8,Malaysia,Christina Baret,Sasha Azmi,Samantha Singham,0,1,"",""
ball,1,11.1,Malaysia,Christina Baret,Sasha Azmi,Smruthi Radhakrishnan,2,0,"",""
ball,1,11.2,Malaysia,Christina Baret,Sasha Azmi,Smruthi Radhakrishnan,2,0,"",""
ball,1,11.3,Malaysia,Christina Baret,Sasha Azmi,Smruthi Radhakrishnan,0,1,"",""
ball,1,11.4,Malaysia,Christina Baret,Sasha Azmi,Smruthi Radhakrishnan,0,0,"",""
ball,1,11.5,Malaysia,Christina Baret,Sasha Azmi,Smruthi Radhakrishnan,0,1,"",""
ball,1,11.6,Malaysia,Christina Baret,Sasha Azmi,Smruthi Radhakrishnan,1,0,"",""
ball,1,11.7,Malaysia,Sasha Azmi,Christina Baret,Smruthi Radhakrishnan,0,0,"",""
ball,1,11.8,Malaysia,Sasha Azmi,Christina Baret,Smruthi Radhakrishnan,0,0,"",""
ball,1,12.1,Malaysia,Christina Baret,Sasha Azmi,Kashish Agarwal,0,0,"",""
ball,1,12.2,Malaysia,Christina Baret,Sasha Azmi,Kashish Agarwal,0,0,caught,Christina Baret
ball,1,12.3,Malaysia,DI Chunan,Sasha Azmi,Kashish Agarwal,0,0,"",""
ball,1,12.4,Malaysia,DI Chunan,Sasha Azmi,Kashish Agarwal,0,0,"",""
ball,1,12.5,Malaysia,DI Chunan,Sasha Azmi,Kashish Agarwal,2,0,"",""
ball,1,12.6,Malaysia,DI Chunan,Sasha Azmi,Kashish Agarwal,0,0,"",""
ball,1,13.1,Malaysia,Sasha Azmi,DI Chunan,GK Diviya,0,0,"",""
ball,1,13.2,Malaysia,Sasha Azmi,DI Chunan,GK Diviya,1,0,"",""
ball,1,13.3,Malaysia,DI Chunan,Sasha Azmi,GK Diviya,0,0,"",""
ball,1,13.4,Malaysia,DI Chunan,Sasha Azmi,GK Diviya,0,0,"",""
ball,1,13.5,Malaysia,DI Chunan,Sasha Azmi,GK Diviya,0,0,"",""
ball,1,13.6,Malaysia,DI Chunan,Sasha Azmi,GK Diviya,2,0,"",""
ball,1,14.1,Malaysia,Sasha Azmi,DI Chunan,Roshni Ramesh,2,0,"",""
ball,1,14.2,Malaysia,Sasha Azmi,DI Chunan,Roshni Ramesh,0,0,"",""
ball,1,14.3,Malaysia,Sasha Azmi,DI Chunan,Roshni Ramesh,4,0,"",""
ball,1,14.4,Malaysia,Sasha Azmi,DI Chunan,Roshni Ramesh,0,0,"",""
ball,1,14.5,Malaysia,Sasha Azmi,DI Chunan,Roshni Ramesh,0,0,"",""
ball,1,14.6,Malaysia,Sasha Azmi,DI Chunan,Roshni Ramesh,2,0,"",""
ball,1,15.1,Malaysia,DI Chunan,Sasha Azmi,Samantha Singham,2,0,"",""
ball,1,15.2,Malaysia,DI Chunan,Sasha Azmi,Samantha Singham,0,1,"",""
ball,1,15.3,Malaysia,DI Chunan,Sasha Azmi,Samantha Singham,4,0,"",""
ball,1,15.4,Malaysia,DI Chunan,Sasha Azmi,Samantha Singham,0,1,"",""
ball,1,15.5,Malaysia,DI Chunan,Sasha Azmi,Samantha Singham,0,1,"",""
ball,1,15.6,Malaysia,DI Chunan,Sasha Azmi,Samantha Singham,1,0,"",""
ball,1,15.7,Malaysia,Sasha Azmi,DI Chunan,Samantha Singham,1,0,"",""
ball,1,15.8,Malaysia,DI Chunan,Sasha Azmi,Samantha Singham,1,0,"",""
ball,1,15.9,Malaysia,Sasha Azmi,DI Chunan,Samantha Singham,0,0,"",""
ball,1,16.1,Malaysia,DI Chunan,Sasha Azmi,Smruthi Radhakrishnan,0,1,"",""
ball,1,16.2,Malaysia,DI Chunan,Sasha Azmi,Smruthi Radhakrishnan,0,0,"",""
ball,1,16.3,Malaysia,DI Chunan,Sasha Azmi,Smruthi Radhakrishnan,1,0,"",""
ball,1,16.4,Malaysia,Sasha Azmi,DI Chunan,Smruthi Radhakrishnan,1,0,"",""
ball,1,16.5,Malaysia,DI Chunan,Sasha Azmi,Smruthi Radhakrishnan,0,0,"",""
ball,1,16.6,Malaysia,DI Chunan,Sasha Azmi,Smruthi Radhakrishnan,2,0,"",""
ball,1,16.7,Malaysia,DI Chunan,Sasha Azmi,Smruthi Radhakrishnan,0,0,stumped,DI Chunan
ball,1,17.1,Malaysia,Sasha Azmi,Noor Hayati Zakaria,T Sen,0,1,"",""
ball,1,17.2,Malaysia,Sasha Azmi,Noor Hayati Zakaria,T Sen,4,0,"",""
ball,1,17.3,Malaysia,Sasha Azmi,Noor Hayati Zakaria,T Sen,0,0,"",""
ball,1,17.4,Malaysia,Sasha Azmi,Noor Hayati Zakaria,T Sen,0,1,"",""
ball,1,17.5,Malaysia,Sasha Azmi,Noor Hayati Zakaria,T Sen,0,0,"",""
ball,1,17.6,Malaysia,Sasha Azmi,Noor Hayati Zakaria,T Sen,1,0,"",""
ball,1,17.7,Malaysia,Noor Hayati Zakaria,Sasha Azmi,T Sen,0,1,"",""
ball,1,17.8,Malaysia,Noor Hayati Zakaria,Sasha Azmi,T Sen,0,0,"",""
ball,1,17.9,Malaysia,Noor Hayati Zakaria,Sasha Azmi,T Sen,0,1,"",""
ball,1,17.1,Malaysia,Noor Hayati Zakaria,Sasha Azmi,T Sen,0,1,"",""
ball,1,17.11,Malaysia,Noor Hayati Zakaria,Sasha Azmi,T Sen,0,0,"",""
ball,1,18.1,Malaysia,Sasha Azmi,Noor Hayati Zakaria,Kashish Agarwal,0,0,"",""
ball,1,18.2,Malaysia,Sasha Azmi,Noor Hayati Zakaria,Kashish Agarwal,4,0,"",""
ball,1,18.3,Malaysia,Sasha Azmi,Noor Hayati Zakaria,Kashish Agarwal,2,0,"",""
ball,1,18.4,Malaysia,Sasha Azmi,Noor Hayati Zakaria,Kashish Agarwal,2,0,"",""
ball,1,18.5,Malaysia,Sasha Azmi,Noor Hayati Zakaria,Kashish Agarwal,0,0,lbw,Sasha Azmi
ball,1,18.6,Malaysia,Nur Aishah,Noor Hayati Zakaria,Kashish Agarwal,3,0,"",""
ball,1,19.1,Malaysia,Nur Aishah,Noor Hayati Zakaria,GK Diviya,1,0,"",""
ball,1,19.2,Malaysia,Noor Hayati Zakaria,Nur Aishah,GK Diviya,0,1,"",""
ball,1,19.3,Malaysia,Noor Hayati Zakaria,Nur Aishah,GK Diviya,0,0,"",""
ball,1,19.4,Malaysia,Noor Hayati Zakaria,Nur Aishah,GK Diviya,2,0,"",""
ball,1,19.5,Malaysia,Noor Hayati Zakaria,Nur Aishah,GK Diviya,0,0,"",""
ball,1,19.6,Malaysia,Noor Hayati Zakaria,Nur Aishah,GK Diviya,0,0,"",""
ball,1,19.7,Malaysia,Noor Hayati Zakaria,Nur Aishah,GK Diviya,1,0,"",""
ball,2,0.1,Singapore,Kashish Agarwal,NA Pratt,WA Duraisingam,1,0,"",""
ball,2,0.2,Singapore,NA Pratt,Kashish Agarwal,WA Duraisingam,0,0,"",""
ball,2,0.3,Singapore,NA Pratt,Kashish Agarwal,WA Duraisingam,0,1,"",""
ball,2,0.4,Singapore,NA Pratt,Kashish Agarwal,WA Duraisingam,0,1,"",""
ball,2,0.5,Singapore,Kashish Agarwal,NA Pratt,WA Duraisingam,1,0,"",""
ball,2,0.6,Singapore,NA Pratt,Kashish Agarwal,WA Duraisingam,3,0,"",""
ball,2,0.7,Singapore,Kashish Agarwal,NA Pratt,WA Duraisingam,1,0,"",""
ball,2,1.1,Singapore,Kashish Agarwal,NA Pratt,Noor Hayati Zakaria,0,1,"",""
ball,2,1.2,Singapore,Kashish Agarwal,NA Pratt,Noor Hayati Zakaria,0,0,"",""
ball,2,1.3,Singapore,Kashish Agarwal,NA Pratt,Noor Hayati Zakaria,1,0,"",""
ball,2,1.4,Singapore,NA Pratt,Kashish Agarwal,Noor Hayati Zakaria,4,0,"",""
ball,2,1.5,Singapore,NA Pratt,Kashish Agarwal,Noor Hayati Zakaria,0,0,"",""
ball,2,1.6,Singapore,NA Pratt,Kashish Agarwal,Noor Hayati Zakaria,0,1,"",""
ball,2,1.7,Singapore,NA Pratt,Kashish Agarwal,Noor Hayati Zakaria,0,0,"",""
ball,2,1.8,Singapore,NA Pratt,Kashish Agarwal,Noor Hayati Zakaria,4,0,"",""
ball,2,2.1,Singapore,Kashish Agarwal,NA Pratt,WA Duraisingam,1,0,"",""
ball,2,2.2,Singapore,NA Pratt,Kashish Agarwal,WA Duraisingam,0,0,"",""
ball,2,2.3,Singapore,NA Pratt,Kashish Agarwal,WA Duraisingam,1,0,"",""
ball,2,2.4,Singapore,Kashish Agarwal,NA Pratt,WA Duraisingam,1,0,"",""
ball,2,2.5,Singapore,NA Pratt,Kashish Agarwal,WA Duraisingam,0,0,"",""
ball,2,2.6,Singapore,NA Pratt,Kashish Agarwal,WA Duraisingam,2,0,"",""
ball,2,3.1,Singapore,Kashish Agarwal,NA Pratt,Mahirah Izzati Ismail,1,0,"",""
ball,2,3.2,Singapore,NA Pratt,Kashish Agarwal,Mahirah Izzati Ismail,1,0,"",""
ball,2,3.3,Singapore,Kashish Agarwal,NA Pratt,Mahirah Izzati Ismail,0,0,"",""
ball,2,3.4,Singapore,Kashish Agarwal,NA Pratt,Mahirah Izzati Ismail,2,0,"",""
ball,2,3.5,Singapore,Kashish Agarwal,NA Pratt,Mahirah Izzati Ismail,0,0,"",""
ball,2,3.6,Singapore,Kashish Agarwal,NA Pratt,Mahirah Izzati Ismail,1,0,"",""
ball,2,4.1,Singapore,Kashish Agarwal,NA Pratt,Zumika Azmi,0,1,"",""
ball,2,4.2,Singapore,Kashish Agarwal,NA Pratt,Zumika Azmi,0,0,"",""
ball,2,4.3,Singapore,Kashish Agarwal,NA Pratt,Zumika Azmi,0,1,"",""
ball,2,4.4,Singapore,Kashish Agarwal,NA Pratt,Zumika Azmi,0,0,"",""
ball,2,4.5,Singapore,Kashish Agarwal,NA Pratt,Zumika Azmi,2,0,"",""
ball,2,4.6,Singapore,Kashish Agarwal,NA Pratt,Zumika Azmi,0,0,"",""
ball,2,4.7,Singapore,Kashish Agarwal,NA Pratt,Zumika Azmi,1,0,"",""
ball,2,4.8,Singapore,NA Pratt,Kashish Agarwal,Zumika Azmi,4,0,"",""
ball,2,5.1,Singapore,Kashish Agarwal,NA Pratt,Mahirah Izzati Ismail,2,0,"",""
ball,2,5.2,Singapore,Kashish Agarwal,NA Pratt,Mahirah Izzati Ismail,4,0,"",""
ball,2,5.3,Singapore,Kashish Agarwal,NA Pratt,Mahirah Izzati Ismail,2,0,"",""
ball,2,5.4,Singapore,Kashish Agarwal,NA Pratt,Mahirah Izzati Ismail,1,0,"",""
ball,2,5.5,Singapore,NA Pratt,Kashish Agarwal,Mahirah Izzati Ismail,0,0,"",""
ball,2,5.6,Singapore,NA Pratt,Kashish Agarwal,Mahirah Izzati Ismail,0,0,caught,NA Pratt
ball,2,6.1,Singapore,Kashish Agarwal,GK Diviya,Sasha Azmi,0,0,caught,Kashish Agarwal
ball,2,6.2,Singapore,Ankita Ved,GK Diviya,Sasha Azmi,0,0,"",""
ball,2,6.3,Singapore,Ankita Ved,GK Diviya,Sasha Azmi,0,0,"",""
ball,2,6.4,Singapore,Ankita Ved,GK Diviya,Sasha Azmi,0,0,"",""
ball,2,6.5,Singapore,Ankita Ved,GK Diviya,Sasha Azmi,1,0,"",""
ball,2,6.6,Singapore,GK Diviya,Ankita Ved,Sasha Azmi,0,0,"",""
ball,2,7.1,Singapore,Ankita Ved,GK Diviya,Mahirah Izzati Ismail,0,0,"",""
ball,2,7.2,Singapore,Ankita Ved,GK Diviya,Mahirah Izzati Ismail,4,0,"",""
ball,2,7.3,Singapore,Ankita Ved,GK Diviya,Mahirah Izzati Ismail,0,0,"",""
ball,2,7.4,Singapore,Ankita Ved,GK Diviya,Mahirah Izzati Ismail,2,0,"",""
ball,2,7.5,Singapore,Ankita Ved,GK Diviya,Mahirah Izzati Ismail,0,0,"",""
ball,2,7.6,Singapore,Ankita Ved,GK Diviya,Mahirah Izzati Ismail,2,0,"",""
ball,2,8.1,Singapore,GK Diviya,Ankita Ved,Sasha Azmi,0,0,"",""
ball,2,8.2,Singapore,GK Diviya,Ankita Ved,Sasha Azmi,0,0,"",""
ball,2,8.3,Singapore,GK Diviya,Ankita Ved,Sasha Azmi,1,0,"",""
ball,2,8.4,Singapore,Ankita Ved,GK Diviya,Sasha Azmi,0,1,"",""
ball,2,8.5,Singapore,Ankita Ved,GK Diviya,Sasha Azmi,0,0,"",""
ball,2,8.6,Singapore,Ankita Ved,GK Diviya,Sasha Azmi,0,0,"",""
ball,2,8.7,Singapore,Ankita Ved,GK Diviya,Sasha Azmi,0,0,"",""
ball,2,9.1,Singapore,GK Diviya,Ankita Ved,Mahirah Izzati Ismail,0,0,"",""
ball,2,9.2,Singapore,GK Diviya,Ankita Ved,Mahirah Izzati Ismail,0,0,"",""
ball,2,9.3,Singapore,GK Diviya,Ankita Ved,Mahirah Izzati Ismail,1,0,"",""
ball,2,9.4,Singapore,Ankita Ved,GK Diviya,Mahirah Izzati Ismail,0,0,"",""
ball,2,9.5,Singapore,Ankita Ved,GK Diviya,Mahirah Izzati Ismail,0,0,"",""
ball,2,9.6,Singapore,Ankita Ved,GK Diviya,Mahirah Izzati Ismail,0,0,"",""
ball,2,10.1,Singapore,GK Diviya,Ankita Ved,Sasha Azmi,0,0,"",""
ball,2,10.2,Singapore,GK Diviya,Ankita Ved,Sasha Azmi,0,1,"",""
ball,2,10.3,Singapore,GK Diviya,Ankita Ved,Sasha Azmi,1,0,"",""
ball,2,10.4,Singapore,Ankita Ved,GK Diviya,Sasha Azmi,0,1,"",""
ball,2,10.5,Singapore,Ankita Ved,GK Diviya,Sasha Azmi,0,1,"",""
ball,2,10.6,Singapore,GK Diviya,Ankita Ved,Sasha Azmi,0,0,"",""
ball,2,10.7,Singapore,GK Diviya,Ankita Ved,Sasha Azmi,1,0,"",""
ball,2,10.8,Singapore,Ankita Ved,GK Diviya,Sasha Azmi,0,0,run out,Ankita Ved
ball,2,11.1,Singapore,Samantha Singham,GK Diviya,Jannadiah Halim,0,0,"",""
ball,2,11.2,Singapore,Samantha Singham,GK Diviya,Jannadiah Halim,1,0,"",""
ball,2,11.3,Singapore,GK Diviya,Samantha Singham,Jannadiah Halim,1,0,"",""
ball,2,11.4,Singapore,Samantha Singham,GK Diviya,Jannadiah Halim,0,0,"",""
ball,2,11.5,Singapore,Samantha Singham,GK Diviya,Jannadiah Halim,0,0,"",""
ball,2,11.6,Singapore,Samantha Singham,GK Diviya,Jannadiah Halim,1,0,"",""
ball,2,12.1,Singapore,Samantha Singham,GK Diviya,Sasha Azmi,0,0,run out,GK Diviya
ball,2,12.2,Singapore,Vathana Sreemurugavel,Samantha Singham,Sasha Azmi,0,0,"",""
ball,2,12.3,Singapore,Vathana Sreemurugavel,Samantha Singham,Sasha Azmi,1,0,"",""
ball,2,12.4,Singapore,Samantha Singham,Vathana Sreemurugavel,Sasha Azmi,0,0,"",""
ball,2,12.5,Singapore,Samantha Singham,Vathana Sreemurugavel,Sasha Azmi,0,0,"",""
ball,2,12.6,Singapore,Samantha Singham,Vathana Sreemurugavel,Sasha Azmi,1,0,"",""
ball,2,13.1,Singapore,Samantha Singham,Vathana Sreemurugavel,Jannadiah Halim,0,0,"",""
ball,2,13.2,Singapore,Samantha Singham,Vathana Sreemurugavel,Jannadiah Halim,0,0,"",""
ball,2,13.3,Singapore,Samantha Singham,Vathana Sreemurugavel,Jannadiah Halim,1,0,"",""
ball,2,13.4,Singapore,Vathana Sreemurugavel,Samantha Singham,Jannadiah Halim,0,0,"",""
ball,2,13.5,Singapore,Vathana Sreemurugavel,Samantha Singham,Jannadiah Halim,2,0,"",""
ball,2,13.6,Singapore,Vathana Sreemurugavel,Samantha Singham,Jannadiah Halim,0,0,"",""
ball,2,14.1,Singapore,Samantha Singham,Vathana Sreemurugavel,Zumika Azmi,0,0,"",""
ball,2,14.2,Singapore,Samantha Singham,Vathana Sreemurugavel,Zumika Azmi,4,0,"",""
ball,2,14.3,Singapore,Samantha Singham,Vathana Sreemurugavel,Zumika Azmi,1,0,"",""
ball,2,14.4,Singapore,Vathana Sreemurugavel,Samantha Singham,Zumika Azmi,0,0,"",""
ball,2,14.5,Singapore,Vathana Sreemurugavel,Samantha Singham,Zumika Azmi,1,0,run out,Vathana Sreemurugavel
ball,2,14.6,Singapore,T Sen,Samantha Singham,Zumika Azmi,0,1,"",""
ball,2,14.7,Singapore,T Sen,Samantha Singham,Zumika Azmi,0,0,"",""
ball,2,15.1,Singapore,Samantha Singham,T Sen,Jannadiah Halim,2,0,"",""
ball,2,15.2,Singapore,Samantha Singham,T Sen,Jannadiah Halim,2,0,"",""
ball,2,15.3,Singapore,Samantha Singham,T Sen,Jannadiah Halim,2,0,"",""
ball,2,15.4,Singapore,Samantha Singham,T Sen,Jannadiah Halim,1,0,"",""
ball,2,15.5,Singapore,T Sen,Samantha Singham,Jannadiah Halim,1,0,"",""
ball,2,15.6,Singapore,Samantha Singham,T Sen,Jannadiah Halim,4,0,"",""
ball,2,16.1,Singapore,T Sen,Samantha Singham,Nur Aishah,2,0,"",""
ball,2,16.2,Singapore,T Sen,Samantha Singham,Nur Aishah,1,0,"",""
ball,2,16.3,Singapore,Samantha Singham,T Sen,Nur Aishah,1,0,"",""
ball,2,16.4,Singapore,T Sen,Samantha Singham,Nur Aishah,1,0,"",""
ball,2,16.5,Singapore,Samantha Singham,T Sen,Nur Aishah,0,2,"",""
ball,2,16.6,Singapore,T Sen,Samantha Singham,Nur Aishah,3,0,"",""
ball,2,16.7,Singapore,Samantha Singham,T Sen,Nur Aishah,2,0,"",""
ball,2,17.1,Singapore,T Sen,Samantha Singham,WA Duraisingam,0,0,"",""
ball,2,17.2,Singapore,T Sen,Samantha Singham,WA Duraisingam,0,0,"",""
ball,2,17.3,Singapore,T Sen,Samantha Singham,WA Duraisingam,0,0,"",""
ball,2,17.4,Singapore,T Sen,Samantha Singham,WA Duraisingam,2,0,"",""
ball,2,17.5,Singapore,T Sen,Samantha Singham,WA Duraisingam,1,0,"",""
ball,2,17.6,Singapore,Samantha Singham,T Sen,WA Duraisingam,1,0,"",""
ball,2,18.1,Singapore,Samantha Singham,T Sen,Nur Aishah,2,0,"",""
ball,2,18.2,Singapore,Samantha Singham,T Sen,Nur Aishah,0,0,"",""
ball,2,18.3,Singapore,Samantha Singham,T Sen,Nur Aishah,0,1,"",""
ball,2,18.4,Singapore,Samantha Singham,T Sen,Nur Aishah,2,0,"",""
ball,2,18.5,Singapore,Samantha Singham,T Sen,Nur Aishah,1,0,"",""
ball,2,18.6,Singapore,T Sen,Samantha Singham,Nur Aishah,1,0,"",""
ball,2,18.7,Singapore,Samantha Singham,T Sen,Nur Aishah,0,2,"",""
ball,2,19.1,Singapore,T Sen,Samantha Singham,WA Duraisingam,2,0,"",""
ball,2,19.2,Singapore,T Sen,Samantha Singham,WA Duraisingam,2,0,"",""
ball,2,19.3,Singapore,T Sen,Samantha Singham,WA Duraisingam,0,0,caught,T Sen
ball,2,19.4,Singapore,V Pasupathy,Samantha Singham,WA Duraisingam,0,0,bowled,V Pasupathy
ball,2,19.5,Singapore,Roshni Ramesh,Samantha Singham,WA Duraisingam,1,0,"",""
ball,2,19.6,Singapore,Samantha Singham,Roshni Ramesh,WA Duraisingam,0,0,"",""
