version,1.3.0
info,team,Bermuda
info,team,Oman
info,gender,male
info,season,2016/17
info,date,2016/10/30
info,competition,ICC World Cricket League Division Four
info,venue,"Severn Cricket Field, Woodley Park"
info,city,Los Angeles
info,neutralvenue,true
info,toss_winner,Oman
info,toss_decision,field
info,player_of_match,Jatinder Singh
info,umpire,Akbar Ali
info,umpire,L Oala
info,reserve_umpire,C Young
info,match_referee,D Govindjee
info,winner,Oman
info,winner_wickets,4
ball,1,0.1,Bermuda,KS Leverock,DA Minors,RJ Ranpura,0,0,"",""
ball,1,0.2,Bermuda,KS Leverock,DA Minors,RJ Ranpura,4,0,"",""
ball,1,0.3,Bermuda,KS Leverock,DA Minors,RJ Ranpura,0,0,"",""
ball,1,0.4,Bermuda,KS Leverock,DA Minors,RJ Ranpura,0,0,"",""
ball,1,0.5,Bermuda,KS Leverock,DA Minors,RJ Ranpura,0,0,"",""
ball,1,0.6,Bermuda,KS Leverock,DA Minors,RJ Ranpura,0,0,"",""
ball,1,1.1,Bermuda,DA Minors,KS Leverock,Mohammad Nadeem,0,0,"",""
ball,1,1.2,Bermuda,DA Minors,KS Leverock,Mohammad Nadeem,0,0,"",""
ball,1,1.3,Bermuda,DA Minors,KS Leverock,Mohammad Nadeem,0,0,"",""
ball,1,1.4,Bermuda,DA Minors,KS Leverock,Mohammad Nadeem,0,0,"",""
ball,1,1.5,Bermuda,DA Minors,KS Leverock,Mohammad Nadeem,4,0,"",""
ball,1,1.6,Bermuda,DA Minors,KS Leverock,Mohammad Nadeem,0,0,"",""
ball,1,2.1,Bermuda,KS Leverock,DA Minors,RJ Ranpura,2,0,"",""
ball,1,2.2,Bermuda,KS Leverock,DA Minors,RJ Ranpura,6,0,"",""
ball,1,2.3,Bermuda,KS Leverock,DA Minors,RJ Ranpura,0,0,"",""
ball,1,2.4,Bermuda,KS Leverock,DA Minors,RJ Ranpura,0,0,"",""
ball,1,2.5,Bermuda,KS Leverock,DA Minors,RJ Ranpura,0,0,"",""
ball,1,2.6,Bermuda,KS Leverock,DA Minors,RJ Ranpura,4,0,"",""
ball,1,3.1,Bermuda,DA Minors,KS Leverock,Mohammad Nadeem,0,0,"",""
ball,1,3.2,Bermuda,DA Minors,KS Leverock,Mohammad Nadeem,0,0,"",""
ball,1,3.3,Bermuda,DA Minors,KS Leverock,Mohammad Nadeem,0,0,"",""
ball,1,3.4,Bermuda,DA Minors,KS Leverock,Mohammad Nadeem,0,0,"",""
ball,1,3.5,Bermuda,DA Minors,KS Leverock,Mohammad Nadeem,6,0,"",""
ball,1,3.6,Bermuda,DA Minors,KS Leverock,Mohammad Nadeem,0,0,"",""
ball,1,4.1,Bermuda,KS Leverock,DA Minors,Amir Ali,4,0,"",""
ball,1,4.2,Bermuda,KS Leverock,DA Minors,Amir Ali,0,0,"",""
ball,1,4.3,Bermuda,KS Leverock,DA Minors,Amir Ali,4,0,"",""
ball,1,4.4,Bermuda,KS Leverock,DA Minors,Amir Ali,0,0,"",""
ball,1,4.5,Bermuda,KS Leverock,DA Minors,Amir Ali,0,0,"",""
ball,1,4.6,Bermuda,KS Leverock,DA Minors,Amir Ali,6,0,"",""
ball,1,5.1,Bermuda,DA Minors,KS Leverock,M Ansari,0,0,"",""
ball,1,5.2,Bermuda,DA Minors,KS Leverock,M Ansari,0,0,"",""
ball,1,5.3,Bermuda,DA Minors,KS Leverock,M Ansari,0,0,"",""
ball,1,5.4,Bermuda,DA Minors,KS Leverock,M Ansari,0,0,"",""
ball,1,5.5,Bermuda,DA Minors,KS Leverock,M Ansari,0,0,"",""
ball,1,5.6,Bermuda,DA Minors,KS Leverock,M Ansari,0,4,"",""
ball,1,6.1,Bermuda,KS Leverock,DA Minors,Mohammad Nadeem,0,0,"",""
ball,1,6.2,Bermuda,KS Leverock,DA Minors,Mohammad Nadeem,1,0,"",""
ball,1,6.3,Bermuda,DA Minors,KS Leverock,Mohammad Nadeem,0,0,"",""
ball,1,6.4,Bermuda,DA Minors,KS Leverock,Mohammad Nadeem,0,0,"",""
ball,1,6.5,Bermuda,DA Minors,KS Leverock,Mohammad Nadeem,1,0,"",""
ball,1,6.6,Bermuda,KS Leverock,DA Minors,Mohammad Nadeem,4,0,"",""
ball,1,7.1,Bermuda,DA Minors,KS Leverock,M Ansari,0,0,"",""
ball,1,7.2,Bermuda,DA Minors,KS Leverock,M Ansari,0,0,"",""
ball,1,7.3,Bermuda,DA Minors,KS Leverock,M Ansari,1,0,"",""
ball,1,7.4,Bermuda,KS Leverock,DA Minors,M Ansari,0,0,"",""
ball,1,7.5,Bermuda,KS Leverock,DA Minors,M Ansari,0,0,"",""
ball,1,7.6,Bermuda,KS Leverock,DA Minors,M Ansari,0,0,"",""
ball,1,8.1,Bermuda,DA Minors,KS Leverock,Mohammad Nadeem,0,0,"",""
ball,1,8.2,Bermuda,DA Minors,KS Leverock,Mohammad Nadeem,0,0,"",""
ball,1,8.3,Bermuda,DA Minors,KS Leverock,Mohammad Nadeem,1,0,"",""
ball,1,8.4,Bermuda,KS Leverock,DA Minors,Mohammad Nadeem,0,0,"",""
ball,1,8.5,Bermuda,KS Leverock,DA Minors,Mohammad Nadeem,0,0,"",""
ball,1,8.6,Bermuda,KS Leverock,DA Minors,Mohammad Nadeem,2,0,"",""
ball,1,9.1,Bermuda,DA Minors,KS Leverock,M Ansari,0,0,"",""
ball,1,9.2,Bermuda,DA Minors,KS Leverock,M Ansari,0,0,"",""
ball,1,9.3,Bermuda,DA Minors,KS Leverock,M Ansari,0,0,"",""
ball,1,9.4,Bermuda,DA Minors,KS Leverock,M Ansari,0,0,"",""
ball,1,9.5,Bermuda,DA Minors,KS Leverock,M Ansari,4,0,"",""
ball,1,9.6,Bermuda,DA Minors,KS Leverock,M Ansari,0,0,"",""
ball,1,10.1,Bermuda,KS Leverock,DA Minors,Mohammad Nadeem,1,0,"",""
ball,1,10.2,Bermuda,DA Minors,KS Leverock,Mohammad Nadeem,1,0,"",""
ball,1,10.3,Bermuda,KS Leverock,DA Minors,Mohammad Nadeem,0,0,"",""
ball,1,10.4,Bermuda,KS Leverock,DA Minors,Mohammad Nadeem,0,0,"",""
ball,1,10.5,Bermuda,KS Leverock,DA Minors,Mohammad Nadeem,4,0,"",""
ball,1,10.6,Bermuda,KS Leverock,DA Minors,Mohammad Nadeem,0,0,"",""
ball,1,11.1,Bermuda,DA Minors,KS Leverock,M Ansari,1,0,"",""
ball,1,11.2,Bermuda,KS Leverock,DA Minors,M Ansari,1,0,"",""
ball,1,11.3,Bermuda,DA Minors,KS Leverock,M Ansari,0,0,"",""
ball,1,11.4,Bermuda,DA Minors,KS Leverock,M Ansari,0,0,"",""
ball,1,11.5,Bermuda,DA Minors,KS Leverock,M Ansari,1,0,"",""
ball,1,11.6,Bermuda,KS Leverock,DA Minors,M Ansari,1,0,"",""
ball,1,12.1,Bermuda,KS Leverock,DA Minors,Mohammad Nadeem,2,0,"",""
ball,1,12.2,Bermuda,KS Leverock,DA Minors,Mohammad Nadeem,1,0,"",""
ball,1,12.3,Bermuda,DA Minors,KS Leverock,Mohammad Nadeem,1,0,"",""
ball,1,12.4,Bermuda,KS Leverock,DA Minors,Mohammad Nadeem,0,0,caught,KS Leverock
ball,1,12.5,Bermuda,T Manders,DA Minors,Mohammad Nadeem,0,0,"",""
ball,1,12.6,Bermuda,T Manders,DA Minors,Mohammad Nadeem,0,0,"",""
ball,1,13.1,Bermuda,DA Minors,T Manders,AV Lalcheta,0,0,"",""
ball,1,13.2,Bermuda,DA Minors,T Manders,AV Lalcheta,0,0,"",""
ball,1,13.3,Bermuda,DA Minors,T Manders,AV Lalcheta,1,0,"",""
ball,1,13.4,Bermuda,T Manders,DA Minors,AV Lalcheta,0,0,"",""
ball,1,13.5,Bermuda,T Manders,DA Minors,AV Lalcheta,0,0,"",""
ball,1,13.6,Bermuda,T Manders,DA Minors,AV Lalcheta,0,0,"",""
ball,1,14.1,Bermuda,DA Minors,T Manders,Mohammad Nadeem,0,0,"",""
ball,1,14.2,Bermuda,DA Minors,T Manders,Mohammad Nadeem,4,0,"",""
ball,1,14.3,Bermuda,DA Minors,T Manders,Mohammad Nadeem,0,0,bowled,DA Minors
ball,1,14.4,Bermuda,DC Stovell,T Manders,Mohammad Nadeem,0,0,"",""
ball,1,14.5,Bermuda,DC Stovell,T Manders,Mohammad Nadeem,0,0,"",""
ball,1,14.6,Bermuda,DC Stovell,T Manders,Mohammad Nadeem,2,0,"",""
ball,1,15.1,Bermuda,T Manders,DC Stovell,AV Lalcheta,0,0,"",""
ball,1,15.2,Bermuda,T Manders,DC Stovell,AV Lalcheta,0,0,"",""
ball,1,15.3,Bermuda,T Manders,DC Stovell,AV Lalcheta,1,0,"",""
ball,1,15.4,Bermuda,DC Stovell,T Manders,AV Lalcheta,0,0,"",""
ball,1,15.5,Bermuda,DC Stovell,T Manders,AV Lalcheta,0,0,"",""
ball,1,15.6,Bermuda,DC Stovell,T Manders,AV Lalcheta,1,0,"",""
ball,1,16.1,Bermuda,DC Stovell,T Manders,Mohammad Nadeem,0,0,caught,DC Stovell
ball,1,16.2,Bermuda,JJ Tucker,T Manders,Mohammad Nadeem,1,0,"",""
ball,1,16.3,Bermuda,T Manders,JJ Tucker,Mohammad Nadeem,0,0,"",""
ball,1,16.4,Bermuda,T Manders,JJ Tucker,Mohammad Nadeem,0,0,"",""
ball,1,16.5,Bermuda,T Manders,JJ Tucker,Mohammad Nadeem,0,0,"",""
ball,1,16.6,Bermuda,T Manders,JJ Tucker,Mohammad Nadeem,0,0,"",""
ball,1,17.1,Bermuda,JJ Tucker,T Manders,AV Lalcheta,1,0,"",""
ball,1,17.2,Bermuda,T Manders,JJ Tucker,AV Lalcheta,1,0,"",""
ball,1,17.3,Bermuda,JJ Tucker,T Manders,AV Lalcheta,0,0,"",""
ball,1,17.4,Bermuda,JJ Tucker,T Manders,AV Lalcheta,1,0,"",""
ball,1,17.5,Bermuda,T Manders,JJ Tucker,AV Lalcheta,1,0,"",""
ball,1,17.6,Bermuda,JJ Tucker,T Manders,AV Lalcheta,0,0,"",""
ball,1,18.1,Bermuda,T Manders,JJ Tucker,Khawar Ali,0,0,"",""
ball,1,18.2,Bermuda,T Manders,JJ Tucker,Khawar Ali,2,0,"",""
ball,1,18.3,Bermuda,T Manders,JJ Tucker,Khawar Ali,1,0,"",""
ball,1,18.4,Bermuda,JJ Tucker,T Manders,Khawar Ali,0,1,"",""
ball,1,18.5,Bermuda,T Manders,JJ Tucker,Khawar Ali,1,0,"",""
ball,1,18.6,Bermuda,JJ Tucker,T Manders,Khawar Ali,1,0,"",""
ball,1,19.1,Bermuda,JJ Tucker,T Manders,AV Lalcheta,0,1,"",""
ball,1,19.2,Bermuda,JJ Tucker,T Manders,AV Lalcheta,1,0,"",""
ball,1,19.3,Bermuda,T Manders,JJ Tucker,AV Lalcheta,2,0,"",""
ball,1,19.4,Bermuda,T Manders,JJ Tucker,AV Lalcheta,0,0,"",""
ball,1,19.5,Bermuda,T Manders,JJ Tucker,AV Lalcheta,1,0,"",""
ball,1,19.6,Bermuda,JJ Tucker,T Manders,AV Lalcheta,0,0,"",""
ball,1,19.7,Bermuda,JJ Tucker,T Manders,AV Lalcheta,0,1,"",""
ball,1,19.8,Bermuda,JJ Tucker,T Manders,AV Lalcheta,0,0,"",""
ball,1,20.1,Bermuda,T Manders,JJ Tucker,Khawar Ali,1,0,"",""
ball,1,20.2,Bermuda,JJ Tucker,T Manders,Khawar Ali,0,0,caught,JJ Tucker
ball,1,20.3,Bermuda,OL Pitcher,T Manders,Khawar Ali,0,0,"",""
ball,1,20.4,Bermuda,OL Pitcher,T Manders,Khawar Ali,0,0,"",""
ball,1,20.5,Bermuda,OL Pitcher,T Manders,Khawar Ali,0,0,caught,OL Pitcher
ball,1,20.6,Bermuda,S Bremar,T Manders,Khawar Ali,0,0,"",""
ball,1,21.1,Bermuda,T Manders,S Bremar,AV Lalcheta,1,0,"",""
ball,1,21.2,Bermuda,S Bremar,T Manders,AV Lalcheta,1,0,"",""
ball,1,21.3,Bermuda,T Manders,S Bremar,AV Lalcheta,0,0,"",""
ball,1,21.4,Bermuda,T Manders,S Bremar,AV Lalcheta,0,0,"",""
ball,1,21.5,Bermuda,T Manders,S Bremar,AV Lalcheta,1,0,"",""
ball,1,21.6,Bermuda,S Bremar,T Manders,AV Lalcheta,0,0,"",""
ball,1,22.1,Bermuda,T Manders,S Bremar,Khawar Ali,0,0,"",""
ball,1,22.2,Bermuda,T Manders,S Bremar,Khawar Ali,0,0,"",""
ball,1,22.3,Bermuda,T Manders,S Bremar,Khawar Ali,1,0,"",""
ball,1,22.4,Bermuda,S Bremar,T Manders,Khawar Ali,1,0,"",""
ball,1,22.5,Bermuda,T Manders,S Bremar,Khawar Ali,0,0,"",""
ball,1,22.6,Bermuda,T Manders,S Bremar,Khawar Ali,1,0,"",""
ball,1,23.1,Bermuda,T Manders,S Bremar,Zeeshan Maqsood,0,0,"",""
ball,1,23.2,Bermuda,T Manders,S Bremar,Zeeshan Maqsood,2,0,"",""
ball,1,23.3,Bermuda,T Manders,S Bremar,Zeeshan Maqsood,0,0,"",""
ball,1,23.4,Bermuda,T Manders,S Bremar,Zeeshan Maqsood,1,0,"",""
ball,1,23.5,Bermuda,S Bremar,T Manders,Zeeshan Maqsood,0,0,"",""
ball,1,23.6,Bermuda,S Bremar,T Manders,Zeeshan Maqsood,0,0,"",""
ball,1,24.1,Bermuda,T Manders,S Bremar,Khawar Ali,0,0,"",""
ball,1,24.2,Bermuda,T Manders,S Bremar,Khawar Ali,0,0,"",""
ball,1,24.3,Bermuda,T Manders,S Bremar,Khawar Ali,1,0,"",""
ball,1,24.4,Bermuda,S Bremar,T Manders,Khawar Ali,0,0,"",""
ball,1,24.5,Bermuda,S Bremar,T Manders,Khawar Ali,0,0,"",""
ball,1,24.6,Bermuda,S Bremar,T Manders,Khawar Ali,0,0,"",""
ball,1,25.1,Bermuda,T Manders,S Bremar,Zeeshan Maqsood,0,0,"",""
ball,1,25.2,Bermuda,T Manders,S Bremar,Zeeshan Maqsood,1,0,"",""
ball,1,25.3,Bermuda,S Bremar,T Manders,Zeeshan Maqsood,1,0,"",""
ball,1,25.4,Bermuda,T Manders,S Bremar,Zeeshan Maqsood,1,0,"",""
ball,1,25.5,Bermuda,S Bremar,T Manders,Zeeshan Maqsood,0,0,"",""
ball,1,25.6,Bermuda,S Bremar,T Manders,Zeeshan Maqsood,0,1,"",""
ball,1,26.1,Bermuda,S Bremar,T Manders,Khawar Ali,0,0,"",""
ball,1,26.2,Bermuda,S Bremar,T Manders,Khawar Ali,1,0,"",""
ball,1,26.3,Bermuda,T Manders,S Bremar,Khawar Ali,0,0,caught,T Manders
ball,1,26.4,Bermuda,S Bremar,JA DeSilva,Khawar Ali,1,0,"",""
ball,1,26.5,Bermuda,JA DeSilva,S Bremar,Khawar Ali,1,0,"",""
ball,1,26.6,Bermuda,S Bremar,JA DeSilva,Khawar Ali,0,0,"",""
ball,1,27.1,Bermuda,JA DeSilva,S Bremar,Zeeshan Maqsood,1,0,"",""
ball,1,27.2,Bermuda,S Bremar,JA DeSilva,Zeeshan Maqsood,1,0,"",""
ball,1,27.3,Bermuda,JA DeSilva,S Bremar,Zeeshan Maqsood,1,0,"",""
ball,1,27.4,Bermuda,S Bremar,JA DeSilva,Zeeshan Maqsood,0,0,"",""
ball,1,27.5,Bermuda,S Bremar,JA DeSilva,Zeeshan Maqsood,6,0,"",""
ball,1,27.6,Bermuda,S Bremar,JA DeSilva,Zeeshan Maqsood,0,0,"",""
ball,1,28.1,Bermuda,JA DeSilva,S Bremar,Khawar Ali,0,0,bowled,JA DeSilva
ball,1,28.2,Bermuda,BJ Hall,S Bremar,Khawar Ali,0,0,"",""
ball,1,28.3,Bermuda,BJ Hall,S Bremar,Khawar Ali,0,0,"",""
ball,1,28.4,Bermuda,BJ Hall,S Bremar,Khawar Ali,1,0,"",""
ball,1,28.5,Bermuda,S Bremar,BJ Hall,Khawar Ali,0,0,"",""
ball,1,28.6,Bermuda,S Bremar,BJ Hall,Khawar Ali,0,0,"",""
ball,1,29.1,Bermuda,BJ Hall,S Bremar,AV Lalcheta,1,0,"",""
ball,1,29.2,Bermuda,S Bremar,BJ Hall,AV Lalcheta,0,0,"",""
ball,1,29.3,Bermuda,S Bremar,BJ Hall,AV Lalcheta,0,1,"",""
ball,1,29.4,Bermuda,BJ Hall,S Bremar,AV Lalcheta,0,0,"",""
ball,1,29.5,Bermuda,BJ Hall,S Bremar,AV Lalcheta,0,0,"",""
ball,1,29.6,Bermuda,BJ Hall,S Bremar,AV Lalcheta,0,0,"",""
ball,1,30.1,Bermuda,S Bremar,BJ Hall,Khawar Ali,0,0,"",""
ball,1,30.2,Bermuda,S Bremar,BJ Hall,Khawar Ali,6,0,"",""
ball,1,30.3,Bermuda,S Bremar,BJ Hall,Khawar Ali,0,0,"",""
ball,1,30.4,Bermuda,S Bremar,BJ Hall,Khawar Ali,1,0,"",""
ball,1,30.5,Bermuda,BJ Hall,S Bremar,Khawar Ali,0,0,"",""
ball,1,30.6,Bermuda,BJ Hall,S Bremar,Khawar Ali,1,0,"",""
ball,1,31.1,Bermuda,BJ Hall,S Bremar,AV Lalcheta,0,0,"",""
ball,1,31.2,Bermuda,BJ Hall,S Bremar,AV Lalcheta,0,0,"",""
ball,1,31.3,Bermuda,BJ Hall,S Bremar,AV Lalcheta,0,0,bowled,BJ Hall
ball,1,31.4,Bermuda,GH Maybury,S Bremar,AV Lalcheta,0,0,"",""
ball,1,31.5,Bermuda,GH Maybury,S Bremar,AV Lalcheta,0,0,"",""
ball,1,31.6,Bermuda,GH Maybury,S Bremar,AV Lalcheta,0,0,"",""
ball,1,32.1,Bermuda,S Bremar,GH Maybury,Khawar Ali,1,0,"",""
ball,1,32.2,Bermuda,GH Maybury,S Bremar,Khawar Ali,0,0,"",""
ball,1,32.3,Bermuda,GH Maybury,S Bremar,Khawar Ali,0,0,"",""
ball,1,32.4,Bermuda,GH Maybury,S Bremar,Khawar Ali,0,0,"",""
ball,1,32.5,Bermuda,GH Maybury,S Bremar,Khawar Ali,1,0,"",""
ball,1,32.6,Bermuda,S Bremar,GH Maybury,Khawar Ali,1,0,"",""
ball,1,33.1,Bermuda,S Bremar,GH Maybury,M Ansari,0,0,"",""
ball,1,33.2,Bermuda,S Bremar,GH Maybury,M Ansari,0,0,"",""
ball,1,33.3,Bermuda,S Bremar,GH Maybury,M Ansari,0,2,"",""
ball,1,33.4,Bermuda,GH Maybury,S Bremar,M Ansari,0,0,"",""
ball,1,33.5,Bermuda,GH Maybury,S Bremar,M Ansari,0,0,"",""
ball,1,33.6,Bermuda,GH Maybury,S Bremar,M Ansari,0,0,"",""
ball,1,33.7,Bermuda,GH Maybury,S Bremar,M Ansari,0,0,"",""
ball,1,34.1,Bermuda,S Bremar,GH Maybury,AV Lalcheta,4,0,"",""
ball,1,34.2,Bermuda,S Bremar,GH Maybury,AV Lalcheta,0,0,"",""
ball,1,34.3,Bermuda,S Bremar,GH Maybury,AV Lalcheta,2,0,"",""
ball,1,34.4,Bermuda,S Bremar,GH Maybury,AV Lalcheta,0,0,"",""
ball,1,34.5,Bermuda,S Bremar,GH Maybury,AV Lalcheta,1,0,"",""
ball,1,34.6,Bermuda,GH Maybury,S Bremar,AV Lalcheta,0,0,"",""
ball,1,35.1,Bermuda,S Bremar,GH Maybury,M Ansari,0,0,"",""
ball,1,35.2,Bermuda,S Bremar,GH Maybury,M Ansari,1,0,"",""
ball,1,35.3,Bermuda,GH Maybury,S Bremar,M Ansari,0,0,"",""
ball,1,35.4,Bermuda,GH Maybury,S Bremar,M Ansari,0,0,"",""
ball,1,35.5,Bermuda,GH Maybury,S Bremar,M Ansari,1,0,"",""
ball,1,35.6,Bermuda,S Bremar,GH Maybury,M Ansari,1,0,"",""
ball,1,36.1,Bermuda,S Bremar,GH Maybury,Zeeshan Maqsood,1,0,"",""
ball,1,36.2,Bermuda,GH Maybury,S Bremar,Zeeshan Maqsood,0,0,caught,GH Maybury
ball,1,36.3,Bermuda,C Outerbridge,S Bremar,Zeeshan Maqsood,0,0,"",""
ball,1,36.4,Bermuda,C Outerbridge,S Bremar,Zeeshan Maqsood,0,0,"",""
ball,1,36.5,Bermuda,C Outerbridge,S Bremar,Zeeshan Maqsood,0,0,"",""
ball,1,36.6,Bermuda,C Outerbridge,S Bremar,Zeeshan Maqsood,0,0,"",""
ball,1,37.1,Bermuda,S Bremar,C Outerbridge,M Ansari,1,0,"",""
ball,1,37.2,Bermuda,C Outerbridge,S Bremar,M Ansari,0,0,"",""
ball,1,37.3,Bermuda,C Outerbridge,S Bremar,M Ansari,1,0,"",""
ball,1,37.4,Bermuda,S Bremar,C Outerbridge,M Ansari,0,3,"",""
ball,1,37.5,Bermuda,S Bremar,C Outerbridge,M Ansari,0,0,"",""
ball,1,37.6,Bermuda,S Bremar,C Outerbridge,M Ansari,1,0,"",""
ball,1,37.7,Bermuda,C Outerbridge,S Bremar,M Ansari,0,0,"",""
ball,1,38.1,Bermuda,S Bremar,C Outerbridge,Zeeshan Maqsood,2,0,"",""
ball,1,38.2,Bermuda,S Bremar,C Outerbridge,Zeeshan Maqsood,0,0,"",""
ball,1,38.3,Bermuda,S Bremar,C Outerbridge,Zeeshan Maqsood,6,0,"",""
ball,1,38.4,Bermuda,S Bremar,C Outerbridge,Zeeshan Maqsood,1,0,"",""
ball,1,38.5,Bermuda,C Outerbridge,S Bremar,Zeeshan Maqsood,1,0,"",""
ball,1,38.6,Bermuda,S Bremar,C Outerbridge,Zeeshan Maqsood,0,0,"",""
ball,1,39.1,Bermuda,C Outerbridge,S Bremar,M Ansari,0,0,"",""
ball,1,39.2,Bermuda,C Outerbridge,S Bremar,M Ansari,0,0,"",""
ball,1,39.3,Bermuda,C Outerbridge,S Bremar,M Ansari,0,4,"",""
ball,1,39.4,Bermuda,C Outerbridge,S Bremar,M Ansari,0,0,"",""
ball,1,39.5,Bermuda,C Outerbridge,S Bremar,M Ansari,0,1,"",""
ball,1,39.6,Bermuda,S Bremar,C Outerbridge,M Ansari,0,0,"",""
ball,2,0.1,Oman,Zeeshan Maqsood,A Poulose,JA DeSilva,0,0,"",""
ball,2,0.2,Oman,Zeeshan Maqsood,A Poulose,JA DeSilva,0,0,"",""
ball,2,0.3,Oman,Zeeshan Maqsood,A Poulose,JA DeSilva,4,0,"",""
ball,2,0.4,Oman,Zeeshan Maqsood,A Poulose,JA DeSilva,0,0,"",""
ball,2,0.5,Oman,Zeeshan Maqsood,A Poulose,JA DeSilva,0,1,"",""
ball,2,0.6,Oman,Zeeshan Maqsood,A Poulose,JA DeSilva,4,0,"",""
ball,2,0.7,Oman,Zeeshan Maqsood,A Poulose,JA DeSilva,1,0,"",""
ball,2,1.1,Oman,Zeeshan Maqsood,A Poulose,C Outerbridge,1,0,"",""
ball,2,1.2,Oman,A Poulose,Zeeshan Maqsood,C Outerbridge,0,0,"",""
ball,2,1.3,Oman,A Poulose,Zeeshan Maqsood,C Outerbridge,4,0,"",""
ball,2,1.4,Oman,A Poulose,Zeeshan Maqsood,C Outerbridge,0,0,"",""
ball,2,1.5,Oman,A Poulose,Zeeshan Maqsood,C Outerbridge,0,0,"",""
ball,2,1.6,Oman,A Poulose,Zeeshan Maqsood,C Outerbridge,0,0,caught,A Poulose
ball,2,2.1,Oman,Zeeshan Maqsood,Khawar Ali,JA DeSilva,0,0,"",""
ball,2,2.2,Oman,Zeeshan Maqsood,Khawar Ali,JA DeSilva,0,0,"",""
ball,2,2.3,Oman,Zeeshan Maqsood,Khawar Ali,JA DeSilva,0,0,"",""
ball,2,2.4,Oman,Zeeshan Maqsood,Khawar Ali,JA DeSilva,0,0,caught,Zeeshan Maqsood
ball,2,2.5,Oman,SS Khadye,Khawar Ali,JA DeSilva,1,0,"",""
ball,2,2.6,Oman,Khawar Ali,SS Khadye,JA DeSilva,0,0,"",""
ball,2,3.1,Oman,SS Khadye,Khawar Ali,C Outerbridge,0,0,"",""
ball,2,3.2,Oman,SS Khadye,Khawar Ali,C Outerbridge,1,0,"",""
ball,2,3.3,Oman,Khawar Ali,SS Khadye,C Outerbridge,0,0,"",""
ball,2,3.4,Oman,Khawar Ali,SS Khadye,C Outerbridge,0,0,"",""
ball,2,3.5,Oman,Khawar Ali,SS Khadye,C Outerbridge,0,0,"",""
ball,2,3.6,Oman,Khawar Ali,SS Khadye,C Outerbridge,1,0,"",""
ball,2,4.1,Oman,Khawar Ali,SS Khadye,JA DeSilva,0,0,"",""
ball,2,4.2,Oman,Khawar Ali,SS Khadye,JA DeSilva,0,0,"",""
ball,2,4.3,Oman,Khawar Ali,SS Khadye,JA DeSilva,1,0,"",""
ball,2,4.4,Oman,SS Khadye,Khawar Ali,JA DeSilva,0,0,"",""
ball,2,4.5,Oman,SS Khadye,Khawar Ali,JA DeSilva,0,0,"",""
ball,2,4.6,Oman,SS Khadye,Khawar Ali,JA DeSilva,0,0,"",""
ball,2,5.1,Oman,Khawar Ali,SS Khadye,C Outerbridge,0,0,"",""
ball,2,5.2,Oman,Khawar Ali,SS Khadye,C Outerbridge,0,0,"",""
ball,2,5.3,Oman,Khawar Ali,SS Khadye,C Outerbridge,0,0,"",""
ball,2,5.4,Oman,Khawar Ali,SS Khadye,C Outerbridge,0,0,"",""
ball,2,5.5,Oman,Khawar Ali,SS Khadye,C Outerbridge,0,0,"",""
ball,2,5.6,Oman,Khawar Ali,SS Khadye,C Outerbridge,0,0,"",""
ball,2,6.1,Oman,SS Khadye,Khawar Ali,JA DeSilva,2,0,"",""
ball,2,6.2,Oman,SS Khadye,Khawar Ali,JA DeSilva,0,0,"",""
ball,2,6.3,Oman,SS Khadye,Khawar Ali,JA DeSilva,0,0,"",""
ball,2,6.4,Oman,SS Khadye,Khawar Ali,JA DeSilva,0,0,"",""
ball,2,6.5,Oman,SS Khadye,Khawar Ali,JA DeSilva,0,0,"",""
ball,2,6.6,Oman,SS Khadye,Khawar Ali,JA DeSilva,0,0,"",""
ball,2,7.1,Oman,Khawar Ali,SS Khadye,C Outerbridge,0,0,"",""
ball,2,7.2,Oman,Khawar Ali,SS Khadye,C Outerbridge,0,0,"",""
ball,2,7.3,Oman,Khawar Ali,SS Khadye,C Outerbridge,1,0,"",""
ball,2,7.4,Oman,SS Khadye,Khawar Ali,C Outerbridge,0,0,"",""
ball,2,7.5,Oman,SS Khadye,Khawar Ali,C Outerbridge,0,0,"",""
ball,2,7.6,Oman,SS Khadye,Khawar Ali,C Outerbridge,1,0,"",""
ball,2,8.1,Oman,SS Khadye,Khawar Ali,JA DeSilva,0,0,"",""
ball,2,8.2,Oman,SS Khadye,Khawar Ali,JA DeSilva,1,0,"",""
ball,2,8.3,Oman,Khawar Ali,SS Khadye,JA DeSilva,0,0,"",""
ball,2,8.4,Oman,Khawar Ali,SS Khadye,JA DeSilva,4,0,"",""
ball,2,8.5,Oman,Khawar Ali,SS Khadye,JA DeSilva,1,0,"",""
ball,2,8.6,Oman,SS Khadye,Khawar Ali,JA DeSilva,0,0,"",""
ball,2,9.1,Oman,Khawar Ali,SS Khadye,C Outerbridge,0,0,"",""
ball,2,9.2,Oman,Khawar Ali,SS Khadye,C Outerbridge,1,0,"",""
ball,2,9.3,Oman,SS Khadye,Khawar Ali,C Outerbridge,0,0,"",""
ball,2,9.4,Oman,SS Khadye,Khawar Ali,C Outerbridge,0,0,"",""
ball,2,9.5,Oman,SS Khadye,Khawar Ali,C Outerbridge,4,0,"",""
ball,2,9.6,Oman,SS Khadye,Khawar Ali,C Outerbridge,0,0,"",""
ball,2,10.1,Oman,Khawar Ali,SS Khadye,GH Maybury,0,0,"",""
ball,2,10.2,Oman,Khawar Ali,SS Khadye,GH Maybury,0,0,"",""
ball,2,10.3,Oman,Khawar Ali,SS Khadye,GH Maybury,1,0,"",""
ball,2,10.4,Oman,SS Khadye,Khawar Ali,GH Maybury,0,0,"",""
ball,2,10.5,Oman,SS Khadye,Khawar Ali,GH Maybury,0,0,"",""
ball,2,10.6,Oman,SS Khadye,Khawar Ali,GH Maybury,1,0,"",""
ball,2,11.1,Oman,SS Khadye,Khawar Ali,KS Leverock,0,0,"",""
ball,2,11.2,Oman,SS Khadye,Khawar Ali,KS Leverock,0,0,"",""
ball,2,11.3,Oman,SS Khadye,Khawar Ali,KS Leverock,0,0,"",""
ball,2,11.4,Oman,SS Khadye,Khawar Ali,KS Leverock,0,0,"",""
ball,2,11.5,Oman,SS Khadye,Khawar Ali,KS Leverock,0,0,"",""
ball,2,11.6,Oman,SS Khadye,Khawar Ali,KS Leverock,4,0,"",""
ball,2,12.1,Oman,Khawar Ali,SS Khadye,GH Maybury,1,0,"",""
ball,2,12.2,Oman,SS Khadye,Khawar Ali,GH Maybury,0,0,"",""
ball,2,12.3,Oman,SS Khadye,Khawar Ali,GH Maybury,0,0,"",""
ball,2,12.4,Oman,SS Khadye,Khawar Ali,GH Maybury,0,0,"",""
ball,2,12.5,Oman,SS Khadye,Khawar Ali,GH Maybury,0,0,"",""
ball,2,12.6,Oman,SS Khadye,Khawar Ali,GH Maybury,0,0,"",""
ball,2,13.1,Oman,Khawar Ali,SS Khadye,KS Leverock,0,0,"",""
ball,2,13.2,Oman,Khawar Ali,SS Khadye,KS Leverock,0,0,"",""
ball,2,13.3,Oman,Khawar Ali,SS Khadye,KS Leverock,0,0,"",""
ball,2,13.4,Oman,Khawar Ali,SS Khadye,KS Leverock,0,0,"",""
ball,2,13.5,Oman,Khawar Ali,SS Khadye,KS Leverock,1,0,"",""
ball,2,13.6,Oman,SS Khadye,Khawar Ali,KS Leverock,1,0,"",""
ball,2,14.1,Oman,SS Khadye,Khawar Ali,GH Maybury,0,0,"",""
ball,2,14.2,Oman,SS Khadye,Khawar Ali,GH Maybury,1,0,"",""
ball,2,14.3,Oman,Khawar Ali,SS Khadye,GH Maybury,0,0,"",""
ball,2,14.4,Oman,Khawar Ali,SS Khadye,GH Maybury,0,0,"",""
ball,2,14.5,Oman,Khawar Ali,SS Khadye,GH Maybury,0,0,"",""
ball,2,14.6,Oman,Khawar Ali,SS Khadye,GH Maybury,0,0,"",""
ball,2,15.1,Oman,SS Khadye,Khawar Ali,KS Leverock,1,0,"",""
ball,2,15.2,Oman,Khawar Ali,SS Khadye,KS Leverock,2,0,"",""
ball,2,15.3,Oman,Khawar Ali,SS Khadye,KS Leverock,0,0,"",""
ball,2,15.4,Oman,Khawar Ali,SS Khadye,KS Leverock,1,0,"",""
ball,2,15.5,Oman,SS Khadye,Khawar Ali,KS Leverock,0,0,"",""
ball,2,15.6,Oman,SS Khadye,Khawar Ali,KS Leverock,1,0,"",""
ball,2,16.1,Oman,SS Khadye,Khawar Ali,GH Maybury,0,0,"",""
ball,2,16.2,Oman,SS Khadye,Khawar Ali,GH Maybury,0,0,"",""
ball,2,16.3,Oman,SS Khadye,Khawar Ali,GH Maybury,1,0,"",""
ball,2,16.4,Oman,Khawar Ali,SS Khadye,GH Maybury,0,0,"",""
ball,2,16.5,Oman,Khawar Ali,SS Khadye,GH Maybury,0,0,"",""
ball,2,16.6,Oman,Khawar Ali,SS Khadye,GH Maybury,0,0,"",""
ball,2,17.1,Oman,SS Khadye,Khawar Ali,KS Leverock,0,0,"",""
ball,2,17.2,Oman,SS Khadye,Khawar Ali,KS Leverock,1,0,"",""
ball,2,17.3,Oman,Khawar Ali,SS Khadye,KS Leverock,0,0,"",""
ball,2,17.4,Oman,Khawar Ali,SS Khadye,KS Leverock,4,0,"",""
ball,2,17.5,Oman,Khawar Ali,SS Khadye,KS Leverock,0,0,"",""
ball,2,17.6,Oman,Khawar Ali,SS Khadye,KS Leverock,1,0,"",""
ball,2,18.1,Oman,Khawar Ali,SS Khadye,GH Maybury,0,0,bowled,Khawar Ali
ball,2,18.2,Oman,Zeeshan Siddiqui,SS Khadye,GH Maybury,1,0,"",""
ball,2,18.3,Oman,SS Khadye,Zeeshan Siddiqui,GH Maybury,0,0,"",""
ball,2,18.4,Oman,SS Khadye,Zeeshan Siddiqui,GH Maybury,1,0,"",""
ball,2,18.5,Oman,Zeeshan Siddiqui,SS Khadye,GH Maybury,0,0,"",""
ball,2,18.6,Oman,Zeeshan Siddiqui,SS Khadye,GH Maybury,4,0,"",""
ball,2,19.1,Oman,SS Khadye,Zeeshan Siddiqui,JJ Tucker,0,0,"",""
ball,2,19.2,Oman,SS Khadye,Zeeshan Siddiqui,JJ Tucker,1,0,"",""
ball,2,19.3,Oman,Zeeshan Siddiqui,SS Khadye,JJ Tucker,4,0,"",""
ball,2,19.4,Oman,Zeeshan Siddiqui,SS Khadye,JJ Tucker,1,0,"",""
ball,2,19.5,Oman,SS Khadye,Zeeshan Siddiqui,JJ Tucker,1,0,"",""
ball,2,19.6,Oman,Zeeshan Siddiqui,SS Khadye,JJ Tucker,0,0,run out,SS Khadye
ball,2,20.1,Oman,Zeeshan Siddiqui,AV Lalcheta,GH Maybury,1,0,"",""
ball,2,20.2,Oman,AV Lalcheta,Zeeshan Siddiqui,GH Maybury,0,0,caught,AV Lalcheta
ball,2,20.3,Oman,Jatinder Singh,Zeeshan Siddiqui,GH Maybury,4,0,"",""
ball,2,20.4,Oman,Jatinder Singh,Zeeshan Siddiqui,GH Maybury,1,0,"",""
ball,2,20.5,Oman,Zeeshan Siddiqui,Jatinder Singh,GH Maybury,0,0,"",""
ball,2,20.6,Oman,Zeeshan Siddiqui,Jatinder Singh,GH Maybury,0,0,"",""
ball,2,21.1,Oman,Jatinder Singh,Zeeshan Siddiqui,JJ Tucker,4,0,"",""
ball,2,21.2,Oman,Jatinder Singh,Zeeshan Siddiqui,JJ Tucker,0,0,"",""
ball,2,21.3,Oman,Jatinder Singh,Zeeshan Siddiqui,JJ Tucker,1,0,"",""
ball,2,21.4,Oman,Zeeshan Siddiqui,Jatinder Singh,JJ Tucker,1,0,"",""
ball,2,21.5,Oman,Jatinder Singh,Zeeshan Siddiqui,JJ Tucker,0,0,"",""
ball,2,21.6,Oman,Jatinder Singh,Zeeshan Siddiqui,JJ Tucker,1,0,"",""
ball,2,22.1,Oman,Jatinder Singh,Zeeshan Siddiqui,GH Maybury,1,0,"",""
ball,2,22.2,Oman,Zeeshan Siddiqui,Jatinder Singh,GH Maybury,1,0,"",""
ball,2,22.3,Oman,Jatinder Singh,Zeeshan Siddiqui,GH Maybury,2,0,"",""
ball,2,22.4,Oman,Jatinder Singh,Zeeshan Siddiqui,GH Maybury,3,0,"",""
ball,2,22.5,Oman,Zeeshan Siddiqui,Jatinder Singh,GH Maybury,1,0,"",""
ball,2,22.6,Oman,Jatinder Singh,Zeeshan Siddiqui,GH Maybury,1,0,"",""
ball,2,23.1,Oman,Jatinder Singh,Zeeshan Siddiqui,DC Stovell,0,0,"",""
ball,2,23.2,Oman,Jatinder Singh,Zeeshan Siddiqui,DC Stovell,4,0,"",""
ball,2,23.3,Oman,Jatinder Singh,Zeeshan Siddiqui,DC Stovell,0,0,"",""
ball,2,23.4,Oman,Jatinder Singh,Zeeshan Siddiqui,DC Stovell,1,0,"",""
ball,2,23.5,Oman,Zeeshan Siddiqui,Jatinder Singh,DC Stovell,0,0,"",""
ball,2,23.6,Oman,Zeeshan Siddiqui,Jatinder Singh,DC Stovell,2,0,"",""
ball,2,24.1,Oman,Jatinder Singh,Zeeshan Siddiqui,GH Maybury,4,0,"",""
ball,2,24.2,Oman,Jatinder Singh,Zeeshan Siddiqui,GH Maybury,2,0,"",""
ball,2,24.3,Oman,Jatinder Singh,Zeeshan Siddiqui,GH Maybury,2,0,"",""
ball,2,24.4,Oman,Jatinder Singh,Zeeshan Siddiqui,GH Maybury,0,0,"",""
ball,2,24.5,Oman,Jatinder Singh,Zeeshan Siddiqui,GH Maybury,1,0,"",""
ball,2,24.6,Oman,Zeeshan Siddiqui,Jatinder Singh,GH Maybury,0,0,"",""
ball,2,25.1,Oman,Jatinder Singh,Zeeshan Siddiqui,DC Stovell,0,0,"",""
ball,2,25.2,Oman,Jatinder Singh,Zeeshan Siddiqui,DC Stovell,0,0,"",""
ball,2,25.3,Oman,Jatinder Singh,Zeeshan Siddiqui,DC Stovell,4,0,"",""
ball,2,25.4,Oman,Jatinder Singh,Zeeshan Siddiqui,DC Stovell,0,0,"",""
ball,2,25.5,Oman,Jatinder Singh,Zeeshan Siddiqui,DC Stovell,4,0,"",""
ball,2,25.6,Oman,Jatinder Singh,Zeeshan Siddiqui,DC Stovell,0,0,"",""
ball,2,26.1,Oman,Zeeshan Siddiqui,Jatinder Singh,JJ Tucker,0,0,"",""
ball,2,26.2,Oman,Zeeshan Siddiqui,Jatinder Singh,JJ Tucker,4,0,"",""
ball,2,26.3,Oman,Zeeshan Siddiqui,Jatinder Singh,JJ Tucker,0,0,run out,Zeeshan Siddiqui
ball,2,26.4,Oman,Jatinder Singh,Amir Ali,JJ Tucker,2,0,"",""
ball,2,26.5,Oman,Jatinder Singh,Amir Ali,JJ Tucker,1,0,"",""
ball,2,26.6,Oman,Amir Ali,Jatinder Singh,JJ Tucker,1,0,"",""
ball,2,27.1,Oman,Amir Ali,Jatinder Singh,JA DeSilva,2,0,"",""
ball,2,27.2,Oman,Amir Ali,Jatinder Singh,JA DeSilva,1,0,"",""
ball,2,27.3,Oman,Jatinder Singh,Amir Ali,JA DeSilva,4,0,"",""
ball,2,27.4,Oman,Jatinder Singh,Amir Ali,JA DeSilva,1,0,"",""
ball,2,27.5,Oman,Amir Ali,Jatinder Singh,JA DeSilva,1,0,"",""
ball,2,27.6,Oman,Jatinder Singh,Amir Ali,JA DeSilva,1,0,"",""
ball,2,28.1,Oman,Jatinder Singh,Amir Ali,C Outerbridge,0,0,"",""
ball,2,28.2,Oman,Jatinder Singh,Amir Ali,C Outerbridge,2,0,"",""
ball,2,28.3,Oman,Jatinder Singh,Amir Ali,C Outerbridge,0,0,"",""
ball,2,28.4,Oman,Jatinder Singh,Amir Ali,C Outerbridge,0,0,"",""
ball,2,28.5,Oman,Jatinder Singh,Amir Ali,C Outerbridge,0,0,"",""
ball,2,28.6,Oman,Jatinder Singh,Amir Ali,C Outerbridge,0,0,"",""
ball,2,29.1,Oman,Amir Ali,Jatinder Singh,JA DeSilva,0,4,"",""
ball,2,29.2,Oman,Amir Ali,Jatinder Singh,JA DeSilva,1,0,"",""
ball,2,29.3,Oman,Jatinder Singh,Amir Ali,JA DeSilva,2,0,"",""
ball,2,29.4,Oman,Jatinder Singh,Amir Ali,JA DeSilva,0,0,"",""
ball,2,29.5,Oman,Jatinder Singh,Amir Ali,JA DeSilva,1,0,"",""
ball,2,29.6,Oman,Amir Ali,Jatinder Singh,JA DeSilva,1,0,"",""
ball,2,30.1,Oman,Amir Ali,Jatinder Singh,C Outerbridge,1,0,"",""
ball,2,30.2,Oman,Jatinder Singh,Amir Ali,C Outerbridge,0,0,"",""
ball,2,30.3,Oman,Jatinder Singh,Amir Ali,C Outerbridge,1,0,"",""
ball,2,30.4,Oman,Amir Ali,Jatinder Singh,C Outerbridge,4,0,"",""
ball,2,30.5,Oman,Amir Ali,Jatinder Singh,C Outerbridge,0,0,"",""
ball,2,30.6,Oman,Amir Ali,Jatinder Singh,C Outerbridge,1,0,"",""
ball,2,31.1,Oman,Amir Ali,Jatinder Singh,JA DeSilva,1,0,"",""
ball,2,31.2,Oman,Jatinder Singh,Amir Ali,JA DeSilva,1,0,"",""
ball,2,31.3,Oman,Amir Ali,Jatinder Singh,JA DeSilva,0,0,"",""
ball,2,31.4,Oman,Amir Ali,Jatinder Singh,JA DeSilva,1,0,"",""
ball,2,31.5,Oman,Jatinder Singh,Amir Ali,JA DeSilva,0,0,"",""
ball,2,31.6,Oman,Jatinder Singh,Amir Ali,JA DeSilva,1,0,"",""
ball,2,32.1,Oman,Jatinder Singh,Amir Ali,C Outerbridge,0,0,"",""
ball,2,32.2,Oman,Jatinder Singh,Amir Ali,C Outerbridge,0,0,"",""
ball,2,32.3,Oman,Jatinder Singh,Amir Ali,C Outerbridge,1,0,"",""
ball,2,32.4,Oman,Amir Ali,Jatinder Singh,C Outerbridge,1,0,"",""
ball,2,32.5,Oman,Jatinder Singh,Amir Ali,C Outerbridge,0,1,"",""
ball,2,32.6,Oman,Jatinder Singh,Amir Ali,C Outerbridge,1,0,"",""
ball,2,32.7,Oman,Amir Ali,Jatinder Singh,C Outerbridge,1,0,"",""
ball,2,33.1,Oman,Amir Ali,Jatinder Singh,KS Leverock,1,0,"",""
ball,2,33.2,Oman,Jatinder Singh,Amir Ali,KS Leverock,0,2,"",""
ball,2,33.3,Oman,Amir Ali,Jatinder Singh,KS Leverock,1,0,"",""
ball,2,33.4,Oman,Jatinder Singh,Amir Ali,KS Leverock,4,0,"",""
ball,2,33.5,Oman,Jatinder Singh,Amir Ali,KS Leverock,1,0,"",""
ball,2,33.6,Oman,Amir Ali,Jatinder Singh,KS Leverock,1,0,"",""
ball,2,33.7,Oman,Jatinder Singh,Amir Ali,KS Leverock,4,0,"",""
