version,1.3.0
info,team,United States of America
info,team,Denmark
info,gender,male
info,season,2016/17
info,date,2016/11/02
info,competition,ICC World Cricket League Division Four
info,venue,"Severn Cricket Field, Woodley Park"
info,city,Los Angeles
info,toss_winner,Denmark
info,toss_decision,field
info,player_of_match,Zameer Khan
info,umpire,A Kapa
info,umpire,C Young
info,reserve_umpire,Akbar Ali
info,match_referee,D Govindjee
info,winner,Denmark
info,winner_wickets,4
ball,1,0.1,United States of America,Steven Ryan Taylor,Fahad Babar,A Khan,0,1,"",""
ball,1,0.2,United States of America,Steven Ryan Taylor,Fahad Babar,A Khan,0,0,"",""
ball,1,0.3,United States of America,Steven Ryan Taylor,Fahad Babar,A Khan,4,0,"",""
ball,1,0.4,United States of America,Steven Ryan Taylor,Fahad Babar,A Khan,0,0,"",""
ball,1,0.5,United States of America,Steven Ryan Taylor,Fahad Babar,A Khan,1,0,"",""
ball,1,0.6,United States of America,Fahad Babar,Steven Ryan Taylor,A Khan,0,1,"",""
ball,1,0.7,United States of America,Fahad Babar,Steven Ryan Taylor,A Khan,1,0,"",""
ball,1,0.8,United States of America,Steven Ryan Taylor,Fahad Babar,A Khan,0,0,"",""
ball,1,1.1,United States of America,Fahad Babar,Steven Ryan Taylor,RB Javed,0,1,"",""
ball,1,1.2,United States of America,Fahad Babar,Steven Ryan Taylor,RB Javed,0,0,"",""
ball,1,1.3,United States of America,Fahad Babar,Steven Ryan Taylor,RB Javed,1,0,"",""
ball,1,1.4,United States of America,Steven Ryan Taylor,Fahad Babar,RB Javed,0,0,"",""
ball,1,1.5,United States of America,Steven Ryan Taylor,Fahad Babar,RB Javed,0,1,"",""
ball,1,1.6,United States of America,Steven Ryan Taylor,Fahad Babar,RB Javed,0,0,"",""
ball,1,1.7,United States of America,Steven Ryan Taylor,Fahad Babar,RB Javed,0,1,"",""
ball,1,1.8,United States of America,Steven Ryan Taylor,Fahad Babar,RB Javed,0,0,lbw,Steven Ryan Taylor
ball,1,1.9,United States of America,RR Timbawala,Fahad Babar,RB Javed,0,0,"",""
ball,1,2.1,United States of America,Fahad Babar,RR Timbawala,A Khan,0,0,"",""
ball,1,2.2,United States of America,Fahad Babar,RR Timbawala,A Khan,2,0,"",""
ball,1,2.3,United States of America,Fahad Babar,RR Timbawala,A Khan,1,0,"",""
ball,1,2.4,United States of America,RR Timbawala,Fahad Babar,A Khan,0,0,"",""
ball,1,2.5,United States of America,RR Timbawala,Fahad Babar,A Khan,1,0,"",""
ball,1,2.6,United States of America,Fahad Babar,RR Timbawala,A Khan,0,0,"",""
ball,1,3.1,United States of America,RR Timbawala,Fahad Babar,RB Javed,1,0,"",""
ball,1,3.2,United States of America,Fahad Babar,RR Timbawala,RB Javed,0,1,"",""
ball,1,3.3,United States of America,Fahad Babar,RR Timbawala,RB Javed,0,0,"",""
ball,1,3.4,United States of America,Fahad Babar,RR Timbawala,RB Javed,0,0,"",""
ball,1,3.5,United States of America,Fahad Babar,RR Timbawala,RB Javed,0,1,"",""
ball,1,3.6,United States of America,Fahad Babar,RR Timbawala,RB Javed,0,0,"",""
ball,1,3.7,United States of America,Fahad Babar,RR Timbawala,RB Javed,0,0,"",""
ball,1,3.8,United States of America,Fahad Babar,RR Timbawala,RB Javed,0,0,"",""
ball,1,4.1,United States of America,RR Timbawala,Fahad Babar,A Khan,0,0,"",""
ball,1,4.2,United States of America,RR Timbawala,Fahad Babar,A Khan,1,0,"",""
ball,1,4.3,United States of America,Fahad Babar,RR Timbawala,A Khan,1,0,"",""
ball,1,4.4,United States of America,RR Timbawala,Fahad Babar,A Khan,1,0,"",""
ball,1,4.5,United States of America,Fahad Babar,RR Timbawala,A Khan,0,0,"",""
ball,1,4.6,United States of America,Fahad Babar,RR Timbawala,A Khan,1,0,"",""
ball,1,5.1,United States of America,Fahad Babar,RR Timbawala,RB Javed,0,0,"",""
ball,1,5.2,United States of America,Fahad Babar,RR Timbawala,RB Javed,0,0,"",""
ball,1,5.3,United States of America,Fahad Babar,RR Timbawala,RB Javed,0,0,"",""
ball,1,5.4,United States of America,Fahad Babar,RR Timbawala,RB Javed,0,0,"",""
ball,1,5.5,United States of America,Fahad Babar,RR Timbawala,RB Javed,0,0,"",""
ball,1,5.6,United States of America,Fahad Babar,RR Timbawala,RB Javed,1,0,"",""
ball,1,6.1,United States of America,Fahad Babar,RR Timbawala,Bashir Shah,1,0,"",""
ball,1,6.2,United States of America,RR Timbawala,Fahad Babar,Bashir Shah,0,0,"",""
ball,1,6.3,United States of America,RR Timbawala,Fahad Babar,Bashir Shah,1,0,"",""
ball,1,6.4,United States of America,Fahad Babar,RR Timbawala,Bashir Shah,1,0,"",""
ball,1,6.5,United States of America,RR Timbawala,Fahad Babar,Bashir Shah,0,0,"",""
ball,1,6.6,United States of America,RR Timbawala,Fahad Babar,Bashir Shah,1,0,"",""
ball,1,7.1,United States of America,RR Timbawala,Fahad Babar,RB Javed,0,0,"",""
ball,1,7.2,United States of America,RR Timbawala,Fahad Babar,RB Javed,2,0,"",""
ball,1,7.3,United States of America,RR Timbawala,Fahad Babar,RB Javed,0,0,"",""
ball,1,7.4,United States of America,RR Timbawala,Fahad Babar,RB Javed,1,0,"",""
ball,1,7.5,United States of America,Fahad Babar,RR Timbawala,RB Javed,1,0,"",""
ball,1,7.6,United States of America,RR Timbawala,Fahad Babar,RB Javed,0,0,"",""
ball,1,8.1,United States of America,Fahad Babar,RR Timbawala,Bashir Shah,0,0,"",""
ball,1,8.2,United States of America,Fahad Babar,RR Timbawala,Bashir Shah,0,0,"",""
ball,1,8.3,United States of America,Fahad Babar,RR Timbawala,Bashir Shah,4,0,"",""
ball,1,8.4,United States of America,Fahad Babar,RR Timbawala,Bashir Shah,0,0,"",""
ball,1,8.5,United States of America,Fahad Babar,RR Timbawala,Bashir Shah,0,0,"",""
ball,1,8.6,United States of America,Fahad Babar,RR Timbawala,Bashir Shah,0,0,"",""
ball,1,9.1,United States of America,RR Timbawala,Fahad Babar,RB Javed,3,0,"",""
ball,1,9.2,United States of America,Fahad Babar,RR Timbawala,RB Javed,1,0,"",""
ball,1,9.3,United States of America,RR Timbawala,Fahad Babar,RB Javed,0,0,"",""
ball,1,9.4,United States of America,RR Timbawala,Fahad Babar,RB Javed,0,0,"",""
ball,1,9.5,United States of America,RR Timbawala,Fahad Babar,RB Javed,1,0,"",""
ball,1,9.6,United States of America,Fahad Babar,RR Timbawala,RB Javed,0,0,"",""
ball,1,10.1,United States of America,RR Timbawala,Fahad Babar,Bashir Shah,1,0,"",""
ball,1,10.2,United States of America,Fahad Babar,RR Timbawala,Bashir Shah,0,0,"",""
ball,1,10.3,United States of America,Fahad Babar,RR Timbawala,Bashir Shah,1,0,"",""
ball,1,10.4,United States of America,RR Timbawala,Fahad Babar,Bashir Shah,3,0,"",""
ball,1,10.5,United States of America,Fahad Babar,RR Timbawala,Bashir Shah,0,0,lbw,Fahad Babar
ball,1,10.6,United States of America,AAA Amsterdam,RR Timbawala,Bashir Shah,1,0,"",""
ball,1,11.1,United States of America,AAA Amsterdam,RR Timbawala,RB Javed,0,0,"",""
ball,1,11.2,United States of America,AAA Amsterdam,RR Timbawala,RB Javed,0,0,"",""
ball,1,11.3,United States of America,AAA Amsterdam,RR Timbawala,RB Javed,0,0,"",""
ball,1,11.4,United States of America,AAA Amsterdam,RR Timbawala,RB Javed,0,0,"",""
ball,1,11.5,United States of America,AAA Amsterdam,RR Timbawala,RB Javed,1,0,"",""
ball,1,11.6,United States of America,RR Timbawala,AAA Amsterdam,RB Javed,0,0,"",""
ball,1,12.1,United States of America,AAA Amsterdam,RR Timbawala,HAM Shah,0,0,"",""
ball,1,12.2,United States of America,AAA Amsterdam,RR Timbawala,HAM Shah,0,0,"",""
ball,1,12.3,United States of America,AAA Amsterdam,RR Timbawala,HAM Shah,0,0,"",""
ball,1,12.4,United States of America,AAA Amsterdam,RR Timbawala,HAM Shah,1,0,"",""
ball,1,12.5,United States of America,RR Timbawala,AAA Amsterdam,HAM Shah,0,0,"",""
ball,1,12.6,United States of America,RR Timbawala,AAA Amsterdam,HAM Shah,0,0,"",""
ball,1,13.1,United States of America,AAA Amsterdam,RR Timbawala,RB Javed,1,0,"",""
ball,1,13.2,United States of America,RR Timbawala,AAA Amsterdam,RB Javed,0,0,"",""
ball,1,13.3,United States of America,RR Timbawala,AAA Amsterdam,RB Javed,0,0,"",""
ball,1,13.4,United States of America,RR Timbawala,AAA Amsterdam,RB Javed,0,0,"",""
ball,1,13.5,United States of America,RR Timbawala,AAA Amsterdam,RB Javed,0,0,"",""
ball,1,13.6,United States of America,RR Timbawala,AAA Amsterdam,RB Javed,0,0,"",""
ball,1,14.1,United States of America,AAA Amsterdam,RR Timbawala,HAM Shah,0,0,"",""
ball,1,14.2,United States of America,AAA Amsterdam,RR Timbawala,HAM Shah,0,1,"",""
ball,1,14.3,United States of America,RR Timbawala,AAA Amsterdam,HAM Shah,0,0,"",""
ball,1,14.4,United States of America,RR Timbawala,AAA Amsterdam,HAM Shah,2,0,"",""
ball,1,14.5,United States of America,RR Timbawala,AAA Amsterdam,HAM Shah,4,0,"",""
ball,1,14.6,United States of America,RR Timbawala,AAA Amsterdam,HAM Shah,0,0,"",""
ball,1,15.1,United States of America,AAA Amsterdam,RR Timbawala,RB Javed,0,0,"",""
ball,1,15.2,United States of America,AAA Amsterdam,RR Timbawala,RB Javed,1,0,"",""
ball,1,15.3,United States of America,RR Timbawala,AAA Amsterdam,RB Javed,0,0,"",""
ball,1,15.4,United States of America,RR Timbawala,AAA Amsterdam,RB Javed,2,0,"",""
ball,1,15.5,United States of America,RR Timbawala,AAA Amsterdam,RB Javed,2,0,"",""
ball,1,15.6,United States of America,RR Timbawala,AAA Amsterdam,RB Javed,1,0,"",""
ball,1,16.1,United States of America,RR Timbawala,AAA Amsterdam,HAM Shah,1,0,"",""
ball,1,16.2,United States of America,AAA Amsterdam,RR Timbawala,HAM Shah,0,0,"",""
ball,1,16.3,United States of America,AAA Amsterdam,RR Timbawala,HAM Shah,1,0,"",""
ball,1,16.4,United States of America,RR Timbawala,AAA Amsterdam,HAM Shah,1,0,"",""
ball,1,16.5,United States of America,AAA Amsterdam,RR Timbawala,HAM Shah,1,0,"",""
ball,1,16.6,United States of America,RR Timbawala,AAA Amsterdam,HAM Shah,1,0,"",""
ball,1,17.1,United States of America,RR Timbawala,AAA Amsterdam,RB Javed,1,0,"",""
ball,1,17.2,United States of America,AAA Amsterdam,RR Timbawala,RB Javed,0,0,"",""
ball,1,17.3,United States of America,AAA Amsterdam,RR Timbawala,RB Javed,4,0,"",""
ball,1,17.4,United States of America,AAA Amsterdam,RR Timbawala,RB Javed,0,0,"",""
ball,1,17.5,United States of America,AAA Amsterdam,RR Timbawala,RB Javed,2,0,"",""
ball,1,17.6,United States of America,AAA Amsterdam,RR Timbawala,RB Javed,0,0,"",""
ball,1,18.1,United States of America,RR Timbawala,AAA Amsterdam,HAM Shah,1,0,"",""
ball,1,18.2,United States of America,AAA Amsterdam,RR Timbawala,HAM Shah,0,0,"",""
ball,1,18.3,United States of America,AAA Amsterdam,RR Timbawala,HAM Shah,1,0,"",""
ball,1,18.4,United States of America,RR Timbawala,AAA Amsterdam,HAM Shah,1,0,"",""
ball,1,18.5,United States of America,AAA Amsterdam,RR Timbawala,HAM Shah,0,0,"",""
ball,1,18.6,United States of America,AAA Amsterdam,RR Timbawala,HAM Shah,4,0,"",""
ball,1,19.1,United States of America,RR Timbawala,AAA Amsterdam,RB Javed,0,0,caught,RR Timbawala
ball,1,19.2,United States of America,AL Dodson,AAA Amsterdam,RB Javed,0,0,"",""
ball,1,19.3,United States of America,AL Dodson,AAA Amsterdam,RB Javed,0,0,"",""
ball,1,19.4,United States of America,AL Dodson,AAA Amsterdam,RB Javed,2,0,"",""
ball,1,19.5,United States of America,AL Dodson,AAA Amsterdam,RB Javed,0,0,"",""
ball,1,19.6,United States of America,AL Dodson,AAA Amsterdam,RB Javed,0,0,"",""
ball,1,20.1,United States of America,AAA Amsterdam,AL Dodson,A Khan,1,0,"",""
ball,1,20.2,United States of America,AL Dodson,AAA Amsterdam,A Khan,0,0,"",""
ball,1,20.3,United States of America,AL Dodson,AAA Amsterdam,A Khan,1,0,"",""
ball,1,20.4,United States of America,AAA Amsterdam,AL Dodson,A Khan,1,0,"",""
ball,1,20.5,United States of America,AL Dodson,AAA Amsterdam,A Khan,0,0,"",""
ball,1,20.6,United States of America,AL Dodson,AAA Amsterdam,A Khan,0,0,"",""
ball,1,21.1,United States of America,AAA Amsterdam,AL Dodson,Aftab Ahmed (2),0,1,"",""
ball,1,21.2,United States of America,AAA Amsterdam,AL Dodson,Aftab Ahmed (2),0,0,"",""
ball,1,21.3,United States of America,AAA Amsterdam,AL Dodson,Aftab Ahmed (2),0,0,"",""
ball,1,21.4,United States of America,AAA Amsterdam,AL Dodson,Aftab Ahmed (2),1,0,"",""
ball,1,21.5,United States of America,AL Dodson,AAA Amsterdam,Aftab Ahmed (2),0,0,"",""
ball,1,21.6,United States of America,AL Dodson,AAA Amsterdam,Aftab Ahmed (2),0,0,"",""
ball,1,21.7,United States of America,AL Dodson,AAA Amsterdam,Aftab Ahmed (2),2,0,"",""
ball,1,22.1,United States of America,AAA Amsterdam,AL Dodson,A Khan,0,4,"",""
ball,1,22.2,United States of America,AAA Amsterdam,AL Dodson,A Khan,0,0,"",""
ball,1,22.3,United States of America,AAA Amsterdam,AL Dodson,A Khan,0,0,"",""
ball,1,22.4,United States of America,AAA Amsterdam,AL Dodson,A Khan,0,0,"",""
ball,1,22.5,United States of America,AAA Amsterdam,AL Dodson,A Khan,1,0,"",""
ball,1,22.6,United States of America,AL Dodson,AAA Amsterdam,A Khan,0,0,"",""
ball,1,23.1,United States of America,AAA Amsterdam,AL Dodson,Aftab Ahmed (2),0,0,lbw,AAA Amsterdam
ball,1,23.2,United States of America,NI Standford,AL Dodson,Aftab Ahmed (2),1,0,"",""
ball,1,23.3,United States of America,AL Dodson,NI Standford,Aftab Ahmed (2),0,0,"",""
ball,1,23.4,United States of America,AL Dodson,NI Standford,Aftab Ahmed (2),2,0,"",""
ball,1,23.5,United States of America,AL Dodson,NI Standford,Aftab Ahmed (2),0,0,"",""
ball,1,23.6,United States of America,AL Dodson,NI Standford,Aftab Ahmed (2),0,0,"",""
ball,1,24.1,United States of America,NI Standford,AL Dodson,A Khan,0,0,"",""
ball,1,24.2,United States of America,NI Standford,AL Dodson,A Khan,0,0,"",""
ball,1,24.3,United States of America,NI Standford,AL Dodson,A Khan,0,0,"",""
ball,1,24.4,United States of America,NI Standford,AL Dodson,A Khan,0,0,"",""
ball,1,24.5,United States of America,NI Standford,AL Dodson,A Khan,0,0,"",""
ball,1,24.6,United States of America,NI Standford,AL Dodson,A Khan,1,0,"",""
ball,1,25.1,United States of America,NI Standford,AL Dodson,Aftab Ahmed (2),4,0,"",""
ball,1,25.2,United States of America,NI Standford,AL Dodson,Aftab Ahmed (2),0,0,"",""
ball,1,25.3,United States of America,NI Standford,AL Dodson,Aftab Ahmed (2),0,0,"",""
ball,1,25.4,United States of America,NI Standford,AL Dodson,Aftab Ahmed (2),0,0,"",""
ball,1,25.5,United States of America,NI Standford,AL Dodson,Aftab Ahmed (2),0,0,"",""
ball,1,25.6,United States of America,NI Standford,AL Dodson,Aftab Ahmed (2),2,0,"",""
ball,1,26.1,United States of America,AL Dodson,NI Standford,Omar Hayat,0,0,"",""
ball,1,26.2,United States of America,AL Dodson,NI Standford,Omar Hayat,1,0,"",""
ball,1,26.3,United States of America,NI Standford,AL Dodson,Omar Hayat,0,0,"",""
ball,1,26.4,United States of America,NI Standford,AL Dodson,Omar Hayat,2,0,"",""
ball,1,26.5,United States of America,NI Standford,AL Dodson,Omar Hayat,0,0,"",""
ball,1,26.6,United States of America,NI Standford,AL Dodson,Omar Hayat,0,0,"",""
ball,1,27.1,United States of America,AL Dodson,NI Standford,SA Ahmad,0,0,"",""
ball,1,27.2,United States of America,AL Dodson,NI Standford,SA Ahmad,1,0,"",""
ball,1,27.3,United States of America,NI Standford,AL Dodson,SA Ahmad,6,0,"",""
ball,1,27.4,United States of America,NI Standford,AL Dodson,SA Ahmad,1,0,"",""
ball,1,27.5,United States of America,AL Dodson,NI Standford,SA Ahmad,1,0,"",""
ball,1,27.6,United States of America,NI Standford,AL Dodson,SA Ahmad,0,0,"",""
ball,1,28.1,United States of America,AL Dodson,NI Standford,Omar Hayat,0,0,"",""
ball,1,28.2,United States of America,AL Dodson,NI Standford,Omar Hayat,0,0,"",""
ball,1,28.3,United States of America,AL Dodson,NI Standford,Omar Hayat,0,0,"",""
ball,1,28.4,United States of America,AL Dodson,NI Standford,Omar Hayat,2,0,"",""
ball,1,28.5,United States of America,AL Dodson,NI Standford,Omar Hayat,0,0,"",""
ball,1,28.6,United States of America,AL Dodson,NI Standford,Omar Hayat,1,0,"",""
ball,1,29.1,United States of America,AL Dodson,NI Standford,SA Ahmad,0,0,"",""
ball,1,29.2,United States of America,AL Dodson,NI Standford,SA Ahmad,1,0,"",""
ball,1,29.3,United States of America,NI Standford,AL Dodson,SA Ahmad,1,0,"",""
ball,1,29.4,United States of America,AL Dodson,NI Standford,SA Ahmad,6,0,"",""
ball,1,29.5,United States of America,AL Dodson,NI Standford,SA Ahmad,0,0,"",""
ball,1,29.6,United States of America,AL Dodson,NI Standford,SA Ahmad,1,0,"",""
ball,1,30.1,United States of America,AL Dodson,NI Standford,Omar Hayat,0,0,"",""
ball,1,30.2,United States of America,AL Dodson,NI Standford,Omar Hayat,0,0,"",""
ball,1,30.3,United States of America,AL Dodson,NI Standford,Omar Hayat,1,0,"",""
ball,1,30.4,United States of America,NI Standford,AL Dodson,Omar Hayat,0,0,"",""
ball,1,30.5,United States of America,NI Standford,AL Dodson,Omar Hayat,2,0,"",""
ball,1,30.6,United States of America,NI Standford,AL Dodson,Omar Hayat,1,0,"",""
ball,1,31.1,United States of America,NI Standford,AL Dodson,Bashir Shah,0,0,"",""
ball,1,31.2,United States of America,NI Standford,AL Dodson,Bashir Shah,1,0,"",""
ball,1,31.3,United States of America,AL Dodson,NI Standford,Bashir Shah,0,0,"",""
ball,1,31.4,United States of America,AL Dodson,NI Standford,Bashir Shah,6,0,"",""
ball,1,31.5,United States of America,AL Dodson,NI Standford,Bashir Shah,0,0,"",""
ball,1,31.6,United States of America,AL Dodson,NI Standford,Bashir Shah,6,0,"",""
ball,1,32.1,United States of America,NI Standford,AL Dodson,Omar Hayat,1,0,"",""
ball,1,32.2,United States of America,AL Dodson,NI Standford,Omar Hayat,0,0,"",""
ball,1,32.3,United States of America,AL Dodson,NI Standford,Omar Hayat,0,0,"",""
ball,1,32.4,United States of America,AL Dodson,NI Standford,Omar Hayat,0,0,"",""
ball,1,32.5,United States of America,AL Dodson,NI Standford,Omar Hayat,0,0,bowled,AL Dodson
ball,1,32.6,United States of America,TP Allen,NI Standford,Omar Hayat,0,0,"",""
ball,1,33.1,United States of America,NI Standford,TP Allen,Aftab Ahmed (2),0,0,"",""
ball,1,33.2,United States of America,NI Standford,TP Allen,Aftab Ahmed (2),0,0,"",""
ball,1,33.3,United States of America,NI Standford,TP Allen,Aftab Ahmed (2),0,0,"",""
ball,1,33.4,United States of America,NI Standford,TP Allen,Aftab Ahmed (2),0,0,"",""
ball,1,33.5,United States of America,NI Standford,TP Allen,Aftab Ahmed (2),1,0,"",""
ball,1,33.6,United States of America,TP Allen,NI Standford,Aftab Ahmed (2),0,0,"",""
ball,1,34.1,United States of America,NI Standford,TP Allen,Omar Hayat,1,0,"",""
ball,1,34.2,United States of America,TP Allen,NI Standford,Omar Hayat,0,0,"",""
ball,1,34.3,United States of America,TP Allen,NI Standford,Omar Hayat,1,0,"",""
ball,1,34.4,United States of America,NI Standford,TP Allen,Omar Hayat,0,0,"",""
ball,1,34.5,United States of America,NI Standford,TP Allen,Omar Hayat,0,0,"",""
ball,1,34.6,United States of America,NI Standford,TP Allen,Omar Hayat,4,0,"",""
ball,1,35.1,United States of America,TP Allen,NI Standford,Aftab Ahmed (2),0,0,"",""
ball,1,35.2,United States of America,TP Allen,NI Standford,Aftab Ahmed (2),0,0,"",""
ball,1,35.3,United States of America,TP Allen,NI Standford,Aftab Ahmed (2),1,0,"",""
ball,1,35.4,United States of America,NI Standford,TP Allen,Aftab Ahmed (2),6,0,"",""
ball,1,35.5,United States of America,NI Standford,TP Allen,Aftab Ahmed (2),0,0,"",""
ball,1,35.6,United States of America,NI Standford,TP Allen,Aftab Ahmed (2),0,0,"",""
ball,1,36.1,United States of America,TP Allen,NI Standford,Bashir Shah,0,0,"",""
ball,1,36.2,United States of America,TP Allen,NI Standford,Bashir Shah,4,0,"",""
ball,1,36.3,United States of America,TP Allen,NI Standford,Bashir Shah,0,0,"",""
ball,1,36.4,United States of America,TP Allen,NI Standford,Bashir Shah,1,0,"",""
ball,1,36.5,United States of America,NI Standford,TP Allen,Bashir Shah,1,0,"",""
ball,1,36.6,United States of America,TP Allen,NI Standford,Bashir Shah,1,0,"",""
ball,1,37.1,United States of America,TP Allen,NI Standford,Aftab Ahmed (2),0,0,"",""
ball,1,37.2,United States of America,TP Allen,NI Standford,Aftab Ahmed (2),0,0,"",""
ball,1,37.3,United States of America,TP Allen,NI Standford,Aftab Ahmed (2),0,0,"",""
ball,1,37.4,United States of America,TP Allen,NI Standford,Aftab Ahmed (2),1,0,"",""
ball,1,37.5,United States of America,NI Standford,TP Allen,Aftab Ahmed (2),1,0,"",""
ball,1,37.6,United States of America,TP Allen,NI Standford,Aftab Ahmed (2),1,0,"",""
ball,1,38.1,United States of America,TP Allen,NI Standford,Bashir Shah,6,0,"",""
ball,1,38.2,United States of America,TP Allen,NI Standford,Bashir Shah,0,0,"",""
ball,1,38.3,United States of America,TP Allen,NI Standford,Bashir Shah,0,0,"",""
ball,1,38.4,United States of America,TP Allen,NI Standford,Bashir Shah,1,0,"",""
ball,1,38.5,United States of America,NI Standford,TP Allen,Bashir Shah,1,0,"",""
ball,1,38.6,United States of America,TP Allen,NI Standford,Bashir Shah,0,0,"",""
ball,1,39.1,United States of America,NI Standford,TP Allen,Yasir Iqbal,0,1,"",""
ball,1,39.2,United States of America,NI Standford,TP Allen,Yasir Iqbal,0,0,"",""
ball,1,39.3,United States of America,NI Standford,TP Allen,Yasir Iqbal,1,0,"",""
ball,1,39.4,United States of America,TP Allen,NI Standford,Yasir Iqbal,6,0,"",""
ball,1,39.5,United States of America,TP Allen,NI Standford,Yasir Iqbal,1,0,"",""
ball,1,39.6,United States of America,NI Standford,TP Allen,Yasir Iqbal,6,0,"",""
ball,1,39.7,United States of America,NI Standford,TP Allen,Yasir Iqbal,0,0,"",""
ball,1,40.1,United States of America,TP Allen,NI Standford,Bashir Shah,1,0,"",""
ball,1,40.2,United States of America,NI Standford,TP Allen,Bashir Shah,0,0,"",""
ball,1,40.3,United States of America,NI Standford,TP Allen,Bashir Shah,1,0,"",""
ball,1,40.4,United States of America,TP Allen,NI Standford,Bashir Shah,4,0,"",""
ball,1,40.5,United States of America,TP Allen,NI Standford,Bashir Shah,1,0,"",""
ball,1,40.6,United States of America,NI Standford,TP Allen,Bashir Shah,0,0,"",""
ball,1,41.1,United States of America,TP Allen,NI Standford,Yasir Iqbal,1,0,"",""
ball,1,41.2,United States of America,NI Standford,TP Allen,Yasir Iqbal,1,0,"",""
ball,1,41.3,United States of America,TP Allen,NI Standford,Yasir Iqbal,2,0,"",""
ball,1,41.4,United States of America,TP Allen,NI Standford,Yasir Iqbal,0,0,"",""
ball,1,41.5,United States of America,TP Allen,NI Standford,Yasir Iqbal,1,0,"",""
ball,1,41.6,United States of America,NI Standford,TP Allen,Yasir Iqbal,2,0,"",""
ball,1,42.1,United States of America,TP Allen,NI Standford,A Khan,1,0,"",""
ball,1,42.2,United States of America,NI Standford,TP Allen,A Khan,1,0,"",""
ball,1,42.3,United States of America,TP Allen,NI Standford,A Khan,0,0,"",""
ball,1,42.4,United States of America,TP Allen,NI Standford,A Khan,0,0,"",""
ball,1,42.5,United States of America,TP Allen,NI Standford,A Khan,0,0,"",""
ball,1,42.6,United States of America,TP Allen,NI Standford,A Khan,0,0,"",""
ball,1,43.1,United States of America,NI Standford,TP Allen,Aftab Ahmed (2),1,0,"",""
ball,1,43.2,United States of America,TP Allen,NI Standford,Aftab Ahmed (2),1,0,"",""
ball,1,43.3,United States of America,NI Standford,TP Allen,Aftab Ahmed (2),1,0,"",""
ball,1,43.4,United States of America,TP Allen,NI Standford,Aftab Ahmed (2),1,0,"",""
ball,1,43.5,United States of America,NI Standford,TP Allen,Aftab Ahmed (2),6,0,"",""
ball,1,43.6,United States of America,NI Standford,TP Allen,Aftab Ahmed (2),0,0,"",""
ball,1,44.1,United States of America,TP Allen,NI Standford,A Khan,1,0,"",""
ball,1,44.2,United States of America,NI Standford,TP Allen,A Khan,1,0,"",""
ball,1,44.3,United States of America,TP Allen,NI Standford,A Khan,0,1,"",""
ball,1,44.4,United States of America,TP Allen,NI Standford,A Khan,1,0,"",""
ball,1,44.5,United States of America,NI Standford,TP Allen,A Khan,0,0,"",""
ball,1,44.6,United States of America,NI Standford,TP Allen,A Khan,0,0,caught,NI Standford
ball,1,44.7,United States of America,TP Allen,EH Hutchinson,A Khan,1,0,"",""
ball,1,45.1,United States of America,TP Allen,EH Hutchinson,Aftab Ahmed (2),1,0,"",""
ball,1,45.2,United States of America,EH Hutchinson,TP Allen,Aftab Ahmed (2),0,0,"",""
ball,1,45.3,United States of America,EH Hutchinson,TP Allen,Aftab Ahmed (2),6,0,"",""
ball,1,45.4,United States of America,EH Hutchinson,TP Allen,Aftab Ahmed (2),0,4,"",""
ball,1,45.5,United States of America,EH Hutchinson,TP Allen,Aftab Ahmed (2),6,0,"",""
ball,1,45.6,United States of America,EH Hutchinson,TP Allen,Aftab Ahmed (2),1,0,"",""
ball,1,46.1,United States of America,EH Hutchinson,TP Allen,A Khan,0,0,"",""
ball,1,46.2,United States of America,EH Hutchinson,TP Allen,A Khan,0,0,"",""
ball,1,46.3,United States of America,EH Hutchinson,TP Allen,A Khan,0,0,"",""
ball,1,46.4,United States of America,EH Hutchinson,TP Allen,A Khan,1,0,"",""
ball,1,46.5,United States of America,TP Allen,EH Hutchinson,A Khan,1,0,"",""
ball,1,46.6,United States of America,EH Hutchinson,TP Allen,A Khan,1,0,"",""
ball,1,47.1,United States of America,EH Hutchinson,TP Allen,Aftab Ahmed (2),0,0,"",""
ball,1,47.2,United States of America,EH Hutchinson,TP Allen,Aftab Ahmed (2),1,0,"",""
ball,1,47.3,United States of America,TP Allen,EH Hutchinson,Aftab Ahmed (2),4,0,"",""
ball,1,47.4,United States of America,TP Allen,EH Hutchinson,Aftab Ahmed (2),4,0,"",""
ball,1,47.5,United States of America,TP Allen,EH Hutchinson,Aftab Ahmed (2),0,0,"",""
ball,1,47.6,United States of America,TP Allen,EH Hutchinson,Aftab Ahmed (2),0,0,"",""
ball,1,48.1,United States of America,EH Hutchinson,TP Allen,A Khan,1,0,"",""
ball,1,48.2,United States of America,TP Allen,EH Hutchinson,A Khan,0,0,"",""
ball,1,48.3,United States of America,TP Allen,EH Hutchinson,A Khan,1,0,"",""
ball,1,48.4,United States of America,EH Hutchinson,TP Allen,A Khan,0,0,"",""
ball,1,48.5,United States of America,EH Hutchinson,TP Allen,A Khan,1,0,"",""
ball,1,48.6,United States of America,TP Allen,EH Hutchinson,A Khan,1,0,"",""
ball,1,49.1,United States of America,TP Allen,EH Hutchinson,Aftab Ahmed (2),0,0,"",""
ball,1,49.2,United States of America,TP Allen,EH Hutchinson,Aftab Ahmed (2),1,0,"",""
ball,1,49.3,United States of America,EH Hutchinson,TP Allen,Aftab Ahmed (2),0,0,bowled,EH Hutchinson
ball,1,49.4,United States of America,Ali Khan,TP Allen,Aftab Ahmed (2),0,0,bowled,Ali Khan
ball,1,49.5,United States of America,Danial Ahmed,TP Allen,Aftab Ahmed (2),0,0,"",""
ball,1,49.6,United States of America,Danial Ahmed,TP Allen,Aftab Ahmed (2),0,0,caught and bowled,Danial Ahmed
ball,2,0.1,Denmark,Aftab Ahmed (2),SA Ahmad,EH Hutchinson,0,1,"",""
ball,2,0.2,Denmark,Aftab Ahmed (2),SA Ahmad,EH Hutchinson,0,0,"",""
ball,2,0.3,Denmark,Aftab Ahmed (2),SA Ahmad,EH Hutchinson,4,0,"",""
ball,2,0.4,Denmark,Aftab Ahmed (2),SA Ahmad,EH Hutchinson,2,0,"",""
ball,2,0.5,Denmark,Aftab Ahmed (2),SA Ahmad,EH Hutchinson,0,0,"",""
ball,2,0.6,Denmark,Aftab Ahmed (2),SA Ahmad,EH Hutchinson,0,0,"",""
ball,2,0.7,Denmark,Aftab Ahmed (2),SA Ahmad,EH Hutchinson,6,0,"",""
ball,2,1.1,Denmark,SA Ahmad,Aftab Ahmed (2),Ali Khan,0,0,"",""
ball,2,1.2,Denmark,SA Ahmad,Aftab Ahmed (2),Ali Khan,0,0,"",""
ball,2,1.3,Denmark,SA Ahmad,Aftab Ahmed (2),Ali Khan,0,0,"",""
ball,2,1.4,Denmark,SA Ahmad,Aftab Ahmed (2),Ali Khan,0,0,"",""
ball,2,1.5,Denmark,SA Ahmad,Aftab Ahmed (2),Ali Khan,1,0,"",""
ball,2,1.6,Denmark,Aftab Ahmed (2),SA Ahmad,Ali Khan,1,0,"",""
ball,2,2.1,Denmark,Aftab Ahmed (2),SA Ahmad,Steven Ryan Taylor,4,0,"",""
ball,2,2.2,Denmark,Aftab Ahmed (2),SA Ahmad,Steven Ryan Taylor,0,0,caught,Aftab Ahmed (2)
ball,2,2.3,Denmark,SA Ahmad,HAM Shah,Steven Ryan Taylor,0,0,"",""
ball,2,2.4,Denmark,SA Ahmad,HAM Shah,Steven Ryan Taylor,6,0,"",""
ball,2,2.5,Denmark,SA Ahmad,HAM Shah,Steven Ryan Taylor,1,0,"",""
ball,2,2.6,Denmark,HAM Shah,SA Ahmad,Steven Ryan Taylor,0,0,"",""
ball,2,3.1,Denmark,SA Ahmad,HAM Shah,Ali Khan,4,0,"",""
ball,2,3.2,Denmark,SA Ahmad,HAM Shah,Ali Khan,0,0,"",""
ball,2,3.3,Denmark,SA Ahmad,HAM Shah,Ali Khan,1,0,"",""
ball,2,3.4,Denmark,HAM Shah,SA Ahmad,Ali Khan,0,0,"",""
ball,2,3.5,Denmark,HAM Shah,SA Ahmad,Ali Khan,0,0,"",""
ball,2,3.6,Denmark,HAM Shah,SA Ahmad,Ali Khan,0,0,"",""
ball,2,4.1,Denmark,SA Ahmad,HAM Shah,EH Hutchinson,0,0,"",""
ball,2,4.2,Denmark,SA Ahmad,HAM Shah,EH Hutchinson,0,0,"",""
ball,2,4.3,Denmark,SA Ahmad,HAM Shah,EH Hutchinson,2,0,"",""
ball,2,4.4,Denmark,SA Ahmad,HAM Shah,EH Hutchinson,4,0,"",""
ball,2,4.5,Denmark,SA Ahmad,HAM Shah,EH Hutchinson,1,0,"",""
ball,2,4.6,Denmark,HAM Shah,SA Ahmad,EH Hutchinson,0,0,"",""
ball,2,5.1,Denmark,SA Ahmad,HAM Shah,Ali Khan,4,0,"",""
ball,2,5.2,Denmark,SA Ahmad,HAM Shah,Ali Khan,1,0,"",""
ball,2,5.3,Denmark,HAM Shah,SA Ahmad,Ali Khan,1,0,"",""
ball,2,5.4,Denmark,SA Ahmad,HAM Shah,Ali Khan,1,0,"",""
ball,2,5.5,Denmark,HAM Shah,SA Ahmad,Ali Khan,0,0,"",""
ball,2,5.6,Denmark,HAM Shah,SA Ahmad,Ali Khan,0,0,"",""
ball,2,6.1,Denmark,SA Ahmad,HAM Shah,Steven Ryan Taylor,0,0,"",""
ball,2,6.2,Denmark,SA Ahmad,HAM Shah,Steven Ryan Taylor,0,0,"",""
ball,2,6.3,Denmark,SA Ahmad,HAM Shah,Steven Ryan Taylor,1,0,"",""
ball,2,6.4,Denmark,HAM Shah,SA Ahmad,Steven Ryan Taylor,0,0,"",""
ball,2,6.5,Denmark,HAM Shah,SA Ahmad,Steven Ryan Taylor,0,0,"",""
ball,2,6.6,Denmark,HAM Shah,SA Ahmad,Steven Ryan Taylor,0,0,"",""
ball,2,7.1,Denmark,SA Ahmad,HAM Shah,Ali Khan,1,0,"",""
ball,2,7.2,Denmark,HAM Shah,SA Ahmad,Ali Khan,0,0,"",""
ball,2,7.3,Denmark,HAM Shah,SA Ahmad,Ali Khan,0,0,"",""
ball,2,7.4,Denmark,HAM Shah,SA Ahmad,Ali Khan,0,0,"",""
ball,2,7.5,Denmark,HAM Shah,SA Ahmad,Ali Khan,0,0,"",""
ball,2,7.6,Denmark,HAM Shah,SA Ahmad,Ali Khan,0,0,"",""
ball,2,8.1,Denmark,FA Klokker,HAM Shah,Steven Ryan Taylor,0,0,"",""
ball,2,8.2,Denmark,FA Klokker,HAM Shah,Steven Ryan Taylor,0,0,"",""
ball,2,8.3,Denmark,FA Klokker,HAM Shah,Steven Ryan Taylor,1,0,"",""
ball,2,8.4,Denmark,HAM Shah,FA Klokker,Steven Ryan Taylor,0,0,"",""
ball,2,8.5,Denmark,HAM Shah,FA Klokker,Steven Ryan Taylor,0,0,"",""
ball,2,8.6,Denmark,HAM Shah,FA Klokker,Steven Ryan Taylor,1,0,"",""
ball,2,9.1,Denmark,HAM Shah,FA Klokker,Ali Khan,2,0,"",""
ball,2,9.2,Denmark,HAM Shah,FA Klokker,Ali Khan,1,0,"",""
ball,2,9.3,Denmark,FA Klokker,HAM Shah,Ali Khan,0,0,"",""
ball,2,9.4,Denmark,FA Klokker,HAM Shah,Ali Khan,0,0,"",""
ball,2,9.5,Denmark,FA Klokker,HAM Shah,Ali Khan,0,0,"",""
ball,2,9.6,Denmark,FA Klokker,HAM Shah,Ali Khan,0,0,"",""
ball,2,10.1,Denmark,HAM Shah,FA Klokker,Steven Ryan Taylor,0,0,"",""
ball,2,10.2,Denmark,HAM Shah,FA Klokker,Steven Ryan Taylor,0,0,"",""
ball,2,10.3,Denmark,HAM Shah,FA Klokker,Steven Ryan Taylor,0,0,"",""
ball,2,10.4,Denmark,HAM Shah,FA Klokker,Steven Ryan Taylor,1,0,"",""
ball,2,10.5,Denmark,FA Klokker,HAM Shah,Steven Ryan Taylor,1,0,"",""
ball,2,10.6,Denmark,HAM Shah,FA Klokker,Steven Ryan Taylor,0,0,caught,HAM Shah
ball,2,11.1,Denmark,FA Klokker,Zameer Khan,Ali Khan,0,0,"",""
ball,2,11.2,Denmark,FA Klokker,Zameer Khan,Ali Khan,0,0,"",""
ball,2,11.3,Denmark,FA Klokker,Zameer Khan,Ali Khan,0,0,"",""
ball,2,11.4,Denmark,FA Klokker,Zameer Khan,Ali Khan,1,0,"",""
ball,2,11.5,Denmark,Zameer Khan,FA Klokker,Ali Khan,0,0,"",""
ball,2,11.6,Denmark,Zameer Khan,FA Klokker,Ali Khan,4,0,"",""
ball,2,12.1,Denmark,FA Klokker,Zameer Khan,Steven Ryan Taylor,1,0,"",""
ball,2,12.2,Denmark,Zameer Khan,FA Klokker,Steven Ryan Taylor,0,0,"",""
ball,2,12.3,Denmark,Zameer Khan,FA Klokker,Steven Ryan Taylor,1,0,"",""
ball,2,12.4,Denmark,FA Klokker,Zameer Khan,Steven Ryan Taylor,6,0,"",""
ball,2,12.5,Denmark,FA Klokker,Zameer Khan,Steven Ryan Taylor,1,0,"",""
ball,2,12.6,Denmark,Zameer Khan,FA Klokker,Steven Ryan Taylor,1,0,"",""
ball,2,13.1,Denmark,Zameer Khan,FA Klokker,Ali Khan,0,0,"",""
ball,2,13.2,Denmark,Zameer Khan,FA Klokker,Ali Khan,0,0,"",""
ball,2,13.3,Denmark,Zameer Khan,FA Klokker,Ali Khan,4,0,"",""
ball,2,13.4,Denmark,Zameer Khan,FA Klokker,Ali Khan,0,0,"",""
ball,2,13.5,Denmark,Zameer Khan,FA Klokker,Ali Khan,4,0,"",""
ball,2,13.6,Denmark,Zameer Khan,FA Klokker,Ali Khan,0,0,"",""
ball,2,14.1,Denmark,FA Klokker,Zameer Khan,Steven Ryan Taylor,1,0,"",""
ball,2,14.2,Denmark,Zameer Khan,FA Klokker,Steven Ryan Taylor,0,0,"",""
ball,2,14.3,Denmark,Zameer Khan,FA Klokker,Steven Ryan Taylor,0,0,"",""
ball,2,14.4,Denmark,Zameer Khan,FA Klokker,Steven Ryan Taylor,1,0,"",""
ball,2,14.5,Denmark,FA Klokker,Zameer Khan,Steven Ryan Taylor,0,0,"",""
ball,2,14.6,Denmark,FA Klokker,Zameer Khan,Steven Ryan Taylor,0,0,"",""
ball,2,15.1,Denmark,Zameer Khan,FA Klokker,Danial Ahmed,4,0,"",""
ball,2,15.2,Denmark,Zameer Khan,FA Klokker,Danial Ahmed,0,0,"",""
ball,2,15.3,Denmark,Zameer Khan,FA Klokker,Danial Ahmed,0,0,"",""
ball,2,15.4,Denmark,Zameer Khan,FA Klokker,Danial Ahmed,1,0,"",""
ball,2,15.5,Denmark,FA Klokker,Zameer Khan,Danial Ahmed,0,0,"",""
ball,2,15.6,Denmark,FA Klokker,Zameer Khan,Danial Ahmed,4,0,"",""
ball,2,16.1,Denmark,Zameer Khan,FA Klokker,TP Allen,2,0,"",""
ball,2,16.2,Denmark,Zameer Khan,FA Klokker,TP Allen,0,0,"",""
ball,2,16.3,Denmark,Zameer Khan,FA Klokker,TP Allen,0,0,"",""
ball,2,16.4,Denmark,Zameer Khan,FA Klokker,TP Allen,0,0,"",""
ball,2,16.5,Denmark,Zameer Khan,FA Klokker,TP Allen,0,0,"",""
ball,2,16.6,Denmark,Zameer Khan,FA Klokker,TP Allen,1,0,"",""
ball,2,17.1,Denmark,Zameer Khan,FA Klokker,AAA Amsterdam,0,2,"",""
ball,2,17.2,Denmark,Zameer Khan,FA Klokker,AAA Amsterdam,0,0,"",""
ball,2,17.3,Denmark,Zameer Khan,FA Klokker,AAA Amsterdam,1,0,"",""
ball,2,17.4,Denmark,FA Klokker,Zameer Khan,AAA Amsterdam,0,0,"",""
ball,2,17.5,Denmark,FA Klokker,Zameer Khan,AAA Amsterdam,1,0,"",""
ball,2,17.6,Denmark,Zameer Khan,FA Klokker,AAA Amsterdam,1,0,"",""
ball,2,18.1,Denmark,Zameer Khan,FA Klokker,TP Allen,1,0,"",""
ball,2,18.2,Denmark,FA Klokker,Zameer Khan,TP Allen,1,0,"",""
ball,2,18.3,Denmark,Zameer Khan,FA Klokker,TP Allen,1,0,"",""
ball,2,18.4,Denmark,FA Klokker,Zameer Khan,TP Allen,4,0,"",""
ball,2,18.5,Denmark,FA Klokker,Zameer Khan,TP Allen,0,0,"",""
ball,2,18.6,Denmark,FA Klokker,Zameer Khan,TP Allen,1,0,"",""
ball,2,19.1,Denmark,FA Klokker,Zameer Khan,AAA Amsterdam,1,0,"",""
ball,2,19.2,Denmark,Zameer Khan,FA Klokker,AAA Amsterdam,0,0,"",""
ball,2,19.3,Denmark,Zameer Khan,FA Klokker,AAA Amsterdam,1,0,"",""
ball,2,19.4,Denmark,FA Klokker,Zameer Khan,AAA Amsterdam,1,0,"",""
ball,2,19.5,Denmark,Zameer Khan,FA Klokker,AAA Amsterdam,0,0,"",""
ball,2,19.6,Denmark,Zameer Khan,FA Klokker,AAA Amsterdam,0,0,"",""
ball,2,20.1,Denmark,FA Klokker,Zameer Khan,TP Allen,1,0,"",""
ball,2,20.2,Denmark,Zameer Khan,FA Klokker,TP Allen,1,0,"",""
ball,2,20.3,Denmark,FA Klokker,Zameer Khan,TP Allen,4,0,"",""
ball,2,20.4,Denmark,FA Klokker,Zameer Khan,TP Allen,4,0,"",""
ball,2,20.5,Denmark,FA Klokker,Zameer Khan,TP Allen,0,0,"",""
ball,2,20.6,Denmark,FA Klokker,Zameer Khan,TP Allen,0,0,"",""
ball,2,21.1,Denmark,Zameer Khan,FA Klokker,AAA Amsterdam,1,0,"",""
ball,2,21.2,Denmark,FA Klokker,Zameer Khan,AAA Amsterdam,1,0,"",""
ball,2,21.3,Denmark,Zameer Khan,FA Klokker,AAA Amsterdam,1,0,"",""
ball,2,21.4,Denmark,FA Klokker,Zameer Khan,AAA Amsterdam,0,0,"",""
ball,2,21.5,Denmark,FA Klokker,Zameer Khan,AAA Amsterdam,1,0,"",""
ball,2,21.6,Denmark,Zameer Khan,FA Klokker,AAA Amsterdam,3,0,"",""
ball,2,22.1,Denmark,Zameer Khan,FA Klokker,TP Allen,2,0,"",""
ball,2,22.2,Denmark,Zameer Khan,FA Klokker,TP Allen,1,0,"",""
ball,2,22.3,Denmark,FA Klokker,Zameer Khan,TP Allen,1,0,"",""
ball,2,22.4,Denmark,Zameer Khan,FA Klokker,TP Allen,0,0,"",""
ball,2,22.5,Denmark,Zameer Khan,FA Klokker,TP Allen,0,0,"",""
ball,2,22.6,Denmark,Zameer Khan,FA Klokker,TP Allen,0,0,"",""
ball,2,23.1,Denmark,FA Klokker,Zameer Khan,TK Patel,0,0,"",""
ball,2,23.2,Denmark,FA Klokker,Zameer Khan,TK Patel,0,0,"",""
ball,2,23.3,Denmark,FA Klokker,Zameer Khan,TK Patel,1,0,"",""
ball,2,23.4,Denmark,Zameer Khan,FA Klokker,TK Patel,2,0,"",""
ball,2,23.5,Denmark,Zameer Khan,FA Klokker,TK Patel,0,0,"",""
ball,2,23.6,Denmark,Zameer Khan,FA Klokker,TK Patel,0,0,"",""
ball,2,24.1,Denmark,FA Klokker,Zameer Khan,AAA Amsterdam,1,0,"",""
ball,2,24.2,Denmark,Zameer Khan,FA Klokker,AAA Amsterdam,0,1,"",""
ball,2,24.3,Denmark,Zameer Khan,FA Klokker,AAA Amsterdam,0,0,"",""
ball,2,24.4,Denmark,Zameer Khan,FA Klokker,AAA Amsterdam,0,0,"",""
ball,2,24.5,Denmark,Zameer Khan,FA Klokker,AAA Amsterdam,0,0,"",""
ball,2,24.6,Denmark,Zameer Khan,FA Klokker,AAA Amsterdam,1,0,"",""
ball,2,24.7,Denmark,FA Klokker,Zameer Khan,AAA Amsterdam,0,0,"",""
ball,2,25.1,Denmark,Zameer Khan,FA Klokker,TK Patel,0,0,"",""
ball,2,25.2,Denmark,Zameer Khan,FA Klokker,TK Patel,1,0,"",""
ball,2,25.3,Denmark,FA Klokker,Zameer Khan,TK Patel,0,0,"",""
ball,2,25.4,Denmark,FA Klokker,Zameer Khan,TK Patel,1,0,"",""
ball,2,25.5,Denmark,Zameer Khan,FA Klokker,TK Patel,0,0,"",""
ball,2,25.6,Denmark,Zameer Khan,FA Klokker,TK Patel,1,0,"",""
ball,2,26.1,Denmark,Zameer Khan,FA Klokker,AAA Amsterdam,0,0,"",""
ball,2,26.2,Denmark,Zameer Khan,FA Klokker,AAA Amsterdam,0,0,"",""
ball,2,26.3,Denmark,Zameer Khan,FA Klokker,AAA Amsterdam,1,0,"",""
ball,2,26.4,Denmark,FA Klokker,Zameer Khan,AAA Amsterdam,1,0,"",""
ball,2,26.5,Denmark,Zameer Khan,FA Klokker,AAA Amsterdam,0,0,"",""
ball,2,26.6,Denmark,Zameer Khan,FA Klokker,AAA Amsterdam,0,0,"",""
ball,2,27.1,Denmark,FA Klokker,Zameer Khan,TK Patel,1,0,"",""
ball,2,27.2,Denmark,Zameer Khan,FA Klokker,TK Patel,0,0,"",""
ball,2,27.3,Denmark,Zameer Khan,FA Klokker,TK Patel,0,0,"",""
ball,2,27.4,Denmark,Zameer Khan,FA Klokker,TK Patel,1,0,"",""
ball,2,27.5,Denmark,FA Klokker,Zameer Khan,TK Patel,0,0,"",""
ball,2,27.6,Denmark,FA Klokker,Zameer Khan,TK Patel,1,0,"",""
ball,2,28.1,Denmark,FA Klokker,Zameer Khan,AAA Amsterdam,6,0,"",""
ball,2,28.2,Denmark,FA Klokker,Zameer Khan,AAA Amsterdam,0,0,"",""
ball,2,28.3,Denmark,FA Klokker,Zameer Khan,AAA Amsterdam,0,0,"",""
ball,2,28.4,Denmark,FA Klokker,Zameer Khan,AAA Amsterdam,1,0,"",""
ball,2,28.5,Denmark,Zameer Khan,FA Klokker,AAA Amsterdam,1,0,"",""
ball,2,28.6,Denmark,FA Klokker,Zameer Khan,AAA Amsterdam,0,0,"",""
ball,2,29.1,Denmark,Zameer Khan,FA Klokker,TK Patel,2,0,"",""
ball,2,29.2,Denmark,Zameer Khan,FA Klokker,TK Patel,1,0,"",""
ball,2,29.3,Denmark,FA Klokker,Zameer Khan,TK Patel,1,0,"",""
ball,2,29.4,Denmark,Zameer Khan,FA Klokker,TK Patel,1,0,"",""
ball,2,29.5,Denmark,FA Klokker,Zameer Khan,TK Patel,1,0,"",""
ball,2,29.6,Denmark,Zameer Khan,FA Klokker,TK Patel,0,0,"",""
ball,2,30.1,Denmark,FA Klokker,Zameer Khan,AAA Amsterdam,4,0,"",""
ball,2,30.2,Denmark,FA Klokker,Zameer Khan,AAA Amsterdam,0,0,"",""
ball,2,30.3,Denmark,FA Klokker,Zameer Khan,AAA Amsterdam,0,0,"",""
ball,2,30.4,Denmark,FA Klokker,Zameer Khan,AAA Amsterdam,1,0,"",""
ball,2,30.5,Denmark,Zameer Khan,FA Klokker,AAA Amsterdam,0,0,"",""
ball,2,30.6,Denmark,Zameer Khan,FA Klokker,AAA Amsterdam,1,0,"",""
ball,2,31.1,Denmark,Zameer Khan,FA Klokker,TK Patel,1,0,"",""
ball,2,31.2,Denmark,FA Klokker,Zameer Khan,TK Patel,1,0,"",""
ball,2,31.3,Denmark,Zameer Khan,FA Klokker,TK Patel,1,0,"",""
ball,2,31.4,Denmark,FA Klokker,Zameer Khan,TK Patel,0,0,"",""
ball,2,31.5,Denmark,FA Klokker,Zameer Khan,TK Patel,2,0,"",""
ball,2,31.6,Denmark,FA Klokker,Zameer Khan,TK Patel,4,0,"",""
ball,2,32.1,Denmark,Zameer Khan,FA Klokker,EH Hutchinson,0,0,"",""
ball,2,32.2,Denmark,Zameer Khan,FA Klokker,EH Hutchinson,0,0,"",""
ball,2,32.3,Denmark,Zameer Khan,FA Klokker,EH Hutchinson,0,0,"",""
ball,2,32.4,Denmark,Zameer Khan,FA Klokker,EH Hutchinson,4,0,"",""
ball,2,32.5,Denmark,Zameer Khan,FA Klokker,EH Hutchinson,0,0,"",""
ball,2,32.6,Denmark,Zameer Khan,FA Klokker,EH Hutchinson,1,0,"",""
ball,2,33.1,Denmark,Zameer Khan,FA Klokker,TK Patel,1,0,"",""
ball,2,33.2,Denmark,FA Klokker,Zameer Khan,TK Patel,1,0,"",""
ball,2,33.3,Denmark,Zameer Khan,FA Klokker,TK Patel,1,0,"",""
ball,2,33.4,Denmark,FA Klokker,Zameer Khan,TK Patel,1,0,"",""
ball,2,33.5,Denmark,Zameer Khan,FA Klokker,TK Patel,1,0,"",""
ball,2,33.6,Denmark,FA Klokker,Zameer Khan,TK Patel,0,0,"",""
ball,2,34.1,Denmark,Zameer Khan,FA Klokker,EH Hutchinson,1,0,"",""
ball,2,34.2,Denmark,FA Klokker,Zameer Khan,EH Hutchinson,0,0,"",""
ball,2,34.3,Denmark,FA Klokker,Zameer Khan,EH Hutchinson,0,0,"",""
ball,2,34.4,Denmark,FA Klokker,Zameer Khan,EH Hutchinson,0,0,"",""
ball,2,34.5,Denmark,FA Klokker,Zameer Khan,EH Hutchinson,4,0,"",""
ball,2,34.6,Denmark,FA Klokker,Zameer Khan,EH Hutchinson,0,0,"",""
ball,2,35.1,Denmark,Zameer Khan,FA Klokker,TK Patel,1,0,"",""
ball,2,35.2,Denmark,FA Klokker,Zameer Khan,TK Patel,1,0,"",""
ball,2,35.3,Denmark,Zameer Khan,FA Klokker,TK Patel,0,0,"",""
ball,2,35.4,Denmark,Zameer Khan,FA Klokker,TK Patel,1,0,"",""
ball,2,35.5,Denmark,FA Klokker,Zameer Khan,TK Patel,4,0,"",""
ball,2,35.6,Denmark,FA Klokker,Zameer Khan,TK Patel,1,0,"",""
ball,2,36.1,Denmark,FA Klokker,Zameer Khan,Steven Ryan Taylor,0,0,"",""
ball,2,36.2,Denmark,FA Klokker,Zameer Khan,Steven Ryan Taylor,1,0,"",""
ball,2,36.3,Denmark,Zameer Khan,FA Klokker,Steven Ryan Taylor,0,0,"",""
ball,2,36.4,Denmark,Zameer Khan,FA Klokker,Steven Ryan Taylor,1,0,"",""
ball,2,36.5,Denmark,FA Klokker,Zameer Khan,Steven Ryan Taylor,1,0,"",""
ball,2,36.6,Denmark,Zameer Khan,FA Klokker,Steven Ryan Taylor,1,0,"",""
ball,2,37.1,Denmark,Zameer Khan,FA Klokker,TK Patel,1,0,"",""
ball,2,37.2,Denmark,FA Klokker,Zameer Khan,TK Patel,0,2,"",""
ball,2,37.3,Denmark,FA Klokker,Zameer Khan,TK Patel,1,0,"",""
ball,2,37.4,Denmark,Zameer Khan,FA Klokker,TK Patel,0,0,"",""
ball,2,37.5,Denmark,Zameer Khan,FA Klokker,TK Patel,1,0,"",""
ball,2,37.6,Denmark,FA Klokker,Zameer Khan,TK Patel,0,0,"",""
ball,2,38.1,Denmark,Zameer Khan,FA Klokker,Steven Ryan Taylor,0,1,"",""
ball,2,38.2,Denmark,Zameer Khan,FA Klokker,Steven Ryan Taylor,2,0,"",""
ball,2,38.3,Denmark,Zameer Khan,FA Klokker,Steven Ryan Taylor,1,0,"",""
ball,2,38.4,Denmark,FA Klokker,Zameer Khan,Steven Ryan Taylor,1,0,"",""
ball,2,38.5,Denmark,Zameer Khan,FA Klokker,Steven Ryan Taylor,1,0,"",""
ball,2,38.6,Denmark,FA Klokker,Zameer Khan,Steven Ryan Taylor,0,0,"",""
ball,2,38.7,Denmark,FA Klokker,Zameer Khan,Steven Ryan Taylor,1,0,"",""
ball,2,39.1,Denmark,FA Klokker,Zameer Khan,Ali Khan,0,1,"",""
ball,2,39.2,Denmark,Zameer Khan,FA Klokker,Ali Khan,1,0,"",""
ball,2,39.3,Denmark,FA Klokker,Zameer Khan,Ali Khan,0,0,"",""
ball,2,39.4,Denmark,FA Klokker,Zameer Khan,Ali Khan,1,1,"",""
ball,2,39.5,Denmark,Zameer Khan,FA Klokker,Ali Khan,1,0,"",""
ball,2,39.6,Denmark,FA Klokker,Zameer Khan,Ali Khan,0,1,"",""
ball,2,39.7,Denmark,FA Klokker,Zameer Khan,Ali Khan,4,0,"",""
ball,2,39.8,Denmark,FA Klokker,Zameer Khan,Ali Khan,0,0,bowled,FA Klokker
ball,2,40.1,Denmark,Zameer Khan,SA Ahmad,Steven Ryan Taylor,0,0,"",""
ball,2,40.2,Denmark,Zameer Khan,SA Ahmad,Steven Ryan Taylor,2,0,"",""
ball,2,40.3,Denmark,Zameer Khan,SA Ahmad,Steven Ryan Taylor,0,0,"",""
ball,2,40.4,Denmark,Zameer Khan,SA Ahmad,Steven Ryan Taylor,1,0,"",""
ball,2,40.5,Denmark,SA Ahmad,Zameer Khan,Steven Ryan Taylor,0,0,"",""
ball,2,40.6,Denmark,SA Ahmad,Zameer Khan,Steven Ryan Taylor,0,0,"",""
ball,2,41.1,Denmark,Zameer Khan,SA Ahmad,Ali Khan,1,0,"",""
ball,2,41.2,Denmark,SA Ahmad,Zameer Khan,Ali Khan,0,0,"",""
ball,2,41.3,Denmark,SA Ahmad,Zameer Khan,Ali Khan,4,0,"",""
ball,2,41.4,Denmark,SA Ahmad,Zameer Khan,Ali Khan,1,0,"",""
ball,2,41.5,Denmark,Zameer Khan,SA Ahmad,Ali Khan,1,0,"",""
ball,2,41.6,Denmark,SA Ahmad,Zameer Khan,Ali Khan,0,0,"",""
ball,2,42.1,Denmark,Zameer Khan,SA Ahmad,Steven Ryan Taylor,1,0,"",""
ball,2,42.2,Denmark,SA Ahmad,Zameer Khan,Steven Ryan Taylor,0,0,"",""
ball,2,42.3,Denmark,SA Ahmad,Zameer Khan,Steven Ryan Taylor,0,0,caught,SA Ahmad
ball,2,42.4,Denmark,Yasir Iqbal,Zameer Khan,Steven Ryan Taylor,1,0,"",""
ball,2,42.5,Denmark,Zameer Khan,Yasir Iqbal,Steven Ryan Taylor,1,0,"",""
ball,2,42.6,Denmark,Yasir Iqbal,Zameer Khan,Steven Ryan Taylor,0,1,"",""
ball,2,42.7,Denmark,Yasir Iqbal,Zameer Khan,Steven Ryan Taylor,0,0,"",""
ball,2,43.1,Denmark,Zameer Khan,Yasir Iqbal,TK Patel,2,0,"",""
ball,2,43.2,Denmark,Zameer Khan,Yasir Iqbal,TK Patel,0,0,"",""
ball,2,43.3,Denmark,Zameer Khan,Yasir Iqbal,TK Patel,1,0,"",""
ball,2,43.4,Denmark,Yasir Iqbal,Zameer Khan,TK Patel,1,0,"",""
ball,2,43.5,Denmark,Zameer Khan,Yasir Iqbal,TK Patel,0,0,"",""
ball,2,43.6,Denmark,Zameer Khan,Yasir Iqbal,TK Patel,2,0,"",""
ball,2,44.1,Denmark,Yasir Iqbal,Zameer Khan,TP Allen,0,0,"",""
ball,2,44.2,Denmark,Yasir Iqbal,Zameer Khan,TP Allen,1,0,"",""
ball,2,44.3,Denmark,Zameer Khan,Yasir Iqbal,TP Allen,1,0,"",""
ball,2,44.4,Denmark,Yasir Iqbal,Zameer Khan,TP Allen,0,0,run out,Yasir Iqbal
ball,2,44.5,Denmark,Zameer Khan,A Bulow,TP Allen,0,0,"",""
ball,2,44.6,Denmark,Zameer Khan,A Bulow,TP Allen,2,0,"",""
ball,2,45.1,Denmark,A Bulow,Zameer Khan,TK Patel,0,0,"",""
ball,2,45.2,Denmark,A Bulow,Zameer Khan,TK Patel,0,0,"",""
ball,2,45.3,Denmark,A Bulow,Zameer Khan,TK Patel,2,0,"",""
ball,2,45.4,Denmark,A Bulow,Zameer Khan,TK Patel,0,0,"",""
ball,2,45.5,Denmark,A Bulow,Zameer Khan,TK Patel,1,0,"",""
ball,2,45.6,Denmark,Zameer Khan,A Bulow,TK Patel,2,0,"",""
ball,2,46.1,Denmark,A Bulow,Zameer Khan,TP Allen,0,0,bowled,A Bulow
ball,2,46.2,Denmark,RB Javed,Zameer Khan,TP Allen,1,0,"",""
ball,2,46.3,Denmark,Zameer Khan,RB Javed,TP Allen,1,0,"",""
ball,2,46.4,Denmark,RB Javed,Zameer Khan,TP Allen,1,0,"",""
ball,2,46.5,Denmark,Zameer Khan,RB Javed,TP Allen,0,0,"",""
ball,2,46.6,Denmark,Zameer Khan,RB Javed,TP Allen,0,0,"",""
ball,2,47.1,Denmark,RB Javed,Zameer Khan,Ali Khan,1,0,"",""
ball,2,47.2,Denmark,Zameer Khan,RB Javed,Ali Khan,4,0,"",""
ball,2,47.3,Denmark,Zameer Khan,RB Javed,Ali Khan,0,0,"",""
ball,2,47.4,Denmark,Zameer Khan,RB Javed,Ali Khan,0,2,"",""
ball,2,47.5,Denmark,Zameer Khan,RB Javed,Ali Khan,1,0,"",""
ball,2,47.6,Denmark,RB Javed,Zameer Khan,Ali Khan,0,0,"",""
ball,2,48.1,Denmark,Zameer Khan,RB Javed,TP Allen,0,0,"",""
ball,2,48.2,Denmark,Zameer Khan,RB Javed,TP Allen,1,0,"",""
ball,2,48.3,Denmark,RB Javed,Zameer Khan,TP Allen,1,0,"",""
