version,1.3.0
info,team,United States of America
info,team,Oman
info,gender,male
info,season,2016/17
info,date,2016/11/01
info,competition,ICC World Cricket League Division Four
info,venue,"Wright Cricket Field, Woodley Park"
info,city,Los Angeles
info,toss_winner,United States of America
info,toss_decision,field
info,player_of_match,Steven Ryan Taylor
info,umpire,Iftikhar Ali
info,umpire,JM Williams
info,reserve_umpire,GO Brathwaite
info,match_referee,D Govindjee
info,winner,United States of America
info,winner_wickets,8
ball,1,0.1,Oman,Zeeshan Maqsood,A Poulose,Ali Khan,0,1,"",""
ball,1,0.2,Oman,Zeeshan Maqsood,A Poulose,Ali Khan,0,0,"",""
ball,1,0.3,Oman,Zeeshan Maqsood,A Poulose,Ali Khan,0,0,"",""
ball,1,0.4,Oman,Zeeshan Maqsood,A Poulose,Ali Khan,0,0,"",""
ball,1,0.5,Oman,Zeeshan Maqsood,A Poulose,Ali Khan,0,0,"",""
ball,1,0.6,Oman,Zeeshan Maqsood,A Poulose,Ali Khan,0,0,"",""
ball,1,0.7,Oman,Zeeshan Maqsood,A Poulose,Ali Khan,0,0,bowled,Zeeshan Maqsood
ball,1,1.1,Oman,A Poulose,SS Khadye,TP Allen,0,0,"",""
ball,1,1.2,Oman,A Poulose,SS Khadye,TP Allen,0,0,"",""
ball,1,1.3,Oman,A Poulose,SS Khadye,TP Allen,4,0,"",""
ball,1,1.4,Oman,A Poulose,SS Khadye,TP Allen,0,0,"",""
ball,1,1.5,Oman,A Poulose,SS Khadye,TP Allen,4,0,"",""
ball,1,1.6,Oman,A Poulose,SS Khadye,TP Allen,0,0,"",""
ball,1,2.1,Oman,SS Khadye,A Poulose,Ali Khan,0,1,"",""
ball,1,2.2,Oman,SS Khadye,A Poulose,Ali Khan,0,0,"",""
ball,1,2.3,Oman,SS Khadye,A Poulose,Ali Khan,0,0,"",""
ball,1,2.4,Oman,SS Khadye,A Poulose,Ali Khan,0,0,"",""
ball,1,2.5,Oman,SS Khadye,A Poulose,Ali Khan,2,0,"",""
ball,1,2.6,Oman,SS Khadye,A Poulose,Ali Khan,0,0,"",""
ball,1,2.7,Oman,SS Khadye,A Poulose,Ali Khan,0,0,"",""
ball,1,3.1,Oman,A Poulose,SS Khadye,TP Allen,0,0,"",""
ball,1,3.2,Oman,A Poulose,SS Khadye,TP Allen,0,0,"",""
ball,1,3.3,Oman,A Poulose,SS Khadye,TP Allen,0,0,"",""
ball,1,3.4,Oman,A Poulose,SS Khadye,TP Allen,0,0,"",""
ball,1,3.5,Oman,A Poulose,SS Khadye,TP Allen,0,0,"",""
ball,1,3.6,Oman,A Poulose,SS Khadye,TP Allen,0,0,"",""
ball,1,4.1,Oman,SS Khadye,A Poulose,Ali Khan,0,0,"",""
ball,1,4.2,Oman,SS Khadye,A Poulose,Ali Khan,1,0,"",""
ball,1,4.3,Oman,A Poulose,SS Khadye,Ali Khan,4,0,"",""
ball,1,4.4,Oman,A Poulose,SS Khadye,Ali Khan,0,0,"",""
ball,1,4.5,Oman,A Poulose,SS Khadye,Ali Khan,0,0,"",""
ball,1,4.6,Oman,A Poulose,SS Khadye,Ali Khan,0,0,"",""
ball,1,5.1,Oman,SS Khadye,A Poulose,TP Allen,0,0,"",""
ball,1,5.2,Oman,SS Khadye,A Poulose,TP Allen,0,0,"",""
ball,1,5.3,Oman,SS Khadye,A Poulose,TP Allen,0,0,"",""
ball,1,5.4,Oman,SS Khadye,A Poulose,TP Allen,0,0,"",""
ball,1,5.5,Oman,SS Khadye,A Poulose,TP Allen,0,0,"",""
ball,1,5.6,Oman,SS Khadye,A Poulose,TP Allen,0,0,"",""
ball,1,6.1,Oman,A Poulose,SS Khadye,Ali Khan,0,0,"",""
ball,1,6.2,Oman,A Poulose,SS Khadye,Ali Khan,0,0,"",""
ball,1,6.3,Oman,A Poulose,SS Khadye,Ali Khan,4,0,"",""
ball,1,6.4,Oman,A Poulose,SS Khadye,Ali Khan,0,0,"",""
ball,1,6.5,Oman,A Poulose,SS Khadye,Ali Khan,0,0,"",""
ball,1,6.6,Oman,A Poulose,SS Khadye,Ali Khan,0,0,"",""
ball,1,7.1,Oman,SS Khadye,A Poulose,TP Allen,0,0,"",""
ball,1,7.2,Oman,SS Khadye,A Poulose,TP Allen,1,0,"",""
ball,1,7.3,Oman,A Poulose,SS Khadye,TP Allen,0,0,"",""
ball,1,7.4,Oman,A Poulose,SS Khadye,TP Allen,0,0,"",""
ball,1,7.5,Oman,A Poulose,SS Khadye,TP Allen,1,0,"",""
ball,1,7.6,Oman,SS Khadye,A Poulose,TP Allen,0,0,"",""
ball,1,8.1,Oman,A Poulose,SS Khadye,Ali Khan,0,0,"",""
ball,1,8.2,Oman,A Poulose,SS Khadye,Ali Khan,1,0,"",""
ball,1,8.3,Oman,SS Khadye,A Poulose,Ali Khan,4,0,"",""
ball,1,8.4,Oman,SS Khadye,A Poulose,Ali Khan,1,0,"",""
ball,1,8.5,Oman,A Poulose,SS Khadye,Ali Khan,0,0,caught and bowled,A Poulose
ball,1,8.6,Oman,Khawar Ali,SS Khadye,Ali Khan,0,0,"",""
ball,1,9.1,Oman,SS Khadye,Khawar Ali,TP Allen,0,0,"",""
ball,1,9.2,Oman,SS Khadye,Khawar Ali,TP Allen,0,0,"",""
ball,1,9.3,Oman,SS Khadye,Khawar Ali,TP Allen,1,0,"",""
ball,1,9.4,Oman,Khawar Ali,SS Khadye,TP Allen,4,0,"",""
ball,1,9.5,Oman,Khawar Ali,SS Khadye,TP Allen,1,0,"",""
ball,1,9.6,Oman,SS Khadye,Khawar Ali,TP Allen,0,0,"",""
ball,1,10.1,Oman,Khawar Ali,SS Khadye,Ali Khan,4,0,"",""
ball,1,10.2,Oman,Khawar Ali,SS Khadye,Ali Khan,0,0,"",""
ball,1,10.3,Oman,Khawar Ali,SS Khadye,Ali Khan,0,0,"",""
ball,1,10.4,Oman,Khawar Ali,SS Khadye,Ali Khan,0,0,"",""
ball,1,10.5,Oman,Khawar Ali,SS Khadye,Ali Khan,0,0,"",""
ball,1,10.6,Oman,Khawar Ali,SS Khadye,Ali Khan,4,0,"",""
ball,1,11.1,Oman,SS Khadye,Khawar Ali,Danial Ahmed,0,0,"",""
ball,1,11.2,Oman,SS Khadye,Khawar Ali,Danial Ahmed,4,0,"",""
ball,1,11.3,Oman,SS Khadye,Khawar Ali,Danial Ahmed,0,0,"",""
ball,1,11.4,Oman,SS Khadye,Khawar Ali,Danial Ahmed,0,0,"",""
ball,1,11.5,Oman,SS Khadye,Khawar Ali,Danial Ahmed,0,0,"",""
ball,1,11.6,Oman,SS Khadye,Khawar Ali,Danial Ahmed,0,0,"",""
ball,1,12.1,Oman,Khawar Ali,SS Khadye,EH Hutchinson,1,0,"",""
ball,1,12.2,Oman,SS Khadye,Khawar Ali,EH Hutchinson,0,0,"",""
ball,1,12.3,Oman,SS Khadye,Khawar Ali,EH Hutchinson,0,0,"",""
ball,1,12.4,Oman,SS Khadye,Khawar Ali,EH Hutchinson,0,0,"",""
ball,1,12.5,Oman,SS Khadye,Khawar Ali,EH Hutchinson,0,0,"",""
ball,1,12.6,Oman,SS Khadye,Khawar Ali,EH Hutchinson,1,0,"",""
ball,1,13.1,Oman,SS Khadye,Khawar Ali,Danial Ahmed,0,0,"",""
ball,1,13.2,Oman,SS Khadye,Khawar Ali,Danial Ahmed,1,0,"",""
ball,1,13.3,Oman,Khawar Ali,SS Khadye,Danial Ahmed,0,0,"",""
ball,1,13.4,Oman,Khawar Ali,SS Khadye,Danial Ahmed,1,0,"",""
ball,1,13.5,Oman,SS Khadye,Khawar Ali,Danial Ahmed,0,0,"",""
ball,1,13.6,Oman,SS Khadye,Khawar Ali,Danial Ahmed,0,0,"",""
ball,1,14.1,Oman,Khawar Ali,SS Khadye,EH Hutchinson,1,0,"",""
ball,1,14.2,Oman,SS Khadye,Khawar Ali,EH Hutchinson,0,0,"",""
ball,1,14.3,Oman,SS Khadye,Khawar Ali,EH Hutchinson,0,0,"",""
ball,1,14.4,Oman,SS Khadye,Khawar Ali,EH Hutchinson,0,0,"",""
ball,1,14.5,Oman,SS Khadye,Khawar Ali,EH Hutchinson,0,0,"",""
ball,1,14.6,Oman,SS Khadye,Khawar Ali,EH Hutchinson,0,1,"",""
ball,1,14.7,Oman,SS Khadye,Khawar Ali,EH Hutchinson,0,0,"",""
ball,1,15.1,Oman,Khawar Ali,SS Khadye,Danial Ahmed,0,0,"",""
ball,1,15.2,Oman,Khawar Ali,SS Khadye,Danial Ahmed,1,0,"",""
ball,1,15.3,Oman,SS Khadye,Khawar Ali,Danial Ahmed,2,0,"",""
ball,1,15.4,Oman,SS Khadye,Khawar Ali,Danial Ahmed,0,0,"",""
ball,1,15.5,Oman,SS Khadye,Khawar Ali,Danial Ahmed,1,0,"",""
ball,1,15.6,Oman,Khawar Ali,SS Khadye,Danial Ahmed,0,0,"",""
ball,1,16.1,Oman,SS Khadye,Khawar Ali,EH Hutchinson,0,0,"",""
ball,1,16.2,Oman,SS Khadye,Khawar Ali,EH Hutchinson,0,0,"",""
ball,1,16.3,Oman,SS Khadye,Khawar Ali,EH Hutchinson,0,1,"",""
ball,1,16.4,Oman,Khawar Ali,SS Khadye,EH Hutchinson,1,0,"",""
ball,1,16.5,Oman,SS Khadye,Khawar Ali,EH Hutchinson,0,0,"",""
ball,1,16.6,Oman,SS Khadye,Khawar Ali,EH Hutchinson,0,1,"",""
ball,1,17.1,Oman,SS Khadye,Khawar Ali,Danial Ahmed,0,0,"",""
ball,1,17.2,Oman,SS Khadye,Khawar Ali,Danial Ahmed,1,0,"",""
ball,1,17.3,Oman,Khawar Ali,SS Khadye,Danial Ahmed,0,0,"",""
ball,1,17.4,Oman,Khawar Ali,SS Khadye,Danial Ahmed,0,0,"",""
ball,1,17.5,Oman,Khawar Ali,SS Khadye,Danial Ahmed,0,0,"",""
ball,1,17.6,Oman,Khawar Ali,SS Khadye,Danial Ahmed,1,0,"",""
ball,1,18.1,Oman,Khawar Ali,SS Khadye,EH Hutchinson,0,0,"",""
ball,1,18.2,Oman,Khawar Ali,SS Khadye,EH Hutchinson,0,0,"",""
ball,1,18.3,Oman,Khawar Ali,SS Khadye,EH Hutchinson,0,1,"",""
ball,1,18.4,Oman,SS Khadye,Khawar Ali,EH Hutchinson,0,0,"",""
ball,1,18.5,Oman,SS Khadye,Khawar Ali,EH Hutchinson,1,0,"",""
ball,1,18.6,Oman,Khawar Ali,SS Khadye,EH Hutchinson,0,0,"",""
ball,1,19.1,Oman,SS Khadye,Khawar Ali,Danial Ahmed,0,2,"",""
ball,1,19.2,Oman,Khawar Ali,SS Khadye,Danial Ahmed,0,0,"",""
ball,1,19.3,Oman,Khawar Ali,SS Khadye,Danial Ahmed,0,0,"",""
ball,1,19.4,Oman,Khawar Ali,SS Khadye,Danial Ahmed,1,0,"",""
ball,1,19.5,Oman,SS Khadye,Khawar Ali,Danial Ahmed,1,0,"",""
ball,1,19.6,Oman,Khawar Ali,SS Khadye,Danial Ahmed,1,0,"",""
ball,1,19.7,Oman,SS Khadye,Khawar Ali,Danial Ahmed,1,0,"",""
ball,1,20.1,Oman,SS Khadye,Khawar Ali,EH Hutchinson,1,0,"",""
ball,1,20.2,Oman,Khawar Ali,SS Khadye,EH Hutchinson,1,0,"",""
ball,1,20.3,Oman,SS Khadye,Khawar Ali,EH Hutchinson,2,0,"",""
ball,1,20.4,Oman,SS Khadye,Khawar Ali,EH Hutchinson,1,0,"",""
ball,1,20.5,Oman,Khawar Ali,SS Khadye,EH Hutchinson,0,0,caught,Khawar Ali
ball,1,20.6,Oman,Zeeshan Siddiqui,SS Khadye,EH Hutchinson,0,0,"",""
ball,1,21.1,Oman,SS Khadye,Zeeshan Siddiqui,Danial Ahmed,1,0,"",""
ball,1,21.2,Oman,Zeeshan Siddiqui,SS Khadye,Danial Ahmed,0,0,"",""
ball,1,21.3,Oman,Zeeshan Siddiqui,SS Khadye,Danial Ahmed,0,0,"",""
ball,1,21.4,Oman,Zeeshan Siddiqui,SS Khadye,Danial Ahmed,4,0,"",""
ball,1,21.5,Oman,Zeeshan Siddiqui,SS Khadye,Danial Ahmed,0,0,"",""
ball,1,21.6,Oman,Zeeshan Siddiqui,SS Khadye,Danial Ahmed,0,0,"",""
ball,1,22.1,Oman,SS Khadye,Zeeshan Siddiqui,EH Hutchinson,1,0,"",""
ball,1,22.2,Oman,Zeeshan Siddiqui,SS Khadye,EH Hutchinson,0,1,"",""
ball,1,22.3,Oman,SS Khadye,Zeeshan Siddiqui,EH Hutchinson,0,0,"",""
ball,1,22.4,Oman,SS Khadye,Zeeshan Siddiqui,EH Hutchinson,0,0,"",""
ball,1,22.5,Oman,SS Khadye,Zeeshan Siddiqui,EH Hutchinson,0,0,"",""
ball,1,22.6,Oman,SS Khadye,Zeeshan Siddiqui,EH Hutchinson,1,0,"",""
ball,1,23.1,Oman,SS Khadye,Zeeshan Siddiqui,Danial Ahmed,0,0,"",""
ball,1,23.2,Oman,SS Khadye,Zeeshan Siddiqui,Danial Ahmed,0,0,"",""
ball,1,23.3,Oman,SS Khadye,Zeeshan Siddiqui,Danial Ahmed,1,0,"",""
ball,1,23.4,Oman,Zeeshan Siddiqui,SS Khadye,Danial Ahmed,0,0,"",""
ball,1,23.5,Oman,Zeeshan Siddiqui,SS Khadye,Danial Ahmed,0,0,"",""
ball,1,23.6,Oman,Zeeshan Siddiqui,SS Khadye,Danial Ahmed,0,0,"",""
ball,1,24.1,Oman,SS Khadye,Zeeshan Siddiqui,TP Allen,0,0,"",""
ball,1,24.2,Oman,SS Khadye,Zeeshan Siddiqui,TP Allen,1,0,"",""
ball,1,24.3,Oman,Zeeshan Siddiqui,SS Khadye,TP Allen,0,0,"",""
ball,1,24.4,Oman,Zeeshan Siddiqui,SS Khadye,TP Allen,4,0,"",""
ball,1,24.5,Oman,Zeeshan Siddiqui,SS Khadye,TP Allen,0,0,"",""
ball,1,24.6,Oman,Zeeshan Siddiqui,SS Khadye,TP Allen,0,0,"",""
ball,1,25.1,Oman,SS Khadye,Zeeshan Siddiqui,Danial Ahmed,0,0,"",""
ball,1,25.2,Oman,SS Khadye,Zeeshan Siddiqui,Danial Ahmed,0,0,"",""
ball,1,25.3,Oman,SS Khadye,Zeeshan Siddiqui,Danial Ahmed,0,0,"",""
ball,1,25.4,Oman,SS Khadye,Zeeshan Siddiqui,Danial Ahmed,0,0,"",""
ball,1,25.5,Oman,SS Khadye,Zeeshan Siddiqui,Danial Ahmed,1,0,"",""
ball,1,25.6,Oman,Zeeshan Siddiqui,SS Khadye,Danial Ahmed,0,0,"",""
ball,1,26.1,Oman,SS Khadye,Zeeshan Siddiqui,TP Allen,1,0,"",""
ball,1,26.2,Oman,Zeeshan Siddiqui,SS Khadye,TP Allen,0,0,"",""
ball,1,26.3,Oman,Zeeshan Siddiqui,SS Khadye,TP Allen,1,0,"",""
ball,1,26.4,Oman,SS Khadye,Zeeshan Siddiqui,TP Allen,0,0,"",""
ball,1,26.5,Oman,SS Khadye,Zeeshan Siddiqui,TP Allen,0,0,"",""
ball,1,26.6,Oman,SS Khadye,Zeeshan Siddiqui,TP Allen,0,0,"",""
ball,1,27.1,Oman,Zeeshan Siddiqui,SS Khadye,Danial Ahmed,1,0,"",""
ball,1,27.2,Oman,SS Khadye,Zeeshan Siddiqui,Danial Ahmed,2,0,"",""
ball,1,27.3,Oman,SS Khadye,Zeeshan Siddiqui,Danial Ahmed,0,0,"",""
ball,1,27.4,Oman,SS Khadye,Zeeshan Siddiqui,Danial Ahmed,0,0,"",""
ball,1,27.5,Oman,SS Khadye,Zeeshan Siddiqui,Danial Ahmed,0,0,"",""
ball,1,27.6,Oman,SS Khadye,Zeeshan Siddiqui,Danial Ahmed,0,0,"",""
ball,1,28.1,Oman,Zeeshan Siddiqui,SS Khadye,Steven Ryan Taylor,4,0,"",""
ball,1,28.2,Oman,Zeeshan Siddiqui,SS Khadye,Steven Ryan Taylor,1,0,"",""
ball,1,28.3,Oman,SS Khadye,Zeeshan Siddiqui,Steven Ryan Taylor,0,0,bowled,SS Khadye
ball,1,28.4,Oman,Jatinder Singh,Zeeshan Siddiqui,Steven Ryan Taylor,1,0,"",""
ball,1,28.5,Oman,Zeeshan Siddiqui,Jatinder Singh,Steven Ryan Taylor,0,0,"",""
ball,1,28.6,Oman,Zeeshan Siddiqui,Jatinder Singh,Steven Ryan Taylor,0,0,"",""
ball,1,29.1,Oman,Jatinder Singh,Zeeshan Siddiqui,Danial Ahmed,1,0,"",""
ball,1,29.2,Oman,Zeeshan Siddiqui,Jatinder Singh,Danial Ahmed,0,0,"",""
ball,1,29.3,Oman,Zeeshan Siddiqui,Jatinder Singh,Danial Ahmed,0,0,"",""
ball,1,29.4,Oman,Zeeshan Siddiqui,Jatinder Singh,Danial Ahmed,0,0,"",""
ball,1,29.5,Oman,Zeeshan Siddiqui,Jatinder Singh,Danial Ahmed,0,0,"",""
ball,1,29.6,Oman,Zeeshan Siddiqui,Jatinder Singh,Danial Ahmed,0,0,"",""
ball,1,30.1,Oman,Jatinder Singh,Zeeshan Siddiqui,Steven Ryan Taylor,0,0,"",""
ball,1,30.2,Oman,Jatinder Singh,Zeeshan Siddiqui,Steven Ryan Taylor,1,0,"",""
ball,1,30.3,Oman,Zeeshan Siddiqui,Jatinder Singh,Steven Ryan Taylor,0,0,"",""
ball,1,30.4,Oman,Zeeshan Siddiqui,Jatinder Singh,Steven Ryan Taylor,0,0,"",""
ball,1,30.5,Oman,Zeeshan Siddiqui,Jatinder Singh,Steven Ryan Taylor,0,0,"",""
ball,1,30.6,Oman,Zeeshan Siddiqui,Jatinder Singh,Steven Ryan Taylor,4,0,"",""
ball,1,31.1,Oman,Jatinder Singh,Zeeshan Siddiqui,TK Patel,2,0,"",""
ball,1,31.2,Oman,Jatinder Singh,Zeeshan Siddiqui,TK Patel,1,0,"",""
ball,1,31.3,Oman,Zeeshan Siddiqui,Jatinder Singh,TK Patel,1,0,"",""
ball,1,31.4,Oman,Jatinder Singh,Zeeshan Siddiqui,TK Patel,0,0,"",""
ball,1,31.5,Oman,Jatinder Singh,Zeeshan Siddiqui,TK Patel,1,0,"",""
ball,1,31.6,Oman,Zeeshan Siddiqui,Jatinder Singh,TK Patel,1,0,"",""
ball,1,32.1,Oman,Zeeshan Siddiqui,Jatinder Singh,Steven Ryan Taylor,1,0,"",""
ball,1,32.2,Oman,Jatinder Singh,Zeeshan Siddiqui,Steven Ryan Taylor,0,0,"",""
ball,1,32.3,Oman,Jatinder Singh,Zeeshan Siddiqui,Steven Ryan Taylor,1,0,"",""
ball,1,32.4,Oman,Zeeshan Siddiqui,Jatinder Singh,Steven Ryan Taylor,0,0,"",""
ball,1,32.5,Oman,Zeeshan Siddiqui,Jatinder Singh,Steven Ryan Taylor,0,0,"",""
ball,1,32.6,Oman,Zeeshan Siddiqui,Jatinder Singh,Steven Ryan Taylor,0,0,"",""
ball,1,33.1,Oman,Jatinder Singh,Zeeshan Siddiqui,TK Patel,0,0,"",""
ball,1,33.2,Oman,Jatinder Singh,Zeeshan Siddiqui,TK Patel,4,0,"",""
ball,1,33.3,Oman,Jatinder Singh,Zeeshan Siddiqui,TK Patel,0,0,"",""
ball,1,33.4,Oman,Jatinder Singh,Zeeshan Siddiqui,TK Patel,1,0,"",""
ball,1,33.5,Oman,Zeeshan Siddiqui,Jatinder Singh,TK Patel,0,0,caught,Zeeshan Siddiqui
ball,1,33.6,Oman,Amir Ali,Jatinder Singh,TK Patel,0,0,"",""
ball,1,34.1,Oman,Jatinder Singh,Amir Ali,Steven Ryan Taylor,1,0,"",""
ball,1,34.2,Oman,Amir Ali,Jatinder Singh,Steven Ryan Taylor,0,0,"",""
ball,1,34.3,Oman,Amir Ali,Jatinder Singh,Steven Ryan Taylor,1,0,"",""
ball,1,34.4,Oman,Jatinder Singh,Amir Ali,Steven Ryan Taylor,0,0,"",""
ball,1,34.5,Oman,Jatinder Singh,Amir Ali,Steven Ryan Taylor,1,0,"",""
ball,1,34.6,Oman,Amir Ali,Jatinder Singh,Steven Ryan Taylor,1,0,"",""
ball,1,35.1,Oman,Amir Ali,Jatinder Singh,TK Patel,0,0,"",""
ball,1,35.2,Oman,Amir Ali,Jatinder Singh,TK Patel,0,0,"",""
ball,1,35.3,Oman,Amir Ali,Jatinder Singh,TK Patel,0,0,"",""
ball,1,35.4,Oman,Amir Ali,Jatinder Singh,TK Patel,0,0,"",""
ball,1,35.5,Oman,Amir Ali,Jatinder Singh,TK Patel,0,0,"",""
ball,1,35.6,Oman,Amir Ali,Jatinder Singh,TK Patel,1,0,"",""
ball,1,36.1,Oman,Amir Ali,Jatinder Singh,Steven Ryan Taylor,0,1,"",""
ball,1,36.2,Oman,Amir Ali,Jatinder Singh,Steven Ryan Taylor,0,0,"",""
ball,1,36.3,Oman,Amir Ali,Jatinder Singh,Steven Ryan Taylor,0,4,"",""
ball,1,36.4,Oman,Amir Ali,Jatinder Singh,Steven Ryan Taylor,1,0,"",""
ball,1,36.5,Oman,Jatinder Singh,Amir Ali,Steven Ryan Taylor,1,0,"",""
ball,1,36.6,Oman,Amir Ali,Jatinder Singh,Steven Ryan Taylor,0,0,"",""
ball,1,36.7,Oman,Amir Ali,Jatinder Singh,Steven Ryan Taylor,0,0,"",""
ball,1,37.1,Oman,Jatinder Singh,Amir Ali,TK Patel,0,0,"",""
ball,1,37.2,Oman,Jatinder Singh,Amir Ali,TK Patel,0,0,"",""
ball,1,37.3,Oman,Jatinder Singh,Amir Ali,TK Patel,1,0,"",""
ball,1,37.4,Oman,Amir Ali,Jatinder Singh,TK Patel,0,0,caught,Amir Ali
ball,1,37.5,Oman,Jatinder Singh,AV Lalcheta,TK Patel,0,0,"",""
ball,1,37.6,Oman,Jatinder Singh,AV Lalcheta,TK Patel,0,0,"",""
ball,1,38.1,Oman,AV Lalcheta,Jatinder Singh,Steven Ryan Taylor,0,0,"",""
ball,1,38.2,Oman,AV Lalcheta,Jatinder Singh,Steven Ryan Taylor,0,0,"",""
ball,1,38.3,Oman,AV Lalcheta,Jatinder Singh,Steven Ryan Taylor,0,2,"",""
ball,1,38.4,Oman,Jatinder Singh,AV Lalcheta,Steven Ryan Taylor,0,0,"",""
ball,1,38.5,Oman,Jatinder Singh,AV Lalcheta,Steven Ryan Taylor,0,1,"",""
ball,1,38.6,Oman,Jatinder Singh,AV Lalcheta,Steven Ryan Taylor,1,0,"",""
ball,1,38.7,Oman,AV Lalcheta,Jatinder Singh,Steven Ryan Taylor,1,0,"",""
ball,1,38.8,Oman,Jatinder Singh,AV Lalcheta,Steven Ryan Taylor,0,0,"",""
ball,1,39.1,Oman,AV Lalcheta,Jatinder Singh,TK Patel,0,0,"",""
ball,1,39.2,Oman,AV Lalcheta,Jatinder Singh,TK Patel,0,0,"",""
ball,1,39.3,Oman,AV Lalcheta,Jatinder Singh,TK Patel,0,0,"",""
ball,1,39.4,Oman,AV Lalcheta,Jatinder Singh,TK Patel,1,0,"",""
ball,1,39.5,Oman,Jatinder Singh,AV Lalcheta,TK Patel,0,0,"",""
ball,1,39.6,Oman,Jatinder Singh,AV Lalcheta,TK Patel,0,0,caught,Jatinder Singh
ball,1,40.1,Oman,Mohammad Nadeem,AV Lalcheta,Steven Ryan Taylor,0,0,"",""
ball,1,40.2,Oman,Mohammad Nadeem,AV Lalcheta,Steven Ryan Taylor,0,0,"",""
ball,1,40.3,Oman,Mohammad Nadeem,AV Lalcheta,Steven Ryan Taylor,0,0,"",""
ball,1,40.4,Oman,Mohammad Nadeem,AV Lalcheta,Steven Ryan Taylor,0,0,"",""
ball,1,40.5,Oman,Mohammad Nadeem,AV Lalcheta,Steven Ryan Taylor,0,0,"",""
ball,1,40.6,Oman,Mohammad Nadeem,AV Lalcheta,Steven Ryan Taylor,1,0,"",""
ball,1,41.1,Oman,Mohammad Nadeem,AV Lalcheta,TK Patel,0,0,"",""
ball,1,41.2,Oman,Mohammad Nadeem,AV Lalcheta,TK Patel,0,0,"",""
ball,1,41.3,Oman,Mohammad Nadeem,AV Lalcheta,TK Patel,1,0,"",""
ball,1,41.4,Oman,AV Lalcheta,Mohammad Nadeem,TK Patel,0,0,"",""
ball,1,41.5,Oman,AV Lalcheta,Mohammad Nadeem,TK Patel,0,0,lbw,AV Lalcheta
ball,1,41.6,Oman,RJ Ranpura,Mohammad Nadeem,TK Patel,1,0,"",""
ball,1,42.1,Oman,RJ Ranpura,Mohammad Nadeem,Steven Ryan Taylor,4,0,"",""
ball,1,42.2,Oman,RJ Ranpura,Mohammad Nadeem,Steven Ryan Taylor,0,0,"",""
ball,1,42.3,Oman,RJ Ranpura,Mohammad Nadeem,Steven Ryan Taylor,1,0,"",""
ball,1,42.4,Oman,Mohammad Nadeem,RJ Ranpura,Steven Ryan Taylor,0,0,"",""
ball,1,42.5,Oman,Mohammad Nadeem,RJ Ranpura,Steven Ryan Taylor,0,0,"",""
ball,1,42.6,Oman,Mohammad Nadeem,RJ Ranpura,Steven Ryan Taylor,1,0,"",""
ball,1,43.1,Oman,Mohammad Nadeem,RJ Ranpura,TK Patel,0,0,"",""
ball,1,43.2,Oman,Mohammad Nadeem,RJ Ranpura,TK Patel,0,0,"",""
ball,1,43.3,Oman,Mohammad Nadeem,RJ Ranpura,TK Patel,1,0,"",""
ball,1,43.4,Oman,RJ Ranpura,Mohammad Nadeem,TK Patel,0,0,"",""
ball,1,43.5,Oman,RJ Ranpura,Mohammad Nadeem,TK Patel,0,0,"",""
ball,1,43.6,Oman,RJ Ranpura,Mohammad Nadeem,TK Patel,0,0,"",""
ball,1,44.1,Oman,Mohammad Nadeem,RJ Ranpura,Steven Ryan Taylor,0,0,"",""
ball,1,44.2,Oman,Mohammad Nadeem,RJ Ranpura,Steven Ryan Taylor,0,0,"",""
ball,1,44.3,Oman,Mohammad Nadeem,RJ Ranpura,Steven Ryan Taylor,0,0,"",""
ball,1,44.4,Oman,Mohammad Nadeem,RJ Ranpura,Steven Ryan Taylor,0,0,"",""
ball,1,44.5,Oman,Mohammad Nadeem,RJ Ranpura,Steven Ryan Taylor,0,0,"",""
ball,1,44.6,Oman,Mohammad Nadeem,RJ Ranpura,Steven Ryan Taylor,0,2,"",""
ball,1,45.1,Oman,RJ Ranpura,Mohammad Nadeem,TK Patel,1,0,"",""
ball,1,45.2,Oman,Mohammad Nadeem,RJ Ranpura,TK Patel,0,0,"",""
ball,1,45.3,Oman,Mohammad Nadeem,RJ Ranpura,TK Patel,0,0,caught,Mohammad Nadeem
ball,1,45.4,Oman,M Ansari,RJ Ranpura,TK Patel,0,0,"",""
ball,1,45.5,Oman,M Ansari,RJ Ranpura,TK Patel,0,0,"",""
ball,1,45.6,Oman,M Ansari,RJ Ranpura,TK Patel,0,0,"",""
ball,1,46.1,Oman,RJ Ranpura,M Ansari,Steven Ryan Taylor,0,0,"",""
ball,1,46.2,Oman,RJ Ranpura,M Ansari,Steven Ryan Taylor,0,0,"",""
ball,1,46.3,Oman,RJ Ranpura,M Ansari,Steven Ryan Taylor,0,0,"",""
ball,1,46.4,Oman,RJ Ranpura,M Ansari,Steven Ryan Taylor,0,0,"",""
ball,1,46.5,Oman,RJ Ranpura,M Ansari,Steven Ryan Taylor,0,0,"",""
ball,1,46.6,Oman,RJ Ranpura,M Ansari,Steven Ryan Taylor,1,0,"",""
ball,1,47.1,Oman,RJ Ranpura,M Ansari,TK Patel,0,0,"",""
ball,1,47.2,Oman,RJ Ranpura,M Ansari,TK Patel,0,0,"",""
ball,1,47.3,Oman,RJ Ranpura,M Ansari,TK Patel,4,0,"",""
ball,1,47.4,Oman,RJ Ranpura,M Ansari,TK Patel,0,0,"",""
ball,1,47.5,Oman,RJ Ranpura,M Ansari,TK Patel,0,0,"",""
ball,1,47.6,Oman,RJ Ranpura,M Ansari,TK Patel,0,0,"",""
ball,1,48.1,Oman,M Ansari,RJ Ranpura,TP Allen,1,0,"",""
ball,1,48.2,Oman,RJ Ranpura,M Ansari,TP Allen,0,1,"",""
ball,1,48.3,Oman,RJ Ranpura,M Ansari,TP Allen,1,0,"",""
ball,1,48.4,Oman,M Ansari,RJ Ranpura,TP Allen,0,1,"",""
ball,1,48.5,Oman,RJ Ranpura,M Ansari,TP Allen,1,0,"",""
ball,1,48.6,Oman,M Ansari,RJ Ranpura,TP Allen,0,0,"",""
ball,1,48.7,Oman,M Ansari,RJ Ranpura,TP Allen,0,0,"",""
ball,1,49.1,Oman,RJ Ranpura,M Ansari,AAA Amsterdam,1,0,"",""
ball,1,49.2,Oman,M Ansari,RJ Ranpura,AAA Amsterdam,0,0,caught,M Ansari
ball,2,0.1,United States of America,Steven Ryan Taylor,Fahad Babar,RJ Ranpura,0,0,"",""
ball,2,0.2,United States of America,Steven Ryan Taylor,Fahad Babar,RJ Ranpura,0,0,"",""
ball,2,0.3,United States of America,Steven Ryan Taylor,Fahad Babar,RJ Ranpura,0,0,"",""
ball,2,0.4,United States of America,Steven Ryan Taylor,Fahad Babar,RJ Ranpura,0,0,"",""
ball,2,0.5,United States of America,Steven Ryan Taylor,Fahad Babar,RJ Ranpura,0,0,"",""
ball,2,0.6,United States of America,Steven Ryan Taylor,Fahad Babar,RJ Ranpura,4,0,"",""
ball,2,1.1,United States of America,Fahad Babar,Steven Ryan Taylor,M Ansari,0,0,"",""
ball,2,1.2,United States of America,Fahad Babar,Steven Ryan Taylor,M Ansari,0,0,"",""
ball,2,1.3,United States of America,Fahad Babar,Steven Ryan Taylor,M Ansari,0,0,"",""
ball,2,1.4,United States of America,Fahad Babar,Steven Ryan Taylor,M Ansari,0,0,"",""
ball,2,1.5,United States of America,Fahad Babar,Steven Ryan Taylor,M Ansari,0,0,"",""
ball,2,1.6,United States of America,Fahad Babar,Steven Ryan Taylor,M Ansari,0,0,"",""
ball,2,2.1,United States of America,Steven Ryan Taylor,Fahad Babar,RJ Ranpura,0,0,"",""
ball,2,2.2,United States of America,Steven Ryan Taylor,Fahad Babar,RJ Ranpura,1,0,"",""
ball,2,2.3,United States of America,Fahad Babar,Steven Ryan Taylor,RJ Ranpura,0,5,"",""
ball,2,2.4,United States of America,Fahad Babar,Steven Ryan Taylor,RJ Ranpura,0,0,"",""
ball,2,2.5,United States of America,Fahad Babar,Steven Ryan Taylor,RJ Ranpura,0,0,"",""
ball,2,2.6,United States of America,Fahad Babar,Steven Ryan Taylor,RJ Ranpura,0,0,"",""
ball,2,2.7,United States of America,Fahad Babar,Steven Ryan Taylor,RJ Ranpura,4,0,"",""
ball,2,3.1,United States of America,Steven Ryan Taylor,Fahad Babar,M Ansari,0,0,"",""
ball,2,3.2,United States of America,Steven Ryan Taylor,Fahad Babar,M Ansari,0,0,"",""
ball,2,3.3,United States of America,Steven Ryan Taylor,Fahad Babar,M Ansari,0,0,"",""
ball,2,3.4,United States of America,Steven Ryan Taylor,Fahad Babar,M Ansari,4,0,"",""
ball,2,3.5,United States of America,Steven Ryan Taylor,Fahad Babar,M Ansari,0,0,"",""
ball,2,3.6,United States of America,Steven Ryan Taylor,Fahad Babar,M Ansari,0,0,"",""
ball,2,4.1,United States of America,Fahad Babar,Steven Ryan Taylor,RJ Ranpura,0,0,caught,Fahad Babar
ball,2,4.2,United States of America,RR Timbawala,Steven Ryan Taylor,RJ Ranpura,0,0,"",""
ball,2,4.3,United States of America,RR Timbawala,Steven Ryan Taylor,RJ Ranpura,0,0,"",""
ball,2,4.4,United States of America,RR Timbawala,Steven Ryan Taylor,RJ Ranpura,0,0,"",""
ball,2,4.5,United States of America,RR Timbawala,Steven Ryan Taylor,RJ Ranpura,0,0,"",""
ball,2,4.6,United States of America,RR Timbawala,Steven Ryan Taylor,RJ Ranpura,0,0,"",""
ball,2,5.1,United States of America,Steven Ryan Taylor,RR Timbawala,M Ansari,0,0,"",""
ball,2,5.2,United States of America,Steven Ryan Taylor,RR Timbawala,M Ansari,0,0,"",""
ball,2,5.3,United States of America,Steven Ryan Taylor,RR Timbawala,M Ansari,1,0,"",""
ball,2,5.4,United States of America,RR Timbawala,Steven Ryan Taylor,M Ansari,0,0,"",""
ball,2,5.5,United States of America,RR Timbawala,Steven Ryan Taylor,M Ansari,0,0,"",""
ball,2,5.6,United States of America,RR Timbawala,Steven Ryan Taylor,M Ansari,0,0,"",""
ball,2,6.1,United States of America,Steven Ryan Taylor,RR Timbawala,RJ Ranpura,0,0,"",""
ball,2,6.2,United States of America,Steven Ryan Taylor,RR Timbawala,RJ Ranpura,1,0,"",""
ball,2,6.3,United States of America,RR Timbawala,Steven Ryan Taylor,RJ Ranpura,1,0,"",""
ball,2,6.4,United States of America,Steven Ryan Taylor,RR Timbawala,RJ Ranpura,1,0,"",""
ball,2,6.5,United States of America,RR Timbawala,Steven Ryan Taylor,RJ Ranpura,0,1,"",""
ball,2,6.6,United States of America,RR Timbawala,Steven Ryan Taylor,RJ Ranpura,0,0,"",""
ball,2,6.7,United States of America,RR Timbawala,Steven Ryan Taylor,RJ Ranpura,0,0,"",""
ball,2,7.1,United States of America,Steven Ryan Taylor,RR Timbawala,M Ansari,2,0,"",""
ball,2,7.2,United States of America,Steven Ryan Taylor,RR Timbawala,M Ansari,0,0,"",""
ball,2,7.3,United States of America,Steven Ryan Taylor,RR Timbawala,M Ansari,6,0,"",""
ball,2,7.4,United States of America,Steven Ryan Taylor,RR Timbawala,M Ansari,4,0,"",""
ball,2,7.5,United States of America,Steven Ryan Taylor,RR Timbawala,M Ansari,0,0,"",""
ball,2,7.6,United States of America,Steven Ryan Taylor,RR Timbawala,M Ansari,0,0,"",""
ball,2,8.1,United States of America,RR Timbawala,Steven Ryan Taylor,RJ Ranpura,2,0,"",""
ball,2,8.2,United States of America,RR Timbawala,Steven Ryan Taylor,RJ Ranpura,0,0,"",""
ball,2,8.3,United States of America,RR Timbawala,Steven Ryan Taylor,RJ Ranpura,0,0,"",""
ball,2,8.4,United States of America,RR Timbawala,Steven Ryan Taylor,RJ Ranpura,0,0,"",""
ball,2,8.5,United States of America,RR Timbawala,Steven Ryan Taylor,RJ Ranpura,1,0,"",""
ball,2,8.6,United States of America,Steven Ryan Taylor,RR Timbawala,RJ Ranpura,0,0,"",""
ball,2,9.1,United States of America,RR Timbawala,Steven Ryan Taylor,Amir Ali,0,0,"",""
ball,2,9.2,United States of America,RR Timbawala,Steven Ryan Taylor,Amir Ali,0,0,"",""
ball,2,9.3,United States of America,RR Timbawala,Steven Ryan Taylor,Amir Ali,0,0,"",""
ball,2,9.4,United States of America,RR Timbawala,Steven Ryan Taylor,Amir Ali,0,0,"",""
ball,2,9.5,United States of America,RR Timbawala,Steven Ryan Taylor,Amir Ali,0,0,"",""
ball,2,9.6,United States of America,RR Timbawala,Steven Ryan Taylor,Amir Ali,0,0,"",""
ball,2,10.1,United States of America,Steven Ryan Taylor,RR Timbawala,RJ Ranpura,0,0,"",""
ball,2,10.2,United States of America,Steven Ryan Taylor,RR Timbawala,RJ Ranpura,4,0,"",""
ball,2,10.3,United States of America,Steven Ryan Taylor,RR Timbawala,RJ Ranpura,2,0,"",""
ball,2,10.4,United States of America,Steven Ryan Taylor,RR Timbawala,RJ Ranpura,0,0,"",""
ball,2,10.5,United States of America,Steven Ryan Taylor,RR Timbawala,RJ Ranpura,0,0,"",""
ball,2,10.6,United States of America,Steven Ryan Taylor,RR Timbawala,RJ Ranpura,0,0,"",""
ball,2,11.1,United States of America,RR Timbawala,Steven Ryan Taylor,Amir Ali,1,0,"",""
ball,2,11.2,United States of America,Steven Ryan Taylor,RR Timbawala,Amir Ali,0,0,"",""
ball,2,11.3,United States of America,Steven Ryan Taylor,RR Timbawala,Amir Ali,4,0,"",""
ball,2,11.4,United States of America,Steven Ryan Taylor,RR Timbawala,Amir Ali,0,0,"",""
ball,2,11.5,United States of America,Steven Ryan Taylor,RR Timbawala,Amir Ali,0,0,"",""
ball,2,11.6,United States of America,Steven Ryan Taylor,RR Timbawala,Amir Ali,1,0,"",""
ball,2,12.1,United States of America,Steven Ryan Taylor,RR Timbawala,Mohammad Nadeem,4,0,"",""
ball,2,12.2,United States of America,Steven Ryan Taylor,RR Timbawala,Mohammad Nadeem,1,0,"",""
ball,2,12.3,United States of America,RR Timbawala,Steven Ryan Taylor,Mohammad Nadeem,0,0,"",""
ball,2,12.4,United States of America,RR Timbawala,Steven Ryan Taylor,Mohammad Nadeem,0,0,"",""
ball,2,12.5,United States of America,RR Timbawala,Steven Ryan Taylor,Mohammad Nadeem,1,0,"",""
ball,2,12.6,United States of America,Steven Ryan Taylor,RR Timbawala,Mohammad Nadeem,4,0,"",""
ball,2,13.1,United States of America,RR Timbawala,Steven Ryan Taylor,Amir Ali,0,0,"",""
ball,2,13.2,United States of America,RR Timbawala,Steven Ryan Taylor,Amir Ali,0,0,"",""
ball,2,13.3,United States of America,RR Timbawala,Steven Ryan Taylor,Amir Ali,0,0,"",""
ball,2,13.4,United States of America,RR Timbawala,Steven Ryan Taylor,Amir Ali,0,0,"",""
ball,2,13.5,United States of America,RR Timbawala,Steven Ryan Taylor,Amir Ali,0,0,"",""
ball,2,13.6,United States of America,RR Timbawala,Steven Ryan Taylor,Amir Ali,0,0,"",""
ball,2,14.1,United States of America,Steven Ryan Taylor,RR Timbawala,Mohammad Nadeem,1,0,"",""
ball,2,14.2,United States of America,RR Timbawala,Steven Ryan Taylor,Mohammad Nadeem,0,0,"",""
ball,2,14.3,United States of America,RR Timbawala,Steven Ryan Taylor,Mohammad Nadeem,0,1,"",""
ball,2,14.4,United States of America,RR Timbawala,Steven Ryan Taylor,Mohammad Nadeem,0,4,"",""
ball,2,14.5,United States of America,RR Timbawala,Steven Ryan Taylor,Mohammad Nadeem,0,0,"",""
ball,2,14.6,United States of America,RR Timbawala,Steven Ryan Taylor,Mohammad Nadeem,0,0,"",""
ball,2,14.7,United States of America,RR Timbawala,Steven Ryan Taylor,Mohammad Nadeem,4,0,"",""
ball,2,15.1,United States of America,Steven Ryan Taylor,RR Timbawala,Amir Ali,4,0,"",""
ball,2,15.2,United States of America,Steven Ryan Taylor,RR Timbawala,Amir Ali,1,0,"",""
ball,2,15.3,United States of America,RR Timbawala,Steven Ryan Taylor,Amir Ali,0,0,"",""
ball,2,15.4,United States of America,RR Timbawala,Steven Ryan Taylor,Amir Ali,0,0,"",""
ball,2,15.5,United States of America,RR Timbawala,Steven Ryan Taylor,Amir Ali,0,0,"",""
ball,2,15.6,United States of America,RR Timbawala,Steven Ryan Taylor,Amir Ali,0,0,"",""
ball,2,16.1,United States of America,Steven Ryan Taylor,RR Timbawala,Khawar Ali,1,0,"",""
ball,2,16.2,United States of America,RR Timbawala,Steven Ryan Taylor,Khawar Ali,1,0,"",""
ball,2,16.3,United States of America,Steven Ryan Taylor,RR Timbawala,Khawar Ali,0,0,"",""
ball,2,16.4,United States of America,Steven Ryan Taylor,RR Timbawala,Khawar Ali,0,0,"",""
ball,2,16.5,United States of America,Steven Ryan Taylor,RR Timbawala,Khawar Ali,6,0,"",""
ball,2,16.6,United States of America,Steven Ryan Taylor,RR Timbawala,Khawar Ali,4,0,"",""
ball,2,17.1,United States of America,RR Timbawala,Steven Ryan Taylor,Amir Ali,0,0,caught,RR Timbawala
ball,2,17.2,United States of America,Steven Ryan Taylor,AAA Amsterdam,Amir Ali,0,0,"",""
ball,2,17.3,United States of America,Steven Ryan Taylor,AAA Amsterdam,Amir Ali,4,0,"",""
ball,2,17.4,United States of America,Steven Ryan Taylor,AAA Amsterdam,Amir Ali,0,0,"",""
ball,2,17.5,United States of America,Steven Ryan Taylor,AAA Amsterdam,Amir Ali,1,0,"",""
ball,2,17.6,United States of America,AAA Amsterdam,Steven Ryan Taylor,Amir Ali,0,0,"",""
ball,2,18.1,United States of America,Steven Ryan Taylor,AAA Amsterdam,AV Lalcheta,0,0,"",""
ball,2,18.2,United States of America,Steven Ryan Taylor,AAA Amsterdam,AV Lalcheta,0,0,"",""
ball,2,18.3,United States of America,Steven Ryan Taylor,AAA Amsterdam,AV Lalcheta,0,0,"",""
ball,2,18.4,United States of America,Steven Ryan Taylor,AAA Amsterdam,AV Lalcheta,6,0,"",""
ball,2,18.5,United States of America,Steven Ryan Taylor,AAA Amsterdam,AV Lalcheta,0,0,"",""
ball,2,18.6,United States of America,Steven Ryan Taylor,AAA Amsterdam,AV Lalcheta,0,0,"",""
ball,2,19.1,United States of America,AAA Amsterdam,Steven Ryan Taylor,Amir Ali,1,0,"",""
ball,2,19.2,United States of America,Steven Ryan Taylor,AAA Amsterdam,Amir Ali,0,0,"",""
ball,2,19.3,United States of America,Steven Ryan Taylor,AAA Amsterdam,Amir Ali,0,0,"",""
ball,2,19.4,United States of America,Steven Ryan Taylor,AAA Amsterdam,Amir Ali,0,0,"",""
ball,2,19.5,United States of America,Steven Ryan Taylor,AAA Amsterdam,Amir Ali,0,0,"",""
ball,2,19.6,United States of America,Steven Ryan Taylor,AAA Amsterdam,Amir Ali,6,0,"",""
ball,2,20.1,United States of America,AAA Amsterdam,Steven Ryan Taylor,AV Lalcheta,0,0,"",""
ball,2,20.2,United States of America,AAA Amsterdam,Steven Ryan Taylor,AV Lalcheta,0,0,"",""
ball,2,20.3,United States of America,AAA Amsterdam,Steven Ryan Taylor,AV Lalcheta,0,0,"",""
ball,2,20.4,United States of America,AAA Amsterdam,Steven Ryan Taylor,AV Lalcheta,0,0,"",""
ball,2,20.5,United States of America,AAA Amsterdam,Steven Ryan Taylor,AV Lalcheta,0,0,"",""
ball,2,20.6,United States of America,AAA Amsterdam,Steven Ryan Taylor,AV Lalcheta,0,0,"",""
ball,2,21.1,United States of America,Steven Ryan Taylor,AAA Amsterdam,Amir Ali,4,0,"",""
ball,2,21.2,United States of America,Steven Ryan Taylor,AAA Amsterdam,Amir Ali,1,0,"",""
ball,2,21.3,United States of America,AAA Amsterdam,Steven Ryan Taylor,Amir Ali,0,0,"",""
ball,2,21.4,United States of America,AAA Amsterdam,Steven Ryan Taylor,Amir Ali,0,0,"",""
ball,2,21.5,United States of America,AAA Amsterdam,Steven Ryan Taylor,Amir Ali,0,0,"",""
ball,2,21.6,United States of America,AAA Amsterdam,Steven Ryan Taylor,Amir Ali,0,0,"",""
ball,2,22.1,United States of America,Steven Ryan Taylor,AAA Amsterdam,AV Lalcheta,0,0,"",""
ball,2,22.2,United States of America,Steven Ryan Taylor,AAA Amsterdam,AV Lalcheta,0,0,"",""
ball,2,22.3,United States of America,Steven Ryan Taylor,AAA Amsterdam,AV Lalcheta,1,0,"",""
ball,2,22.4,United States of America,AAA Amsterdam,Steven Ryan Taylor,AV Lalcheta,0,0,"",""
ball,2,22.5,United States of America,AAA Amsterdam,Steven Ryan Taylor,AV Lalcheta,0,0,"",""
ball,2,22.6,United States of America,AAA Amsterdam,Steven Ryan Taylor,AV Lalcheta,0,0,"",""
ball,2,23.1,United States of America,Steven Ryan Taylor,AAA Amsterdam,Zeeshan Maqsood,0,0,"",""
ball,2,23.2,United States of America,Steven Ryan Taylor,AAA Amsterdam,Zeeshan Maqsood,0,0,"",""
ball,2,23.3,United States of America,Steven Ryan Taylor,AAA Amsterdam,Zeeshan Maqsood,0,0,"",""
ball,2,23.4,United States of America,Steven Ryan Taylor,AAA Amsterdam,Zeeshan Maqsood,1,0,"",""
ball,2,23.5,United States of America,AAA Amsterdam,Steven Ryan Taylor,Zeeshan Maqsood,4,0,"",""
ball,2,23.6,United States of America,AAA Amsterdam,Steven Ryan Taylor,Zeeshan Maqsood,0,0,"",""
ball,2,24.1,United States of America,Steven Ryan Taylor,AAA Amsterdam,AV Lalcheta,0,0,"",""
ball,2,24.2,United States of America,Steven Ryan Taylor,AAA Amsterdam,AV Lalcheta,4,0,"",""
ball,2,24.3,United States of America,Steven Ryan Taylor,AAA Amsterdam,AV Lalcheta,0,0,"",""
ball,2,24.4,United States of America,Steven Ryan Taylor,AAA Amsterdam,AV Lalcheta,0,0,"",""
ball,2,24.5,United States of America,Steven Ryan Taylor,AAA Amsterdam,AV Lalcheta,1,0,"",""
ball,2,24.6,United States of America,AAA Amsterdam,Steven Ryan Taylor,AV Lalcheta,0,0,"",""
ball,2,25.1,United States of America,Steven Ryan Taylor,AAA Amsterdam,Zeeshan Maqsood,0,0,"",""
ball,2,25.2,United States of America,Steven Ryan Taylor,AAA Amsterdam,Zeeshan Maqsood,0,0,"",""
ball,2,25.3,United States of America,Steven Ryan Taylor,AAA Amsterdam,Zeeshan Maqsood,6,0,"",""
ball,2,25.4,United States of America,Steven Ryan Taylor,AAA Amsterdam,Zeeshan Maqsood,0,0,"",""
ball,2,25.5,United States of America,Steven Ryan Taylor,AAA Amsterdam,Zeeshan Maqsood,2,0,"",""
ball,2,25.6,United States of America,Steven Ryan Taylor,AAA Amsterdam,Zeeshan Maqsood,0,1,"",""
ball,2,25.7,United States of America,Steven Ryan Taylor,AAA Amsterdam,Zeeshan Maqsood,0,0,"",""
ball,2,26.1,United States of America,AAA Amsterdam,Steven Ryan Taylor,AV Lalcheta,4,0,"",""
ball,2,26.2,United States of America,AAA Amsterdam,Steven Ryan Taylor,AV Lalcheta,0,0,"",""
ball,2,26.3,United States of America,AAA Amsterdam,Steven Ryan Taylor,AV Lalcheta,1,0,"",""
ball,2,26.4,United States of America,Steven Ryan Taylor,AAA Amsterdam,AV Lalcheta,0,0,"",""
ball,2,26.5,United States of America,Steven Ryan Taylor,AAA Amsterdam,AV Lalcheta,0,0,"",""
ball,2,26.6,United States of America,Steven Ryan Taylor,AAA Amsterdam,AV Lalcheta,4,0,"",""
ball,2,27.1,United States of America,AAA Amsterdam,Steven Ryan Taylor,Zeeshan Maqsood,0,0,"",""
ball,2,27.2,United States of America,AAA Amsterdam,Steven Ryan Taylor,Zeeshan Maqsood,1,0,"",""
ball,2,27.3,United States of America,Steven Ryan Taylor,AAA Amsterdam,Zeeshan Maqsood,6,0,"",""
ball,2,27.4,United States of America,Steven Ryan Taylor,AAA Amsterdam,Zeeshan Maqsood,4,0,"",""
ball,2,27.5,United States of America,Steven Ryan Taylor,AAA Amsterdam,Zeeshan Maqsood,0,0,"",""
ball,2,27.6,United States of America,Steven Ryan Taylor,AAA Amsterdam,Zeeshan Maqsood,1,0,"",""
ball,2,28.1,United States of America,Steven Ryan Taylor,AAA Amsterdam,AV Lalcheta,1,0,"",""
ball,2,28.2,United States of America,AAA Amsterdam,Steven Ryan Taylor,AV Lalcheta,0,1,"",""
ball,2,28.3,United States of America,AAA Amsterdam,Steven Ryan Taylor,AV Lalcheta,0,0,"",""
ball,2,28.4,United States of America,AAA Amsterdam,Steven Ryan Taylor,AV Lalcheta,0,0,"",""
ball,2,28.5,United States of America,AAA Amsterdam,Steven Ryan Taylor,AV Lalcheta,1,0,"",""
ball,2,28.6,United States of America,Steven Ryan Taylor,AAA Amsterdam,AV Lalcheta,6,0,"",""
ball,2,28.7,United States of America,Steven Ryan Taylor,AAA Amsterdam,AV Lalcheta,0,0,"",""
ball,2,29.1,United States of America,AAA Amsterdam,Steven Ryan Taylor,Zeeshan Maqsood,0,0,"",""
ball,2,29.2,United States of America,AAA Amsterdam,Steven Ryan Taylor,Zeeshan Maqsood,0,1,"",""
ball,2,29.3,United States of America,Steven Ryan Taylor,AAA Amsterdam,Zeeshan Maqsood,4,0,"",""
