version,1.3.0
info,team,Denmark
info,team,Italy
info,gender,male
info,season,2016/17
info,date,2016/10/29
info,competition,ICC World Cricket League Division Four
info,venue,"Wright Cricket Field, Woodley Park"
info,city,Los Angeles
info,neutralvenue,true
info,toss_winner,Italy
info,toss_decision,field
info,player_of_match,CS Sandri
info,umpire,JM Williams
info,umpire,C Young
info,reserve_umpire,L Oala
info,match_referee,D Govindjee
info,winner,Denmark
info,winner_runs,114
ball,1,0.1,Denmark,FA Klokker,Aftab Ahmed (2),L di Giglio,0,0,"",""
ball,1,0.2,Denmark,FA Klokker,Aftab Ahmed (2),L di Giglio,0,0,"",""
ball,1,0.3,Denmark,FA Klokker,Aftab Ahmed (2),L di Giglio,0,0,"",""
ball,1,0.4,Denmark,FA Klokker,Aftab Ahmed (2),L di Giglio,0,0,"",""
ball,1,0.5,Denmark,FA Klokker,Aftab Ahmed (2),L di Giglio,0,0,"",""
ball,1,0.6,Denmark,FA Klokker,Aftab Ahmed (2),L di Giglio,0,0,"",""
ball,1,1.1,Denmark,Aftab Ahmed (2),FA Klokker,GP Meade,0,0,"",""
ball,1,1.2,Denmark,Aftab Ahmed (2),FA Klokker,GP Meade,0,0,"",""
ball,1,1.3,Denmark,Aftab Ahmed (2),FA Klokker,GP Meade,0,0,"",""
ball,1,1.4,Denmark,Aftab Ahmed (2),FA Klokker,GP Meade,0,0,"",""
ball,1,1.5,Denmark,Aftab Ahmed (2),FA Klokker,GP Meade,4,0,"",""
ball,1,1.6,Denmark,Aftab Ahmed (2),FA Klokker,GP Meade,0,0,"",""
ball,1,2.1,Denmark,FA Klokker,Aftab Ahmed (2),L di Giglio,4,0,"",""
ball,1,2.2,Denmark,FA Klokker,Aftab Ahmed (2),L di Giglio,0,0,"",""
ball,1,2.3,Denmark,FA Klokker,Aftab Ahmed (2),L di Giglio,4,0,"",""
ball,1,2.4,Denmark,FA Klokker,Aftab Ahmed (2),L di Giglio,0,0,"",""
ball,1,2.5,Denmark,FA Klokker,Aftab Ahmed (2),L di Giglio,0,0,"",""
ball,1,2.6,Denmark,FA Klokker,Aftab Ahmed (2),L di Giglio,0,0,"",""
ball,1,3.1,Denmark,Aftab Ahmed (2),FA Klokker,GP Meade,4,0,"",""
ball,1,3.2,Denmark,Aftab Ahmed (2),FA Klokker,GP Meade,2,0,"",""
ball,1,3.3,Denmark,Aftab Ahmed (2),FA Klokker,GP Meade,0,0,"",""
ball,1,3.4,Denmark,Aftab Ahmed (2),FA Klokker,GP Meade,0,0,"",""
ball,1,3.5,Denmark,Aftab Ahmed (2),FA Klokker,GP Meade,2,0,"",""
ball,1,3.6,Denmark,Aftab Ahmed (2),FA Klokker,GP Meade,0,0,"",""
ball,1,4.1,Denmark,FA Klokker,Aftab Ahmed (2),L di Giglio,0,0,"",""
ball,1,4.2,Denmark,FA Klokker,Aftab Ahmed (2),L di Giglio,0,0,"",""
ball,1,4.3,Denmark,FA Klokker,Aftab Ahmed (2),L di Giglio,4,0,"",""
ball,1,4.4,Denmark,FA Klokker,Aftab Ahmed (2),L di Giglio,0,0,"",""
ball,1,4.5,Denmark,FA Klokker,Aftab Ahmed (2),L di Giglio,0,0,"",""
ball,1,4.6,Denmark,FA Klokker,Aftab Ahmed (2),L di Giglio,4,0,"",""
ball,1,5.1,Denmark,Aftab Ahmed (2),FA Klokker,GP Meade,6,0,"",""
ball,1,5.2,Denmark,Aftab Ahmed (2),FA Klokker,GP Meade,1,0,"",""
ball,1,5.3,Denmark,FA Klokker,Aftab Ahmed (2),GP Meade,1,0,"",""
ball,1,5.4,Denmark,Aftab Ahmed (2),FA Klokker,GP Meade,6,0,"",""
ball,1,5.5,Denmark,Aftab Ahmed (2),FA Klokker,GP Meade,0,0,"",""
ball,1,5.6,Denmark,Aftab Ahmed (2),FA Klokker,GP Meade,1,0,"",""
ball,1,6.1,Denmark,Aftab Ahmed (2),FA Klokker,L di Giglio,0,1,"",""
ball,1,6.2,Denmark,Aftab Ahmed (2),FA Klokker,L di Giglio,0,0,bowled,Aftab Ahmed (2)
ball,1,6.3,Denmark,Zameer Khan,FA Klokker,L di Giglio,0,0,"",""
ball,1,6.4,Denmark,Zameer Khan,FA Klokker,L di Giglio,0,0,"",""
ball,1,6.5,Denmark,Zameer Khan,FA Klokker,L di Giglio,0,0,"",""
ball,1,6.6,Denmark,Zameer Khan,FA Klokker,L di Giglio,0,0,"",""
ball,1,6.7,Denmark,Zameer Khan,FA Klokker,L di Giglio,0,0,"",""
ball,1,7.1,Denmark,FA Klokker,Zameer Khan,GP Meade,0,0,"",""
ball,1,7.2,Denmark,FA Klokker,Zameer Khan,GP Meade,0,0,"",""
ball,1,7.3,Denmark,FA Klokker,Zameer Khan,GP Meade,4,1,"",""
ball,1,7.4,Denmark,FA Klokker,Zameer Khan,GP Meade,4,0,"",""
ball,1,7.5,Denmark,FA Klokker,Zameer Khan,GP Meade,3,0,"",""
ball,1,7.6,Denmark,Zameer Khan,FA Klokker,GP Meade,1,0,"",""
ball,1,7.7,Denmark,FA Klokker,Zameer Khan,GP Meade,0,0,"",""
ball,1,8.1,Denmark,Zameer Khan,FA Klokker,L di Giglio,0,1,"",""
ball,1,8.2,Denmark,Zameer Khan,FA Klokker,L di Giglio,0,0,"",""
ball,1,8.3,Denmark,Zameer Khan,FA Klokker,L di Giglio,1,0,"",""
ball,1,8.4,Denmark,FA Klokker,Zameer Khan,L di Giglio,0,0,"",""
ball,1,8.5,Denmark,FA Klokker,Zameer Khan,L di Giglio,0,0,"",""
ball,1,8.6,Denmark,FA Klokker,Zameer Khan,L di Giglio,0,0,"",""
ball,1,8.7,Denmark,FA Klokker,Zameer Khan,L di Giglio,0,0,"",""
ball,1,9.1,Denmark,Zameer Khan,FA Klokker,Charanjeet Singh,0,0,"",""
ball,1,9.2,Denmark,Zameer Khan,FA Klokker,Charanjeet Singh,0,0,"",""
ball,1,9.3,Denmark,Zameer Khan,FA Klokker,Charanjeet Singh,1,0,"",""
ball,1,9.4,Denmark,FA Klokker,Zameer Khan,Charanjeet Singh,0,0,caught,FA Klokker
ball,1,9.5,Denmark,HAM Shah,Zameer Khan,Charanjeet Singh,0,0,"",""
ball,1,9.6,Denmark,HAM Shah,Zameer Khan,Charanjeet Singh,0,0,"",""
ball,1,10.1,Denmark,Zameer Khan,HAM Shah,L di Giglio,0,0,"",""
ball,1,10.2,Denmark,Zameer Khan,HAM Shah,L di Giglio,0,0,"",""
ball,1,10.3,Denmark,Zameer Khan,HAM Shah,L di Giglio,0,0,"",""
ball,1,10.4,Denmark,Zameer Khan,HAM Shah,L di Giglio,0,0,"",""
ball,1,10.5,Denmark,Zameer Khan,HAM Shah,L di Giglio,0,0,"",""
ball,1,10.6,Denmark,Zameer Khan,HAM Shah,L di Giglio,0,0,"",""
ball,1,11.1,Denmark,HAM Shah,Zameer Khan,Charanjeet Singh,0,0,"",""
ball,1,11.2,Denmark,HAM Shah,Zameer Khan,Charanjeet Singh,4,0,"",""
ball,1,11.3,Denmark,HAM Shah,Zameer Khan,Charanjeet Singh,0,0,"",""
ball,1,11.4,Denmark,HAM Shah,Zameer Khan,Charanjeet Singh,1,0,"",""
ball,1,11.5,Denmark,Zameer Khan,HAM Shah,Charanjeet Singh,0,0,"",""
ball,1,11.6,Denmark,Zameer Khan,HAM Shah,Charanjeet Singh,1,0,"",""
ball,1,12.1,Denmark,Zameer Khan,HAM Shah,WTN Fernando,0,1,"",""
ball,1,12.2,Denmark,Zameer Khan,HAM Shah,WTN Fernando,1,0,"",""
ball,1,12.3,Denmark,HAM Shah,Zameer Khan,WTN Fernando,0,0,"",""
ball,1,12.4,Denmark,HAM Shah,Zameer Khan,WTN Fernando,1,0,"",""
ball,1,12.5,Denmark,Zameer Khan,HAM Shah,WTN Fernando,0,0,"",""
ball,1,12.6,Denmark,Zameer Khan,HAM Shah,WTN Fernando,0,0,"",""
ball,1,12.7,Denmark,Zameer Khan,HAM Shah,WTN Fernando,1,0,"",""
ball,1,13.1,Denmark,Zameer Khan,HAM Shah,Charanjeet Singh,0,0,"",""
ball,1,13.2,Denmark,Zameer Khan,HAM Shah,Charanjeet Singh,1,0,"",""
ball,1,13.3,Denmark,HAM Shah,Zameer Khan,Charanjeet Singh,0,0,"",""
ball,1,13.4,Denmark,HAM Shah,Zameer Khan,Charanjeet Singh,0,0,"",""
ball,1,13.5,Denmark,HAM Shah,Zameer Khan,Charanjeet Singh,0,0,"",""
ball,1,13.6,Denmark,HAM Shah,Zameer Khan,Charanjeet Singh,1,0,"",""
ball,1,14.1,Denmark,HAM Shah,Zameer Khan,WTN Fernando,1,0,"",""
ball,1,14.2,Denmark,Zameer Khan,HAM Shah,WTN Fernando,1,0,"",""
ball,1,14.3,Denmark,HAM Shah,Zameer Khan,WTN Fernando,1,0,"",""
ball,1,14.4,Denmark,Zameer Khan,HAM Shah,WTN Fernando,0,0,"",""
ball,1,14.5,Denmark,Zameer Khan,HAM Shah,WTN Fernando,1,0,"",""
ball,1,14.6,Denmark,HAM Shah,Zameer Khan,WTN Fernando,2,0,"",""
ball,1,15.1,Denmark,Zameer Khan,HAM Shah,Charanjeet Singh,0,0,"",""
ball,1,15.2,Denmark,Zameer Khan,HAM Shah,Charanjeet Singh,0,0,"",""
ball,1,15.3,Denmark,Zameer Khan,HAM Shah,Charanjeet Singh,0,0,"",""
ball,1,15.4,Denmark,Zameer Khan,HAM Shah,Charanjeet Singh,0,0,"",""
ball,1,15.5,Denmark,Zameer Khan,HAM Shah,Charanjeet Singh,0,0,"",""
ball,1,15.6,Denmark,Zameer Khan,HAM Shah,Charanjeet Singh,0,0,"",""
ball,1,16.1,Denmark,HAM Shah,Zameer Khan,DG Crowley,0,0,"",""
ball,1,16.2,Denmark,HAM Shah,Zameer Khan,DG Crowley,0,0,"",""
ball,1,16.3,Denmark,HAM Shah,Zameer Khan,DG Crowley,1,0,"",""
ball,1,16.4,Denmark,Zameer Khan,HAM Shah,DG Crowley,0,0,"",""
ball,1,16.5,Denmark,Zameer Khan,HAM Shah,DG Crowley,0,0,"",""
ball,1,17.1,Denmark,HAM Shah,Zameer Khan,Charanjeet Singh,1,0,"",""
ball,1,17.2,Denmark,Zameer Khan,HAM Shah,Charanjeet Singh,1,0,"",""
ball,1,17.3,Denmark,HAM Shah,Zameer Khan,Charanjeet Singh,0,0,"",""
ball,1,17.4,Denmark,HAM Shah,Zameer Khan,Charanjeet Singh,0,0,"",""
ball,1,17.5,Denmark,HAM Shah,Zameer Khan,Charanjeet Singh,1,0,"",""
ball,1,17.6,Denmark,Zameer Khan,HAM Shah,Charanjeet Singh,1,0,"",""
ball,1,18.1,Denmark,Zameer Khan,HAM Shah,DG Crowley,0,0,"",""
ball,1,18.2,Denmark,Zameer Khan,HAM Shah,DG Crowley,0,0,"",""
ball,1,18.3,Denmark,Zameer Khan,HAM Shah,DG Crowley,0,0,"",""
ball,1,18.4,Denmark,Zameer Khan,HAM Shah,DG Crowley,0,0,"",""
ball,1,18.5,Denmark,Zameer Khan,HAM Shah,DG Crowley,0,0,"",""
ball,1,18.6,Denmark,Zameer Khan,HAM Shah,DG Crowley,1,0,"",""
ball,1,19.1,Denmark,Zameer Khan,HAM Shah,Charanjeet Singh,0,0,"",""
ball,1,19.2,Denmark,Zameer Khan,HAM Shah,Charanjeet Singh,1,0,"",""
ball,1,19.3,Denmark,HAM Shah,Zameer Khan,Charanjeet Singh,1,0,"",""
ball,1,19.4,Denmark,Zameer Khan,HAM Shah,Charanjeet Singh,0,0,"",""
ball,1,19.5,Denmark,Zameer Khan,HAM Shah,Charanjeet Singh,0,0,"",""
ball,1,19.6,Denmark,Zameer Khan,HAM Shah,Charanjeet Singh,4,0,"",""
ball,1,20.1,Denmark,HAM Shah,Zameer Khan,DG Crowley,1,0,"",""
ball,1,20.2,Denmark,Zameer Khan,HAM Shah,DG Crowley,0,0,"",""
ball,1,20.3,Denmark,Zameer Khan,HAM Shah,DG Crowley,1,0,"",""
ball,1,20.4,Denmark,HAM Shah,Zameer Khan,DG Crowley,0,0,"",""
ball,1,20.5,Denmark,HAM Shah,Zameer Khan,DG Crowley,0,0,"",""
ball,1,20.6,Denmark,HAM Shah,Zameer Khan,DG Crowley,0,0,"",""
ball,1,21.1,Denmark,Zameer Khan,HAM Shah,CS Sandri,0,0,"",""
ball,1,21.2,Denmark,Zameer Khan,HAM Shah,CS Sandri,0,0,"",""
ball,1,21.3,Denmark,Zameer Khan,HAM Shah,CS Sandri,1,0,"",""
ball,1,21.4,Denmark,HAM Shah,Zameer Khan,CS Sandri,0,0,"",""
ball,1,21.5,Denmark,HAM Shah,Zameer Khan,CS Sandri,6,0,"",""
ball,1,21.6,Denmark,HAM Shah,Zameer Khan,CS Sandri,0,0,"",""
ball,1,22.1,Denmark,Zameer Khan,HAM Shah,DG Crowley,0,0,"",""
ball,1,22.2,Denmark,Zameer Khan,HAM Shah,DG Crowley,0,0,"",""
ball,1,22.3,Denmark,Zameer Khan,HAM Shah,DG Crowley,1,0,"",""
ball,1,22.4,Denmark,HAM Shah,Zameer Khan,DG Crowley,1,0,"",""
ball,1,22.5,Denmark,Zameer Khan,HAM Shah,DG Crowley,0,0,"",""
ball,1,22.6,Denmark,Zameer Khan,HAM Shah,DG Crowley,0,0,"",""
ball,1,23.1,Denmark,HAM Shah,Zameer Khan,CS Sandri,0,0,"",""
ball,1,23.2,Denmark,HAM Shah,Zameer Khan,CS Sandri,1,0,"",""
ball,1,23.3,Denmark,Zameer Khan,HAM Shah,CS Sandri,0,0,"",""
ball,1,23.4,Denmark,Zameer Khan,HAM Shah,CS Sandri,1,0,"",""
ball,1,23.5,Denmark,HAM Shah,Zameer Khan,CS Sandri,1,0,"",""
ball,1,23.6,Denmark,Zameer Khan,HAM Shah,CS Sandri,0,0,"",""
ball,1,24.1,Denmark,HAM Shah,Zameer Khan,DG Crowley,0,0,"",""
ball,1,24.2,Denmark,HAM Shah,Zameer Khan,DG Crowley,0,0,"",""
ball,1,24.3,Denmark,HAM Shah,Zameer Khan,DG Crowley,0,0,"",""
ball,1,24.4,Denmark,HAM Shah,Zameer Khan,DG Crowley,1,0,"",""
ball,1,24.5,Denmark,Zameer Khan,HAM Shah,DG Crowley,1,0,"",""
ball,1,24.6,Denmark,HAM Shah,Zameer Khan,DG Crowley,0,0,"",""
ball,1,25.1,Denmark,Zameer Khan,HAM Shah,CS Sandri,2,0,"",""
ball,1,25.2,Denmark,Zameer Khan,HAM Shah,CS Sandri,0,0,"",""
ball,1,25.3,Denmark,Zameer Khan,HAM Shah,CS Sandri,0,0,"",""
ball,1,25.4,Denmark,Zameer Khan,HAM Shah,CS Sandri,4,0,"",""
ball,1,25.5,Denmark,Zameer Khan,HAM Shah,CS Sandri,1,0,"",""
ball,1,25.6,Denmark,HAM Shah,Zameer Khan,CS Sandri,0,0,"",""
ball,1,26.1,Denmark,Zameer Khan,HAM Shah,DG Crowley,0,0,"",""
ball,1,26.2,Denmark,Zameer Khan,HAM Shah,DG Crowley,0,0,"",""
ball,1,26.3,Denmark,Zameer Khan,HAM Shah,DG Crowley,0,0,"",""
ball,1,26.4,Denmark,Zameer Khan,HAM Shah,DG Crowley,0,0,"",""
ball,1,26.5,Denmark,Zameer Khan,HAM Shah,DG Crowley,0,0,caught,Zameer Khan
ball,1,26.6,Denmark,MR Pedersen,HAM Shah,DG Crowley,1,0,"",""
ball,1,27.1,Denmark,MR Pedersen,HAM Shah,CS Sandri,0,0,"",""
ball,1,27.2,Denmark,MR Pedersen,HAM Shah,CS Sandri,0,0,"",""
ball,1,27.3,Denmark,MR Pedersen,HAM Shah,CS Sandri,0,0,"",""
ball,1,27.4,Denmark,MR Pedersen,HAM Shah,CS Sandri,0,0,"",""
ball,1,27.5,Denmark,MR Pedersen,HAM Shah,CS Sandri,0,0,"",""
ball,1,27.6,Denmark,MR Pedersen,HAM Shah,CS Sandri,4,0,"",""
ball,1,28.1,Denmark,HAM Shah,MR Pedersen,DG Crowley,1,0,"",""
ball,1,28.2,Denmark,MR Pedersen,HAM Shah,DG Crowley,0,0,"",""
ball,1,28.3,Denmark,MR Pedersen,HAM Shah,DG Crowley,1,0,"",""
ball,1,28.4,Denmark,HAM Shah,MR Pedersen,DG Crowley,0,0,"",""
ball,1,28.5,Denmark,HAM Shah,MR Pedersen,DG Crowley,0,0,"",""
ball,1,28.6,Denmark,HAM Shah,MR Pedersen,DG Crowley,0,0,"",""
ball,1,29.1,Denmark,MR Pedersen,HAM Shah,CS Sandri,0,0,"",""
ball,1,29.2,Denmark,MR Pedersen,HAM Shah,CS Sandri,0,0,"",""
ball,1,29.3,Denmark,MR Pedersen,HAM Shah,CS Sandri,0,0,"",""
ball,1,29.4,Denmark,MR Pedersen,HAM Shah,CS Sandri,0,0,"",""
ball,1,29.5,Denmark,MR Pedersen,HAM Shah,CS Sandri,0,0,"",""
ball,1,29.6,Denmark,MR Pedersen,HAM Shah,CS Sandri,0,0,"",""
ball,1,30.1,Denmark,HAM Shah,MR Pedersen,MMBRSTC Wanigaratne,0,0,"",""
ball,1,30.2,Denmark,HAM Shah,MR Pedersen,MMBRSTC Wanigaratne,2,0,"",""
ball,1,30.3,Denmark,HAM Shah,MR Pedersen,MMBRSTC Wanigaratne,0,0,"",""
ball,1,30.4,Denmark,HAM Shah,MR Pedersen,MMBRSTC Wanigaratne,0,0,"",""
ball,1,30.5,Denmark,HAM Shah,MR Pedersen,MMBRSTC Wanigaratne,0,0,"",""
ball,1,30.6,Denmark,HAM Shah,MR Pedersen,MMBRSTC Wanigaratne,0,0,"",""
ball,1,31.1,Denmark,MR Pedersen,HAM Shah,CS Sandri,0,0,"",""
ball,1,31.2,Denmark,MR Pedersen,HAM Shah,CS Sandri,1,0,"",""
ball,1,31.3,Denmark,HAM Shah,MR Pedersen,CS Sandri,1,0,"",""
ball,1,31.4,Denmark,MR Pedersen,HAM Shah,CS Sandri,0,0,"",""
ball,1,31.5,Denmark,MR Pedersen,HAM Shah,CS Sandri,0,0,"",""
ball,1,31.6,Denmark,MR Pedersen,HAM Shah,CS Sandri,0,0,"",""
ball,1,32.1,Denmark,HAM Shah,MR Pedersen,MMBRSTC Wanigaratne,1,0,"",""
ball,1,32.2,Denmark,MR Pedersen,HAM Shah,MMBRSTC Wanigaratne,2,0,"",""
ball,1,32.3,Denmark,MR Pedersen,HAM Shah,MMBRSTC Wanigaratne,0,1,"",""
ball,1,32.4,Denmark,MR Pedersen,HAM Shah,MMBRSTC Wanigaratne,0,0,"",""
ball,1,32.5,Denmark,MR Pedersen,HAM Shah,MMBRSTC Wanigaratne,1,0,"",""
ball,1,32.6,Denmark,HAM Shah,MR Pedersen,MMBRSTC Wanigaratne,1,0,"",""
ball,1,32.7,Denmark,MR Pedersen,HAM Shah,MMBRSTC Wanigaratne,1,0,"",""
ball,1,33.1,Denmark,MR Pedersen,HAM Shah,CS Sandri,2,0,"",""
ball,1,33.2,Denmark,MR Pedersen,HAM Shah,CS Sandri,0,0,bowled,MR Pedersen
ball,1,33.3,Denmark,A Bulow,HAM Shah,CS Sandri,0,0,"",""
ball,1,33.4,Denmark,A Bulow,HAM Shah,CS Sandri,0,0,"",""
ball,1,33.5,Denmark,A Bulow,HAM Shah,CS Sandri,0,0,"",""
ball,1,33.6,Denmark,A Bulow,HAM Shah,CS Sandri,0,0,bowled,A Bulow
ball,1,34.1,Denmark,HAM Shah,A Khan,MMBRSTC Wanigaratne,1,0,"",""
ball,1,34.2,Denmark,A Khan,HAM Shah,MMBRSTC Wanigaratne,0,0,"",""
ball,1,34.3,Denmark,A Khan,HAM Shah,MMBRSTC Wanigaratne,0,0,"",""
ball,1,34.4,Denmark,A Khan,HAM Shah,MMBRSTC Wanigaratne,0,0,"",""
ball,1,34.5,Denmark,A Khan,HAM Shah,MMBRSTC Wanigaratne,0,0,"",""
ball,1,34.6,Denmark,A Khan,HAM Shah,MMBRSTC Wanigaratne,0,0,"",""
ball,1,35.1,Denmark,HAM Shah,A Khan,CS Sandri,0,1,"",""
ball,1,35.2,Denmark,HAM Shah,A Khan,CS Sandri,1,0,"",""
ball,1,35.3,Denmark,A Khan,HAM Shah,CS Sandri,0,0,"",""
ball,1,35.4,Denmark,A Khan,HAM Shah,CS Sandri,0,0,"",""
ball,1,35.5,Denmark,A Khan,HAM Shah,CS Sandri,0,0,"",""
ball,1,35.6,Denmark,A Khan,HAM Shah,CS Sandri,1,0,"",""
ball,1,35.7,Denmark,HAM Shah,A Khan,CS Sandri,0,0,"",""
ball,1,36.1,Denmark,A Khan,HAM Shah,MMBRSTC Wanigaratne,1,0,"",""
ball,1,36.2,Denmark,HAM Shah,A Khan,MMBRSTC Wanigaratne,0,0,"",""
ball,1,36.3,Denmark,HAM Shah,A Khan,MMBRSTC Wanigaratne,0,0,"",""
ball,1,36.4,Denmark,HAM Shah,A Khan,MMBRSTC Wanigaratne,0,0,"",""
ball,1,36.5,Denmark,HAM Shah,A Khan,MMBRSTC Wanigaratne,1,0,"",""
ball,1,36.6,Denmark,A Khan,HAM Shah,MMBRSTC Wanigaratne,1,0,"",""
ball,1,37.1,Denmark,A Khan,HAM Shah,CS Sandri,0,0,"",""
ball,1,37.2,Denmark,A Khan,HAM Shah,CS Sandri,0,0,"",""
ball,1,37.3,Denmark,A Khan,HAM Shah,CS Sandri,0,0,lbw,A Khan
ball,1,37.4,Denmark,Yasir Iqbal,HAM Shah,CS Sandri,0,0,"",""
ball,1,37.5,Denmark,Yasir Iqbal,HAM Shah,CS Sandri,0,0,"",""
ball,1,37.6,Denmark,Yasir Iqbal,HAM Shah,CS Sandri,0,0,"",""
ball,1,38.1,Denmark,HAM Shah,Yasir Iqbal,MMBRSTC Wanigaratne,0,0,"",""
ball,1,38.2,Denmark,HAM Shah,Yasir Iqbal,MMBRSTC Wanigaratne,1,0,"",""
ball,1,38.3,Denmark,Yasir Iqbal,HAM Shah,MMBRSTC Wanigaratne,1,0,"",""
ball,1,38.4,Denmark,HAM Shah,Yasir Iqbal,MMBRSTC Wanigaratne,0,0,"",""
ball,1,38.5,Denmark,HAM Shah,Yasir Iqbal,MMBRSTC Wanigaratne,1,0,"",""
ball,1,38.6,Denmark,Yasir Iqbal,HAM Shah,MMBRSTC Wanigaratne,0,0,"",""
ball,1,39.1,Denmark,HAM Shah,Yasir Iqbal,CS Sandri,1,0,"",""
ball,1,39.2,Denmark,Yasir Iqbal,HAM Shah,CS Sandri,0,0,"",""
ball,1,39.3,Denmark,Yasir Iqbal,HAM Shah,CS Sandri,0,0,"",""
ball,1,39.4,Denmark,Yasir Iqbal,HAM Shah,CS Sandri,0,0,"",""
ball,1,39.5,Denmark,Yasir Iqbal,HAM Shah,CS Sandri,1,0,"",""
ball,1,39.6,Denmark,HAM Shah,Yasir Iqbal,CS Sandri,0,0,"",""
ball,1,40.1,Denmark,Yasir Iqbal,HAM Shah,MMBRSTC Wanigaratne,1,0,"",""
ball,1,40.2,Denmark,HAM Shah,Yasir Iqbal,MMBRSTC Wanigaratne,0,0,"",""
ball,1,40.3,Denmark,HAM Shah,Yasir Iqbal,MMBRSTC Wanigaratne,1,0,"",""
ball,1,40.4,Denmark,Yasir Iqbal,HAM Shah,MMBRSTC Wanigaratne,1,0,"",""
ball,1,40.5,Denmark,HAM Shah,Yasir Iqbal,MMBRSTC Wanigaratne,2,0,"",""
ball,1,40.6,Denmark,HAM Shah,Yasir Iqbal,MMBRSTC Wanigaratne,0,0,"",""
ball,1,41.1,Denmark,Yasir Iqbal,HAM Shah,DG Crowley,1,0,"",""
ball,1,41.2,Denmark,HAM Shah,Yasir Iqbal,DG Crowley,0,0,"",""
ball,1,41.3,Denmark,HAM Shah,Yasir Iqbal,DG Crowley,1,0,"",""
ball,1,41.4,Denmark,Yasir Iqbal,HAM Shah,DG Crowley,0,0,"",""
ball,1,41.5,Denmark,Yasir Iqbal,HAM Shah,DG Crowley,1,0,"",""
ball,1,41.6,Denmark,HAM Shah,Yasir Iqbal,DG Crowley,0,0,"",""
ball,1,42.1,Denmark,Yasir Iqbal,HAM Shah,MMBRSTC Wanigaratne,1,0,"",""
ball,1,42.2,Denmark,HAM Shah,Yasir Iqbal,MMBRSTC Wanigaratne,1,0,"",""
ball,1,42.3,Denmark,Yasir Iqbal,HAM Shah,MMBRSTC Wanigaratne,0,0,"",""
ball,1,42.4,Denmark,Yasir Iqbal,HAM Shah,MMBRSTC Wanigaratne,1,0,"",""
ball,1,42.5,Denmark,HAM Shah,Yasir Iqbal,MMBRSTC Wanigaratne,1,0,"",""
ball,1,42.6,Denmark,Yasir Iqbal,HAM Shah,MMBRSTC Wanigaratne,1,0,"",""
ball,1,43.1,Denmark,Yasir Iqbal,HAM Shah,DG Crowley,1,0,"",""
ball,1,43.2,Denmark,HAM Shah,Yasir Iqbal,DG Crowley,0,0,"",""
ball,1,43.3,Denmark,HAM Shah,Yasir Iqbal,DG Crowley,0,0,"",""
ball,1,43.4,Denmark,HAM Shah,Yasir Iqbal,DG Crowley,1,0,"",""
ball,1,43.5,Denmark,Yasir Iqbal,HAM Shah,DG Crowley,1,0,"",""
ball,1,43.6,Denmark,HAM Shah,Yasir Iqbal,DG Crowley,1,0,"",""
ball,1,44.1,Denmark,HAM Shah,Yasir Iqbal,L di Giglio,1,0,"",""
ball,1,44.2,Denmark,Yasir Iqbal,HAM Shah,L di Giglio,1,0,"",""
ball,1,44.3,Denmark,HAM Shah,Yasir Iqbal,L di Giglio,1,0,"",""
ball,1,44.4,Denmark,Yasir Iqbal,HAM Shah,L di Giglio,1,0,"",""
ball,1,44.5,Denmark,HAM Shah,Yasir Iqbal,L di Giglio,0,3,"",""
ball,1,44.6,Denmark,HAM Shah,Yasir Iqbal,L di Giglio,1,0,"",""
ball,1,44.7,Denmark,Yasir Iqbal,HAM Shah,L di Giglio,1,0,"",""
ball,1,45.1,Denmark,Yasir Iqbal,HAM Shah,DG Crowley,0,0,"",""
ball,1,45.2,Denmark,Yasir Iqbal,HAM Shah,DG Crowley,0,0,"",""
ball,1,45.3,Denmark,Yasir Iqbal,HAM Shah,DG Crowley,0,0,"",""
ball,1,45.4,Denmark,Yasir Iqbal,HAM Shah,DG Crowley,1,0,"",""
ball,1,45.5,Denmark,HAM Shah,Yasir Iqbal,DG Crowley,0,0,"",""
ball,1,45.6,Denmark,HAM Shah,Yasir Iqbal,DG Crowley,0,0,"",""
ball,1,46.1,Denmark,Yasir Iqbal,HAM Shah,L di Giglio,0,0,"",""
ball,1,46.2,Denmark,Yasir Iqbal,HAM Shah,L di Giglio,4,0,"",""
ball,1,46.3,Denmark,Yasir Iqbal,HAM Shah,L di Giglio,1,1,"",""
ball,1,46.4,Denmark,HAM Shah,Yasir Iqbal,L di Giglio,1,0,"",""
ball,1,46.5,Denmark,Yasir Iqbal,HAM Shah,L di Giglio,1,0,"",""
ball,1,46.6,Denmark,HAM Shah,Yasir Iqbal,L di Giglio,0,0,"",""
ball,1,46.7,Denmark,HAM Shah,Yasir Iqbal,L di Giglio,1,0,"",""
ball,1,47.1,Denmark,HAM Shah,Yasir Iqbal,GP Meade,1,0,"",""
ball,1,47.2,Denmark,Yasir Iqbal,HAM Shah,GP Meade,1,0,"",""
ball,1,47.3,Denmark,HAM Shah,Yasir Iqbal,GP Meade,4,0,"",""
ball,1,47.4,Denmark,HAM Shah,Yasir Iqbal,GP Meade,0,1,"",""
ball,1,47.5,Denmark,HAM Shah,Yasir Iqbal,GP Meade,1,0,"",""
ball,1,47.6,Denmark,Yasir Iqbal,HAM Shah,GP Meade,6,0,"",""
ball,1,47.7,Denmark,Yasir Iqbal,HAM Shah,GP Meade,1,0,"",""
ball,1,48.1,Denmark,Yasir Iqbal,HAM Shah,L di Giglio,1,0,"",""
ball,1,48.2,Denmark,HAM Shah,Yasir Iqbal,L di Giglio,1,0,"",""
ball,1,48.3,Denmark,Yasir Iqbal,HAM Shah,L di Giglio,2,0,"",""
ball,1,48.4,Denmark,Yasir Iqbal,HAM Shah,L di Giglio,2,0,"",""
ball,1,48.5,Denmark,Yasir Iqbal,HAM Shah,L di Giglio,6,0,"",""
ball,1,48.6,Denmark,Yasir Iqbal,HAM Shah,L di Giglio,1,0,"",""
ball,1,49.1,Denmark,Yasir Iqbal,HAM Shah,GP Meade,1,0,"",""
ball,1,49.2,Denmark,HAM Shah,Yasir Iqbal,GP Meade,0,0,"",""
ball,1,49.3,Denmark,HAM Shah,Yasir Iqbal,GP Meade,0,0,caught,HAM Shah
ball,1,49.4,Denmark,Yasir Iqbal,SA Ahmad,GP Meade,2,0,"",""
ball,1,49.5,Denmark,Yasir Iqbal,SA Ahmad,GP Meade,0,0,caught,Yasir Iqbal
ball,1,49.6,Denmark,RB Javed,SA Ahmad,GP Meade,2,0,"",""
ball,2,0.1,Italy,Manpreet Singh,MMBRSTC Wanigaratne,A Khan,0,0,"",""
ball,2,0.2,Italy,Manpreet Singh,MMBRSTC Wanigaratne,A Khan,0,0,"",""
ball,2,0.3,Italy,Manpreet Singh,MMBRSTC Wanigaratne,A Khan,0,0,"",""
ball,2,0.4,Italy,Manpreet Singh,MMBRSTC Wanigaratne,A Khan,0,0,"",""
ball,2,0.5,Italy,Manpreet Singh,MMBRSTC Wanigaratne,A Khan,0,0,"",""
ball,2,0.6,Italy,Manpreet Singh,MMBRSTC Wanigaratne,A Khan,0,0,"",""
ball,2,1.1,Italy,MMBRSTC Wanigaratne,Manpreet Singh,RB Javed,0,0,caught,MMBRSTC Wanigaratne
ball,2,1.2,Italy,A Bonora,Manpreet Singh,RB Javed,0,0,"",""
ball,2,1.3,Italy,A Bonora,Manpreet Singh,RB Javed,0,0,"",""
ball,2,1.4,Italy,A Bonora,Manpreet Singh,RB Javed,0,0,"",""
ball,2,1.5,Italy,A Bonora,Manpreet Singh,RB Javed,1,0,"",""
ball,2,1.6,Italy,Manpreet Singh,A Bonora,RB Javed,0,0,"",""
ball,2,2.1,Italy,A Bonora,Manpreet Singh,A Khan,0,1,"",""
ball,2,2.2,Italy,Manpreet Singh,A Bonora,A Khan,0,0,"",""
ball,2,2.3,Italy,Manpreet Singh,A Bonora,A Khan,0,0,"",""
ball,2,2.4,Italy,Manpreet Singh,A Bonora,A Khan,1,0,"",""
ball,2,2.5,Italy,A Bonora,Manpreet Singh,A Khan,0,0,"",""
ball,2,2.6,Italy,A Bonora,Manpreet Singh,A Khan,0,1,"",""
ball,2,3.1,Italy,A Bonora,Manpreet Singh,RB Javed,0,0,"",""
ball,2,3.2,Italy,A Bonora,Manpreet Singh,RB Javed,0,0,"",""
ball,2,3.3,Italy,A Bonora,Manpreet Singh,RB Javed,0,0,"",""
ball,2,3.4,Italy,A Bonora,Manpreet Singh,RB Javed,0,0,"",""
ball,2,3.5,Italy,A Bonora,Manpreet Singh,RB Javed,0,0,"",""
ball,2,3.6,Italy,A Bonora,Manpreet Singh,RB Javed,0,0,"",""
ball,2,4.1,Italy,Manpreet Singh,A Bonora,A Khan,4,0,"",""
ball,2,4.2,Italy,Manpreet Singh,A Bonora,A Khan,0,1,"",""
ball,2,4.3,Italy,Manpreet Singh,A Bonora,A Khan,0,0,"",""
ball,2,4.4,Italy,Manpreet Singh,A Bonora,A Khan,4,0,"",""
ball,2,4.5,Italy,Manpreet Singh,A Bonora,A Khan,0,0,"",""
ball,2,4.6,Italy,Manpreet Singh,A Bonora,A Khan,0,0,caught,Manpreet Singh
ball,2,4.7,Italy,DG Crowley,A Bonora,A Khan,1,0,"",""
ball,2,5.1,Italy,DG Crowley,A Bonora,RB Javed,0,0,"",""
ball,2,5.2,Italy,DG Crowley,A Bonora,RB Javed,0,0,lbw,DG Crowley
ball,2,5.3,Italy,BBJL Perera,A Bonora,RB Javed,0,0,"",""
ball,2,5.4,Italy,BBJL Perera,A Bonora,RB Javed,0,0,"",""
ball,2,5.5,Italy,BBJL Perera,A Bonora,RB Javed,0,0,"",""
ball,2,5.6,Italy,BBJL Perera,A Bonora,RB Javed,4,0,"",""
ball,2,6.1,Italy,A Bonora,BBJL Perera,A Khan,0,0,"",""
ball,2,6.2,Italy,A Bonora,BBJL Perera,A Khan,2,0,"",""
ball,2,6.3,Italy,A Bonora,BBJL Perera,A Khan,0,0,bowled,A Bonora
ball,2,6.4,Italy,GP Meade,BBJL Perera,A Khan,0,0,"",""
ball,2,6.5,Italy,GP Meade,BBJL Perera,A Khan,0,0,"",""
ball,2,6.6,Italy,GP Meade,BBJL Perera,A Khan,1,0,"",""
ball,2,7.1,Italy,GP Meade,BBJL Perera,RB Javed,0,0,"",""
ball,2,7.2,Italy,GP Meade,BBJL Perera,RB Javed,0,0,"",""
ball,2,7.3,Italy,GP Meade,BBJL Perera,RB Javed,0,0,"",""
ball,2,7.4,Italy,GP Meade,BBJL Perera,RB Javed,0,0,"",""
ball,2,7.5,Italy,GP Meade,BBJL Perera,RB Javed,0,0,"",""
ball,2,7.6,Italy,GP Meade,BBJL Perera,RB Javed,0,0,"",""
ball,2,8.1,Italy,BBJL Perera,GP Meade,A Khan,0,0,"",""
ball,2,8.2,Italy,BBJL Perera,GP Meade,A Khan,0,0,"",""
ball,2,8.3,Italy,BBJL Perera,GP Meade,A Khan,1,0,"",""
ball,2,8.4,Italy,GP Meade,BBJL Perera,A Khan,1,0,"",""
ball,2,8.5,Italy,BBJL Perera,GP Meade,A Khan,0,0,lbw,BBJL Perera
ball,2,8.6,Italy,CS Sandri,GP Meade,A Khan,0,0,"",""
ball,2,9.1,Italy,GP Meade,CS Sandri,RB Javed,0,0,"",""
ball,2,9.2,Italy,GP Meade,CS Sandri,RB Javed,2,0,"",""
ball,2,9.3,Italy,GP Meade,CS Sandri,RB Javed,0,0,"",""
ball,2,9.4,Italy,GP Meade,CS Sandri,RB Javed,0,0,"",""
ball,2,9.5,Italy,GP Meade,CS Sandri,RB Javed,0,0,"",""
ball,2,9.6,Italy,GP Meade,CS Sandri,RB Javed,0,0,"",""
ball,2,10.1,Italy,CS Sandri,GP Meade,A Khan,0,0,"",""
ball,2,10.2,Italy,CS Sandri,GP Meade,A Khan,0,0,"",""
ball,2,10.3,Italy,CS Sandri,GP Meade,A Khan,1,0,"",""
ball,2,10.4,Italy,GP Meade,CS Sandri,A Khan,1,0,"",""
ball,2,10.5,Italy,CS Sandri,GP Meade,A Khan,1,0,"",""
ball,2,10.6,Italy,GP Meade,CS Sandri,A Khan,4,0,"",""
ball,2,11.1,Italy,CS Sandri,GP Meade,Yasir Iqbal,1,0,"",""
ball,2,11.2,Italy,GP Meade,CS Sandri,Yasir Iqbal,1,0,"",""
ball,2,11.3,Italy,CS Sandri,GP Meade,Yasir Iqbal,4,0,"",""
ball,2,11.4,Italy,CS Sandri,GP Meade,Yasir Iqbal,4,0,"",""
ball,2,11.5,Italy,CS Sandri,GP Meade,Yasir Iqbal,0,0,"",""
ball,2,11.6,Italy,CS Sandri,GP Meade,Yasir Iqbal,0,0,"",""
ball,2,12.1,Italy,GP Meade,CS Sandri,Aftab Ahmed (2),0,0,"",""
ball,2,12.2,Italy,GP Meade,CS Sandri,Aftab Ahmed (2),0,0,"",""
ball,2,12.3,Italy,GP Meade,CS Sandri,Aftab Ahmed (2),1,0,"",""
ball,2,12.4,Italy,CS Sandri,GP Meade,Aftab Ahmed (2),0,0,"",""
ball,2,12.5,Italy,CS Sandri,GP Meade,Aftab Ahmed (2),4,0,"",""
ball,2,12.6,Italy,CS Sandri,GP Meade,Aftab Ahmed (2),0,0,"",""
ball,2,13.1,Italy,GP Meade,CS Sandri,Bashir Shah,0,0,"",""
ball,2,13.2,Italy,GP Meade,CS Sandri,Bashir Shah,0,0,bowled,GP Meade
ball,2,13.3,Italy,WTN Fernando,CS Sandri,Bashir Shah,0,0,"",""
ball,2,13.4,Italy,WTN Fernando,CS Sandri,Bashir Shah,0,0,"",""
ball,2,13.5,Italy,WTN Fernando,CS Sandri,Bashir Shah,0,0,"",""
ball,2,13.6,Italy,WTN Fernando,CS Sandri,Bashir Shah,0,0,"",""
ball,2,14.1,Italy,CS Sandri,WTN Fernando,SA Ahmad,0,0,"",""
ball,2,14.2,Italy,CS Sandri,WTN Fernando,SA Ahmad,6,0,"",""
ball,2,14.3,Italy,CS Sandri,WTN Fernando,SA Ahmad,4,0,"",""
ball,2,14.4,Italy,CS Sandri,WTN Fernando,SA Ahmad,0,0,"",""
ball,2,14.5,Italy,CS Sandri,WTN Fernando,SA Ahmad,6,0,"",""
ball,2,14.6,Italy,CS Sandri,WTN Fernando,SA Ahmad,1,0,"",""
ball,2,15.1,Italy,CS Sandri,WTN Fernando,Bashir Shah,1,0,"",""
ball,2,15.2,Italy,WTN Fernando,CS Sandri,Bashir Shah,0,0,"",""
ball,2,15.3,Italy,WTN Fernando,CS Sandri,Bashir Shah,0,1,"",""
ball,2,15.4,Italy,WTN Fernando,CS Sandri,Bashir Shah,0,0,"",""
ball,2,15.5,Italy,WTN Fernando,CS Sandri,Bashir Shah,0,0,lbw,WTN Fernando
ball,2,15.6,Italy,R Tanweer,CS Sandri,Bashir Shah,0,0,"",""
ball,2,15.7,Italy,R Tanweer,CS Sandri,Bashir Shah,4,0,"",""
ball,2,16.1,Italy,CS Sandri,R Tanweer,Aftab Ahmed (2),0,1,"",""
ball,2,16.2,Italy,CS Sandri,R Tanweer,Aftab Ahmed (2),4,0,"",""
ball,2,16.3,Italy,CS Sandri,R Tanweer,Aftab Ahmed (2),4,0,"",""
ball,2,16.4,Italy,CS Sandri,R Tanweer,Aftab Ahmed (2),0,0,"",""
ball,2,16.5,Italy,CS Sandri,R Tanweer,Aftab Ahmed (2),0,0,"",""
ball,2,16.6,Italy,CS Sandri,R Tanweer,Aftab Ahmed (2),1,0,"",""
ball,2,16.7,Italy,R Tanweer,CS Sandri,Aftab Ahmed (2),0,0,bowled,R Tanweer
ball,2,17.1,Italy,CS Sandri,L di Giglio,Bashir Shah,4,0,"",""
ball,2,17.2,Italy,CS Sandri,L di Giglio,Bashir Shah,1,0,"",""
ball,2,17.3,Italy,L di Giglio,CS Sandri,Bashir Shah,0,0,"",""
ball,2,17.4,Italy,L di Giglio,CS Sandri,Bashir Shah,0,0,"",""
ball,2,17.5,Italy,L di Giglio,CS Sandri,Bashir Shah,0,0,stumped,L di Giglio
ball,2,17.6,Italy,Charanjeet Singh,CS Sandri,Bashir Shah,0,0,"",""
ball,2,18.1,Italy,CS Sandri,Charanjeet Singh,Aftab Ahmed (2),1,0,"",""
ball,2,18.2,Italy,Charanjeet Singh,CS Sandri,Aftab Ahmed (2),0,0,"",""
ball,2,18.3,Italy,Charanjeet Singh,CS Sandri,Aftab Ahmed (2),0,0,"",""
ball,2,18.4,Italy,Charanjeet Singh,CS Sandri,Aftab Ahmed (2),2,0,"",""
ball,2,18.5,Italy,Charanjeet Singh,CS Sandri,Aftab Ahmed (2),0,0,"",""
ball,2,18.6,Italy,Charanjeet Singh,CS Sandri,Aftab Ahmed (2),0,0,"",""
ball,2,19.1,Italy,CS Sandri,Charanjeet Singh,Bashir Shah,0,0,"",""
ball,2,19.2,Italy,CS Sandri,Charanjeet Singh,Bashir Shah,1,0,"",""
ball,2,19.3,Italy,Charanjeet Singh,CS Sandri,Bashir Shah,1,0,"",""
ball,2,19.4,Italy,CS Sandri,Charanjeet Singh,Bashir Shah,4,0,"",""
ball,2,19.5,Italy,CS Sandri,Charanjeet Singh,Bashir Shah,1,0,"",""
ball,2,19.6,Italy,Charanjeet Singh,CS Sandri,Bashir Shah,0,0,"",""
ball,2,20.1,Italy,CS Sandri,Charanjeet Singh,Aftab Ahmed (2),0,0,"",""
ball,2,20.2,Italy,CS Sandri,Charanjeet Singh,Aftab Ahmed (2),0,0,"",""
ball,2,20.3,Italy,CS Sandri,Charanjeet Singh,Aftab Ahmed (2),4,0,"",""
ball,2,20.4,Italy,CS Sandri,Charanjeet Singh,Aftab Ahmed (2),1,0,"",""
ball,2,20.5,Italy,Charanjeet Singh,CS Sandri,Aftab Ahmed (2),0,0,"",""
ball,2,20.6,Italy,Charanjeet Singh,CS Sandri,Aftab Ahmed (2),0,0,"",""
ball,2,21.1,Italy,CS Sandri,Charanjeet Singh,Bashir Shah,0,0,caught,CS Sandri
