version,1.3.0
info,team,Italy
info,team,Oman
info,gender,male
info,season,2016/17
info,date,2016/11/02
info,competition,ICC World Cricket League Division Four
info,venue,"Wong Cricket Field, Woodley Park"
info,city,Los Angeles
info,neutralvenue,true
info,toss_winner,Italy
info,toss_decision,bat
info,player_of_match,Zeeshan Siddiqui
info,umpire,L Oala
info,umpire,JM Williams
info,reserve_umpire,Iftikhar Ali
info,match_referee,D Govindjee
info,winner,Oman
info,winner_wickets,5
ball,1,0.1,Italy,Manpreet Singh,MMBRSTC Wanigaratne,RJ Ranpura,0,0,"",""
ball,1,0.2,Italy,Manpreet Singh,MMBRSTC Wanigaratne,RJ Ranpura,0,0,"",""
ball,1,0.3,Italy,Manpreet Singh,MMBRSTC Wanigaratne,RJ Ranpura,0,0,"",""
ball,1,0.4,Italy,Manpreet Singh,MMBRSTC Wanigaratne,RJ Ranpura,0,0,"",""
ball,1,0.5,Italy,Manpreet Singh,MMBRSTC Wanigaratne,RJ Ranpura,1,0,"",""
ball,1,0.6,Italy,MMBRSTC Wanigaratne,Manpreet Singh,RJ Ranpura,0,0,"",""
ball,1,1.1,Italy,Manpreet Singh,MMBRSTC Wanigaratne,AV Lalcheta,0,0,"",""
ball,1,1.2,Italy,Manpreet Singh,MMBRSTC Wanigaratne,AV Lalcheta,0,0,"",""
ball,1,1.3,Italy,Manpreet Singh,MMBRSTC Wanigaratne,AV Lalcheta,0,0,"",""
ball,1,1.4,Italy,Manpreet Singh,MMBRSTC Wanigaratne,AV Lalcheta,1,0,"",""
ball,1,1.5,Italy,MMBRSTC Wanigaratne,Manpreet Singh,AV Lalcheta,0,0,lbw,MMBRSTC Wanigaratne
ball,1,1.6,Italy,GP Meade,Manpreet Singh,AV Lalcheta,0,0,"",""
ball,1,2.1,Italy,Manpreet Singh,GP Meade,RJ Ranpura,0,0,"",""
ball,1,2.2,Italy,Manpreet Singh,GP Meade,RJ Ranpura,0,0,"",""
ball,1,2.3,Italy,Manpreet Singh,GP Meade,RJ Ranpura,0,0,"",""
ball,1,2.4,Italy,Manpreet Singh,GP Meade,RJ Ranpura,0,0,"",""
ball,1,2.5,Italy,Manpreet Singh,GP Meade,RJ Ranpura,0,0,caught,Manpreet Singh
ball,1,2.6,Italy,A Bonora,GP Meade,RJ Ranpura,0,0,"",""
ball,1,3.1,Italy,GP Meade,A Bonora,AV Lalcheta,0,0,"",""
ball,1,3.2,Italy,GP Meade,A Bonora,AV Lalcheta,0,0,"",""
ball,1,3.3,Italy,GP Meade,A Bonora,AV Lalcheta,0,0,"",""
ball,1,3.4,Italy,GP Meade,A Bonora,AV Lalcheta,0,0,"",""
ball,1,3.5,Italy,GP Meade,A Bonora,AV Lalcheta,0,0,"",""
ball,1,3.6,Italy,GP Meade,A Bonora,AV Lalcheta,0,0,"",""
ball,1,4.1,Italy,A Bonora,GP Meade,RJ Ranpura,0,0,"",""
ball,1,4.2,Italy,A Bonora,GP Meade,RJ Ranpura,0,0,"",""
ball,1,4.3,Italy,A Bonora,GP Meade,RJ Ranpura,0,0,"",""
ball,1,4.4,Italy,A Bonora,GP Meade,RJ Ranpura,0,0,"",""
ball,1,4.5,Italy,A Bonora,GP Meade,RJ Ranpura,0,0,"",""
ball,1,4.6,Italy,A Bonora,GP Meade,RJ Ranpura,0,0,"",""
ball,1,5.1,Italy,GP Meade,A Bonora,AV Lalcheta,0,0,bowled,GP Meade
ball,1,5.2,Italy,DG Crowley,A Bonora,AV Lalcheta,0,0,"",""
ball,1,5.3,Italy,DG Crowley,A Bonora,AV Lalcheta,0,0,"",""
ball,1,5.4,Italy,DG Crowley,A Bonora,AV Lalcheta,1,0,"",""
ball,1,5.5,Italy,A Bonora,DG Crowley,AV Lalcheta,0,0,"",""
ball,1,5.6,Italy,A Bonora,DG Crowley,AV Lalcheta,0,0,"",""
ball,1,6.1,Italy,DG Crowley,A Bonora,RJ Ranpura,0,0,"",""
ball,1,6.2,Italy,DG Crowley,A Bonora,RJ Ranpura,0,0,"",""
ball,1,6.3,Italy,DG Crowley,A Bonora,RJ Ranpura,0,0,"",""
ball,1,6.4,Italy,DG Crowley,A Bonora,RJ Ranpura,1,0,"",""
ball,1,6.5,Italy,A Bonora,DG Crowley,RJ Ranpura,0,0,"",""
ball,1,6.6,Italy,A Bonora,DG Crowley,RJ Ranpura,2,0,"",""
ball,1,7.1,Italy,DG Crowley,A Bonora,AV Lalcheta,0,0,"",""
ball,1,7.2,Italy,DG Crowley,A Bonora,AV Lalcheta,0,0,"",""
ball,1,7.3,Italy,DG Crowley,A Bonora,AV Lalcheta,0,0,"",""
ball,1,7.4,Italy,DG Crowley,A Bonora,AV Lalcheta,2,0,"",""
ball,1,7.5,Italy,DG Crowley,A Bonora,AV Lalcheta,0,0,"",""
ball,1,7.6,Italy,DG Crowley,A Bonora,AV Lalcheta,4,0,"",""
ball,1,8.1,Italy,A Bonora,DG Crowley,RJ Ranpura,0,0,"",""
ball,1,8.2,Italy,A Bonora,DG Crowley,RJ Ranpura,0,0,"",""
ball,1,8.3,Italy,A Bonora,DG Crowley,RJ Ranpura,0,0,"",""
ball,1,8.4,Italy,A Bonora,DG Crowley,RJ Ranpura,0,0,"",""
ball,1,8.5,Italy,A Bonora,DG Crowley,RJ Ranpura,0,0,"",""
ball,1,8.6,Italy,A Bonora,DG Crowley,RJ Ranpura,0,0,"",""
ball,1,9.1,Italy,DG Crowley,A Bonora,AV Lalcheta,0,0,"",""
ball,1,9.2,Italy,DG Crowley,A Bonora,AV Lalcheta,0,0,"",""
ball,1,9.3,Italy,DG Crowley,A Bonora,AV Lalcheta,0,0,"",""
ball,1,9.4,Italy,DG Crowley,A Bonora,AV Lalcheta,0,0,"",""
ball,1,9.5,Italy,DG Crowley,A Bonora,AV Lalcheta,0,0,"",""
ball,1,9.6,Italy,DG Crowley,A Bonora,AV Lalcheta,0,0,"",""
ball,1,10.1,Italy,A Bonora,DG Crowley,RJ Ranpura,0,0,"",""
ball,1,10.2,Italy,A Bonora,DG Crowley,RJ Ranpura,0,0,"",""
ball,1,10.3,Italy,A Bonora,DG Crowley,RJ Ranpura,0,0,"",""
ball,1,10.4,Italy,A Bonora,DG Crowley,RJ Ranpura,0,0,"",""
ball,1,10.5,Italy,A Bonora,DG Crowley,RJ Ranpura,0,0,"",""
ball,1,10.6,Italy,A Bonora,DG Crowley,RJ Ranpura,0,0,"",""
ball,1,11.1,Italy,DG Crowley,A Bonora,AV Lalcheta,1,0,"",""
ball,1,11.2,Italy,A Bonora,DG Crowley,AV Lalcheta,0,0,"",""
ball,1,11.3,Italy,A Bonora,DG Crowley,AV Lalcheta,0,0,"",""
ball,1,11.4,Italy,A Bonora,DG Crowley,AV Lalcheta,4,0,"",""
ball,1,11.5,Italy,A Bonora,DG Crowley,AV Lalcheta,0,0,"",""
ball,1,11.6,Italy,A Bonora,DG Crowley,AV Lalcheta,0,0,"",""
ball,1,12.1,Italy,DG Crowley,A Bonora,RJ Ranpura,0,0,"",""
ball,1,12.2,Italy,DG Crowley,A Bonora,RJ Ranpura,2,0,"",""
ball,1,12.3,Italy,DG Crowley,A Bonora,RJ Ranpura,1,0,"",""
ball,1,12.4,Italy,A Bonora,DG Crowley,RJ Ranpura,0,0,"",""
ball,1,12.5,Italy,A Bonora,DG Crowley,RJ Ranpura,4,0,"",""
ball,1,12.6,Italy,A Bonora,DG Crowley,RJ Ranpura,0,0,"",""
ball,1,13.1,Italy,DG Crowley,A Bonora,AV Lalcheta,0,0,"",""
ball,1,13.2,Italy,DG Crowley,A Bonora,AV Lalcheta,0,0,"",""
ball,1,13.3,Italy,DG Crowley,A Bonora,AV Lalcheta,4,0,"",""
ball,1,13.4,Italy,DG Crowley,A Bonora,AV Lalcheta,0,0,"",""
ball,1,13.5,Italy,DG Crowley,A Bonora,AV Lalcheta,0,0,"",""
ball,1,13.6,Italy,DG Crowley,A Bonora,AV Lalcheta,0,0,"",""
ball,1,14.1,Italy,A Bonora,DG Crowley,Khawar Ali,0,0,"",""
ball,1,14.2,Italy,A Bonora,DG Crowley,Khawar Ali,4,0,"",""
ball,1,14.3,Italy,A Bonora,DG Crowley,Khawar Ali,0,0,"",""
ball,1,14.4,Italy,A Bonora,DG Crowley,Khawar Ali,1,0,"",""
ball,1,14.5,Italy,DG Crowley,A Bonora,Khawar Ali,0,0,"",""
ball,1,14.6,Italy,DG Crowley,A Bonora,Khawar Ali,0,0,"",""
ball,1,15.1,Italy,A Bonora,DG Crowley,M Ansari,0,1,"",""
ball,1,15.2,Italy,A Bonora,DG Crowley,M Ansari,0,0,"",""
ball,1,15.3,Italy,A Bonora,DG Crowley,M Ansari,0,1,"",""
ball,1,15.4,Italy,DG Crowley,A Bonora,M Ansari,0,0,"",""
ball,1,15.5,Italy,DG Crowley,A Bonora,M Ansari,0,0,"",""
ball,1,15.6,Italy,DG Crowley,A Bonora,M Ansari,0,0,"",""
ball,1,15.7,Italy,DG Crowley,A Bonora,M Ansari,4,0,"",""
ball,1,16.1,Italy,A Bonora,DG Crowley,Khawar Ali,4,0,"",""
ball,1,16.2,Italy,A Bonora,DG Crowley,Khawar Ali,0,0,"",""
ball,1,16.3,Italy,A Bonora,DG Crowley,Khawar Ali,0,0,caught,A Bonora
ball,1,16.4,Italy,DG Crowley,CS Sandri,Khawar Ali,4,0,"",""
ball,1,16.5,Italy,DG Crowley,CS Sandri,Khawar Ali,0,0,"",""
ball,1,16.6,Italy,DG Crowley,CS Sandri,Khawar Ali,1,0,"",""
ball,1,17.1,Italy,DG Crowley,CS Sandri,M Ansari,0,0,"",""
ball,1,17.2,Italy,DG Crowley,CS Sandri,M Ansari,4,0,"",""
ball,1,17.3,Italy,DG Crowley,CS Sandri,M Ansari,0,0,"",""
ball,1,17.4,Italy,DG Crowley,CS Sandri,M Ansari,2,0,"",""
ball,1,17.5,Italy,DG Crowley,CS Sandri,M Ansari,4,0,"",""
ball,1,17.6,Italy,DG Crowley,CS Sandri,M Ansari,1,0,"",""
ball,1,18.1,Italy,DG Crowley,CS Sandri,Khawar Ali,1,0,"",""
ball,1,18.2,Italy,CS Sandri,DG Crowley,Khawar Ali,0,0,"",""
ball,1,18.3,Italy,CS Sandri,DG Crowley,Khawar Ali,1,0,"",""
ball,1,18.4,Italy,DG Crowley,CS Sandri,Khawar Ali,1,0,"",""
ball,1,18.5,Italy,CS Sandri,DG Crowley,Khawar Ali,0,0,"",""
ball,1,18.6,Italy,CS Sandri,DG Crowley,Khawar Ali,0,0,"",""
ball,1,19.1,Italy,DG Crowley,CS Sandri,Zeeshan Maqsood,1,0,"",""
ball,1,19.2,Italy,CS Sandri,DG Crowley,Zeeshan Maqsood,0,0,"",""
ball,1,19.3,Italy,CS Sandri,DG Crowley,Zeeshan Maqsood,0,0,"",""
ball,1,19.4,Italy,CS Sandri,DG Crowley,Zeeshan Maqsood,6,0,"",""
ball,1,19.5,Italy,CS Sandri,DG Crowley,Zeeshan Maqsood,4,0,"",""
ball,1,19.6,Italy,CS Sandri,DG Crowley,Zeeshan Maqsood,0,0,"",""
ball,1,20.1,Italy,DG Crowley,CS Sandri,Khawar Ali,0,0,"",""
ball,1,20.2,Italy,DG Crowley,CS Sandri,Khawar Ali,0,0,"",""
ball,1,20.3,Italy,DG Crowley,CS Sandri,Khawar Ali,0,0,"",""
ball,1,20.4,Italy,DG Crowley,CS Sandri,Khawar Ali,0,0,"",""
ball,1,20.5,Italy,DG Crowley,CS Sandri,Khawar Ali,0,0,"",""
ball,1,20.6,Italy,DG Crowley,CS Sandri,Khawar Ali,0,0,"",""
ball,1,21.1,Italy,CS Sandri,DG Crowley,Mohammad Nadeem,0,0,"",""
ball,1,21.2,Italy,CS Sandri,DG Crowley,Mohammad Nadeem,1,0,"",""
ball,1,21.3,Italy,DG Crowley,CS Sandri,Mohammad Nadeem,0,0,"",""
ball,1,21.4,Italy,DG Crowley,CS Sandri,Mohammad Nadeem,0,0,"",""
ball,1,21.5,Italy,DG Crowley,CS Sandri,Mohammad Nadeem,0,0,"",""
ball,1,21.6,Italy,DG Crowley,CS Sandri,Mohammad Nadeem,0,4,"",""
ball,1,22.1,Italy,CS Sandri,DG Crowley,Khawar Ali,1,0,"",""
ball,1,22.2,Italy,DG Crowley,CS Sandri,Khawar Ali,1,0,"",""
ball,1,22.3,Italy,CS Sandri,DG Crowley,Khawar Ali,4,0,"",""
ball,1,22.4,Italy,CS Sandri,DG Crowley,Khawar Ali,0,0,"",""
ball,1,22.5,Italy,CS Sandri,DG Crowley,Khawar Ali,4,0,"",""
ball,1,22.6,Italy,CS Sandri,DG Crowley,Khawar Ali,1,0,"",""
ball,1,23.1,Italy,CS Sandri,DG Crowley,Mohammad Nadeem,0,0,"",""
ball,1,23.2,Italy,CS Sandri,DG Crowley,Mohammad Nadeem,1,0,"",""
ball,1,23.3,Italy,DG Crowley,CS Sandri,Mohammad Nadeem,0,0,"",""
ball,1,23.4,Italy,DG Crowley,CS Sandri,Mohammad Nadeem,1,0,"",""
ball,1,23.5,Italy,CS Sandri,DG Crowley,Mohammad Nadeem,1,0,"",""
ball,1,23.6,Italy,DG Crowley,CS Sandri,Mohammad Nadeem,0,1,"",""
ball,1,24.1,Italy,DG Crowley,CS Sandri,Amir Ali,0,0,"",""
ball,1,24.2,Italy,DG Crowley,CS Sandri,Amir Ali,0,0,"",""
ball,1,24.3,Italy,DG Crowley,CS Sandri,Amir Ali,0,0,"",""
ball,1,24.4,Italy,DG Crowley,CS Sandri,Amir Ali,0,0,"",""
ball,1,24.5,Italy,DG Crowley,CS Sandri,Amir Ali,1,0,"",""
ball,1,24.6,Italy,CS Sandri,DG Crowley,Amir Ali,0,0,"",""
ball,1,25.1,Italy,DG Crowley,CS Sandri,Mohammad Nadeem,1,0,"",""
ball,1,25.2,Italy,CS Sandri,DG Crowley,Mohammad Nadeem,0,0,"",""
ball,1,25.3,Italy,CS Sandri,DG Crowley,Mohammad Nadeem,0,0,"",""
ball,1,25.4,Italy,CS Sandri,DG Crowley,Mohammad Nadeem,1,0,"",""
ball,1,25.5,Italy,DG Crowley,CS Sandri,Mohammad Nadeem,0,0,"",""
ball,1,25.6,Italy,DG Crowley,CS Sandri,Mohammad Nadeem,1,0,"",""
ball,1,26.1,Italy,DG Crowley,CS Sandri,Amir Ali,0,0,"",""
ball,1,26.2,Italy,DG Crowley,CS Sandri,Amir Ali,1,0,"",""
ball,1,26.3,Italy,CS Sandri,DG Crowley,Amir Ali,0,0,"",""
ball,1,26.4,Italy,CS Sandri,DG Crowley,Amir Ali,1,0,"",""
ball,1,26.5,Italy,DG Crowley,CS Sandri,Amir Ali,1,0,"",""
ball,1,26.6,Italy,CS Sandri,DG Crowley,Amir Ali,1,0,"",""
ball,1,27.1,Italy,CS Sandri,DG Crowley,Mohammad Nadeem,0,0,"",""
ball,1,27.2,Italy,CS Sandri,DG Crowley,Mohammad Nadeem,0,0,"",""
ball,1,27.3,Italy,CS Sandri,DG Crowley,Mohammad Nadeem,0,0,"",""
ball,1,27.4,Italy,CS Sandri,DG Crowley,Mohammad Nadeem,1,0,"",""
ball,1,27.5,Italy,DG Crowley,CS Sandri,Mohammad Nadeem,1,0,"",""
ball,1,27.6,Italy,CS Sandri,DG Crowley,Mohammad Nadeem,1,0,"",""
ball,1,28.1,Italy,CS Sandri,DG Crowley,Amir Ali,1,0,"",""
ball,1,28.2,Italy,DG Crowley,CS Sandri,Amir Ali,0,0,"",""
ball,1,28.3,Italy,DG Crowley,CS Sandri,Amir Ali,0,0,"",""
ball,1,28.4,Italy,DG Crowley,CS Sandri,Amir Ali,0,0,"",""
ball,1,28.5,Italy,DG Crowley,CS Sandri,Amir Ali,1,0,"",""
ball,1,28.6,Italy,CS Sandri,DG Crowley,Amir Ali,0,0,"",""
ball,1,29.1,Italy,DG Crowley,CS Sandri,Mohammad Nadeem,0,0,"",""
ball,1,29.2,Italy,DG Crowley,CS Sandri,Mohammad Nadeem,0,1,"",""
ball,1,29.3,Italy,CS Sandri,DG Crowley,Mohammad Nadeem,1,0,"",""
ball,1,29.4,Italy,DG Crowley,CS Sandri,Mohammad Nadeem,0,0,"",""
ball,1,29.5,Italy,DG Crowley,CS Sandri,Mohammad Nadeem,0,0,"",""
ball,1,29.6,Italy,DG Crowley,CS Sandri,Mohammad Nadeem,0,0,"",""
ball,1,30.1,Italy,CS Sandri,DG Crowley,Amir Ali,1,0,"",""
ball,1,30.2,Italy,DG Crowley,CS Sandri,Amir Ali,0,0,"",""
ball,1,30.3,Italy,DG Crowley,CS Sandri,Amir Ali,1,0,"",""
ball,1,30.4,Italy,CS Sandri,DG Crowley,Amir Ali,1,0,"",""
ball,1,30.5,Italy,DG Crowley,CS Sandri,Amir Ali,0,0,"",""
ball,1,30.6,Italy,DG Crowley,CS Sandri,Amir Ali,1,0,"",""
ball,1,31.1,Italy,DG Crowley,CS Sandri,Mohammad Nadeem,2,0,"",""
ball,1,31.2,Italy,DG Crowley,CS Sandri,Mohammad Nadeem,0,0,"",""
ball,1,31.3,Italy,DG Crowley,CS Sandri,Mohammad Nadeem,0,0,"",""
ball,1,31.4,Italy,DG Crowley,CS Sandri,Mohammad Nadeem,0,0,"",""
ball,1,31.5,Italy,DG Crowley,CS Sandri,Mohammad Nadeem,0,0,"",""
ball,1,31.6,Italy,DG Crowley,CS Sandri,Mohammad Nadeem,1,0,"",""
ball,1,32.1,Italy,DG Crowley,CS Sandri,Amir Ali,0,0,"",""
ball,1,32.2,Italy,DG Crowley,CS Sandri,Amir Ali,1,0,"",""
ball,1,32.3,Italy,CS Sandri,DG Crowley,Amir Ali,0,0,"",""
ball,1,32.4,Italy,CS Sandri,DG Crowley,Amir Ali,1,0,"",""
ball,1,32.5,Italy,DG Crowley,CS Sandri,Amir Ali,0,0,caught,DG Crowley
ball,1,32.6,Italy,BBJL Perera,CS Sandri,Amir Ali,4,0,"",""
ball,1,33.1,Italy,CS Sandri,BBJL Perera,Mohammad Nadeem,0,0,"",""
ball,1,33.2,Italy,CS Sandri,BBJL Perera,Mohammad Nadeem,0,0,"",""
ball,1,33.3,Italy,CS Sandri,BBJL Perera,Mohammad Nadeem,0,0,"",""
ball,1,33.4,Italy,CS Sandri,BBJL Perera,Mohammad Nadeem,1,0,"",""
ball,1,33.5,Italy,BBJL Perera,CS Sandri,Mohammad Nadeem,0,0,"",""
ball,1,33.6,Italy,BBJL Perera,CS Sandri,Mohammad Nadeem,0,0,"",""
ball,1,34.1,Italy,CS Sandri,BBJL Perera,Amir Ali,1,0,"",""
ball,1,34.2,Italy,BBJL Perera,CS Sandri,Amir Ali,0,0,"",""
ball,1,34.3,Italy,BBJL Perera,CS Sandri,Amir Ali,0,1,"",""
ball,1,34.4,Italy,BBJL Perera,CS Sandri,Amir Ali,0,0,"",""
ball,1,34.5,Italy,BBJL Perera,CS Sandri,Amir Ali,0,0,"",""
ball,1,34.6,Italy,BBJL Perera,CS Sandri,Amir Ali,0,0,"",""
ball,1,34.7,Italy,BBJL Perera,CS Sandri,Amir Ali,0,0,"",""
ball,1,35.1,Italy,CS Sandri,BBJL Perera,Mohammad Nadeem,0,0,"",""
ball,1,35.2,Italy,CS Sandri,BBJL Perera,Mohammad Nadeem,0,1,"",""
ball,1,35.3,Italy,BBJL Perera,CS Sandri,Mohammad Nadeem,0,0,lbw,BBJL Perera
ball,1,35.4,Italy,Fida Hussain,CS Sandri,Mohammad Nadeem,0,0,"",""
ball,1,35.5,Italy,Fida Hussain,CS Sandri,Mohammad Nadeem,0,2,"",""
ball,1,35.6,Italy,Fida Hussain,CS Sandri,Mohammad Nadeem,1,0,"",""
ball,1,36.1,Italy,Fida Hussain,CS Sandri,M Ansari,1,0,"",""
ball,1,36.2,Italy,CS Sandri,Fida Hussain,M Ansari,0,0,"",""
ball,1,36.3,Italy,CS Sandri,Fida Hussain,M Ansari,2,0,"",""
ball,1,36.4,Italy,CS Sandri,Fida Hussain,M Ansari,0,0,"",""
ball,1,36.5,Italy,CS Sandri,Fida Hussain,M Ansari,0,0,"",""
ball,1,36.6,Italy,CS Sandri,Fida Hussain,M Ansari,1,0,"",""
ball,1,37.1,Italy,CS Sandri,Fida Hussain,Mohammad Nadeem,0,0,"",""
ball,1,37.2,Italy,CS Sandri,Fida Hussain,Mohammad Nadeem,0,0,"",""
ball,1,37.3,Italy,CS Sandri,Fida Hussain,Mohammad Nadeem,0,0,"",""
ball,1,37.4,Italy,CS Sandri,Fida Hussain,Mohammad Nadeem,1,0,"",""
ball,1,37.5,Italy,Fida Hussain,CS Sandri,Mohammad Nadeem,0,0,"",""
ball,1,37.6,Italy,Fida Hussain,CS Sandri,Mohammad Nadeem,0,0,"",""
ball,1,38.1,Italy,CS Sandri,Fida Hussain,Amir Ali,0,0,caught,CS Sandri
ball,1,38.2,Italy,ZH Cheema,Fida Hussain,Amir Ali,0,0,"",""
ball,1,38.3,Italy,ZH Cheema,Fida Hussain,Amir Ali,0,0,"",""
ball,1,38.4,Italy,ZH Cheema,Fida Hussain,Amir Ali,0,0,"",""
ball,1,38.5,Italy,ZH Cheema,Fida Hussain,Amir Ali,1,0,"",""
ball,1,38.6,Italy,Fida Hussain,ZH Cheema,Amir Ali,0,0,"",""
ball,1,39.1,Italy,ZH Cheema,Fida Hussain,Mohammad Nadeem,0,0,bowled,ZH Cheema
ball,1,39.2,Italy,L di Giglio,Fida Hussain,Mohammad Nadeem,0,0,"",""
ball,1,39.3,Italy,L di Giglio,Fida Hussain,Mohammad Nadeem,0,0,"",""
ball,1,39.4,Italy,L di Giglio,Fida Hussain,Mohammad Nadeem,0,0,"",""
ball,1,39.5,Italy,L di Giglio,Fida Hussain,Mohammad Nadeem,0,0,"",""
ball,1,39.6,Italy,L di Giglio,Fida Hussain,Mohammad Nadeem,0,0,"",""
ball,1,40.1,Italy,Fida Hussain,L di Giglio,Amir Ali,0,0,"",""
ball,1,40.2,Italy,Fida Hussain,L di Giglio,Amir Ali,0,0,"",""
ball,1,40.3,Italy,Fida Hussain,L di Giglio,Amir Ali,1,0,"",""
ball,1,40.4,Italy,L di Giglio,Fida Hussain,Amir Ali,0,0,"",""
ball,1,40.5,Italy,L di Giglio,Fida Hussain,Amir Ali,0,0,"",""
ball,1,40.6,Italy,L di Giglio,Fida Hussain,Amir Ali,1,0,"",""
ball,1,41.1,Italy,L di Giglio,Fida Hussain,AV Lalcheta,0,0,"",""
ball,1,41.2,Italy,L di Giglio,Fida Hussain,AV Lalcheta,0,0,"",""
ball,1,41.3,Italy,L di Giglio,Fida Hussain,AV Lalcheta,0,0,"",""
ball,1,41.4,Italy,L di Giglio,Fida Hussain,AV Lalcheta,0,0,"",""
ball,1,41.5,Italy,L di Giglio,Fida Hussain,AV Lalcheta,1,0,"",""
ball,1,41.6,Italy,Fida Hussain,L di Giglio,AV Lalcheta,0,0,"",""
ball,1,42.1,Italy,L di Giglio,Fida Hussain,Amir Ali,0,0,"",""
ball,1,42.2,Italy,L di Giglio,Fida Hussain,Amir Ali,0,0,"",""
ball,1,42.3,Italy,L di Giglio,Fida Hussain,Amir Ali,0,0,"",""
ball,1,42.4,Italy,L di Giglio,Fida Hussain,Amir Ali,1,0,"",""
ball,1,42.5,Italy,Fida Hussain,L di Giglio,Amir Ali,0,0,"",""
ball,1,42.6,Italy,Fida Hussain,L di Giglio,Amir Ali,1,0,"",""
ball,1,43.1,Italy,Fida Hussain,L di Giglio,AV Lalcheta,0,0,"",""
ball,1,43.2,Italy,Fida Hussain,L di Giglio,AV Lalcheta,2,0,"",""
ball,1,43.3,Italy,Fida Hussain,L di Giglio,AV Lalcheta,0,0,"",""
ball,1,43.4,Italy,Fida Hussain,L di Giglio,AV Lalcheta,2,0,"",""
ball,1,43.5,Italy,Fida Hussain,L di Giglio,AV Lalcheta,0,0,"",""
ball,1,43.6,Italy,Fida Hussain,L di Giglio,AV Lalcheta,1,0,"",""
ball,1,44.1,Italy,Fida Hussain,L di Giglio,Amir Ali,1,0,"",""
ball,1,44.2,Italy,L di Giglio,Fida Hussain,Amir Ali,1,0,"",""
ball,1,44.3,Italy,Fida Hussain,L di Giglio,Amir Ali,1,0,"",""
ball,1,44.4,Italy,L di Giglio,Fida Hussain,Amir Ali,0,0,"",""
ball,1,44.5,Italy,L di Giglio,Fida Hussain,Amir Ali,2,0,"",""
ball,1,44.6,Italy,L di Giglio,Fida Hussain,Amir Ali,0,1,"",""
ball,1,44.7,Italy,L di Giglio,Fida Hussain,Amir Ali,0,0,"",""
ball,1,45.1,Italy,Fida Hussain,L di Giglio,AV Lalcheta,0,0,"",""
ball,1,45.2,Italy,Fida Hussain,L di Giglio,AV Lalcheta,4,0,"",""
ball,1,45.3,Italy,Fida Hussain,L di Giglio,AV Lalcheta,0,0,"",""
ball,1,45.4,Italy,Fida Hussain,L di Giglio,AV Lalcheta,4,0,"",""
ball,1,45.5,Italy,Fida Hussain,L di Giglio,AV Lalcheta,2,0,"",""
ball,1,45.6,Italy,Fida Hussain,L di Giglio,AV Lalcheta,0,0,"",""
ball,1,46.1,Italy,L di Giglio,Fida Hussain,Khawar Ali,1,0,"",""
ball,1,46.2,Italy,Fida Hussain,L di Giglio,Khawar Ali,6,0,"",""
ball,1,46.3,Italy,Fida Hussain,L di Giglio,Khawar Ali,0,0,"",""
ball,1,46.4,Italy,Fida Hussain,L di Giglio,Khawar Ali,1,0,"",""
ball,1,46.5,Italy,L di Giglio,Fida Hussain,Khawar Ali,0,0,"",""
ball,1,46.6,Italy,L di Giglio,Fida Hussain,Khawar Ali,0,1,"",""
ball,1,46.7,Italy,L di Giglio,Fida Hussain,Khawar Ali,1,0,"",""
ball,1,47.1,Italy,L di Giglio,Fida Hussain,M Ansari,0,0,"",""
ball,1,47.2,Italy,L di Giglio,Fida Hussain,M Ansari,0,1,"",""
ball,1,47.3,Italy,Fida Hussain,L di Giglio,M Ansari,4,0,"",""
ball,1,47.4,Italy,Fida Hussain,L di Giglio,M Ansari,0,5,"",""
ball,1,47.5,Italy,Fida Hussain,L di Giglio,M Ansari,1,0,"",""
ball,1,47.6,Italy,L di Giglio,Fida Hussain,M Ansari,0,0,bowled,L di Giglio
ball,1,47.7,Italy,Charanjeet Singh,Fida Hussain,M Ansari,0,0,"",""
ball,1,48.1,Italy,Fida Hussain,Charanjeet Singh,RJ Ranpura,2,0,"",""
ball,1,48.2,Italy,Fida Hussain,Charanjeet Singh,RJ Ranpura,0,0,"",""
ball,1,48.3,Italy,Fida Hussain,Charanjeet Singh,RJ Ranpura,4,0,"",""
ball,1,48.4,Italy,Fida Hussain,Charanjeet Singh,RJ Ranpura,2,0,"",""
ball,1,48.5,Italy,Fida Hussain,Charanjeet Singh,RJ Ranpura,1,0,"",""
ball,1,48.6,Italy,Charanjeet Singh,Fida Hussain,RJ Ranpura,0,0,"",""
ball,1,49.1,Italy,Fida Hussain,Charanjeet Singh,M Ansari,4,0,"",""
ball,1,49.2,Italy,Fida Hussain,Charanjeet Singh,M Ansari,2,0,"",""
ball,1,49.3,Italy,Fida Hussain,Charanjeet Singh,M Ansari,3,0,"",""
ball,1,49.4,Italy,Charanjeet Singh,Fida Hussain,M Ansari,1,0,"",""
ball,1,49.5,Italy,Fida Hussain,Charanjeet Singh,M Ansari,0,1,"",""
ball,1,49.6,Italy,Charanjeet Singh,Fida Hussain,M Ansari,4,0,"",""
ball,2,0.1,Oman,Zeeshan Maqsood,A Poulose,CS Sandri,0,0,"",""
ball,2,0.2,Oman,Zeeshan Maqsood,A Poulose,CS Sandri,0,0,caught,Zeeshan Maqsood
ball,2,0.3,Oman,Khawar Ali,A Poulose,CS Sandri,0,0,"",""
ball,2,0.4,Oman,Khawar Ali,A Poulose,CS Sandri,1,0,"",""
ball,2,0.5,Oman,A Poulose,Khawar Ali,CS Sandri,2,0,"",""
ball,2,0.6,Oman,A Poulose,Khawar Ali,CS Sandri,1,0,"",""
ball,2,1.1,Oman,A Poulose,Khawar Ali,L di Giglio,0,0,"",""
ball,2,1.2,Oman,A Poulose,Khawar Ali,L di Giglio,4,0,"",""
ball,2,1.3,Oman,A Poulose,Khawar Ali,L di Giglio,4,0,"",""
ball,2,1.4,Oman,A Poulose,Khawar Ali,L di Giglio,0,0,"",""
ball,2,1.5,Oman,A Poulose,Khawar Ali,L di Giglio,0,0,"",""
ball,2,1.6,Oman,A Poulose,Khawar Ali,L di Giglio,1,0,"",""
ball,2,2.1,Oman,A Poulose,Khawar Ali,Charanjeet Singh,0,3,"",""
ball,2,2.2,Oman,A Poulose,Khawar Ali,Charanjeet Singh,0,0,"",""
ball,2,2.3,Oman,A Poulose,Khawar Ali,Charanjeet Singh,2,0,"",""
ball,2,2.4,Oman,A Poulose,Khawar Ali,Charanjeet Singh,6,0,"",""
ball,2,2.5,Oman,A Poulose,Khawar Ali,Charanjeet Singh,0,1,"",""
ball,2,2.6,Oman,A Poulose,Khawar Ali,Charanjeet Singh,6,0,"",""
ball,2,2.7,Oman,A Poulose,Khawar Ali,Charanjeet Singh,1,0,"",""
ball,2,2.8,Oman,Khawar Ali,A Poulose,Charanjeet Singh,0,0,"",""
ball,2,3.1,Oman,A Poulose,Khawar Ali,L di Giglio,1,0,"",""
ball,2,3.2,Oman,Khawar Ali,A Poulose,L di Giglio,1,0,"",""
ball,2,3.3,Oman,A Poulose,Khawar Ali,L di Giglio,0,0,"",""
ball,2,3.4,Oman,A Poulose,Khawar Ali,L di Giglio,4,0,"",""
ball,2,3.5,Oman,A Poulose,Khawar Ali,L di Giglio,1,0,"",""
ball,2,3.6,Oman,Khawar Ali,A Poulose,L di Giglio,1,0,"",""
ball,2,4.1,Oman,Khawar Ali,A Poulose,CS Sandri,0,0,"",""
ball,2,4.2,Oman,Khawar Ali,A Poulose,CS Sandri,0,3,"",""
ball,2,4.3,Oman,Khawar Ali,A Poulose,CS Sandri,0,0,"",""
ball,2,4.4,Oman,Khawar Ali,A Poulose,CS Sandri,0,0,"",""
ball,2,4.5,Oman,Khawar Ali,A Poulose,CS Sandri,0,0,"",""
ball,2,4.6,Oman,Khawar Ali,A Poulose,CS Sandri,1,0,"",""
ball,2,4.7,Oman,A Poulose,Khawar Ali,CS Sandri,1,0,"",""
ball,2,5.1,Oman,A Poulose,Khawar Ali,DG Crowley,0,0,"",""
ball,2,5.2,Oman,A Poulose,Khawar Ali,DG Crowley,1,0,"",""
ball,2,5.3,Oman,Khawar Ali,A Poulose,DG Crowley,4,0,"",""
ball,2,5.4,Oman,Khawar Ali,A Poulose,DG Crowley,0,0,"",""
ball,2,5.5,Oman,Khawar Ali,A Poulose,DG Crowley,0,0,"",""
ball,2,5.6,Oman,Khawar Ali,A Poulose,DG Crowley,0,0,"",""
ball,2,6.1,Oman,A Poulose,Khawar Ali,CS Sandri,1,0,"",""
ball,2,6.2,Oman,Khawar Ali,A Poulose,CS Sandri,4,0,"",""
ball,2,6.3,Oman,Khawar Ali,A Poulose,CS Sandri,0,0,"",""
ball,2,6.4,Oman,Khawar Ali,A Poulose,CS Sandri,0,0,"",""
ball,2,6.5,Oman,Khawar Ali,A Poulose,CS Sandri,4,0,"",""
ball,2,6.6,Oman,Khawar Ali,A Poulose,CS Sandri,0,0,"",""
ball,2,7.1,Oman,A Poulose,Khawar Ali,DG Crowley,0,0,"",""
ball,2,7.2,Oman,A Poulose,Khawar Ali,DG Crowley,1,0,"",""
ball,2,7.3,Oman,Khawar Ali,A Poulose,DG Crowley,0,0,"",""
ball,2,7.4,Oman,Khawar Ali,A Poulose,DG Crowley,0,0,"",""
ball,2,7.5,Oman,Khawar Ali,A Poulose,DG Crowley,0,0,"",""
ball,2,7.6,Oman,Khawar Ali,A Poulose,DG Crowley,0,0,"",""
ball,2,8.1,Oman,A Poulose,Khawar Ali,ZH Cheema,1,0,"",""
ball,2,8.2,Oman,Khawar Ali,A Poulose,ZH Cheema,0,0,"",""
ball,2,8.3,Oman,Khawar Ali,A Poulose,ZH Cheema,1,1,"",""
ball,2,8.4,Oman,A Poulose,Khawar Ali,ZH Cheema,0,1,"",""
ball,2,8.5,Oman,A Poulose,Khawar Ali,ZH Cheema,4,0,"",""
ball,2,8.6,Oman,A Poulose,Khawar Ali,ZH Cheema,0,0,"",""
ball,2,8.7,Oman,A Poulose,Khawar Ali,ZH Cheema,0,0,caught,A Poulose
ball,2,8.8,Oman,SS Khadye,Khawar Ali,ZH Cheema,0,0,"",""
ball,2,9.1,Oman,Khawar Ali,SS Khadye,DG Crowley,0,0,"",""
ball,2,9.2,Oman,Khawar Ali,SS Khadye,DG Crowley,0,0,"",""
ball,2,9.3,Oman,Khawar Ali,SS Khadye,DG Crowley,0,0,"",""
ball,2,9.4,Oman,Khawar Ali,SS Khadye,DG Crowley,1,0,"",""
ball,2,9.5,Oman,SS Khadye,Khawar Ali,DG Crowley,0,0,"",""
ball,2,9.6,Oman,SS Khadye,Khawar Ali,DG Crowley,0,0,"",""
ball,2,10.1,Oman,Khawar Ali,SS Khadye,ZH Cheema,0,0,"",""
ball,2,10.2,Oman,Khawar Ali,SS Khadye,ZH Cheema,0,0,"",""
ball,2,10.3,Oman,Khawar Ali,SS Khadye,ZH Cheema,1,0,"",""
ball,2,10.4,Oman,SS Khadye,Khawar Ali,ZH Cheema,0,0,"",""
ball,2,10.5,Oman,SS Khadye,Khawar Ali,ZH Cheema,0,1,"",""
ball,2,10.6,Oman,SS Khadye,Khawar Ali,ZH Cheema,0,0,"",""
ball,2,10.7,Oman,SS Khadye,Khawar Ali,ZH Cheema,0,0,"",""
ball,2,11.1,Oman,Khawar Ali,SS Khadye,DG Crowley,1,0,"",""
ball,2,11.2,Oman,SS Khadye,Khawar Ali,DG Crowley,0,0,"",""
ball,2,11.3,Oman,SS Khadye,Khawar Ali,DG Crowley,0,0,"",""
ball,2,11.4,Oman,SS Khadye,Khawar Ali,DG Crowley,0,0,"",""
ball,2,11.5,Oman,SS Khadye,Khawar Ali,DG Crowley,4,0,"",""
ball,2,11.6,Oman,SS Khadye,Khawar Ali,DG Crowley,1,0,"",""
ball,2,12.1,Oman,SS Khadye,Khawar Ali,CS Sandri,1,0,"",""
ball,2,12.2,Oman,Khawar Ali,SS Khadye,CS Sandri,1,0,"",""
ball,2,12.3,Oman,SS Khadye,Khawar Ali,CS Sandri,0,0,"",""
ball,2,12.4,Oman,SS Khadye,Khawar Ali,CS Sandri,0,0,"",""
ball,2,12.5,Oman,SS Khadye,Khawar Ali,CS Sandri,0,0,"",""
ball,2,12.6,Oman,SS Khadye,Khawar Ali,CS Sandri,0,0,"",""
ball,2,13.1,Oman,Khawar Ali,SS Khadye,DG Crowley,1,0,"",""
ball,2,13.2,Oman,SS Khadye,Khawar Ali,DG Crowley,0,0,"",""
ball,2,13.3,Oman,SS Khadye,Khawar Ali,DG Crowley,1,0,"",""
ball,2,13.4,Oman,Khawar Ali,SS Khadye,DG Crowley,2,0,"",""
ball,2,13.5,Oman,Khawar Ali,SS Khadye,DG Crowley,1,0,"",""
ball,2,13.6,Oman,SS Khadye,Khawar Ali,DG Crowley,1,0,"",""
ball,2,14.1,Oman,SS Khadye,Khawar Ali,CS Sandri,1,0,"",""
ball,2,14.2,Oman,Khawar Ali,SS Khadye,CS Sandri,1,0,"",""
ball,2,14.3,Oman,SS Khadye,Khawar Ali,CS Sandri,1,0,"",""
ball,2,14.4,Oman,Khawar Ali,SS Khadye,CS Sandri,1,0,"",""
ball,2,14.5,Oman,SS Khadye,Khawar Ali,CS Sandri,0,0,"",""
ball,2,14.6,Oman,SS Khadye,Khawar Ali,CS Sandri,0,1,"",""
ball,2,14.7,Oman,SS Khadye,Khawar Ali,CS Sandri,1,0,"",""
ball,2,15.1,Oman,SS Khadye,Khawar Ali,DG Crowley,0,0,"",""
ball,2,15.2,Oman,SS Khadye,Khawar Ali,DG Crowley,0,0,"",""
ball,2,15.3,Oman,SS Khadye,Khawar Ali,DG Crowley,1,0,"",""
ball,2,15.4,Oman,Khawar Ali,SS Khadye,DG Crowley,0,0,"",""
ball,2,15.5,Oman,Khawar Ali,SS Khadye,DG Crowley,0,0,"",""
ball,2,15.6,Oman,Khawar Ali,SS Khadye,DG Crowley,0,0,"",""
ball,2,16.1,Oman,SS Khadye,Khawar Ali,CS Sandri,0,0,"",""
ball,2,16.2,Oman,SS Khadye,Khawar Ali,CS Sandri,0,0,"",""
ball,2,16.3,Oman,SS Khadye,Khawar Ali,CS Sandri,0,0,"",""
ball,2,16.4,Oman,SS Khadye,Khawar Ali,CS Sandri,1,0,"",""
ball,2,16.5,Oman,Khawar Ali,SS Khadye,CS Sandri,2,0,"",""
ball,2,16.6,Oman,Khawar Ali,SS Khadye,CS Sandri,0,0,"",""
ball,2,17.1,Oman,SS Khadye,Khawar Ali,DG Crowley,0,0,"",""
ball,2,17.2,Oman,SS Khadye,Khawar Ali,DG Crowley,0,0,"",""
ball,2,17.3,Oman,SS Khadye,Khawar Ali,DG Crowley,0,0,"",""
ball,2,17.4,Oman,SS Khadye,Khawar Ali,DG Crowley,3,0,"",""
ball,2,17.5,Oman,Khawar Ali,SS Khadye,DG Crowley,0,0,"",""
ball,2,17.6,Oman,Khawar Ali,SS Khadye,DG Crowley,0,0,"",""
ball,2,18.1,Oman,SS Khadye,Khawar Ali,CS Sandri,4,0,"",""
ball,2,18.2,Oman,SS Khadye,Khawar Ali,CS Sandri,4,0,"",""
ball,2,18.3,Oman,SS Khadye,Khawar Ali,CS Sandri,1,0,"",""
ball,2,18.4,Oman,Khawar Ali,SS Khadye,CS Sandri,0,0,"",""
ball,2,18.5,Oman,Khawar Ali,SS Khadye,CS Sandri,1,0,"",""
ball,2,18.6,Oman,SS Khadye,Khawar Ali,CS Sandri,0,0,"",""
ball,2,19.1,Oman,Khawar Ali,SS Khadye,DG Crowley,0,0,stumped,Khawar Ali
ball,2,19.2,Oman,Zeeshan Siddiqui,SS Khadye,DG Crowley,0,0,"",""
ball,2,19.3,Oman,Zeeshan Siddiqui,SS Khadye,DG Crowley,3,0,"",""
ball,2,19.4,Oman,SS Khadye,Zeeshan Siddiqui,DG Crowley,0,0,"",""
ball,2,19.5,Oman,SS Khadye,Zeeshan Siddiqui,DG Crowley,1,0,"",""
ball,2,19.6,Oman,Zeeshan Siddiqui,SS Khadye,DG Crowley,0,0,"",""
ball,2,20.1,Oman,SS Khadye,Zeeshan Siddiqui,CS Sandri,1,0,"",""
ball,2,20.2,Oman,Zeeshan Siddiqui,SS Khadye,CS Sandri,0,0,"",""
ball,2,20.3,Oman,Zeeshan Siddiqui,SS Khadye,CS Sandri,1,0,"",""
ball,2,20.4,Oman,SS Khadye,Zeeshan Siddiqui,CS Sandri,1,0,"",""
ball,2,20.5,Oman,Zeeshan Siddiqui,SS Khadye,CS Sandri,0,0,"",""
ball,2,20.6,Oman,Zeeshan Siddiqui,SS Khadye,CS Sandri,0,0,"",""
ball,2,21.1,Oman,SS Khadye,Zeeshan Siddiqui,DG Crowley,0,0,"",""
ball,2,21.2,Oman,SS Khadye,Zeeshan Siddiqui,DG Crowley,0,0,"",""
ball,2,21.3,Oman,SS Khadye,Zeeshan Siddiqui,DG Crowley,0,0,"",""
ball,2,21.4,Oman,SS Khadye,Zeeshan Siddiqui,DG Crowley,0,0,"",""
ball,2,21.5,Oman,SS Khadye,Zeeshan Siddiqui,DG Crowley,1,0,"",""
ball,2,21.6,Oman,Zeeshan Siddiqui,SS Khadye,DG Crowley,0,0,"",""
ball,2,22.1,Oman,SS Khadye,Zeeshan Siddiqui,CS Sandri,0,0,"",""
ball,2,22.2,Oman,SS Khadye,Zeeshan Siddiqui,CS Sandri,1,0,"",""
ball,2,22.3,Oman,Zeeshan Siddiqui,SS Khadye,CS Sandri,1,0,"",""
ball,2,22.4,Oman,SS Khadye,Zeeshan Siddiqui,CS Sandri,1,0,"",""
ball,2,22.5,Oman,Zeeshan Siddiqui,SS Khadye,CS Sandri,1,0,"",""
ball,2,22.6,Oman,SS Khadye,Zeeshan Siddiqui,CS Sandri,0,0,"",""
ball,2,23.1,Oman,Zeeshan Siddiqui,SS Khadye,DG Crowley,0,0,"",""
ball,2,23.2,Oman,Zeeshan Siddiqui,SS Khadye,DG Crowley,2,0,"",""
ball,2,23.3,Oman,Zeeshan Siddiqui,SS Khadye,DG Crowley,0,0,"",""
ball,2,23.4,Oman,Zeeshan Siddiqui,SS Khadye,DG Crowley,0,0,"",""
ball,2,23.5,Oman,Zeeshan Siddiqui,SS Khadye,DG Crowley,0,0,"",""
ball,2,23.6,Oman,Zeeshan Siddiqui,SS Khadye,DG Crowley,1,0,"",""
ball,2,24.1,Oman,Zeeshan Siddiqui,SS Khadye,CS Sandri,1,0,"",""
ball,2,24.2,Oman,SS Khadye,Zeeshan Siddiqui,CS Sandri,0,0,"",""
ball,2,24.3,Oman,SS Khadye,Zeeshan Siddiqui,CS Sandri,1,0,"",""
ball,2,24.4,Oman,Zeeshan Siddiqui,SS Khadye,CS Sandri,0,0,"",""
ball,2,24.5,Oman,Zeeshan Siddiqui,SS Khadye,CS Sandri,0,0,"",""
ball,2,24.6,Oman,Zeeshan Siddiqui,SS Khadye,CS Sandri,0,0,"",""
ball,2,25.1,Oman,SS Khadye,Zeeshan Siddiqui,MMBRSTC Wanigaratne,1,0,"",""
ball,2,25.2,Oman,Zeeshan Siddiqui,SS Khadye,MMBRSTC Wanigaratne,1,0,"",""
ball,2,25.3,Oman,SS Khadye,Zeeshan Siddiqui,MMBRSTC Wanigaratne,2,0,"",""
ball,2,25.4,Oman,SS Khadye,Zeeshan Siddiqui,MMBRSTC Wanigaratne,0,0,caught,SS Khadye
ball,2,25.5,Oman,Jatinder Singh,Zeeshan Siddiqui,MMBRSTC Wanigaratne,4,0,"",""
ball,2,25.6,Oman,Jatinder Singh,Zeeshan Siddiqui,MMBRSTC Wanigaratne,1,0,"",""
ball,2,26.1,Oman,Jatinder Singh,Zeeshan Siddiqui,L di Giglio,0,0,"",""
ball,2,26.2,Oman,Jatinder Singh,Zeeshan Siddiqui,L di Giglio,0,0,"",""
ball,2,26.3,Oman,Jatinder Singh,Zeeshan Siddiqui,L di Giglio,0,0,"",""
ball,2,26.4,Oman,Jatinder Singh,Zeeshan Siddiqui,L di Giglio,0,0,"",""
ball,2,26.5,Oman,Jatinder Singh,Zeeshan Siddiqui,L di Giglio,1,0,"",""
ball,2,26.6,Oman,Zeeshan Siddiqui,Jatinder Singh,L di Giglio,0,0,"",""
ball,2,27.1,Oman,Jatinder Singh,Zeeshan Siddiqui,MMBRSTC Wanigaratne,0,0,"",""
ball,2,27.2,Oman,Jatinder Singh,Zeeshan Siddiqui,MMBRSTC Wanigaratne,0,0,"",""
ball,2,27.3,Oman,Jatinder Singh,Zeeshan Siddiqui,MMBRSTC Wanigaratne,0,0,"",""
ball,2,27.4,Oman,Jatinder Singh,Zeeshan Siddiqui,MMBRSTC Wanigaratne,1,0,"",""
ball,2,27.5,Oman,Zeeshan Siddiqui,Jatinder Singh,MMBRSTC Wanigaratne,0,0,"",""
ball,2,27.6,Oman,Zeeshan Siddiqui,Jatinder Singh,MMBRSTC Wanigaratne,0,0,"",""
ball,2,28.1,Oman,Jatinder Singh,Zeeshan Siddiqui,L di Giglio,1,0,"",""
ball,2,28.2,Oman,Zeeshan Siddiqui,Jatinder Singh,L di Giglio,0,0,"",""
ball,2,28.3,Oman,Zeeshan Siddiqui,Jatinder Singh,L di Giglio,1,0,"",""
ball,2,28.4,Oman,Jatinder Singh,Zeeshan Siddiqui,L di Giglio,0,0,"",""
ball,2,28.5,Oman,Jatinder Singh,Zeeshan Siddiqui,L di Giglio,0,0,"",""
ball,2,28.6,Oman,Jatinder Singh,Zeeshan Siddiqui,L di Giglio,0,2,"",""
ball,2,28.7,Oman,Zeeshan Siddiqui,Jatinder Singh,L di Giglio,0,0,"",""
ball,2,29.1,Oman,Jatinder Singh,Zeeshan Siddiqui,MMBRSTC Wanigaratne,0,0,"",""
ball,2,29.2,Oman,Jatinder Singh,Zeeshan Siddiqui,MMBRSTC Wanigaratne,0,0,"",""
ball,2,29.3,Oman,Jatinder Singh,Zeeshan Siddiqui,MMBRSTC Wanigaratne,1,0,"",""
ball,2,29.4,Oman,Zeeshan Siddiqui,Jatinder Singh,MMBRSTC Wanigaratne,4,0,"",""
ball,2,29.5,Oman,Zeeshan Siddiqui,Jatinder Singh,MMBRSTC Wanigaratne,0,0,"",""
ball,2,29.6,Oman,Zeeshan Siddiqui,Jatinder Singh,MMBRSTC Wanigaratne,0,0,"",""
ball,2,30.1,Oman,Jatinder Singh,Zeeshan Siddiqui,L di Giglio,1,0,"",""
ball,2,30.2,Oman,Zeeshan Siddiqui,Jatinder Singh,L di Giglio,0,0,"",""
ball,2,30.3,Oman,Zeeshan Siddiqui,Jatinder Singh,L di Giglio,0,0,"",""
ball,2,30.4,Oman,Zeeshan Siddiqui,Jatinder Singh,L di Giglio,1,0,"",""
ball,2,30.5,Oman,Jatinder Singh,Zeeshan Siddiqui,L di Giglio,0,0,"",""
ball,2,30.6,Oman,Jatinder Singh,Zeeshan Siddiqui,L di Giglio,2,0,"",""
ball,2,31.1,Oman,Zeeshan Siddiqui,Jatinder Singh,Charanjeet Singh,0,0,"",""
ball,2,31.2,Oman,Zeeshan Siddiqui,Jatinder Singh,Charanjeet Singh,0,0,"",""
ball,2,31.3,Oman,Zeeshan Siddiqui,Jatinder Singh,Charanjeet Singh,1,0,"",""
ball,2,31.4,Oman,Jatinder Singh,Zeeshan Siddiqui,Charanjeet Singh,0,0,"",""
ball,2,31.5,Oman,Jatinder Singh,Zeeshan Siddiqui,Charanjeet Singh,1,0,"",""
ball,2,31.6,Oman,Zeeshan Siddiqui,Jatinder Singh,Charanjeet Singh,0,0,"",""
ball,2,32.1,Oman,Jatinder Singh,Zeeshan Siddiqui,MMBRSTC Wanigaratne,3,0,"",""
ball,2,32.2,Oman,Zeeshan Siddiqui,Jatinder Singh,MMBRSTC Wanigaratne,1,0,"",""
ball,2,32.3,Oman,Jatinder Singh,Zeeshan Siddiqui,MMBRSTC Wanigaratne,3,0,"",""
ball,2,32.4,Oman,Zeeshan Siddiqui,Jatinder Singh,MMBRSTC Wanigaratne,0,0,"",""
ball,2,32.5,Oman,Zeeshan Siddiqui,Jatinder Singh,MMBRSTC Wanigaratne,0,0,"",""
ball,2,32.6,Oman,Zeeshan Siddiqui,Jatinder Singh,MMBRSTC Wanigaratne,1,0,"",""
ball,2,33.1,Oman,Zeeshan Siddiqui,Jatinder Singh,Charanjeet Singh,0,0,"",""
ball,2,33.2,Oman,Zeeshan Siddiqui,Jatinder Singh,Charanjeet Singh,0,0,"",""
ball,2,33.3,Oman,Zeeshan Siddiqui,Jatinder Singh,Charanjeet Singh,1,0,"",""
ball,2,33.4,Oman,Jatinder Singh,Zeeshan Siddiqui,Charanjeet Singh,0,0,"",""
ball,2,33.5,Oman,Jatinder Singh,Zeeshan Siddiqui,Charanjeet Singh,1,0,"",""
ball,2,33.6,Oman,Zeeshan Siddiqui,Jatinder Singh,Charanjeet Singh,0,1,"",""
ball,2,34.1,Oman,Zeeshan Siddiqui,Jatinder Singh,MMBRSTC Wanigaratne,1,0,"",""
ball,2,34.2,Oman,Jatinder Singh,Zeeshan Siddiqui,MMBRSTC Wanigaratne,0,0,"",""
ball,2,34.3,Oman,Jatinder Singh,Zeeshan Siddiqui,MMBRSTC Wanigaratne,0,0,"",""
ball,2,34.4,Oman,Jatinder Singh,Zeeshan Siddiqui,MMBRSTC Wanigaratne,4,0,"",""
ball,2,34.5,Oman,Jatinder Singh,Zeeshan Siddiqui,MMBRSTC Wanigaratne,1,0,"",""
ball,2,34.6,Oman,Zeeshan Siddiqui,Jatinder Singh,MMBRSTC Wanigaratne,0,0,"",""
ball,2,35.1,Oman,Jatinder Singh,Zeeshan Siddiqui,Charanjeet Singh,0,0,"",""
ball,2,35.2,Oman,Jatinder Singh,Zeeshan Siddiqui,Charanjeet Singh,1,0,"",""
ball,2,35.3,Oman,Zeeshan Siddiqui,Jatinder Singh,Charanjeet Singh,1,0,"",""
ball,2,35.4,Oman,Jatinder Singh,Zeeshan Siddiqui,Charanjeet Singh,1,0,"",""
ball,2,35.5,Oman,Zeeshan Siddiqui,Jatinder Singh,Charanjeet Singh,2,0,"",""
ball,2,35.6,Oman,Zeeshan Siddiqui,Jatinder Singh,Charanjeet Singh,1,0,"",""
ball,2,36.1,Oman,Zeeshan Siddiqui,Jatinder Singh,MMBRSTC Wanigaratne,0,0,"",""
ball,2,36.2,Oman,Zeeshan Siddiqui,Jatinder Singh,MMBRSTC Wanigaratne,3,0,"",""
ball,2,36.3,Oman,Jatinder Singh,Zeeshan Siddiqui,MMBRSTC Wanigaratne,1,0,"",""
ball,2,36.4,Oman,Zeeshan Siddiqui,Jatinder Singh,MMBRSTC Wanigaratne,0,0,"",""
ball,2,36.5,Oman,Zeeshan Siddiqui,Jatinder Singh,MMBRSTC Wanigaratne,4,0,"",""
ball,2,36.6,Oman,Zeeshan Siddiqui,Jatinder Singh,MMBRSTC Wanigaratne,1,0,"",""
ball,2,37.1,Oman,Zeeshan Siddiqui,Jatinder Singh,L di Giglio,0,0,"",""
ball,2,37.2,Oman,Zeeshan Siddiqui,Jatinder Singh,L di Giglio,0,0,"",""
ball,2,37.3,Oman,Zeeshan Siddiqui,Jatinder Singh,L di Giglio,2,0,"",""
ball,2,37.4,Oman,Zeeshan Siddiqui,Jatinder Singh,L di Giglio,4,0,"",""
ball,2,37.5,Oman,Zeeshan Siddiqui,Jatinder Singh,L di Giglio,1,0,"",""
ball,2,37.6,Oman,Jatinder Singh,Zeeshan Siddiqui,L di Giglio,1,1,"",""
ball,2,37.7,Oman,Zeeshan Siddiqui,Jatinder Singh,L di Giglio,0,0,"",""
ball,2,38.1,Oman,Jatinder Singh,Zeeshan Siddiqui,Fida Hussain,0,0,caught,Jatinder Singh
ball,2,38.2,Oman,Zeeshan Siddiqui,Mohammad Nadeem,Fida Hussain,1,0,"",""
ball,2,38.3,Oman,Mohammad Nadeem,Zeeshan Siddiqui,Fida Hussain,0,0,"",""
ball,2,38.4,Oman,Mohammad Nadeem,Zeeshan Siddiqui,Fida Hussain,0,0,"",""
ball,2,38.5,Oman,Mohammad Nadeem,Zeeshan Siddiqui,Fida Hussain,1,0,"",""
ball,2,38.6,Oman,Zeeshan Siddiqui,Mohammad Nadeem,Fida Hussain,0,1,"",""
ball,2,39.1,Oman,Zeeshan Siddiqui,Mohammad Nadeem,L di Giglio,4,0,"",""
ball,2,39.2,Oman,Zeeshan Siddiqui,Mohammad Nadeem,L di Giglio,0,0,"",""
ball,2,39.3,Oman,Zeeshan Siddiqui,Mohammad Nadeem,L di Giglio,0,0,"",""
ball,2,39.4,Oman,Zeeshan Siddiqui,Mohammad Nadeem,L di Giglio,2,0,"",""
ball,2,39.5,Oman,Zeeshan Siddiqui,Mohammad Nadeem,L di Giglio,0,0,"",""
ball,2,39.6,Oman,Zeeshan Siddiqui,Mohammad Nadeem,L di Giglio,1,0,"",""
ball,2,40.1,Oman,Zeeshan Siddiqui,Mohammad Nadeem,Fida Hussain,1,0,"",""
ball,2,40.2,Oman,Mohammad Nadeem,Zeeshan Siddiqui,Fida Hussain,1,0,"",""
ball,2,40.3,Oman,Zeeshan Siddiqui,Mohammad Nadeem,Fida Hussain,4,0,"",""
