version,1.3.0
info,team,Hong Kong
info,team,Netherlands
info,gender,male
info,season,2016/17
info,date,2017/02/16
info,competition,"ICC World Cricket League Championship, 2015-2016/17"
info,match_number,33
info,venue,"Mission Road Ground, Mong Kok"
info,city,Hong Kong
info,toss_winner,Netherlands
info,toss_decision,bat
info,player_of_match,MJG Rippon
info,umpire,BB Pradhan
info,umpire,IA Thomson
info,reserve_umpire,Tabarak Dar
info,match_referee,D Govindjee
info,winner,Netherlands
info,winner_runs,5
ball,1,0.1,Netherlands,SJ Myburgh,MJG Rippon,Ehsan Nawaz,0,5,"",""
ball,1,0.2,Netherlands,SJ Myburgh,MJG Rippon,Ehsan Nawaz,0,1,"",""
ball,1,0.3,Netherlands,SJ Myburgh,MJG Rippon,Ehsan Nawaz,0,0,"",""
ball,1,0.4,Netherlands,SJ Myburgh,MJG Rippon,Ehsan Nawaz,0,0,"",""
ball,1,0.5,Netherlands,SJ Myburgh,MJG Rippon,Ehsan Nawaz,0,0,"",""
ball,1,0.6,Netherlands,SJ Myburgh,MJG Rippon,Ehsan Nawaz,0,0,"",""
ball,1,0.7,Netherlands,SJ Myburgh,MJG Rippon,Ehsan Nawaz,0,0,"",""
ball,1,0.8,Netherlands,SJ Myburgh,MJG Rippon,Ehsan Nawaz,4,0,"",""
ball,1,1.1,Netherlands,MJG Rippon,SJ Myburgh,Aizaz Khan,0,0,"",""
ball,1,1.2,Netherlands,MJG Rippon,SJ Myburgh,Aizaz Khan,0,0,"",""
ball,1,1.3,Netherlands,MJG Rippon,SJ Myburgh,Aizaz Khan,0,0,bowled,MJG Rippon
ball,1,1.4,Netherlands,BN Cooper,SJ Myburgh,Aizaz Khan,0,0,"",""
ball,1,1.5,Netherlands,BN Cooper,SJ Myburgh,Aizaz Khan,4,0,"",""
ball,1,1.6,Netherlands,BN Cooper,SJ Myburgh,Aizaz Khan,0,0,"",""
ball,1,2.1,Netherlands,SJ Myburgh,BN Cooper,Ehsan Nawaz,0,0,"",""
ball,1,2.2,Netherlands,SJ Myburgh,BN Cooper,Ehsan Nawaz,0,0,"",""
ball,1,2.3,Netherlands,SJ Myburgh,BN Cooper,Ehsan Nawaz,0,0,"",""
ball,1,2.4,Netherlands,SJ Myburgh,BN Cooper,Ehsan Nawaz,0,0,"",""
ball,1,2.5,Netherlands,SJ Myburgh,BN Cooper,Ehsan Nawaz,0,0,"",""
ball,1,2.6,Netherlands,SJ Myburgh,BN Cooper,Ehsan Nawaz,0,0,"",""
ball,1,3.1,Netherlands,BN Cooper,SJ Myburgh,Aizaz Khan,4,0,"",""
ball,1,3.2,Netherlands,BN Cooper,SJ Myburgh,Aizaz Khan,0,0,"",""
ball,1,3.3,Netherlands,BN Cooper,SJ Myburgh,Aizaz Khan,1,0,"",""
ball,1,3.4,Netherlands,SJ Myburgh,BN Cooper,Aizaz Khan,0,0,"",""
ball,1,3.5,Netherlands,SJ Myburgh,BN Cooper,Aizaz Khan,2,0,"",""
ball,1,3.6,Netherlands,SJ Myburgh,BN Cooper,Aizaz Khan,0,0,"",""
ball,1,4.1,Netherlands,BN Cooper,SJ Myburgh,Ehsan Nawaz,0,0,"",""
ball,1,4.2,Netherlands,BN Cooper,SJ Myburgh,Ehsan Nawaz,0,0,"",""
ball,1,4.3,Netherlands,BN Cooper,SJ Myburgh,Ehsan Nawaz,0,0,"",""
ball,1,4.4,Netherlands,BN Cooper,SJ Myburgh,Ehsan Nawaz,0,0,"",""
ball,1,4.5,Netherlands,BN Cooper,SJ Myburgh,Ehsan Nawaz,0,0,"",""
ball,1,4.6,Netherlands,BN Cooper,SJ Myburgh,Ehsan Nawaz,4,0,"",""
ball,1,5.1,Netherlands,SJ Myburgh,BN Cooper,Aizaz Khan,4,0,"",""
ball,1,5.2,Netherlands,SJ Myburgh,BN Cooper,Aizaz Khan,0,0,"",""
ball,1,5.3,Netherlands,SJ Myburgh,BN Cooper,Aizaz Khan,1,0,"",""
ball,1,5.4,Netherlands,BN Cooper,SJ Myburgh,Aizaz Khan,0,0,"",""
ball,1,5.5,Netherlands,BN Cooper,SJ Myburgh,Aizaz Khan,0,0,"",""
ball,1,5.6,Netherlands,BN Cooper,SJ Myburgh,Aizaz Khan,2,0,"",""
ball,1,6.1,Netherlands,SJ Myburgh,BN Cooper,Ehsan Nawaz,0,0,"",""
ball,1,6.2,Netherlands,SJ Myburgh,BN Cooper,Ehsan Nawaz,4,0,"",""
ball,1,6.3,Netherlands,SJ Myburgh,BN Cooper,Ehsan Nawaz,0,0,"",""
ball,1,6.4,Netherlands,SJ Myburgh,BN Cooper,Ehsan Nawaz,0,0,"",""
ball,1,6.5,Netherlands,SJ Myburgh,BN Cooper,Ehsan Nawaz,0,0,"",""
ball,1,6.6,Netherlands,SJ Myburgh,BN Cooper,Ehsan Nawaz,0,0,"",""
ball,1,7.1,Netherlands,BN Cooper,SJ Myburgh,Aizaz Khan,4,0,"",""
ball,1,7.2,Netherlands,BN Cooper,SJ Myburgh,Aizaz Khan,0,0,"",""
ball,1,7.3,Netherlands,BN Cooper,SJ Myburgh,Aizaz Khan,0,0,"",""
ball,1,7.4,Netherlands,BN Cooper,SJ Myburgh,Aizaz Khan,0,0,"",""
ball,1,7.5,Netherlands,BN Cooper,SJ Myburgh,Aizaz Khan,2,0,"",""
ball,1,7.6,Netherlands,BN Cooper,SJ Myburgh,Aizaz Khan,0,0,"",""
ball,1,8.1,Netherlands,SJ Myburgh,BN Cooper,Ehsan Nawaz,0,0,"",""
ball,1,8.2,Netherlands,SJ Myburgh,BN Cooper,Ehsan Nawaz,0,0,"",""
ball,1,8.3,Netherlands,SJ Myburgh,BN Cooper,Ehsan Nawaz,4,0,"",""
ball,1,8.4,Netherlands,SJ Myburgh,BN Cooper,Ehsan Nawaz,6,0,"",""
ball,1,8.5,Netherlands,SJ Myburgh,BN Cooper,Ehsan Nawaz,0,0,"",""
ball,1,8.6,Netherlands,SJ Myburgh,BN Cooper,Ehsan Nawaz,4,0,"",""
ball,1,9.1,Netherlands,BN Cooper,SJ Myburgh,Ehsan Khan,0,0,"",""
ball,1,9.2,Netherlands,BN Cooper,SJ Myburgh,Ehsan Khan,1,0,"",""
ball,1,9.3,Netherlands,SJ Myburgh,BN Cooper,Ehsan Khan,0,0,"",""
ball,1,9.4,Netherlands,SJ Myburgh,BN Cooper,Ehsan Khan,4,0,"",""
ball,1,9.5,Netherlands,SJ Myburgh,BN Cooper,Ehsan Khan,0,0,"",""
ball,1,9.6,Netherlands,SJ Myburgh,BN Cooper,Ehsan Khan,0,0,"",""
ball,1,10.1,Netherlands,BN Cooper,SJ Myburgh,Tanveer Ahmed,1,0,"",""
ball,1,10.2,Netherlands,SJ Myburgh,BN Cooper,Tanveer Ahmed,0,0,"",""
ball,1,10.3,Netherlands,SJ Myburgh,BN Cooper,Tanveer Ahmed,0,0,"",""
ball,1,10.4,Netherlands,SJ Myburgh,BN Cooper,Tanveer Ahmed,0,0,"",""
ball,1,10.5,Netherlands,SJ Myburgh,BN Cooper,Tanveer Ahmed,0,0,"",""
ball,1,10.6,Netherlands,SJ Myburgh,BN Cooper,Tanveer Ahmed,0,1,"",""
ball,1,11.1,Netherlands,SJ Myburgh,BN Cooper,Ehsan Khan,1,0,"",""
ball,1,11.2,Netherlands,BN Cooper,SJ Myburgh,Ehsan Khan,1,0,"",""
ball,1,11.3,Netherlands,SJ Myburgh,BN Cooper,Ehsan Khan,1,0,"",""
ball,1,11.4,Netherlands,BN Cooper,SJ Myburgh,Ehsan Khan,0,0,"",""
ball,1,11.5,Netherlands,BN Cooper,SJ Myburgh,Ehsan Khan,2,0,"",""
ball,1,11.6,Netherlands,BN Cooper,SJ Myburgh,Ehsan Khan,0,0,"",""
ball,1,12.1,Netherlands,SJ Myburgh,BN Cooper,Tanveer Ahmed,0,0,"",""
ball,1,12.2,Netherlands,SJ Myburgh,BN Cooper,Tanveer Ahmed,0,0,"",""
ball,1,12.3,Netherlands,SJ Myburgh,BN Cooper,Tanveer Ahmed,0,0,"",""
ball,1,12.4,Netherlands,SJ Myburgh,BN Cooper,Tanveer Ahmed,0,0,"",""
ball,1,12.5,Netherlands,SJ Myburgh,BN Cooper,Tanveer Ahmed,0,0,"",""
ball,1,12.6,Netherlands,SJ Myburgh,BN Cooper,Tanveer Ahmed,0,0,"",""
ball,1,13.1,Netherlands,BN Cooper,SJ Myburgh,Ehsan Khan,1,0,"",""
ball,1,13.2,Netherlands,SJ Myburgh,BN Cooper,Ehsan Khan,1,0,"",""
ball,1,13.3,Netherlands,BN Cooper,SJ Myburgh,Ehsan Khan,1,0,"",""
ball,1,13.4,Netherlands,SJ Myburgh,BN Cooper,Ehsan Khan,0,0,"",""
ball,1,13.5,Netherlands,SJ Myburgh,BN Cooper,Ehsan Khan,0,0,"",""
ball,1,13.6,Netherlands,SJ Myburgh,BN Cooper,Ehsan Khan,6,0,"",""
ball,1,14.1,Netherlands,BN Cooper,SJ Myburgh,Tanveer Ahmed,6,0,"",""
ball,1,14.2,Netherlands,BN Cooper,SJ Myburgh,Tanveer Ahmed,0,0,"",""
ball,1,14.3,Netherlands,BN Cooper,SJ Myburgh,Tanveer Ahmed,4,0,"",""
ball,1,14.4,Netherlands,BN Cooper,SJ Myburgh,Tanveer Ahmed,4,0,"",""
ball,1,14.5,Netherlands,BN Cooper,SJ Myburgh,Tanveer Ahmed,1,0,"",""
ball,1,14.6,Netherlands,SJ Myburgh,BN Cooper,Tanveer Ahmed,0,0,"",""
ball,1,15.1,Netherlands,BN Cooper,SJ Myburgh,Ehsan Khan,0,0,"",""
ball,1,15.2,Netherlands,BN Cooper,SJ Myburgh,Ehsan Khan,0,0,caught,BN Cooper
ball,1,15.3,Netherlands,W Barresi,SJ Myburgh,Ehsan Khan,0,0,"",""
ball,1,15.4,Netherlands,W Barresi,SJ Myburgh,Ehsan Khan,0,0,"",""
ball,1,15.5,Netherlands,W Barresi,SJ Myburgh,Ehsan Khan,1,0,"",""
ball,1,15.6,Netherlands,SJ Myburgh,W Barresi,Ehsan Khan,0,0,"",""
ball,1,16.1,Netherlands,W Barresi,SJ Myburgh,Tanveer Ahmed,0,0,"",""
ball,1,16.2,Netherlands,W Barresi,SJ Myburgh,Tanveer Ahmed,4,0,"",""
ball,1,16.3,Netherlands,W Barresi,SJ Myburgh,Tanveer Ahmed,2,0,"",""
ball,1,16.4,Netherlands,W Barresi,SJ Myburgh,Tanveer Ahmed,1,0,"",""
ball,1,16.5,Netherlands,SJ Myburgh,W Barresi,Tanveer Ahmed,1,0,"",""
ball,1,16.6,Netherlands,W Barresi,SJ Myburgh,Tanveer Ahmed,0,0,"",""
ball,1,17.1,Netherlands,SJ Myburgh,W Barresi,Ehsan Khan,1,0,"",""
ball,1,17.2,Netherlands,W Barresi,SJ Myburgh,Ehsan Khan,0,0,"",""
ball,1,17.3,Netherlands,W Barresi,SJ Myburgh,Ehsan Khan,1,0,"",""
ball,1,17.4,Netherlands,SJ Myburgh,W Barresi,Ehsan Khan,0,0,"",""
ball,1,17.5,Netherlands,SJ Myburgh,W Barresi,Ehsan Khan,0,0,"",""
ball,1,17.6,Netherlands,SJ Myburgh,W Barresi,Ehsan Khan,0,0,"",""
ball,1,18.1,Netherlands,W Barresi,SJ Myburgh,Nadeem Ahmed,1,0,"",""
ball,1,18.2,Netherlands,SJ Myburgh,W Barresi,Nadeem Ahmed,0,0,"",""
ball,1,18.3,Netherlands,SJ Myburgh,W Barresi,Nadeem Ahmed,1,0,"",""
ball,1,18.4,Netherlands,W Barresi,SJ Myburgh,Nadeem Ahmed,1,0,"",""
ball,1,18.5,Netherlands,SJ Myburgh,W Barresi,Nadeem Ahmed,0,0,"",""
ball,1,18.6,Netherlands,SJ Myburgh,W Barresi,Nadeem Ahmed,1,0,"",""
ball,1,19.1,Netherlands,SJ Myburgh,W Barresi,Ehsan Khan,0,0,"",""
ball,1,19.2,Netherlands,SJ Myburgh,W Barresi,Ehsan Khan,4,0,"",""
ball,1,19.3,Netherlands,SJ Myburgh,W Barresi,Ehsan Khan,1,0,"",""
ball,1,19.4,Netherlands,W Barresi,SJ Myburgh,Ehsan Khan,0,0,caught,W Barresi
ball,1,19.5,Netherlands,RE van der Merwe,SJ Myburgh,Ehsan Khan,0,0,"",""
ball,1,19.6,Netherlands,RE van der Merwe,SJ Myburgh,Ehsan Khan,2,0,"",""
ball,1,20.1,Netherlands,SJ Myburgh,RE van der Merwe,Nadeem Ahmed,0,0,"",""
ball,1,20.2,Netherlands,SJ Myburgh,RE van der Merwe,Nadeem Ahmed,1,0,"",""
ball,1,20.3,Netherlands,RE van der Merwe,SJ Myburgh,Nadeem Ahmed,0,0,"",""
ball,1,20.4,Netherlands,RE van der Merwe,SJ Myburgh,Nadeem Ahmed,4,0,"",""
ball,1,20.5,Netherlands,RE van der Merwe,SJ Myburgh,Nadeem Ahmed,1,0,"",""
ball,1,20.6,Netherlands,SJ Myburgh,RE van der Merwe,Nadeem Ahmed,0,0,"",""
ball,1,21.1,Netherlands,RE van der Merwe,SJ Myburgh,Ehsan Khan,0,0,"",""
ball,1,21.2,Netherlands,RE van der Merwe,SJ Myburgh,Ehsan Khan,6,0,"",""
ball,1,21.3,Netherlands,RE van der Merwe,SJ Myburgh,Ehsan Khan,0,0,"",""
ball,1,21.4,Netherlands,RE van der Merwe,SJ Myburgh,Ehsan Khan,0,0,"",""
ball,1,21.5,Netherlands,RE van der Merwe,SJ Myburgh,Ehsan Khan,1,0,"",""
ball,1,21.6,Netherlands,SJ Myburgh,RE van der Merwe,Ehsan Khan,1,0,"",""
ball,1,22.1,Netherlands,SJ Myburgh,RE van der Merwe,Nadeem Ahmed,1,0,"",""
ball,1,22.2,Netherlands,RE van der Merwe,SJ Myburgh,Nadeem Ahmed,1,0,"",""
ball,1,22.3,Netherlands,SJ Myburgh,RE van der Merwe,Nadeem Ahmed,0,0,"",""
ball,1,22.4,Netherlands,SJ Myburgh,RE van der Merwe,Nadeem Ahmed,0,0,"",""
ball,1,22.5,Netherlands,SJ Myburgh,RE van der Merwe,Nadeem Ahmed,1,0,"",""
ball,1,22.6,Netherlands,RE van der Merwe,SJ Myburgh,Nadeem Ahmed,1,0,"",""
ball,1,23.1,Netherlands,RE van der Merwe,SJ Myburgh,Ehsan Khan,1,0,"",""
ball,1,23.2,Netherlands,SJ Myburgh,RE van der Merwe,Ehsan Khan,0,0,"",""
ball,1,23.3,Netherlands,SJ Myburgh,RE van der Merwe,Ehsan Khan,0,0,"",""
ball,1,23.4,Netherlands,SJ Myburgh,RE van der Merwe,Ehsan Khan,0,0,"",""
ball,1,23.5,Netherlands,SJ Myburgh,RE van der Merwe,Ehsan Khan,0,0,"",""
ball,1,23.6,Netherlands,SJ Myburgh,RE van der Merwe,Ehsan Khan,0,0,"",""
ball,1,24.1,Netherlands,RE van der Merwe,SJ Myburgh,Nadeem Ahmed,0,4,"",""
ball,1,24.2,Netherlands,RE van der Merwe,SJ Myburgh,Nadeem Ahmed,1,0,"",""
ball,1,24.3,Netherlands,SJ Myburgh,RE van der Merwe,Nadeem Ahmed,1,0,"",""
ball,1,24.4,Netherlands,RE van der Merwe,SJ Myburgh,Nadeem Ahmed,6,0,"",""
ball,1,24.5,Netherlands,RE van der Merwe,SJ Myburgh,Nadeem Ahmed,1,0,"",""
ball,1,24.6,Netherlands,SJ Myburgh,RE van der Merwe,Nadeem Ahmed,0,0,"",""
ball,1,25.1,Netherlands,RE van der Merwe,SJ Myburgh,Ehsan Khan,1,0,"",""
ball,1,25.2,Netherlands,SJ Myburgh,RE van der Merwe,Ehsan Khan,0,0,"",""
ball,1,25.3,Netherlands,SJ Myburgh,RE van der Merwe,Ehsan Khan,6,0,"",""
ball,1,25.4,Netherlands,SJ Myburgh,RE van der Merwe,Ehsan Khan,4,0,"",""
ball,1,25.5,Netherlands,SJ Myburgh,RE van der Merwe,Ehsan Khan,0,0,"",""
ball,1,25.6,Netherlands,SJ Myburgh,RE van der Merwe,Ehsan Khan,0,0,"",""
ball,1,26.1,Netherlands,RE van der Merwe,SJ Myburgh,Ehsan Nawaz,1,0,"",""
ball,1,26.2,Netherlands,SJ Myburgh,RE van der Merwe,Ehsan Nawaz,1,0,"",""
ball,1,26.3,Netherlands,RE van der Merwe,SJ Myburgh,Ehsan Nawaz,0,0,"",""
ball,1,26.4,Netherlands,RE van der Merwe,SJ Myburgh,Ehsan Nawaz,1,0,"",""
ball,1,26.5,Netherlands,SJ Myburgh,RE van der Merwe,Ehsan Nawaz,0,0,"",""
ball,1,26.6,Netherlands,SJ Myburgh,RE van der Merwe,Ehsan Nawaz,1,0,"",""
ball,1,27.1,Netherlands,SJ Myburgh,RE van der Merwe,Anshuman Rath,0,0,"",""
ball,1,27.2,Netherlands,SJ Myburgh,RE van der Merwe,Anshuman Rath,6,0,"",""
ball,1,27.3,Netherlands,SJ Myburgh,RE van der Merwe,Anshuman Rath,4,0,"",""
ball,1,27.4,Netherlands,SJ Myburgh,RE van der Merwe,Anshuman Rath,0,0,"",""
ball,1,27.5,Netherlands,SJ Myburgh,RE van der Merwe,Anshuman Rath,0,0,"",""
ball,1,27.6,Netherlands,SJ Myburgh,RE van der Merwe,Anshuman Rath,6,0,"",""
ball,1,28.1,Netherlands,RE van der Merwe,SJ Myburgh,Ehsan Nawaz,0,0,"",""
ball,1,28.2,Netherlands,RE van der Merwe,SJ Myburgh,Ehsan Nawaz,0,1,"",""
ball,1,28.3,Netherlands,SJ Myburgh,RE van der Merwe,Ehsan Nawaz,2,0,"",""
ball,1,28.4,Netherlands,SJ Myburgh,RE van der Merwe,Ehsan Nawaz,1,0,"",""
ball,1,28.5,Netherlands,RE van der Merwe,SJ Myburgh,Ehsan Nawaz,1,0,"",""
ball,1,28.6,Netherlands,SJ Myburgh,RE van der Merwe,Ehsan Nawaz,1,0,"",""
ball,1,29.1,Netherlands,SJ Myburgh,RE van der Merwe,Nadeem Ahmed,0,0,caught,SJ Myburgh
ball,1,29.2,Netherlands,PW Borren,RE van der Merwe,Nadeem Ahmed,4,0,"",""
ball,1,29.3,Netherlands,PW Borren,RE van der Merwe,Nadeem Ahmed,0,0,"",""
ball,1,29.4,Netherlands,PW Borren,RE van der Merwe,Nadeem Ahmed,1,0,"",""
ball,1,29.5,Netherlands,RE van der Merwe,PW Borren,Nadeem Ahmed,0,0,"",""
ball,1,29.6,Netherlands,RE van der Merwe,PW Borren,Nadeem Ahmed,0,0,"",""
ball,1,30.1,Netherlands,PW Borren,RE van der Merwe,Tanveer Ahmed,0,0,"",""
ball,1,30.2,Netherlands,PW Borren,RE van der Merwe,Tanveer Ahmed,0,0,"",""
ball,1,30.3,Netherlands,PW Borren,RE van der Merwe,Tanveer Ahmed,0,0,"",""
ball,1,30.4,Netherlands,PW Borren,RE van der Merwe,Tanveer Ahmed,4,0,"",""
ball,1,30.5,Netherlands,PW Borren,RE van der Merwe,Tanveer Ahmed,0,0,"",""
ball,1,30.6,Netherlands,PW Borren,RE van der Merwe,Tanveer Ahmed,1,0,"",""
ball,1,31.1,Netherlands,PW Borren,RE van der Merwe,Nadeem Ahmed,4,0,"",""
ball,1,31.2,Netherlands,PW Borren,RE van der Merwe,Nadeem Ahmed,0,0,"",""
ball,1,31.3,Netherlands,PW Borren,RE van der Merwe,Nadeem Ahmed,0,0,"",""
ball,1,31.4,Netherlands,PW Borren,RE van der Merwe,Nadeem Ahmed,1,0,"",""
ball,1,31.5,Netherlands,RE van der Merwe,PW Borren,Nadeem Ahmed,1,0,"",""
ball,1,31.6,Netherlands,PW Borren,RE van der Merwe,Nadeem Ahmed,0,0,"",""
ball,1,32.1,Netherlands,RE van der Merwe,PW Borren,Tanveer Ahmed,1,0,"",""
ball,1,32.2,Netherlands,PW Borren,RE van der Merwe,Tanveer Ahmed,4,0,"",""
ball,1,32.3,Netherlands,PW Borren,RE van der Merwe,Tanveer Ahmed,0,0,"",""
ball,1,32.4,Netherlands,PW Borren,RE van der Merwe,Tanveer Ahmed,0,0,"",""
ball,1,32.5,Netherlands,PW Borren,RE van der Merwe,Tanveer Ahmed,0,0,"",""
ball,1,32.6,Netherlands,PW Borren,RE van der Merwe,Tanveer Ahmed,0,0,"",""
ball,1,33.1,Netherlands,RE van der Merwe,PW Borren,Nadeem Ahmed,1,0,"",""
ball,1,33.2,Netherlands,PW Borren,RE van der Merwe,Nadeem Ahmed,1,0,"",""
ball,1,33.3,Netherlands,RE van der Merwe,PW Borren,Nadeem Ahmed,0,1,"",""
ball,1,33.4,Netherlands,PW Borren,RE van der Merwe,Nadeem Ahmed,0,0,"",""
ball,1,33.5,Netherlands,PW Borren,RE van der Merwe,Nadeem Ahmed,0,0,"",""
ball,1,33.6,Netherlands,PW Borren,RE van der Merwe,Nadeem Ahmed,1,0,"",""
ball,1,34.1,Netherlands,PW Borren,RE van der Merwe,Aizaz Khan,1,0,"",""
ball,1,34.2,Netherlands,RE van der Merwe,PW Borren,Aizaz Khan,0,0,"",""
ball,1,34.3,Netherlands,RE van der Merwe,PW Borren,Aizaz Khan,0,0,"",""
ball,1,34.4,Netherlands,RE van der Merwe,PW Borren,Aizaz Khan,4,0,"",""
ball,1,34.5,Netherlands,RE van der Merwe,PW Borren,Aizaz Khan,0,0,"",""
ball,1,34.6,Netherlands,RE van der Merwe,PW Borren,Aizaz Khan,6,0,"",""
ball,1,35.1,Netherlands,PW Borren,RE van der Merwe,Nadeem Ahmed,0,0,"",""
ball,1,35.2,Netherlands,PW Borren,RE van der Merwe,Nadeem Ahmed,4,0,"",""
ball,1,35.3,Netherlands,PW Borren,RE van der Merwe,Nadeem Ahmed,6,0,"",""
ball,1,35.4,Netherlands,PW Borren,RE van der Merwe,Nadeem Ahmed,0,0,"",""
ball,1,35.5,Netherlands,PW Borren,RE van der Merwe,Nadeem Ahmed,4,0,"",""
ball,1,35.6,Netherlands,PW Borren,RE van der Merwe,Nadeem Ahmed,0,0,"",""
ball,1,36.1,Netherlands,RE van der Merwe,PW Borren,Aizaz Khan,0,1,"",""
ball,1,36.2,Netherlands,PW Borren,RE van der Merwe,Aizaz Khan,0,0,"",""
ball,1,36.3,Netherlands,PW Borren,RE van der Merwe,Aizaz Khan,2,0,"",""
ball,1,36.4,Netherlands,PW Borren,RE van der Merwe,Aizaz Khan,1,0,"",""
ball,1,36.5,Netherlands,RE van der Merwe,PW Borren,Aizaz Khan,0,0,"",""
ball,1,36.6,Netherlands,RE van der Merwe,PW Borren,Aizaz Khan,4,0,"",""
ball,1,37.1,Netherlands,PW Borren,RE van der Merwe,Ehsan Nawaz,1,0,"",""
ball,1,37.2,Netherlands,RE van der Merwe,PW Borren,Ehsan Nawaz,1,0,"",""
ball,1,37.3,Netherlands,PW Borren,RE van der Merwe,Ehsan Nawaz,0,0,"",""
ball,1,37.4,Netherlands,PW Borren,RE van der Merwe,Ehsan Nawaz,0,0,lbw,PW Borren
ball,1,37.5,Netherlands,PM Seelaar,RE van der Merwe,Ehsan Nawaz,1,0,"",""
ball,1,37.6,Netherlands,RE van der Merwe,PM Seelaar,Ehsan Nawaz,1,0,"",""
ball,1,38.1,Netherlands,RE van der Merwe,PM Seelaar,Aizaz Khan,1,0,"",""
ball,1,38.2,Netherlands,PM Seelaar,RE van der Merwe,Aizaz Khan,0,0,"",""
ball,1,38.3,Netherlands,PM Seelaar,RE van der Merwe,Aizaz Khan,0,0,"",""
ball,1,38.4,Netherlands,PM Seelaar,RE van der Merwe,Aizaz Khan,0,0,"",""
ball,1,38.5,Netherlands,PM Seelaar,RE van der Merwe,Aizaz Khan,1,0,"",""
ball,1,38.6,Netherlands,RE van der Merwe,PM Seelaar,Aizaz Khan,0,2,"",""
ball,1,38.7,Netherlands,PM Seelaar,RE van der Merwe,Aizaz Khan,1,0,"",""
ball,1,39.1,Netherlands,PM Seelaar,RE van der Merwe,Nadeem Ahmed,1,0,"",""
ball,1,39.2,Netherlands,RE van der Merwe,PM Seelaar,Nadeem Ahmed,0,0,"",""
ball,1,39.3,Netherlands,RE van der Merwe,PM Seelaar,Nadeem Ahmed,0,0,"",""
ball,1,39.4,Netherlands,RE van der Merwe,PM Seelaar,Nadeem Ahmed,1,0,"",""
ball,1,39.5,Netherlands,PM Seelaar,RE van der Merwe,Nadeem Ahmed,0,0,"",""
ball,1,39.6,Netherlands,PM Seelaar,RE van der Merwe,Nadeem Ahmed,0,0,"",""
ball,1,40.1,Netherlands,RE van der Merwe,PM Seelaar,Tanveer Ahmed,1,0,"",""
ball,1,40.2,Netherlands,PM Seelaar,RE van der Merwe,Tanveer Ahmed,1,0,"",""
ball,1,40.3,Netherlands,RE van der Merwe,PM Seelaar,Tanveer Ahmed,0,0,"",""
ball,1,40.4,Netherlands,RE van der Merwe,PM Seelaar,Tanveer Ahmed,0,0,"",""
ball,1,40.5,Netherlands,RE van der Merwe,PM Seelaar,Tanveer Ahmed,1,0,"",""
ball,1,40.6,Netherlands,PM Seelaar,RE van der Merwe,Tanveer Ahmed,4,0,"",""
ball,1,41.1,Netherlands,RE van der Merwe,PM Seelaar,Nadeem Ahmed,1,0,"",""
ball,1,41.2,Netherlands,PM Seelaar,RE van der Merwe,Nadeem Ahmed,0,0,"",""
ball,1,41.3,Netherlands,PM Seelaar,RE van der Merwe,Nadeem Ahmed,1,0,"",""
ball,1,41.4,Netherlands,RE van der Merwe,PM Seelaar,Nadeem Ahmed,1,0,"",""
ball,1,41.5,Netherlands,PM Seelaar,RE van der Merwe,Nadeem Ahmed,1,0,"",""
ball,1,41.6,Netherlands,RE van der Merwe,PM Seelaar,Nadeem Ahmed,1,0,"",""
ball,1,42.1,Netherlands,RE van der Merwe,PM Seelaar,Tanveer Ahmed,1,0,"",""
ball,1,42.2,Netherlands,PM Seelaar,RE van der Merwe,Tanveer Ahmed,0,0,"",""
ball,1,42.3,Netherlands,PM Seelaar,RE van der Merwe,Tanveer Ahmed,0,0,"",""
ball,1,42.4,Netherlands,PM Seelaar,RE van der Merwe,Tanveer Ahmed,4,0,"",""
ball,1,42.5,Netherlands,PM Seelaar,RE van der Merwe,Tanveer Ahmed,4,0,"",""
ball,1,42.6,Netherlands,PM Seelaar,RE van der Merwe,Tanveer Ahmed,0,0,"",""
ball,1,43.1,Netherlands,RE van der Merwe,PM Seelaar,Aizaz Khan,6,0,"",""
ball,1,43.2,Netherlands,RE van der Merwe,PM Seelaar,Aizaz Khan,0,0,caught,RE van der Merwe
ball,1,43.3,Netherlands,PM Seelaar,MP O'Dowd,Aizaz Khan,0,0,"",""
ball,1,43.4,Netherlands,PM Seelaar,MP O'Dowd,Aizaz Khan,1,0,"",""
ball,1,43.5,Netherlands,MP O'Dowd,PM Seelaar,Aizaz Khan,1,0,"",""
ball,1,43.6,Netherlands,PM Seelaar,MP O'Dowd,Aizaz Khan,1,0,"",""
ball,1,44.1,Netherlands,PM Seelaar,MP O'Dowd,Tanveer Ahmed,0,1,"",""
ball,1,44.2,Netherlands,PM Seelaar,MP O'Dowd,Tanveer Ahmed,1,0,"",""
ball,1,44.3,Netherlands,MP O'Dowd,PM Seelaar,Tanveer Ahmed,1,0,"",""
ball,1,44.4,Netherlands,PM Seelaar,MP O'Dowd,Tanveer Ahmed,0,0,"",""
ball,1,44.5,Netherlands,PM Seelaar,MP O'Dowd,Tanveer Ahmed,0,0,"",""
ball,1,44.6,Netherlands,PM Seelaar,MP O'Dowd,Tanveer Ahmed,1,0,"",""
ball,1,44.7,Netherlands,MP O'Dowd,PM Seelaar,Tanveer Ahmed,1,0,"",""
ball,1,45.1,Netherlands,MP O'Dowd,PM Seelaar,Aizaz Khan,0,1,"",""
ball,1,45.2,Netherlands,PM Seelaar,MP O'Dowd,Aizaz Khan,1,0,"",""
ball,1,45.3,Netherlands,MP O'Dowd,PM Seelaar,Aizaz Khan,1,0,"",""
ball,1,45.4,Netherlands,PM Seelaar,MP O'Dowd,Aizaz Khan,1,0,"",""
ball,1,45.5,Netherlands,MP O'Dowd,PM Seelaar,Aizaz Khan,1,0,"",""
ball,1,45.6,Netherlands,PM Seelaar,MP O'Dowd,Aizaz Khan,1,0,"",""
ball,1,46.1,Netherlands,PM Seelaar,MP O'Dowd,Ehsan Nawaz,2,0,"",""
ball,1,46.2,Netherlands,PM Seelaar,MP O'Dowd,Ehsan Nawaz,1,0,"",""
ball,1,46.3,Netherlands,MP O'Dowd,PM Seelaar,Ehsan Nawaz,0,0,"",""
ball,1,46.4,Netherlands,MP O'Dowd,PM Seelaar,Ehsan Nawaz,1,0,"",""
ball,1,46.5,Netherlands,PM Seelaar,MP O'Dowd,Ehsan Nawaz,1,0,"",""
ball,1,46.6,Netherlands,MP O'Dowd,PM Seelaar,Ehsan Nawaz,1,0,"",""
ball,1,47.1,Netherlands,MP O'Dowd,PM Seelaar,Aizaz Khan,1,0,"",""
ball,1,47.2,Netherlands,PM Seelaar,MP O'Dowd,Aizaz Khan,4,0,"",""
ball,1,47.3,Netherlands,PM Seelaar,MP O'Dowd,Aizaz Khan,4,0,"",""
ball,1,47.4,Netherlands,PM Seelaar,MP O'Dowd,Aizaz Khan,1,0,"",""
ball,1,47.5,Netherlands,MP O'Dowd,PM Seelaar,Aizaz Khan,1,0,"",""
ball,1,47.6,Netherlands,PM Seelaar,MP O'Dowd,Aizaz Khan,1,0,"",""
ball,1,48.1,Netherlands,PM Seelaar,MP O'Dowd,Ehsan Nawaz,1,0,"",""
ball,1,48.2,Netherlands,MP O'Dowd,PM Seelaar,Ehsan Nawaz,1,0,"",""
ball,1,48.3,Netherlands,PM Seelaar,MP O'Dowd,Ehsan Nawaz,2,0,"",""
ball,1,48.4,Netherlands,PM Seelaar,MP O'Dowd,Ehsan Nawaz,1,0,"",""
ball,1,48.5,Netherlands,MP O'Dowd,PM Seelaar,Ehsan Nawaz,6,0,"",""
ball,1,48.6,Netherlands,MP O'Dowd,PM Seelaar,Ehsan Nawaz,0,0,caught,MP O'Dowd
ball,1,49.1,Netherlands,PM Seelaar,PA van Meekeren,Tanveer Ahmed,1,0,"",""
ball,1,49.2,Netherlands,PA van Meekeren,PM Seelaar,Tanveer Ahmed,1,0,"",""
ball,1,49.3,Netherlands,PM Seelaar,PA van Meekeren,Tanveer Ahmed,1,0,"",""
ball,1,49.4,Netherlands,PA van Meekeren,PM Seelaar,Tanveer Ahmed,1,0,"",""
ball,1,49.5,Netherlands,PM Seelaar,PA van Meekeren,Tanveer Ahmed,2,0,"",""
ball,1,49.6,Netherlands,PM Seelaar,PA van Meekeren,Tanveer Ahmed,2,0,"",""
ball,2,0.1,Hong Kong,C Carter,Anshuman Rath,VJ Kingma,4,0,"",""
ball,2,0.2,Hong Kong,C Carter,Anshuman Rath,VJ Kingma,0,1,"",""
ball,2,0.3,Hong Kong,C Carter,Anshuman Rath,VJ Kingma,0,0,"",""
ball,2,0.4,Hong Kong,C Carter,Anshuman Rath,VJ Kingma,1,0,"",""
ball,2,0.5,Hong Kong,Anshuman Rath,C Carter,VJ Kingma,1,0,"",""
ball,2,0.6,Hong Kong,C Carter,Anshuman Rath,VJ Kingma,4,1,"",""
ball,2,0.7,Hong Kong,C Carter,Anshuman Rath,VJ Kingma,4,0,"",""
ball,2,0.8,Hong Kong,C Carter,Anshuman Rath,VJ Kingma,0,1,"",""
ball,2,0.9,Hong Kong,C Carter,Anshuman Rath,VJ Kingma,0,1,"",""
ball,2,0.1,Hong Kong,C Carter,Anshuman Rath,VJ Kingma,0,1,"",""
ball,2,1.1,Hong Kong,C Carter,Anshuman Rath,PA van Meekeren,1,0,"",""
ball,2,1.2,Hong Kong,Anshuman Rath,C Carter,PA van Meekeren,0,0,"",""
ball,2,1.3,Hong Kong,Anshuman Rath,C Carter,PA van Meekeren,0,0,"",""
ball,2,1.4,Hong Kong,Anshuman Rath,C Carter,PA van Meekeren,0,0,"",""
ball,2,1.5,Hong Kong,Anshuman Rath,C Carter,PA van Meekeren,0,0,"",""
ball,2,1.6,Hong Kong,Anshuman Rath,C Carter,PA van Meekeren,1,0,"",""
ball,2,2.1,Hong Kong,Anshuman Rath,C Carter,PW Borren,0,0,"",""
ball,2,2.2,Hong Kong,Anshuman Rath,C Carter,PW Borren,1,0,"",""
ball,2,2.3,Hong Kong,C Carter,Anshuman Rath,PW Borren,1,0,"",""
ball,2,2.4,Hong Kong,Anshuman Rath,C Carter,PW Borren,0,0,"",""
ball,2,2.5,Hong Kong,Anshuman Rath,C Carter,PW Borren,0,0,"",""
ball,2,2.6,Hong Kong,Anshuman Rath,C Carter,PW Borren,4,0,"",""
ball,2,3.1,Hong Kong,C Carter,Anshuman Rath,PA van Meekeren,4,0,"",""
ball,2,3.2,Hong Kong,C Carter,Anshuman Rath,PA van Meekeren,0,0,"",""
ball,2,3.3,Hong Kong,C Carter,Anshuman Rath,PA van Meekeren,0,0,"",""
ball,2,3.4,Hong Kong,C Carter,Anshuman Rath,PA van Meekeren,0,0,"",""
ball,2,3.5,Hong Kong,C Carter,Anshuman Rath,PA van Meekeren,0,0,"",""
ball,2,3.6,Hong Kong,C Carter,Anshuman Rath,PA van Meekeren,0,0,"",""
ball,2,4.1,Hong Kong,Anshuman Rath,C Carter,PW Borren,0,0,"",""
ball,2,4.2,Hong Kong,Anshuman Rath,C Carter,PW Borren,0,0,"",""
ball,2,4.3,Hong Kong,Anshuman Rath,C Carter,PW Borren,0,0,"",""
ball,2,4.4,Hong Kong,Anshuman Rath,C Carter,PW Borren,4,0,"",""
ball,2,4.5,Hong Kong,Anshuman Rath,C Carter,PW Borren,0,0,"",""
ball,2,4.6,Hong Kong,Anshuman Rath,C Carter,PW Borren,1,0,"",""
ball,2,5.1,Hong Kong,Anshuman Rath,C Carter,PA van Meekeren,0,0,"",""
ball,2,5.2,Hong Kong,Anshuman Rath,C Carter,PA van Meekeren,0,1,"",""
ball,2,5.3,Hong Kong,Anshuman Rath,C Carter,PA van Meekeren,0,0,"",""
ball,2,5.4,Hong Kong,Anshuman Rath,C Carter,PA van Meekeren,0,0,"",""
ball,2,5.5,Hong Kong,Anshuman Rath,C Carter,PA van Meekeren,0,0,"",""
ball,2,5.6,Hong Kong,Anshuman Rath,C Carter,PA van Meekeren,0,0,"",""
ball,2,5.7,Hong Kong,Anshuman Rath,C Carter,PA van Meekeren,4,0,"",""
ball,2,6.1,Hong Kong,C Carter,Anshuman Rath,MJG Rippon,0,0,"",""
ball,2,6.2,Hong Kong,C Carter,Anshuman Rath,MJG Rippon,0,0,"",""
ball,2,6.3,Hong Kong,C Carter,Anshuman Rath,MJG Rippon,0,0,lbw,C Carter
ball,2,6.4,Hong Kong,JJ Atkinson,Anshuman Rath,MJG Rippon,0,0,"",""
ball,2,6.5,Hong Kong,JJ Atkinson,Anshuman Rath,MJG Rippon,1,0,"",""
ball,2,6.6,Hong Kong,Anshuman Rath,JJ Atkinson,MJG Rippon,4,0,"",""
ball,2,7.1,Hong Kong,JJ Atkinson,Anshuman Rath,PA van Meekeren,0,0,"",""
ball,2,7.2,Hong Kong,JJ Atkinson,Anshuman Rath,PA van Meekeren,0,0,"",""
ball,2,7.3,Hong Kong,JJ Atkinson,Anshuman Rath,PA van Meekeren,0,0,"",""
ball,2,7.4,Hong Kong,JJ Atkinson,Anshuman Rath,PA van Meekeren,0,0,"",""
ball,2,7.5,Hong Kong,JJ Atkinson,Anshuman Rath,PA van Meekeren,1,0,"",""
ball,2,7.6,Hong Kong,Anshuman Rath,JJ Atkinson,PA van Meekeren,2,0,"",""
ball,2,8.1,Hong Kong,JJ Atkinson,Anshuman Rath,MJG Rippon,0,0,"",""
ball,2,8.2,Hong Kong,JJ Atkinson,Anshuman Rath,MJG Rippon,0,0,"",""
ball,2,8.3,Hong Kong,JJ Atkinson,Anshuman Rath,MJG Rippon,4,0,"",""
ball,2,8.4,Hong Kong,JJ Atkinson,Anshuman Rath,MJG Rippon,0,0,stumped,JJ Atkinson
ball,2,8.5,Hong Kong,Babar Hayat,Anshuman Rath,MJG Rippon,0,0,"",""
ball,2,8.6,Hong Kong,Babar Hayat,Anshuman Rath,MJG Rippon,4,0,"",""
ball,2,9.1,Hong Kong,Anshuman Rath,Babar Hayat,PA van Meekeren,0,0,"",""
ball,2,9.2,Hong Kong,Anshuman Rath,Babar Hayat,PA van Meekeren,1,0,"",""
ball,2,9.3,Hong Kong,Babar Hayat,Anshuman Rath,PA van Meekeren,0,0,"",""
ball,2,9.4,Hong Kong,Babar Hayat,Anshuman Rath,PA van Meekeren,0,0,"",""
ball,2,9.5,Hong Kong,Babar Hayat,Anshuman Rath,PA van Meekeren,0,1,"",""
ball,2,9.6,Hong Kong,Babar Hayat,Anshuman Rath,PA van Meekeren,0,0,"",""
ball,2,9.7,Hong Kong,Babar Hayat,Anshuman Rath,PA van Meekeren,0,0,"",""
ball,2,10.1,Hong Kong,Anshuman Rath,Babar Hayat,MJG Rippon,1,0,"",""
ball,2,10.2,Hong Kong,Babar Hayat,Anshuman Rath,MJG Rippon,0,0,"",""
ball,2,10.3,Hong Kong,Babar Hayat,Anshuman Rath,MJG Rippon,0,0,"",""
ball,2,10.4,Hong Kong,Babar Hayat,Anshuman Rath,MJG Rippon,1,0,"",""
ball,2,10.5,Hong Kong,Anshuman Rath,Babar Hayat,MJG Rippon,0,0,"",""
ball,2,10.6,Hong Kong,Anshuman Rath,Babar Hayat,MJG Rippon,1,0,"",""
ball,2,11.1,Hong Kong,Anshuman Rath,Babar Hayat,PW Borren,1,0,"",""
ball,2,11.2,Hong Kong,Babar Hayat,Anshuman Rath,PW Borren,0,0,"",""
ball,2,11.3,Hong Kong,Babar Hayat,Anshuman Rath,PW Borren,0,1,"",""
ball,2,11.4,Hong Kong,Babar Hayat,Anshuman Rath,PW Borren,0,0,"",""
ball,2,11.5,Hong Kong,Babar Hayat,Anshuman Rath,PW Borren,0,0,"",""
ball,2,11.6,Hong Kong,Babar Hayat,Anshuman Rath,PW Borren,1,0,"",""
ball,2,11.7,Hong Kong,Anshuman Rath,Babar Hayat,PW Borren,2,0,"",""
ball,2,12.1,Hong Kong,Babar Hayat,Anshuman Rath,MJG Rippon,1,0,"",""
ball,2,12.2,Hong Kong,Anshuman Rath,Babar Hayat,MJG Rippon,1,0,"",""
ball,2,12.3,Hong Kong,Babar Hayat,Anshuman Rath,MJG Rippon,0,0,"",""
ball,2,12.4,Hong Kong,Babar Hayat,Anshuman Rath,MJG Rippon,1,0,"",""
ball,2,12.5,Hong Kong,Anshuman Rath,Babar Hayat,MJG Rippon,4,0,"",""
ball,2,12.6,Hong Kong,Anshuman Rath,Babar Hayat,MJG Rippon,1,0,"",""
ball,2,13.1,Hong Kong,Anshuman Rath,Babar Hayat,PW Borren,4,0,"",""
ball,2,13.2,Hong Kong,Anshuman Rath,Babar Hayat,PW Borren,1,0,"",""
ball,2,13.3,Hong Kong,Babar Hayat,Anshuman Rath,PW Borren,2,0,"",""
ball,2,13.4,Hong Kong,Babar Hayat,Anshuman Rath,PW Borren,0,0,"",""
ball,2,13.5,Hong Kong,Babar Hayat,Anshuman Rath,PW Borren,0,0,"",""
ball,2,13.6,Hong Kong,Babar Hayat,Anshuman Rath,PW Borren,0,1,"",""
ball,2,14.1,Hong Kong,Babar Hayat,Anshuman Rath,RE van der Merwe,1,0,"",""
ball,2,14.2,Hong Kong,Anshuman Rath,Babar Hayat,RE van der Merwe,0,1,"",""
ball,2,14.3,Hong Kong,Anshuman Rath,Babar Hayat,RE van der Merwe,1,0,"",""
ball,2,14.4,Hong Kong,Babar Hayat,Anshuman Rath,RE van der Merwe,0,0,"",""
ball,2,14.5,Hong Kong,Babar Hayat,Anshuman Rath,RE van der Merwe,1,0,"",""
ball,2,14.6,Hong Kong,Anshuman Rath,Babar Hayat,RE van der Merwe,1,0,"",""
ball,2,14.7,Hong Kong,Babar Hayat,Anshuman Rath,RE van der Merwe,0,0,"",""
ball,2,15.1,Hong Kong,Anshuman Rath,Babar Hayat,Ahsan Malik,1,0,"",""
ball,2,15.2,Hong Kong,Babar Hayat,Anshuman Rath,Ahsan Malik,1,0,"",""
ball,2,15.3,Hong Kong,Anshuman Rath,Babar Hayat,Ahsan Malik,0,0,"",""
ball,2,15.4,Hong Kong,Anshuman Rath,Babar Hayat,Ahsan Malik,1,0,"",""
ball,2,15.5,Hong Kong,Babar Hayat,Anshuman Rath,Ahsan Malik,0,0,"",""
ball,2,15.6,Hong Kong,Babar Hayat,Anshuman Rath,Ahsan Malik,1,0,"",""
ball,2,16.1,Hong Kong,Babar Hayat,Anshuman Rath,RE van der Merwe,1,0,"",""
ball,2,16.2,Hong Kong,Anshuman Rath,Babar Hayat,RE van der Merwe,0,0,"",""
ball,2,16.3,Hong Kong,Anshuman Rath,Babar Hayat,RE van der Merwe,1,0,"",""
ball,2,16.4,Hong Kong,Babar Hayat,Anshuman Rath,RE van der Merwe,4,0,"",""
ball,2,16.5,Hong Kong,Babar Hayat,Anshuman Rath,RE van der Merwe,1,0,"",""
ball,2,16.6,Hong Kong,Anshuman Rath,Babar Hayat,RE van der Merwe,0,0,"",""
ball,2,17.1,Hong Kong,Babar Hayat,Anshuman Rath,Ahsan Malik,0,0,"",""
ball,2,17.2,Hong Kong,Babar Hayat,Anshuman Rath,Ahsan Malik,0,0,"",""
ball,2,17.3,Hong Kong,Babar Hayat,Anshuman Rath,Ahsan Malik,4,0,"",""
ball,2,17.4,Hong Kong,Babar Hayat,Anshuman Rath,Ahsan Malik,2,0,"",""
ball,2,17.5,Hong Kong,Babar Hayat,Anshuman Rath,Ahsan Malik,1,0,"",""
ball,2,17.6,Hong Kong,Anshuman Rath,Babar Hayat,Ahsan Malik,0,0,"",""
ball,2,18.1,Hong Kong,Babar Hayat,Anshuman Rath,RE van der Merwe,0,0,"",""
ball,2,18.2,Hong Kong,Babar Hayat,Anshuman Rath,RE van der Merwe,0,0,"",""
ball,2,18.3,Hong Kong,Babar Hayat,Anshuman Rath,RE van der Merwe,0,0,"",""
ball,2,18.4,Hong Kong,Babar Hayat,Anshuman Rath,RE van der Merwe,4,0,"",""
ball,2,18.5,Hong Kong,Babar Hayat,Anshuman Rath,RE van der Merwe,1,0,"",""
ball,2,18.6,Hong Kong,Anshuman Rath,Babar Hayat,RE van der Merwe,1,0,"",""
ball,2,19.1,Hong Kong,Anshuman Rath,Babar Hayat,Ahsan Malik,1,0,"",""
ball,2,19.2,Hong Kong,Babar Hayat,Anshuman Rath,Ahsan Malik,1,0,"",""
ball,2,19.3,Hong Kong,Anshuman Rath,Babar Hayat,Ahsan Malik,4,0,"",""
ball,2,19.4,Hong Kong,Anshuman Rath,Babar Hayat,Ahsan Malik,0,0,"",""
ball,2,19.5,Hong Kong,Anshuman Rath,Babar Hayat,Ahsan Malik,1,0,"",""
ball,2,19.6,Hong Kong,Babar Hayat,Anshuman Rath,Ahsan Malik,0,0,"",""
ball,2,20.1,Hong Kong,Anshuman Rath,Babar Hayat,RE van der Merwe,1,0,"",""
ball,2,20.2,Hong Kong,Babar Hayat,Anshuman Rath,RE van der Merwe,0,0,"",""
ball,2,20.3,Hong Kong,Babar Hayat,Anshuman Rath,RE van der Merwe,1,0,"",""
ball,2,20.4,Hong Kong,Anshuman Rath,Babar Hayat,RE van der Merwe,1,0,"",""
ball,2,20.5,Hong Kong,Babar Hayat,Anshuman Rath,RE van der Merwe,0,0,"",""
ball,2,20.6,Hong Kong,Babar Hayat,Anshuman Rath,RE van der Merwe,0,0,"",""
ball,2,21.1,Hong Kong,Anshuman Rath,Babar Hayat,VJ Kingma,4,0,"",""
ball,2,21.2,Hong Kong,Anshuman Rath,Babar Hayat,VJ Kingma,1,0,"",""
ball,2,21.3,Hong Kong,Babar Hayat,Anshuman Rath,VJ Kingma,4,0,"",""
ball,2,21.4,Hong Kong,Babar Hayat,Anshuman Rath,VJ Kingma,0,0,"",""
ball,2,21.5,Hong Kong,Babar Hayat,Anshuman Rath,VJ Kingma,0,0,"",""
ball,2,21.6,Hong Kong,Babar Hayat,Anshuman Rath,VJ Kingma,0,0,"",""
ball,2,22.1,Hong Kong,Anshuman Rath,Babar Hayat,RE van der Merwe,1,0,"",""
ball,2,22.2,Hong Kong,Babar Hayat,Anshuman Rath,RE van der Merwe,0,0,"",""
ball,2,22.3,Hong Kong,Babar Hayat,Anshuman Rath,RE van der Merwe,1,0,"",""
ball,2,22.4,Hong Kong,Anshuman Rath,Babar Hayat,RE van der Merwe,1,0,"",""
ball,2,22.5,Hong Kong,Babar Hayat,Anshuman Rath,RE van der Merwe,0,0,"",""
ball,2,22.6,Hong Kong,Babar Hayat,Anshuman Rath,RE van der Merwe,0,0,"",""
ball,2,23.1,Hong Kong,Anshuman Rath,Babar Hayat,VJ Kingma,0,5,"",""
ball,2,23.2,Hong Kong,Anshuman Rath,Babar Hayat,VJ Kingma,1,0,"",""
ball,2,23.3,Hong Kong,Babar Hayat,Anshuman Rath,VJ Kingma,1,0,"",""
ball,2,23.4,Hong Kong,Anshuman Rath,Babar Hayat,VJ Kingma,1,0,"",""
ball,2,23.5,Hong Kong,Babar Hayat,Anshuman Rath,VJ Kingma,0,0,"",""
ball,2,23.6,Hong Kong,Babar Hayat,Anshuman Rath,VJ Kingma,0,0,"",""
ball,2,23.7,Hong Kong,Babar Hayat,Anshuman Rath,VJ Kingma,0,0,"",""
ball,2,24.1,Hong Kong,Anshuman Rath,Babar Hayat,RE van der Merwe,2,0,"",""
ball,2,24.2,Hong Kong,Anshuman Rath,Babar Hayat,RE van der Merwe,0,0,"",""
ball,2,24.3,Hong Kong,Anshuman Rath,Babar Hayat,RE van der Merwe,4,0,"",""
ball,2,24.4,Hong Kong,Anshuman Rath,Babar Hayat,RE van der Merwe,0,0,"",""
ball,2,24.5,Hong Kong,Anshuman Rath,Babar Hayat,RE van der Merwe,1,0,"",""
ball,2,24.6,Hong Kong,Babar Hayat,Anshuman Rath,RE van der Merwe,1,0,"",""
ball,2,25.1,Hong Kong,Babar Hayat,Anshuman Rath,VJ Kingma,4,0,"",""
ball,2,25.2,Hong Kong,Babar Hayat,Anshuman Rath,VJ Kingma,2,0,"",""
ball,2,25.3,Hong Kong,Babar Hayat,Anshuman Rath,VJ Kingma,0,0,"",""
ball,2,25.4,Hong Kong,Babar Hayat,Anshuman Rath,VJ Kingma,1,0,"",""
ball,2,25.5,Hong Kong,Anshuman Rath,Babar Hayat,VJ Kingma,1,0,"",""
ball,2,25.6,Hong Kong,Babar Hayat,Anshuman Rath,VJ Kingma,1,0,"",""
ball,2,26.1,Hong Kong,Babar Hayat,Anshuman Rath,RE van der Merwe,1,0,"",""
ball,2,26.2,Hong Kong,Anshuman Rath,Babar Hayat,RE van der Merwe,1,0,"",""
ball,2,26.3,Hong Kong,Babar Hayat,Anshuman Rath,RE van der Merwe,0,0,"",""
ball,2,26.4,Hong Kong,Babar Hayat,Anshuman Rath,RE van der Merwe,0,0,"",""
ball,2,26.5,Hong Kong,Babar Hayat,Anshuman Rath,RE van der Merwe,0,0,"",""
ball,2,26.6,Hong Kong,Babar Hayat,Anshuman Rath,RE van der Merwe,1,0,"",""
ball,2,27.1,Hong Kong,Babar Hayat,Anshuman Rath,MJG Rippon,1,0,"",""
ball,2,27.2,Hong Kong,Anshuman Rath,Babar Hayat,MJG Rippon,6,0,"",""
ball,2,27.3,Hong Kong,Anshuman Rath,Babar Hayat,MJG Rippon,1,0,"",""
ball,2,27.4,Hong Kong,Babar Hayat,Anshuman Rath,MJG Rippon,0,0,"",""
ball,2,27.5,Hong Kong,Babar Hayat,Anshuman Rath,MJG Rippon,0,0,"",""
ball,2,27.6,Hong Kong,Babar Hayat,Anshuman Rath,MJG Rippon,1,0,"",""
ball,2,28.1,Hong Kong,Babar Hayat,Anshuman Rath,RE van der Merwe,1,0,"",""
ball,2,28.2,Hong Kong,Anshuman Rath,Babar Hayat,RE van der Merwe,1,0,"",""
ball,2,28.3,Hong Kong,Babar Hayat,Anshuman Rath,RE van der Merwe,0,0,"",""
ball,2,28.4,Hong Kong,Babar Hayat,Anshuman Rath,RE van der Merwe,1,0,"",""
ball,2,28.5,Hong Kong,Anshuman Rath,Babar Hayat,RE van der Merwe,1,0,"",""
ball,2,28.6,Hong Kong,Babar Hayat,Anshuman Rath,RE van der Merwe,2,0,"",""
ball,2,29.1,Hong Kong,Anshuman Rath,Babar Hayat,MJG Rippon,0,0,"",""
ball,2,29.2,Hong Kong,Anshuman Rath,Babar Hayat,MJG Rippon,0,0,"",""
ball,2,29.3,Hong Kong,Anshuman Rath,Babar Hayat,MJG Rippon,4,0,"",""
ball,2,29.4,Hong Kong,Anshuman Rath,Babar Hayat,MJG Rippon,0,0,"",""
ball,2,29.5,Hong Kong,Anshuman Rath,Babar Hayat,MJG Rippon,0,0,"",""
ball,2,29.6,Hong Kong,Anshuman Rath,Babar Hayat,MJG Rippon,1,0,"",""
ball,2,30.1,Hong Kong,Anshuman Rath,Babar Hayat,RE van der Merwe,1,0,"",""
ball,2,30.2,Hong Kong,Babar Hayat,Anshuman Rath,RE van der Merwe,6,0,"",""
ball,2,30.3,Hong Kong,Babar Hayat,Anshuman Rath,RE van der Merwe,1,0,"",""
ball,2,30.4,Hong Kong,Anshuman Rath,Babar Hayat,RE van der Merwe,0,0,"",""
ball,2,30.5,Hong Kong,Anshuman Rath,Babar Hayat,RE van der Merwe,2,0,"",""
ball,2,30.6,Hong Kong,Anshuman Rath,Babar Hayat,RE van der Merwe,4,0,"",""
ball,2,31.1,Hong Kong,Babar Hayat,Anshuman Rath,MJG Rippon,0,0,"",""
ball,2,31.2,Hong Kong,Babar Hayat,Anshuman Rath,MJG Rippon,0,0,"",""
ball,2,31.3,Hong Kong,Babar Hayat,Anshuman Rath,MJG Rippon,0,0,"",""
ball,2,31.4,Hong Kong,Babar Hayat,Anshuman Rath,MJG Rippon,0,3,"",""
ball,2,31.5,Hong Kong,Babar Hayat,Anshuman Rath,MJG Rippon,1,0,"",""
ball,2,31.6,Hong Kong,Anshuman Rath,Babar Hayat,MJG Rippon,1,0,"",""
ball,2,31.7,Hong Kong,Babar Hayat,Anshuman Rath,MJG Rippon,0,0,"",""
ball,2,32.1,Hong Kong,Anshuman Rath,Babar Hayat,PA van Meekeren,0,0,"",""
ball,2,32.2,Hong Kong,Anshuman Rath,Babar Hayat,PA van Meekeren,1,0,"",""
ball,2,32.3,Hong Kong,Babar Hayat,Anshuman Rath,PA van Meekeren,1,0,"",""
ball,2,32.4,Hong Kong,Anshuman Rath,Babar Hayat,PA van Meekeren,0,0,"",""
ball,2,32.5,Hong Kong,Anshuman Rath,Babar Hayat,PA van Meekeren,2,0,"",""
ball,2,32.6,Hong Kong,Anshuman Rath,Babar Hayat,PA van Meekeren,0,0,"",""
ball,2,33.1,Hong Kong,Babar Hayat,Anshuman Rath,MJG Rippon,1,0,"",""
ball,2,33.2,Hong Kong,Anshuman Rath,Babar Hayat,MJG Rippon,0,0,"",""
ball,2,33.3,Hong Kong,Anshuman Rath,Babar Hayat,MJG Rippon,1,0,"",""
ball,2,33.4,Hong Kong,Babar Hayat,Anshuman Rath,MJG Rippon,4,0,"",""
ball,2,33.5,Hong Kong,Babar Hayat,Anshuman Rath,MJG Rippon,0,0,"",""
ball,2,33.6,Hong Kong,Babar Hayat,Anshuman Rath,MJG Rippon,0,0,"",""
ball,2,34.1,Hong Kong,Anshuman Rath,Babar Hayat,PA van Meekeren,0,1,"",""
ball,2,34.2,Hong Kong,Anshuman Rath,Babar Hayat,PA van Meekeren,0,0,"",""
ball,2,34.3,Hong Kong,Anshuman Rath,Babar Hayat,PA van Meekeren,1,0,"",""
ball,2,34.4,Hong Kong,Babar Hayat,Anshuman Rath,PA van Meekeren,1,0,"",""
ball,2,34.5,Hong Kong,Anshuman Rath,Babar Hayat,PA van Meekeren,2,0,"",""
ball,2,34.6,Hong Kong,Anshuman Rath,Babar Hayat,PA van Meekeren,0,1,"",""
ball,2,34.7,Hong Kong,Anshuman Rath,Babar Hayat,PA van Meekeren,1,0,"",""
ball,2,34.8,Hong Kong,Babar Hayat,Anshuman Rath,PA van Meekeren,1,0,"",""
ball,2,35.1,Hong Kong,Babar Hayat,Anshuman Rath,Ahsan Malik,1,0,"",""
ball,2,35.2,Hong Kong,Anshuman Rath,Babar Hayat,Ahsan Malik,2,0,"",""
ball,2,35.3,Hong Kong,Anshuman Rath,Babar Hayat,Ahsan Malik,0,0,"",""
ball,2,35.4,Hong Kong,Anshuman Rath,Babar Hayat,Ahsan Malik,0,0,"",""
ball,2,35.5,Hong Kong,Anshuman Rath,Babar Hayat,Ahsan Malik,1,0,"",""
ball,2,35.6,Hong Kong,Babar Hayat,Anshuman Rath,Ahsan Malik,1,0,"",""
ball,2,36.1,Hong Kong,Babar Hayat,Anshuman Rath,PW Borren,0,0,"",""
ball,2,36.2,Hong Kong,Babar Hayat,Anshuman Rath,PW Borren,0,0,"",""
ball,2,36.3,Hong Kong,Babar Hayat,Anshuman Rath,PW Borren,0,0,"",""
ball,2,36.4,Hong Kong,Babar Hayat,Anshuman Rath,PW Borren,2,0,"",""
ball,2,36.5,Hong Kong,Babar Hayat,Anshuman Rath,PW Borren,1,0,"",""
ball,2,36.6,Hong Kong,Anshuman Rath,Babar Hayat,PW Borren,1,0,"",""
ball,2,37.1,Hong Kong,Anshuman Rath,Babar Hayat,Ahsan Malik,1,0,"",""
ball,2,37.2,Hong Kong,Babar Hayat,Anshuman Rath,Ahsan Malik,0,0,"",""
ball,2,37.3,Hong Kong,Babar Hayat,Anshuman Rath,Ahsan Malik,1,0,"",""
ball,2,37.4,Hong Kong,Anshuman Rath,Babar Hayat,Ahsan Malik,4,0,"",""
ball,2,37.5,Hong Kong,Anshuman Rath,Babar Hayat,Ahsan Malik,1,0,"",""
ball,2,37.6,Hong Kong,Babar Hayat,Anshuman Rath,Ahsan Malik,0,0,"",""
ball,2,38.1,Hong Kong,Anshuman Rath,Babar Hayat,PW Borren,1,0,"",""
ball,2,38.2,Hong Kong,Babar Hayat,Anshuman Rath,PW Borren,0,1,"",""
ball,2,38.3,Hong Kong,Anshuman Rath,Babar Hayat,PW Borren,0,0,"",""
ball,2,38.4,Hong Kong,Anshuman Rath,Babar Hayat,PW Borren,1,0,"",""
ball,2,38.5,Hong Kong,Babar Hayat,Anshuman Rath,PW Borren,0,0,"",""
ball,2,38.6,Hong Kong,Babar Hayat,Anshuman Rath,PW Borren,0,0,"",""
ball,2,39.1,Hong Kong,Anshuman Rath,Babar Hayat,Ahsan Malik,0,0,"",""
ball,2,39.2,Hong Kong,Anshuman Rath,Babar Hayat,Ahsan Malik,4,0,"",""
ball,2,39.3,Hong Kong,Anshuman Rath,Babar Hayat,Ahsan Malik,2,0,"",""
ball,2,39.4,Hong Kong,Anshuman Rath,Babar Hayat,Ahsan Malik,1,0,"",""
ball,2,39.5,Hong Kong,Babar Hayat,Anshuman Rath,Ahsan Malik,0,0,"",""
ball,2,39.6,Hong Kong,Babar Hayat,Anshuman Rath,Ahsan Malik,4,0,"",""
ball,2,40.1,Hong Kong,Anshuman Rath,Babar Hayat,PW Borren,1,0,"",""
ball,2,40.2,Hong Kong,Babar Hayat,Anshuman Rath,PW Borren,0,0,stumped,Babar Hayat
ball,2,40.3,Hong Kong,Nizakat Khan,Anshuman Rath,PW Borren,0,0,"",""
ball,2,40.4,Hong Kong,Nizakat Khan,Anshuman Rath,PW Borren,2,0,"",""
ball,2,40.5,Hong Kong,Nizakat Khan,Anshuman Rath,PW Borren,1,0,"",""
ball,2,40.6,Hong Kong,Anshuman Rath,Nizakat Khan,PW Borren,1,0,"",""
ball,2,41.1,Hong Kong,Anshuman Rath,Nizakat Khan,MJG Rippon,1,0,"",""
ball,2,41.2,Hong Kong,Nizakat Khan,Anshuman Rath,MJG Rippon,1,0,"",""
ball,2,41.3,Hong Kong,Anshuman Rath,Nizakat Khan,MJG Rippon,1,0,"",""
ball,2,41.4,Hong Kong,Nizakat Khan,Anshuman Rath,MJG Rippon,1,0,"",""
ball,2,41.5,Hong Kong,Anshuman Rath,Nizakat Khan,MJG Rippon,6,0,"",""
ball,2,41.6,Hong Kong,Anshuman Rath,Nizakat Khan,MJG Rippon,1,0,"",""
ball,2,42.1,Hong Kong,Anshuman Rath,Nizakat Khan,PW Borren,0,0,"",""
ball,2,42.2,Hong Kong,Anshuman Rath,Nizakat Khan,PW Borren,1,0,"",""
ball,2,42.3,Hong Kong,Nizakat Khan,Anshuman Rath,PW Borren,1,0,"",""
ball,2,42.4,Hong Kong,Anshuman Rath,Nizakat Khan,PW Borren,1,0,"",""
ball,2,42.5,Hong Kong,Nizakat Khan,Anshuman Rath,PW Borren,6,0,"",""
ball,2,42.6,Hong Kong,Nizakat Khan,Anshuman Rath,PW Borren,1,0,"",""
ball,2,43.1,Hong Kong,Nizakat Khan,Anshuman Rath,PA van Meekeren,6,0,"",""
ball,2,43.2,Hong Kong,Nizakat Khan,Anshuman Rath,PA van Meekeren,1,0,"",""
ball,2,43.3,Hong Kong,Anshuman Rath,Nizakat Khan,PA van Meekeren,1,0,"",""
ball,2,43.4,Hong Kong,Nizakat Khan,Anshuman Rath,PA van Meekeren,0,0,"",""
ball,2,43.5,Hong Kong,Nizakat Khan,Anshuman Rath,PA van Meekeren,2,0,"",""
ball,2,43.6,Hong Kong,Nizakat Khan,Anshuman Rath,PA van Meekeren,0,0,"",""
ball,2,44.1,Hong Kong,Anshuman Rath,Nizakat Khan,MJG Rippon,0,0,caught,Anshuman Rath
ball,2,44.2,Hong Kong,Nizakat Khan,Waqas Khan,MJG Rippon,0,0,caught,Nizakat Khan
ball,2,44.3,Hong Kong,Waqas Khan,Ehsan Khan,MJG Rippon,1,0,"",""
ball,2,44.4,Hong Kong,Ehsan Khan,Waqas Khan,MJG Rippon,4,0,"",""
ball,2,44.5,Hong Kong,Ehsan Khan,Waqas Khan,MJG Rippon,1,0,"",""
ball,2,44.6,Hong Kong,Waqas Khan,Ehsan Khan,MJG Rippon,1,0,"",""
ball,2,45.1,Hong Kong,Waqas Khan,Ehsan Khan,Ahsan Malik,1,0,"",""
ball,2,45.2,Hong Kong,Ehsan Khan,Waqas Khan,Ahsan Malik,6,0,"",""
ball,2,45.3,Hong Kong,Ehsan Khan,Waqas Khan,Ahsan Malik,0,0,"",""
ball,2,45.4,Hong Kong,Ehsan Khan,Waqas Khan,Ahsan Malik,1,0,"",""
ball,2,45.5,Hong Kong,Waqas Khan,Ehsan Khan,Ahsan Malik,1,0,"",""
ball,2,45.6,Hong Kong,Ehsan Khan,Waqas Khan,Ahsan Malik,4,0,"",""
ball,2,46.1,Hong Kong,Waqas Khan,Ehsan Khan,RE van der Merwe,1,0,"",""
ball,2,46.2,Hong Kong,Ehsan Khan,Waqas Khan,RE van der Merwe,1,0,"",""
ball,2,46.3,Hong Kong,Waqas Khan,Ehsan Khan,RE van der Merwe,1,0,"",""
ball,2,46.4,Hong Kong,Ehsan Khan,Waqas Khan,RE van der Merwe,0,0,lbw,Ehsan Khan
ball,2,46.5,Hong Kong,Aizaz Khan,Waqas Khan,RE van der Merwe,1,0,"",""
ball,2,46.6,Hong Kong,Waqas Khan,Aizaz Khan,RE van der Merwe,1,0,"",""
ball,2,47.1,Hong Kong,Waqas Khan,Aizaz Khan,PA van Meekeren,0,1,"",""
ball,2,47.2,Hong Kong,Waqas Khan,Aizaz Khan,PA van Meekeren,0,0,caught,Waqas Khan
ball,2,47.3,Hong Kong,Aizaz Khan,Ehsan Nawaz,PA van Meekeren,1,0,"",""
ball,2,47.4,Hong Kong,Ehsan Nawaz,Aizaz Khan,PA van Meekeren,1,0,"",""
ball,2,47.5,Hong Kong,Aizaz Khan,Ehsan Nawaz,PA van Meekeren,0,0,caught,Aizaz Khan
ball,2,47.6,Hong Kong,Ehsan Nawaz,Nadeem Ahmed,PA van Meekeren,0,0,"",""
ball,2,47.7,Hong Kong,Ehsan Nawaz,Nadeem Ahmed,PA van Meekeren,0,1,"",""
ball,2,47.8,Hong Kong,Ehsan Nawaz,Nadeem Ahmed,PA van Meekeren,0,0,"",""
ball,2,48.1,Hong Kong,Nadeem Ahmed,Ehsan Nawaz,Ahsan Malik,1,0,"",""
ball,2,48.2,Hong Kong,Ehsan Nawaz,Nadeem Ahmed,Ahsan Malik,0,0,bowled,Ehsan Nawaz
ball,2,48.3,Hong Kong,Tanveer Ahmed,Nadeem Ahmed,Ahsan Malik,1,0,"",""
ball,2,48.4,Hong Kong,Nadeem Ahmed,Tanveer Ahmed,Ahsan Malik,4,0,"",""
ball,2,48.5,Hong Kong,Nadeem Ahmed,Tanveer Ahmed,Ahsan Malik,1,0,"",""
ball,2,48.6,Hong Kong,Tanveer Ahmed,Nadeem Ahmed,Ahsan Malik,0,0,"",""
ball,2,49.1,Hong Kong,Nadeem Ahmed,Tanveer Ahmed,PA van Meekeren,0,0,"",""
ball,2,49.2,Hong Kong,Nadeem Ahmed,Tanveer Ahmed,PA van Meekeren,0,1,"",""
ball,2,49.3,Hong Kong,Nadeem Ahmed,Tanveer Ahmed,PA van Meekeren,0,0,"",""
ball,2,49.4,Hong Kong,Nadeem Ahmed,Tanveer Ahmed,PA van Meekeren,0,0,"",""
ball,2,49.5,Hong Kong,Nadeem Ahmed,Tanveer Ahmed,PA van Meekeren,0,1,"",""
ball,2,49.6,Hong Kong,Nadeem Ahmed,Tanveer Ahmed,PA van Meekeren,1,0,"",""
ball,2,49.7,Hong Kong,Tanveer Ahmed,Nadeem Ahmed,PA van Meekeren,1,0,"",""
ball,2,49.8,Hong Kong,Nadeem Ahmed,Tanveer Ahmed,PA van Meekeren,0,0,"",""
