version,1.3.0
info,team,India
info,team,South Africa
info,gender,female
info,season,2016/17
info,date,2017/02/15
info,competition,ICC Women's World Cup Qualifier
info,match_number,21
info,venue,P Sara Oval
info,city,Colombo
info,neutralvenue,true
info,toss_winner,South Africa
info,toss_decision,field
info,player_of_match,M Raj
info,umpire,K Cross
info,umpire,RR Wimalasiri
info,reserve_umpire,IN Ramage
info,winner,India
info,winner_runs,49
ball,1,0.1,India,MR Meshram,DB Sharma,S Ismail,1,0,"",""
ball,1,0.2,India,DB Sharma,MR Meshram,S Ismail,0,0,"",""
ball,1,0.3,India,DB Sharma,MR Meshram,S Ismail,0,0,"",""
ball,1,0.4,India,DB Sharma,MR Meshram,S Ismail,0,0,"",""
ball,1,0.5,India,DB Sharma,MR Meshram,S Ismail,0,0,"",""
ball,1,0.6,India,DB Sharma,MR Meshram,S Ismail,0,0,"",""
ball,1,1.1,India,MR Meshram,DB Sharma,M Kapp,0,0,"",""
ball,1,1.2,India,MR Meshram,DB Sharma,M Kapp,0,0,"",""
ball,1,1.3,India,MR Meshram,DB Sharma,M Kapp,0,0,"",""
ball,1,1.4,India,MR Meshram,DB Sharma,M Kapp,0,0,"",""
ball,1,1.5,India,MR Meshram,DB Sharma,M Kapp,0,0,"",""
ball,1,1.6,India,MR Meshram,DB Sharma,M Kapp,0,0,"",""
ball,1,2.1,India,DB Sharma,MR Meshram,S Ismail,0,0,"",""
ball,1,2.2,India,DB Sharma,MR Meshram,S Ismail,0,0,"",""
ball,1,2.3,India,DB Sharma,MR Meshram,S Ismail,1,0,"",""
ball,1,2.4,India,MR Meshram,DB Sharma,S Ismail,0,0,"",""
ball,1,2.5,India,MR Meshram,DB Sharma,S Ismail,0,0,"",""
ball,1,2.6,India,MR Meshram,DB Sharma,S Ismail,0,0,"",""
ball,1,3.1,India,DB Sharma,MR Meshram,M Kapp,0,0,"",""
ball,1,3.2,India,DB Sharma,MR Meshram,M Kapp,0,1,"",""
ball,1,3.3,India,DB Sharma,MR Meshram,M Kapp,0,0,"",""
ball,1,3.4,India,DB Sharma,MR Meshram,M Kapp,0,0,"",""
ball,1,3.5,India,DB Sharma,MR Meshram,M Kapp,0,0,"",""
ball,1,3.6,India,DB Sharma,MR Meshram,M Kapp,0,0,"",""
ball,1,3.7,India,DB Sharma,MR Meshram,M Kapp,0,0,"",""
ball,1,4.1,India,MR Meshram,DB Sharma,S Ismail,0,0,"",""
ball,1,4.2,India,MR Meshram,DB Sharma,S Ismail,1,0,"",""
ball,1,4.3,India,DB Sharma,MR Meshram,S Ismail,0,0,"",""
ball,1,4.4,India,DB Sharma,MR Meshram,S Ismail,0,0,"",""
ball,1,4.5,India,DB Sharma,MR Meshram,S Ismail,0,0,"",""
ball,1,4.6,India,DB Sharma,MR Meshram,S Ismail,0,0,"",""
ball,1,5.1,India,MR Meshram,DB Sharma,M Kapp,0,0,"",""
ball,1,5.2,India,MR Meshram,DB Sharma,M Kapp,0,0,"",""
ball,1,5.3,India,MR Meshram,DB Sharma,M Kapp,0,0,"",""
ball,1,5.4,India,MR Meshram,DB Sharma,M Kapp,0,0,"",""
ball,1,5.5,India,MR Meshram,DB Sharma,M Kapp,2,0,"",""
ball,1,5.6,India,MR Meshram,DB Sharma,M Kapp,0,0,"",""
ball,1,6.1,India,DB Sharma,MR Meshram,S Ismail,0,0,"",""
ball,1,6.2,India,DB Sharma,MR Meshram,S Ismail,0,0,"",""
ball,1,6.3,India,DB Sharma,MR Meshram,S Ismail,0,0,"",""
ball,1,6.4,India,DB Sharma,MR Meshram,S Ismail,1,0,"",""
ball,1,6.5,India,MR Meshram,DB Sharma,S Ismail,0,0,"",""
ball,1,6.6,India,MR Meshram,DB Sharma,S Ismail,0,0,"",""
ball,1,7.1,India,DB Sharma,MR Meshram,A Khaka,0,0,"",""
ball,1,7.2,India,DB Sharma,MR Meshram,A Khaka,0,0,"",""
ball,1,7.3,India,DB Sharma,MR Meshram,A Khaka,4,0,"",""
ball,1,7.4,India,DB Sharma,MR Meshram,A Khaka,0,0,"",""
ball,1,7.5,India,DB Sharma,MR Meshram,A Khaka,0,0,"",""
ball,1,7.6,India,DB Sharma,MR Meshram,A Khaka,1,0,"",""
ball,1,8.1,India,DB Sharma,MR Meshram,S Ismail,0,0,"",""
ball,1,8.2,India,DB Sharma,MR Meshram,S Ismail,0,0,"",""
ball,1,8.3,India,DB Sharma,MR Meshram,S Ismail,0,0,"",""
ball,1,8.4,India,DB Sharma,MR Meshram,S Ismail,0,0,"",""
ball,1,8.5,India,DB Sharma,MR Meshram,S Ismail,1,0,"",""
ball,1,8.6,India,MR Meshram,DB Sharma,S Ismail,0,0,"",""
ball,1,9.1,India,DB Sharma,MR Meshram,A Khaka,0,0,"",""
ball,1,9.2,India,DB Sharma,MR Meshram,A Khaka,0,0,"",""
ball,1,9.3,India,DB Sharma,MR Meshram,A Khaka,0,0,"",""
ball,1,9.4,India,DB Sharma,MR Meshram,A Khaka,1,0,"",""
ball,1,9.5,India,MR Meshram,DB Sharma,A Khaka,0,0,"",""
ball,1,9.6,India,MR Meshram,DB Sharma,A Khaka,0,0,"",""
ball,1,10.1,India,DB Sharma,MR Meshram,D van Niekerk,0,1,"",""
ball,1,10.2,India,DB Sharma,MR Meshram,D van Niekerk,0,2,"",""
ball,1,10.3,India,MR Meshram,DB Sharma,D van Niekerk,0,0,"",""
ball,1,10.4,India,MR Meshram,DB Sharma,D van Niekerk,2,0,"",""
ball,1,10.5,India,MR Meshram,DB Sharma,D van Niekerk,0,0,"",""
ball,1,10.6,India,MR Meshram,DB Sharma,D van Niekerk,4,0,"",""
ball,1,10.7,India,MR Meshram,DB Sharma,D van Niekerk,0,0,"",""
ball,1,10.8,India,MR Meshram,DB Sharma,D van Niekerk,1,0,"",""
ball,1,11.1,India,MR Meshram,DB Sharma,A Khaka,0,1,"",""
ball,1,11.2,India,MR Meshram,DB Sharma,A Khaka,1,0,"",""
ball,1,11.3,India,DB Sharma,MR Meshram,A Khaka,0,0,caught,DB Sharma
ball,1,11.4,India,M Raj,MR Meshram,A Khaka,0,0,"",""
ball,1,11.5,India,M Raj,MR Meshram,A Khaka,0,0,"",""
ball,1,11.6,India,M Raj,MR Meshram,A Khaka,0,0,"",""
ball,1,11.7,India,M Raj,MR Meshram,A Khaka,0,1,"",""
ball,1,11.8,India,M Raj,MR Meshram,A Khaka,1,0,"",""
ball,1,12.1,India,M Raj,MR Meshram,D van Niekerk,0,0,"",""
ball,1,12.2,India,M Raj,MR Meshram,D van Niekerk,0,0,"",""
ball,1,12.3,India,M Raj,MR Meshram,D van Niekerk,0,0,"",""
ball,1,12.4,India,M Raj,MR Meshram,D van Niekerk,0,0,"",""
ball,1,12.5,India,M Raj,MR Meshram,D van Niekerk,0,0,"",""
ball,1,12.6,India,M Raj,MR Meshram,D van Niekerk,1,0,"",""
ball,1,13.1,India,M Raj,MR Meshram,A Khaka,4,0,"",""
ball,1,13.2,India,M Raj,MR Meshram,A Khaka,0,0,"",""
ball,1,13.3,India,M Raj,MR Meshram,A Khaka,0,0,"",""
ball,1,13.4,India,M Raj,MR Meshram,A Khaka,0,0,"",""
ball,1,13.5,India,M Raj,MR Meshram,A Khaka,0,0,"",""
ball,1,13.6,India,M Raj,MR Meshram,A Khaka,0,0,"",""
ball,1,14.1,India,MR Meshram,M Raj,D van Niekerk,0,0,"",""
ball,1,14.2,India,MR Meshram,M Raj,D van Niekerk,0,0,"",""
ball,1,14.3,India,MR Meshram,M Raj,D van Niekerk,0,0,"",""
ball,1,14.4,India,MR Meshram,M Raj,D van Niekerk,0,0,"",""
ball,1,14.5,India,MR Meshram,M Raj,D van Niekerk,0,0,"",""
ball,1,14.6,India,MR Meshram,M Raj,D van Niekerk,0,0,"",""
ball,1,15.1,India,M Raj,MR Meshram,MM Letsoalo,2,0,"",""
ball,1,15.2,India,M Raj,MR Meshram,MM Letsoalo,0,0,"",""
ball,1,15.3,India,M Raj,MR Meshram,MM Letsoalo,4,0,"",""
ball,1,15.4,India,M Raj,MR Meshram,MM Letsoalo,0,0,"",""
ball,1,15.5,India,M Raj,MR Meshram,MM Letsoalo,4,0,"",""
ball,1,15.6,India,M Raj,MR Meshram,MM Letsoalo,0,0,"",""
ball,1,16.1,India,MR Meshram,M Raj,D van Niekerk,0,0,"",""
ball,1,16.2,India,MR Meshram,M Raj,D van Niekerk,0,0,"",""
ball,1,16.3,India,MR Meshram,M Raj,D van Niekerk,0,0,"",""
ball,1,16.4,India,MR Meshram,M Raj,D van Niekerk,0,0,"",""
ball,1,16.5,India,MR Meshram,M Raj,D van Niekerk,0,0,"",""
ball,1,16.6,India,MR Meshram,M Raj,D van Niekerk,0,0,"",""
ball,1,17.1,India,M Raj,MR Meshram,MM Letsoalo,0,0,"",""
ball,1,17.2,India,M Raj,MR Meshram,MM Letsoalo,4,0,"",""
ball,1,17.3,India,M Raj,MR Meshram,MM Letsoalo,2,0,"",""
ball,1,17.4,India,M Raj,MR Meshram,MM Letsoalo,0,0,"",""
ball,1,17.5,India,M Raj,MR Meshram,MM Letsoalo,1,0,"",""
ball,1,17.6,India,MR Meshram,M Raj,MM Letsoalo,0,0,"",""
ball,1,18.1,India,M Raj,MR Meshram,D van Niekerk,0,0,"",""
ball,1,18.2,India,M Raj,MR Meshram,D van Niekerk,0,0,"",""
ball,1,18.3,India,M Raj,MR Meshram,D van Niekerk,0,0,"",""
ball,1,18.4,India,M Raj,MR Meshram,D van Niekerk,0,0,"",""
ball,1,18.5,India,M Raj,MR Meshram,D van Niekerk,0,0,"",""
ball,1,18.6,India,M Raj,MR Meshram,D van Niekerk,1,0,"",""
ball,1,19.1,India,M Raj,MR Meshram,Y Fourie,0,0,"",""
ball,1,19.2,India,M Raj,MR Meshram,Y Fourie,1,0,"",""
ball,1,19.3,India,MR Meshram,M Raj,Y Fourie,1,0,"",""
ball,1,19.4,India,M Raj,MR Meshram,Y Fourie,0,0,"",""
ball,1,19.5,India,M Raj,MR Meshram,Y Fourie,1,0,"",""
ball,1,19.6,India,MR Meshram,M Raj,Y Fourie,0,0,"",""
ball,1,20.1,India,M Raj,MR Meshram,M Kapp,0,0,"",""
ball,1,20.2,India,M Raj,MR Meshram,M Kapp,0,0,"",""
ball,1,20.3,India,M Raj,MR Meshram,M Kapp,4,0,"",""
ball,1,20.4,India,M Raj,MR Meshram,M Kapp,0,0,"",""
ball,1,20.5,India,M Raj,MR Meshram,M Kapp,0,0,"",""
ball,1,20.6,India,M Raj,MR Meshram,M Kapp,0,0,"",""
ball,1,21.1,India,MR Meshram,M Raj,Y Fourie,0,0,"",""
ball,1,21.2,India,MR Meshram,M Raj,Y Fourie,0,0,"",""
ball,1,21.3,India,MR Meshram,M Raj,Y Fourie,6,0,"",""
ball,1,21.4,India,MR Meshram,M Raj,Y Fourie,1,0,"",""
ball,1,21.5,India,M Raj,MR Meshram,Y Fourie,0,0,"",""
ball,1,21.6,India,M Raj,MR Meshram,Y Fourie,0,0,"",""
ball,1,22.1,India,MR Meshram,M Raj,M Kapp,0,1,"",""
ball,1,22.2,India,MR Meshram,M Raj,M Kapp,1,0,"",""
ball,1,22.3,India,M Raj,MR Meshram,M Kapp,1,0,"",""
ball,1,22.4,India,MR Meshram,M Raj,M Kapp,0,0,"",""
ball,1,22.5,India,MR Meshram,M Raj,M Kapp,0,0,"",""
ball,1,22.6,India,MR Meshram,M Raj,M Kapp,1,0,"",""
ball,1,22.7,India,M Raj,MR Meshram,M Kapp,0,0,"",""
ball,1,23.1,India,MR Meshram,M Raj,Y Fourie,1,0,"",""
ball,1,23.2,India,M Raj,MR Meshram,Y Fourie,0,0,"",""
ball,1,23.3,India,M Raj,MR Meshram,Y Fourie,0,0,"",""
ball,1,23.4,India,M Raj,MR Meshram,Y Fourie,1,0,"",""
ball,1,23.5,India,MR Meshram,M Raj,Y Fourie,0,0,"",""
ball,1,23.6,India,MR Meshram,M Raj,Y Fourie,1,0,"",""
ball,1,24.1,India,MR Meshram,M Raj,A Khaka,0,0,"",""
ball,1,24.2,India,MR Meshram,M Raj,A Khaka,0,0,"",""
ball,1,24.3,India,MR Meshram,M Raj,A Khaka,4,0,"",""
ball,1,24.4,India,MR Meshram,M Raj,A Khaka,1,0,"",""
ball,1,24.5,India,M Raj,MR Meshram,A Khaka,0,0,"",""
ball,1,24.6,India,M Raj,MR Meshram,A Khaka,0,0,"",""
ball,1,25.1,India,MR Meshram,M Raj,Y Fourie,0,0,"",""
ball,1,25.2,India,MR Meshram,M Raj,Y Fourie,0,0,"",""
ball,1,25.3,India,MR Meshram,M Raj,Y Fourie,0,0,"",""
ball,1,25.4,India,MR Meshram,M Raj,Y Fourie,1,0,"",""
ball,1,25.5,India,M Raj,MR Meshram,Y Fourie,1,0,"",""
ball,1,25.6,India,MR Meshram,M Raj,Y Fourie,4,0,"",""
ball,1,26.1,India,M Raj,MR Meshram,A Khaka,4,0,"",""
ball,1,26.2,India,M Raj,MR Meshram,A Khaka,1,0,"",""
ball,1,26.3,India,MR Meshram,M Raj,A Khaka,0,0,"",""
ball,1,26.4,India,MR Meshram,M Raj,A Khaka,1,0,"",""
ball,1,26.5,India,M Raj,MR Meshram,A Khaka,0,0,"",""
ball,1,26.6,India,M Raj,MR Meshram,A Khaka,0,0,"",""
ball,1,27.1,India,MR Meshram,M Raj,Y Fourie,1,0,"",""
ball,1,27.2,India,M Raj,MR Meshram,Y Fourie,0,0,"",""
ball,1,27.3,India,M Raj,MR Meshram,Y Fourie,1,0,"",""
ball,1,27.4,India,MR Meshram,M Raj,Y Fourie,0,0,"",""
ball,1,27.5,India,MR Meshram,M Raj,Y Fourie,4,0,"",""
ball,1,27.6,India,MR Meshram,M Raj,Y Fourie,0,0,"",""
ball,1,28.1,India,M Raj,MR Meshram,D van Niekerk,4,0,"",""
ball,1,28.2,India,M Raj,MR Meshram,D van Niekerk,1,0,"",""
ball,1,28.3,India,MR Meshram,M Raj,D van Niekerk,0,0,"",""
ball,1,28.4,India,MR Meshram,M Raj,D van Niekerk,0,0,"",""
ball,1,28.5,India,MR Meshram,M Raj,D van Niekerk,0,0,"",""
ball,1,28.6,India,MR Meshram,M Raj,D van Niekerk,0,0,"",""
ball,1,29.1,India,M Raj,MR Meshram,Y Fourie,1,0,"",""
ball,1,29.2,India,MR Meshram,M Raj,Y Fourie,4,0,"",""
ball,1,29.3,India,MR Meshram,M Raj,Y Fourie,0,0,"",""
ball,1,29.4,India,MR Meshram,M Raj,Y Fourie,0,0,"",""
ball,1,29.5,India,MR Meshram,M Raj,Y Fourie,6,0,"",""
ball,1,29.6,India,MR Meshram,M Raj,Y Fourie,1,0,"",""
ball,1,30.1,India,MR Meshram,M Raj,D van Niekerk,1,0,"",""
ball,1,30.2,India,M Raj,MR Meshram,D van Niekerk,0,0,"",""
ball,1,30.3,India,M Raj,MR Meshram,D van Niekerk,0,0,"",""
ball,1,30.4,India,M Raj,MR Meshram,D van Niekerk,0,0,"",""
ball,1,30.5,India,M Raj,MR Meshram,D van Niekerk,1,0,"",""
ball,1,30.6,India,MR Meshram,M Raj,D van Niekerk,2,0,"",""
ball,1,31.1,India,M Raj,MR Meshram,MM Letsoalo,0,0,"",""
ball,1,31.2,India,M Raj,MR Meshram,MM Letsoalo,0,0,"",""
ball,1,31.3,India,M Raj,MR Meshram,MM Letsoalo,4,0,"",""
ball,1,31.4,India,M Raj,MR Meshram,MM Letsoalo,1,0,"",""
ball,1,31.5,India,MR Meshram,M Raj,MM Letsoalo,0,0,"",""
ball,1,31.6,India,MR Meshram,M Raj,MM Letsoalo,1,0,"",""
ball,1,32.1,India,MR Meshram,M Raj,D van Niekerk,0,0,bowled,MR Meshram
ball,1,32.2,India,H Kaur,M Raj,D van Niekerk,0,1,"",""
ball,1,32.3,India,H Kaur,M Raj,D van Niekerk,0,0,"",""
ball,1,32.4,India,H Kaur,M Raj,D van Niekerk,0,0,"",""
ball,1,32.5,India,H Kaur,M Raj,D van Niekerk,0,0,"",""
ball,1,32.6,India,H Kaur,M Raj,D van Niekerk,1,0,"",""
ball,1,32.7,India,M Raj,H Kaur,D van Niekerk,0,0,"",""
ball,1,33.1,India,H Kaur,M Raj,MM Letsoalo,0,0,"",""
ball,1,33.2,India,H Kaur,M Raj,MM Letsoalo,0,0,"",""
ball,1,33.3,India,H Kaur,M Raj,MM Letsoalo,0,0,"",""
ball,1,33.4,India,H Kaur,M Raj,MM Letsoalo,4,0,"",""
ball,1,33.5,India,H Kaur,M Raj,MM Letsoalo,0,0,"",""
ball,1,33.6,India,H Kaur,M Raj,MM Letsoalo,0,0,"",""
ball,1,34.1,India,M Raj,H Kaur,D van Niekerk,1,0,"",""
ball,1,34.2,India,H Kaur,M Raj,D van Niekerk,1,0,"",""
ball,1,34.3,India,M Raj,H Kaur,D van Niekerk,0,0,"",""
ball,1,34.4,India,M Raj,H Kaur,D van Niekerk,1,0,"",""
ball,1,34.5,India,H Kaur,M Raj,D van Niekerk,0,0,"",""
ball,1,34.6,India,H Kaur,M Raj,D van Niekerk,1,0,"",""
ball,1,35.1,India,H Kaur,M Raj,M Kapp,0,0,"",""
ball,1,35.2,India,H Kaur,M Raj,M Kapp,0,0,"",""
ball,1,35.3,India,H Kaur,M Raj,M Kapp,0,0,bowled,H Kaur
ball,1,35.4,India,V Krishnamurthy,M Raj,M Kapp,0,0,"",""
ball,1,35.5,India,V Krishnamurthy,M Raj,M Kapp,0,0,"",""
ball,1,35.6,India,V Krishnamurthy,M Raj,M Kapp,0,0,"",""
ball,1,36.1,India,M Raj,V Krishnamurthy,S Ismail,0,0,"",""
ball,1,36.2,India,M Raj,V Krishnamurthy,S Ismail,2,0,"",""
ball,1,36.3,India,M Raj,V Krishnamurthy,S Ismail,0,0,"",""
ball,1,36.4,India,M Raj,V Krishnamurthy,S Ismail,4,0,"",""
ball,1,36.5,India,M Raj,V Krishnamurthy,S Ismail,0,0,"",""
ball,1,36.6,India,M Raj,V Krishnamurthy,S Ismail,4,0,"",""
ball,1,37.1,India,V Krishnamurthy,M Raj,M Kapp,0,0,"",""
ball,1,37.2,India,V Krishnamurthy,M Raj,M Kapp,0,0,"",""
ball,1,37.3,India,V Krishnamurthy,M Raj,M Kapp,0,0,"",""
ball,1,37.4,India,V Krishnamurthy,M Raj,M Kapp,0,0,"",""
ball,1,37.5,India,V Krishnamurthy,M Raj,M Kapp,0,0,"",""
ball,1,37.6,India,V Krishnamurthy,M Raj,M Kapp,0,0,"",""
ball,1,38.1,India,M Raj,V Krishnamurthy,S Ismail,0,0,"",""
ball,1,38.2,India,M Raj,V Krishnamurthy,S Ismail,0,0,"",""
ball,1,38.3,India,M Raj,V Krishnamurthy,S Ismail,1,0,"",""
ball,1,38.4,India,V Krishnamurthy,M Raj,S Ismail,0,0,"",""
ball,1,38.5,India,V Krishnamurthy,M Raj,S Ismail,4,0,"",""
ball,1,38.6,India,V Krishnamurthy,M Raj,S Ismail,1,0,"",""
ball,1,39.1,India,V Krishnamurthy,M Raj,A Khaka,0,0,"",""
ball,1,39.2,India,V Krishnamurthy,M Raj,A Khaka,0,0,"",""
ball,1,39.3,India,V Krishnamurthy,M Raj,A Khaka,1,0,"",""
ball,1,39.4,India,M Raj,V Krishnamurthy,A Khaka,0,0,"",""
ball,1,39.5,India,M Raj,V Krishnamurthy,A Khaka,0,0,caught,M Raj
ball,1,39.6,India,DP Vaidya,V Krishnamurthy,A Khaka,0,0,"",""
ball,1,40.1,India,V Krishnamurthy,DP Vaidya,D van Niekerk,1,0,"",""
ball,1,40.2,India,DP Vaidya,V Krishnamurthy,D van Niekerk,0,0,"",""
ball,1,40.3,India,DP Vaidya,V Krishnamurthy,D van Niekerk,1,0,"",""
ball,1,40.4,India,V Krishnamurthy,DP Vaidya,D van Niekerk,0,0,"",""
ball,1,40.5,India,V Krishnamurthy,DP Vaidya,D van Niekerk,1,0,"",""
ball,1,40.6,India,DP Vaidya,V Krishnamurthy,D van Niekerk,0,0,"",""
ball,1,41.1,India,V Krishnamurthy,DP Vaidya,A Khaka,2,0,"",""
ball,1,41.2,India,V Krishnamurthy,DP Vaidya,A Khaka,0,0,"",""
ball,1,41.3,India,V Krishnamurthy,DP Vaidya,A Khaka,0,0,"",""
ball,1,41.4,India,V Krishnamurthy,DP Vaidya,A Khaka,0,0,"",""
ball,1,41.5,India,V Krishnamurthy,DP Vaidya,A Khaka,6,0,"",""
ball,1,41.6,India,V Krishnamurthy,DP Vaidya,A Khaka,0,0,"",""
ball,1,42.1,India,DP Vaidya,V Krishnamurthy,M Kapp,0,0,"",""
ball,1,42.2,India,DP Vaidya,V Krishnamurthy,M Kapp,1,0,"",""
ball,1,42.3,India,V Krishnamurthy,DP Vaidya,M Kapp,1,0,"",""
ball,1,42.4,India,DP Vaidya,V Krishnamurthy,M Kapp,1,0,"",""
ball,1,42.5,India,V Krishnamurthy,DP Vaidya,M Kapp,0,0,"",""
ball,1,42.6,India,V Krishnamurthy,DP Vaidya,M Kapp,1,0,"",""
ball,1,43.1,India,V Krishnamurthy,DP Vaidya,S Ismail,0,0,caught,V Krishnamurthy
ball,1,43.2,India,S Pandey,DP Vaidya,S Ismail,0,0,"",""
ball,1,43.3,India,S Pandey,DP Vaidya,S Ismail,0,0,"",""
ball,1,43.4,India,S Pandey,DP Vaidya,S Ismail,0,0,"",""
ball,1,43.5,India,S Pandey,DP Vaidya,S Ismail,0,0,"",""
ball,1,43.6,India,S Pandey,DP Vaidya,S Ismail,0,0,"",""
ball,1,44.1,India,DP Vaidya,S Pandey,M Kapp,1,0,"",""
ball,1,44.2,India,S Pandey,DP Vaidya,M Kapp,1,0,"",""
ball,1,44.3,India,DP Vaidya,S Pandey,M Kapp,1,0,"",""
ball,1,44.4,India,S Pandey,DP Vaidya,M Kapp,1,0,"",""
ball,1,44.5,India,DP Vaidya,S Pandey,M Kapp,1,0,"",""
ball,1,44.6,India,S Pandey,DP Vaidya,M Kapp,0,0,"",""
ball,1,45.1,India,DP Vaidya,S Pandey,S Ismail,2,0,"",""
ball,1,45.2,India,DP Vaidya,S Pandey,S Ismail,0,0,"",""
ball,1,45.3,India,DP Vaidya,S Pandey,S Ismail,4,0,"",""
ball,1,45.4,India,DP Vaidya,S Pandey,S Ismail,1,0,"",""
ball,1,45.5,India,S Pandey,DP Vaidya,S Ismail,4,0,"",""
ball,1,45.6,India,S Pandey,DP Vaidya,S Ismail,4,0,"",""
ball,1,46.1,India,DP Vaidya,S Pandey,A Khaka,4,0,"",""
ball,1,46.2,India,DP Vaidya,S Pandey,A Khaka,0,0,"",""
ball,1,46.3,India,DP Vaidya,S Pandey,A Khaka,1,0,"",""
ball,1,46.4,India,S Pandey,DP Vaidya,A Khaka,0,0,"",""
ball,1,46.5,India,S Pandey,DP Vaidya,A Khaka,1,0,"",""
ball,1,46.6,India,DP Vaidya,S Pandey,A Khaka,0,0,"",""
ball,1,47.1,India,S Pandey,DP Vaidya,M Kapp,1,0,"",""
ball,1,47.2,India,DP Vaidya,S Pandey,M Kapp,1,0,"",""
ball,1,47.3,India,S Pandey,DP Vaidya,M Kapp,0,0,"",""
ball,1,47.4,India,S Pandey,DP Vaidya,M Kapp,1,0,"",""
ball,1,47.5,India,DP Vaidya,S Pandey,M Kapp,0,0,"",""
ball,1,47.6,India,DP Vaidya,S Pandey,M Kapp,0,0,bowled,DP Vaidya
ball,1,48.1,India,S Pandey,S Verma,A Khaka,0,1,"",""
ball,1,48.2,India,S Pandey,S Verma,A Khaka,1,0,"",""
ball,1,48.3,India,S Verma,S Pandey,A Khaka,0,0,"",""
ball,1,48.4,India,S Verma,S Pandey,A Khaka,1,0,"",""
ball,1,48.5,India,S Pandey,S Verma,A Khaka,0,0,run out,S Verma
ball,1,48.6,India,S Pandey,E Bisht,A Khaka,1,0,"",""
ball,1,48.7,India,E Bisht,S Pandey,A Khaka,0,0,"",""
ball,1,49.1,India,S Pandey,E Bisht,S Ismail,1,0,"",""
ball,1,49.2,India,E Bisht,S Pandey,S Ismail,0,0,"",""
ball,1,49.3,India,E Bisht,S Pandey,S Ismail,1,0,"",""
ball,1,49.4,India,S Pandey,E Bisht,S Ismail,4,0,"",""
ball,1,49.5,India,S Pandey,E Bisht,S Ismail,1,0,"",""
ball,1,49.6,India,E Bisht,S Pandey,S Ismail,1,0,run out,S Pandey
ball,2,0.1,South Africa,L Lee,L Wolvaardt,S Pandey,0,5,"",""
ball,2,0.2,South Africa,L Lee,L Wolvaardt,S Pandey,1,0,"",""
ball,2,0.3,South Africa,L Wolvaardt,L Lee,S Pandey,0,0,"",""
ball,2,0.4,South Africa,L Wolvaardt,L Lee,S Pandey,0,0,"",""
ball,2,0.5,South Africa,L Wolvaardt,L Lee,S Pandey,0,0,"",""
ball,2,0.6,South Africa,L Wolvaardt,L Lee,S Pandey,0,0,"",""
ball,2,0.7,South Africa,L Wolvaardt,L Lee,S Pandey,0,0,"",""
ball,2,1.1,South Africa,L Lee,L Wolvaardt,E Bisht,0,0,"",""
ball,2,1.2,South Africa,L Lee,L Wolvaardt,E Bisht,0,0,"",""
ball,2,1.3,South Africa,L Lee,L Wolvaardt,E Bisht,0,0,caught,L Lee
ball,2,1.4,South Africa,M du Preez,L Wolvaardt,E Bisht,0,0,"",""
ball,2,1.5,South Africa,M du Preez,L Wolvaardt,E Bisht,0,0,"",""
ball,2,1.6,South Africa,M du Preez,L Wolvaardt,E Bisht,1,0,"",""
ball,2,2.1,South Africa,M du Preez,L Wolvaardt,S Pandey,0,0,"",""
ball,2,2.2,South Africa,M du Preez,L Wolvaardt,S Pandey,0,0,"",""
ball,2,2.3,South Africa,M du Preez,L Wolvaardt,S Pandey,0,0,"",""
ball,2,2.4,South Africa,M du Preez,L Wolvaardt,S Pandey,0,0,"",""
ball,2,2.5,South Africa,M du Preez,L Wolvaardt,S Pandey,0,0,"",""
ball,2,2.6,South Africa,M du Preez,L Wolvaardt,S Pandey,0,0,"",""
ball,2,3.1,South Africa,L Wolvaardt,M du Preez,E Bisht,0,0,"",""
ball,2,3.2,South Africa,L Wolvaardt,M du Preez,E Bisht,0,0,"",""
ball,2,3.3,South Africa,L Wolvaardt,M du Preez,E Bisht,0,0,"",""
ball,2,3.4,South Africa,L Wolvaardt,M du Preez,E Bisht,0,0,"",""
ball,2,3.5,South Africa,L Wolvaardt,M du Preez,E Bisht,0,0,"",""
ball,2,3.6,South Africa,L Wolvaardt,M du Preez,E Bisht,0,0,"",""
ball,2,4.1,South Africa,M du Preez,L Wolvaardt,S Pandey,1,0,"",""
ball,2,4.2,South Africa,L Wolvaardt,M du Preez,S Pandey,0,0,lbw,L Wolvaardt
ball,2,4.3,South Africa,T Chetty,M du Preez,S Pandey,0,0,"",""
ball,2,4.4,South Africa,T Chetty,M du Preez,S Pandey,0,0,"",""
ball,2,4.5,South Africa,T Chetty,M du Preez,S Pandey,0,0,"",""
ball,2,4.6,South Africa,T Chetty,M du Preez,S Pandey,1,0,"",""
ball,2,5.1,South Africa,T Chetty,M du Preez,E Bisht,0,0,"",""
ball,2,5.2,South Africa,T Chetty,M du Preez,E Bisht,0,0,"",""
ball,2,5.3,South Africa,T Chetty,M du Preez,E Bisht,0,0,"",""
ball,2,5.4,South Africa,T Chetty,M du Preez,E Bisht,0,0,"",""
ball,2,5.5,South Africa,T Chetty,M du Preez,E Bisht,0,0,"",""
ball,2,5.6,South Africa,T Chetty,M du Preez,E Bisht,2,0,"",""
ball,2,6.1,South Africa,M du Preez,T Chetty,S Pandey,0,0,"",""
ball,2,6.2,South Africa,M du Preez,T Chetty,S Pandey,4,0,"",""
ball,2,6.3,South Africa,M du Preez,T Chetty,S Pandey,0,0,"",""
ball,2,6.4,South Africa,M du Preez,T Chetty,S Pandey,0,0,"",""
ball,2,6.5,South Africa,M du Preez,T Chetty,S Pandey,0,0,"",""
ball,2,6.6,South Africa,M du Preez,T Chetty,S Pandey,0,0,"",""
ball,2,7.1,South Africa,T Chetty,M du Preez,E Bisht,0,0,"",""
ball,2,7.2,South Africa,T Chetty,M du Preez,E Bisht,1,0,"",""
ball,2,7.3,South Africa,M du Preez,T Chetty,E Bisht,0,0,"",""
ball,2,7.4,South Africa,M du Preez,T Chetty,E Bisht,0,0,"",""
ball,2,7.5,South Africa,M du Preez,T Chetty,E Bisht,0,0,"",""
ball,2,7.6,South Africa,M du Preez,T Chetty,E Bisht,0,0,"",""
ball,2,8.1,South Africa,T Chetty,M du Preez,DB Sharma,0,0,"",""
ball,2,8.2,South Africa,T Chetty,M du Preez,DB Sharma,0,0,"",""
ball,2,8.3,South Africa,T Chetty,M du Preez,DB Sharma,1,0,"",""
ball,2,8.4,South Africa,M du Preez,T Chetty,DB Sharma,0,0,"",""
ball,2,8.5,South Africa,M du Preez,T Chetty,DB Sharma,0,0,"",""
ball,2,8.6,South Africa,M du Preez,T Chetty,DB Sharma,0,0,"",""
ball,2,9.1,South Africa,T Chetty,M du Preez,E Bisht,0,0,"",""
ball,2,9.2,South Africa,T Chetty,M du Preez,E Bisht,0,0,"",""
ball,2,9.3,South Africa,T Chetty,M du Preez,E Bisht,1,0,"",""
ball,2,9.4,South Africa,M du Preez,T Chetty,E Bisht,0,0,"",""
ball,2,9.5,South Africa,M du Preez,T Chetty,E Bisht,0,0,"",""
ball,2,9.6,South Africa,M du Preez,T Chetty,E Bisht,0,0,"",""
ball,2,10.1,South Africa,T Chetty,M du Preez,DB Sharma,0,0,"",""
ball,2,10.2,South Africa,T Chetty,M du Preez,DB Sharma,0,0,"",""
ball,2,10.3,South Africa,T Chetty,M du Preez,DB Sharma,4,0,"",""
ball,2,10.4,South Africa,T Chetty,M du Preez,DB Sharma,1,0,"",""
ball,2,10.5,South Africa,M du Preez,T Chetty,DB Sharma,2,0,"",""
ball,2,10.6,South Africa,M du Preez,T Chetty,DB Sharma,0,0,"",""
ball,2,11.1,South Africa,T Chetty,M du Preez,Poonam Yadav,1,0,"",""
ball,2,11.2,South Africa,M du Preez,T Chetty,Poonam Yadav,1,0,"",""
ball,2,11.3,South Africa,T Chetty,M du Preez,Poonam Yadav,0,0,"",""
ball,2,11.4,South Africa,T Chetty,M du Preez,Poonam Yadav,0,0,"",""
ball,2,11.5,South Africa,T Chetty,M du Preez,Poonam Yadav,0,0,"",""
ball,2,11.6,South Africa,T Chetty,M du Preez,Poonam Yadav,0,0,"",""
ball,2,12.1,South Africa,M du Preez,T Chetty,DB Sharma,0,0,"",""
ball,2,12.2,South Africa,M du Preez,T Chetty,DB Sharma,0,0,"",""
ball,2,12.3,South Africa,M du Preez,T Chetty,DB Sharma,1,0,"",""
ball,2,12.4,South Africa,T Chetty,M du Preez,DB Sharma,1,0,"",""
ball,2,12.5,South Africa,M du Preez,T Chetty,DB Sharma,0,0,"",""
ball,2,12.6,South Africa,M du Preez,T Chetty,DB Sharma,1,0,"",""
ball,2,13.1,South Africa,M du Preez,T Chetty,Poonam Yadav,1,0,"",""
ball,2,13.2,South Africa,T Chetty,M du Preez,Poonam Yadav,0,0,"",""
ball,2,13.3,South Africa,T Chetty,M du Preez,Poonam Yadav,1,0,"",""
ball,2,13.4,South Africa,M du Preez,T Chetty,Poonam Yadav,0,0,"",""
ball,2,13.5,South Africa,M du Preez,T Chetty,Poonam Yadav,0,0,"",""
ball,2,13.6,South Africa,M du Preez,T Chetty,Poonam Yadav,1,0,"",""
ball,2,14.1,South Africa,M du Preez,T Chetty,RS Gayakwad,0,0,"",""
ball,2,14.2,South Africa,M du Preez,T Chetty,RS Gayakwad,0,0,"",""
ball,2,14.3,South Africa,M du Preez,T Chetty,RS Gayakwad,0,0,"",""
ball,2,14.4,South Africa,M du Preez,T Chetty,RS Gayakwad,0,0,"",""
ball,2,14.5,South Africa,M du Preez,T Chetty,RS Gayakwad,0,0,"",""
ball,2,14.6,South Africa,M du Preez,T Chetty,RS Gayakwad,0,0,"",""
ball,2,15.1,South Africa,T Chetty,M du Preez,Poonam Yadav,1,0,"",""
ball,2,15.2,South Africa,M du Preez,T Chetty,Poonam Yadav,0,0,"",""
ball,2,15.3,South Africa,M du Preez,T Chetty,Poonam Yadav,1,0,"",""
ball,2,15.4,South Africa,T Chetty,M du Preez,Poonam Yadav,0,0,"",""
ball,2,15.5,South Africa,T Chetty,M du Preez,Poonam Yadav,0,0,"",""
ball,2,15.6,South Africa,T Chetty,M du Preez,Poonam Yadav,1,0,"",""
ball,2,16.1,South Africa,T Chetty,M du Preez,RS Gayakwad,0,0,"",""
ball,2,16.2,South Africa,T Chetty,M du Preez,RS Gayakwad,0,0,"",""
ball,2,16.3,South Africa,T Chetty,M du Preez,RS Gayakwad,0,0,"",""
ball,2,16.4,South Africa,T Chetty,M du Preez,RS Gayakwad,1,0,"",""
ball,2,16.5,South Africa,M du Preez,T Chetty,RS Gayakwad,0,0,"",""
ball,2,16.6,South Africa,M du Preez,T Chetty,RS Gayakwad,0,0,"",""
ball,2,17.1,South Africa,T Chetty,M du Preez,Poonam Yadav,1,0,"",""
ball,2,17.2,South Africa,M du Preez,T Chetty,Poonam Yadav,0,0,"",""
ball,2,17.3,South Africa,M du Preez,T Chetty,Poonam Yadav,0,0,"",""
ball,2,17.4,South Africa,M du Preez,T Chetty,Poonam Yadav,0,0,"",""
ball,2,17.5,South Africa,M du Preez,T Chetty,Poonam Yadav,0,0,"",""
ball,2,17.6,South Africa,M du Preez,T Chetty,Poonam Yadav,0,0,"",""
ball,2,18.1,South Africa,T Chetty,M du Preez,RS Gayakwad,0,0,"",""
ball,2,18.2,South Africa,T Chetty,M du Preez,RS Gayakwad,1,0,"",""
ball,2,18.3,South Africa,M du Preez,T Chetty,RS Gayakwad,1,0,"",""
ball,2,18.4,South Africa,T Chetty,M du Preez,RS Gayakwad,1,0,"",""
ball,2,18.5,South Africa,M du Preez,T Chetty,RS Gayakwad,0,0,caught,M du Preez
ball,2,18.6,South Africa,M Kapp,T Chetty,RS Gayakwad,2,0,"",""
ball,2,19.1,South Africa,T Chetty,M Kapp,Poonam Yadav,1,0,"",""
ball,2,19.2,South Africa,M Kapp,T Chetty,Poonam Yadav,0,0,"",""
ball,2,19.3,South Africa,M Kapp,T Chetty,Poonam Yadav,1,0,"",""
ball,2,19.4,South Africa,T Chetty,M Kapp,Poonam Yadav,0,0,"",""
ball,2,19.5,South Africa,T Chetty,M Kapp,Poonam Yadav,0,0,"",""
ball,2,19.6,South Africa,T Chetty,M Kapp,Poonam Yadav,1,0,"",""
ball,2,20.1,South Africa,T Chetty,M Kapp,RS Gayakwad,4,0,"",""
ball,2,20.2,South Africa,T Chetty,M Kapp,RS Gayakwad,1,0,"",""
ball,2,20.3,South Africa,M Kapp,T Chetty,RS Gayakwad,2,0,"",""
ball,2,20.4,South Africa,M Kapp,T Chetty,RS Gayakwad,0,0,"",""
ball,2,20.5,South Africa,M Kapp,T Chetty,RS Gayakwad,1,0,"",""
ball,2,20.6,South Africa,T Chetty,M Kapp,RS Gayakwad,0,0,"",""
ball,2,21.1,South Africa,M Kapp,T Chetty,DB Sharma,0,0,"",""
ball,2,21.2,South Africa,M Kapp,T Chetty,DB Sharma,1,0,"",""
ball,2,21.3,South Africa,T Chetty,M Kapp,DB Sharma,1,0,"",""
ball,2,21.4,South Africa,M Kapp,T Chetty,DB Sharma,2,0,"",""
ball,2,21.5,South Africa,M Kapp,T Chetty,DB Sharma,0,0,"",""
ball,2,21.6,South Africa,M Kapp,T Chetty,DB Sharma,0,0,"",""
ball,2,22.1,South Africa,T Chetty,M Kapp,S Pandey,1,0,"",""
ball,2,22.2,South Africa,M Kapp,T Chetty,S Pandey,0,0,"",""
ball,2,22.3,South Africa,M Kapp,T Chetty,S Pandey,4,0,"",""
ball,2,22.4,South Africa,M Kapp,T Chetty,S Pandey,0,0,"",""
ball,2,22.5,South Africa,M Kapp,T Chetty,S Pandey,0,0,"",""
ball,2,22.6,South Africa,M Kapp,T Chetty,S Pandey,0,0,"",""
ball,2,23.1,South Africa,T Chetty,M Kapp,DB Sharma,1,0,"",""
ball,2,23.2,South Africa,M Kapp,T Chetty,DB Sharma,0,0,"",""
ball,2,23.3,South Africa,M Kapp,T Chetty,DB Sharma,1,0,"",""
ball,2,23.4,South Africa,T Chetty,M Kapp,DB Sharma,0,0,"",""
ball,2,23.5,South Africa,T Chetty,M Kapp,DB Sharma,0,0,"",""
ball,2,23.6,South Africa,T Chetty,M Kapp,DB Sharma,1,0,"",""
ball,2,24.1,South Africa,T Chetty,M Kapp,S Pandey,4,0,"",""
ball,2,24.2,South Africa,T Chetty,M Kapp,S Pandey,0,0,"",""
ball,2,24.3,South Africa,T Chetty,M Kapp,S Pandey,1,0,"",""
ball,2,24.4,South Africa,M Kapp,T Chetty,S Pandey,1,0,"",""
ball,2,24.5,South Africa,T Chetty,M Kapp,S Pandey,1,0,"",""
ball,2,24.6,South Africa,M Kapp,T Chetty,S Pandey,1,0,"",""
ball,2,25.1,South Africa,M Kapp,T Chetty,RS Gayakwad,1,0,"",""
ball,2,25.2,South Africa,T Chetty,M Kapp,RS Gayakwad,0,0,"",""
ball,2,25.3,South Africa,T Chetty,M Kapp,RS Gayakwad,1,0,"",""
ball,2,25.4,South Africa,M Kapp,T Chetty,RS Gayakwad,0,0,"",""
ball,2,25.5,South Africa,M Kapp,T Chetty,RS Gayakwad,0,0,"",""
ball,2,25.6,South Africa,M Kapp,T Chetty,RS Gayakwad,4,0,"",""
ball,2,26.1,South Africa,T Chetty,M Kapp,Poonam Yadav,1,0,"",""
ball,2,26.2,South Africa,M Kapp,T Chetty,Poonam Yadav,1,0,"",""
ball,2,26.3,South Africa,T Chetty,M Kapp,Poonam Yadav,0,0,"",""
ball,2,26.4,South Africa,T Chetty,M Kapp,Poonam Yadav,0,0,"",""
ball,2,26.5,South Africa,T Chetty,M Kapp,Poonam Yadav,1,0,"",""
ball,2,26.6,South Africa,M Kapp,T Chetty,Poonam Yadav,1,0,"",""
ball,2,27.1,South Africa,M Kapp,T Chetty,RS Gayakwad,0,0,"",""
ball,2,27.2,South Africa,M Kapp,T Chetty,RS Gayakwad,0,0,"",""
ball,2,27.3,South Africa,M Kapp,T Chetty,RS Gayakwad,1,0,"",""
ball,2,27.4,South Africa,T Chetty,M Kapp,RS Gayakwad,0,0,"",""
ball,2,27.5,South Africa,T Chetty,M Kapp,RS Gayakwad,1,0,"",""
ball,2,27.6,South Africa,M Kapp,T Chetty,RS Gayakwad,1,0,"",""
ball,2,28.1,South Africa,M Kapp,T Chetty,Poonam Yadav,0,0,"",""
ball,2,28.2,South Africa,M Kapp,T Chetty,Poonam Yadav,0,0,"",""
ball,2,28.3,South Africa,M Kapp,T Chetty,Poonam Yadav,1,0,"",""
ball,2,28.4,South Africa,T Chetty,M Kapp,Poonam Yadav,0,0,"",""
ball,2,28.5,South Africa,T Chetty,M Kapp,Poonam Yadav,1,0,"",""
ball,2,28.6,South Africa,M Kapp,T Chetty,Poonam Yadav,1,0,"",""
ball,2,29.1,South Africa,M Kapp,T Chetty,E Bisht,0,0,"",""
ball,2,29.2,South Africa,M Kapp,T Chetty,E Bisht,1,0,"",""
ball,2,29.3,South Africa,T Chetty,M Kapp,E Bisht,1,0,"",""
ball,2,29.4,South Africa,M Kapp,T Chetty,E Bisht,1,0,"",""
ball,2,29.5,South Africa,T Chetty,M Kapp,E Bisht,0,0,"",""
ball,2,29.6,South Africa,T Chetty,M Kapp,E Bisht,0,0,"",""
ball,2,30.1,South Africa,M Kapp,T Chetty,Poonam Yadav,0,0,caught,M Kapp
ball,2,30.2,South Africa,CL Tryon,T Chetty,Poonam Yadav,0,0,"",""
ball,2,30.3,South Africa,CL Tryon,T Chetty,Poonam Yadav,0,0,"",""
ball,2,30.4,South Africa,CL Tryon,T Chetty,Poonam Yadav,4,0,"",""
ball,2,30.5,South Africa,CL Tryon,T Chetty,Poonam Yadav,0,0,"",""
ball,2,30.6,South Africa,CL Tryon,T Chetty,Poonam Yadav,0,0,"",""
ball,2,31.1,South Africa,T Chetty,CL Tryon,E Bisht,1,0,"",""
ball,2,31.2,South Africa,CL Tryon,T Chetty,E Bisht,1,0,"",""
ball,2,31.3,South Africa,T Chetty,CL Tryon,E Bisht,1,0,"",""
ball,2,31.4,South Africa,CL Tryon,T Chetty,E Bisht,0,0,"",""
ball,2,31.5,South Africa,CL Tryon,T Chetty,E Bisht,1,0,"",""
ball,2,31.6,South Africa,T Chetty,CL Tryon,E Bisht,1,0,"",""
ball,2,32.1,South Africa,T Chetty,CL Tryon,Poonam Yadav,4,0,"",""
ball,2,32.2,South Africa,T Chetty,CL Tryon,Poonam Yadav,0,0,"",""
ball,2,32.3,South Africa,T Chetty,CL Tryon,Poonam Yadav,1,0,"",""
ball,2,32.4,South Africa,CL Tryon,T Chetty,Poonam Yadav,0,0,"",""
ball,2,32.5,South Africa,CL Tryon,T Chetty,Poonam Yadav,1,0,"",""
ball,2,32.6,South Africa,T Chetty,CL Tryon,Poonam Yadav,1,0,"",""
ball,2,33.1,South Africa,T Chetty,CL Tryon,DB Sharma,0,0,"",""
ball,2,33.2,South Africa,T Chetty,CL Tryon,DB Sharma,0,0,caught,T Chetty
ball,2,33.3,South Africa,D van Niekerk,CL Tryon,DB Sharma,0,0,"",""
ball,2,33.4,South Africa,D van Niekerk,CL Tryon,DB Sharma,0,0,"",""
ball,2,33.5,South Africa,D van Niekerk,CL Tryon,DB Sharma,0,0,"",""
ball,2,33.6,South Africa,D van Niekerk,CL Tryon,DB Sharma,0,0,"",""
ball,2,34.1,South Africa,CL Tryon,D van Niekerk,Poonam Yadav,1,0,"",""
ball,2,34.2,South Africa,D van Niekerk,CL Tryon,Poonam Yadav,0,0,"",""
ball,2,34.3,South Africa,D van Niekerk,CL Tryon,Poonam Yadav,0,0,"",""
ball,2,34.4,South Africa,D van Niekerk,CL Tryon,Poonam Yadav,0,0,"",""
ball,2,34.5,South Africa,D van Niekerk,CL Tryon,Poonam Yadav,0,0,"",""
ball,2,34.6,South Africa,D van Niekerk,CL Tryon,Poonam Yadav,0,0,"",""
ball,2,35.1,South Africa,CL Tryon,D van Niekerk,E Bisht,0,0,"",""
ball,2,35.2,South Africa,CL Tryon,D van Niekerk,E Bisht,1,0,"",""
ball,2,35.3,South Africa,D van Niekerk,CL Tryon,E Bisht,1,0,"",""
ball,2,35.4,South Africa,CL Tryon,D van Niekerk,E Bisht,0,0,"",""
ball,2,35.5,South Africa,CL Tryon,D van Niekerk,E Bisht,0,0,"",""
ball,2,35.6,South Africa,CL Tryon,D van Niekerk,E Bisht,2,0,"",""
ball,2,36.1,South Africa,D van Niekerk,CL Tryon,S Pandey,1,0,"",""
ball,2,36.2,South Africa,CL Tryon,D van Niekerk,S Pandey,1,0,"",""
ball,2,36.3,South Africa,D van Niekerk,CL Tryon,S Pandey,4,0,"",""
ball,2,36.4,South Africa,D van Niekerk,CL Tryon,S Pandey,0,0,"",""
ball,2,36.5,South Africa,D van Niekerk,CL Tryon,S Pandey,0,0,"",""
ball,2,36.6,South Africa,D van Niekerk,CL Tryon,S Pandey,0,0,"",""
ball,2,37.1,South Africa,CL Tryon,D van Niekerk,E Bisht,0,0,"",""
ball,2,37.2,South Africa,CL Tryon,D van Niekerk,E Bisht,0,0,"",""
ball,2,37.3,South Africa,CL Tryon,D van Niekerk,E Bisht,1,0,"",""
ball,2,37.4,South Africa,D van Niekerk,CL Tryon,E Bisht,0,0,"",""
ball,2,37.5,South Africa,D van Niekerk,CL Tryon,E Bisht,0,0,"",""
ball,2,37.6,South Africa,D van Niekerk,CL Tryon,E Bisht,4,0,"",""
ball,2,38.1,South Africa,CL Tryon,D van Niekerk,S Pandey,1,0,"",""
ball,2,38.2,South Africa,D van Niekerk,CL Tryon,S Pandey,1,0,"",""
ball,2,38.3,South Africa,CL Tryon,D van Niekerk,S Pandey,0,0,caught,CL Tryon
ball,2,38.4,South Africa,D van Niekerk,S Ismail,S Pandey,0,0,"",""
ball,2,38.5,South Africa,D van Niekerk,S Ismail,S Pandey,1,0,"",""
ball,2,38.6,South Africa,S Ismail,D van Niekerk,S Pandey,0,0,"",""
ball,2,39.1,South Africa,D van Niekerk,S Ismail,RS Gayakwad,0,0,"",""
ball,2,39.2,South Africa,D van Niekerk,S Ismail,RS Gayakwad,1,0,"",""
ball,2,39.3,South Africa,S Ismail,D van Niekerk,RS Gayakwad,0,0,"",""
ball,2,39.4,South Africa,S Ismail,D van Niekerk,RS Gayakwad,0,0,"",""
ball,2,39.5,South Africa,S Ismail,D van Niekerk,RS Gayakwad,0,0,"",""
ball,2,39.6,South Africa,S Ismail,D van Niekerk,RS Gayakwad,0,0,"",""
ball,2,40.1,South Africa,D van Niekerk,S Ismail,DB Sharma,0,0,"",""
ball,2,40.2,South Africa,D van Niekerk,S Ismail,DB Sharma,2,0,"",""
ball,2,40.3,South Africa,D van Niekerk,S Ismail,DB Sharma,0,0,"",""
ball,2,40.4,South Africa,D van Niekerk,S Ismail,DB Sharma,1,0,"",""
ball,2,40.5,South Africa,S Ismail,D van Niekerk,DB Sharma,0,0,"",""
ball,2,40.6,South Africa,S Ismail,D van Niekerk,DB Sharma,0,0,"",""
ball,2,41.1,South Africa,D van Niekerk,S Ismail,RS Gayakwad,0,0,"",""
ball,2,41.2,South Africa,D van Niekerk,S Ismail,RS Gayakwad,0,0,"",""
ball,2,41.3,South Africa,D van Niekerk,S Ismail,RS Gayakwad,1,0,"",""
ball,2,41.4,South Africa,S Ismail,D van Niekerk,RS Gayakwad,4,0,"",""
ball,2,41.5,South Africa,S Ismail,D van Niekerk,RS Gayakwad,1,0,"",""
ball,2,41.6,South Africa,D van Niekerk,S Ismail,RS Gayakwad,2,0,"",""
ball,2,42.1,South Africa,S Ismail,D van Niekerk,DB Sharma,1,0,"",""
ball,2,42.2,South Africa,D van Niekerk,S Ismail,DB Sharma,1,0,"",""
ball,2,42.3,South Africa,S Ismail,D van Niekerk,DB Sharma,0,0,"",""
ball,2,42.4,South Africa,S Ismail,D van Niekerk,DB Sharma,6,0,"",""
ball,2,42.5,South Africa,S Ismail,D van Niekerk,DB Sharma,0,0,"",""
ball,2,42.6,South Africa,S Ismail,D van Niekerk,DB Sharma,0,0,"",""
ball,2,43.1,South Africa,D van Niekerk,S Ismail,E Bisht,0,0,caught,D van Niekerk
ball,2,43.2,South Africa,S Ismail,A Khaka,E Bisht,0,0,"",""
ball,2,43.3,South Africa,S Ismail,A Khaka,E Bisht,0,2,"",""
ball,2,43.4,South Africa,S Ismail,A Khaka,E Bisht,0,0,caught,S Ismail
ball,2,43.5,South Africa,A Khaka,Y Fourie,E Bisht,0,0,"",""
ball,2,43.6,South Africa,A Khaka,Y Fourie,E Bisht,0,0,"",""
ball,2,44.1,South Africa,Y Fourie,A Khaka,S Pandey,0,0,"",""
ball,2,44.2,South Africa,Y Fourie,A Khaka,S Pandey,0,0,"",""
ball,2,44.3,South Africa,Y Fourie,A Khaka,S Pandey,0,0,"",""
ball,2,44.4,South Africa,Y Fourie,A Khaka,S Pandey,0,0,caught,Y Fourie
ball,2,44.5,South Africa,A Khaka,MM Letsoalo,S Pandey,0,0,"",""
ball,2,44.6,South Africa,A Khaka,MM Letsoalo,S Pandey,0,0,"",""
ball,2,45.1,South Africa,MM Letsoalo,A Khaka,DB Sharma,4,0,"",""
ball,2,45.2,South Africa,MM Letsoalo,A Khaka,DB Sharma,0,0,"",""
ball,2,45.3,South Africa,MM Letsoalo,A Khaka,DB Sharma,1,0,"",""
ball,2,45.4,South Africa,A Khaka,MM Letsoalo,DB Sharma,1,0,"",""
ball,2,45.5,South Africa,MM Letsoalo,A Khaka,DB Sharma,0,0,"",""
ball,2,45.6,South Africa,MM Letsoalo,A Khaka,DB Sharma,0,0,"",""
ball,2,46.1,South Africa,A Khaka,MM Letsoalo,S Pandey,0,0,"",""
ball,2,46.2,South Africa,A Khaka,MM Letsoalo,S Pandey,0,0,"",""
ball,2,46.3,South Africa,A Khaka,MM Letsoalo,S Pandey,0,0,"",""
ball,2,46.4,South Africa,A Khaka,MM Letsoalo,S Pandey,0,0,caught,A Khaka
