version,1.3.0
info,team,Thailand
info,team,Zimbabwe
info,gender,female
info,season,2016/17
info,date,2017/02/10
info,competition,ICC Women's World Cup Qualifier
info,match_number,12
info,venue,Mercantile Cricket Association Ground
info,city,Colombo
info,neutralvenue,true
info,toss_winner,Thailand
info,toss_decision,field
info,player_of_match,P Marange
info,umpire,M Hawthorne
info,umpire,CA Polosak
info,reserve_umpire,RD Kottahachchi
info,winner,Zimbabwe
info,winner_runs,36
ball,1,0.1,Zimbabwe,M Mupachikwa,L Tshuma,C Sutthiruang,0,0,lbw,M Mupachikwa
ball,1,0.2,Zimbabwe,M Musonda,L Tshuma,C Sutthiruang,0,0,"",""
ball,1,0.3,Zimbabwe,M Musonda,L Tshuma,C Sutthiruang,0,0,"",""
ball,1,0.4,Zimbabwe,M Musonda,L Tshuma,C Sutthiruang,0,0,"",""
ball,1,0.5,Zimbabwe,M Musonda,L Tshuma,C Sutthiruang,1,0,"",""
ball,1,0.6,Zimbabwe,L Tshuma,M Musonda,C Sutthiruang,0,0,"",""
ball,1,1.1,Zimbabwe,M Musonda,L Tshuma,R Padunglerd,0,0,"",""
ball,1,1.2,Zimbabwe,M Musonda,L Tshuma,R Padunglerd,0,0,"",""
ball,1,1.3,Zimbabwe,M Musonda,L Tshuma,R Padunglerd,0,0,"",""
ball,1,1.4,Zimbabwe,M Musonda,L Tshuma,R Padunglerd,0,0,"",""
ball,1,1.5,Zimbabwe,M Musonda,L Tshuma,R Padunglerd,0,0,"",""
ball,1,1.6,Zimbabwe,M Musonda,L Tshuma,R Padunglerd,0,0,"",""
ball,1,2.1,Zimbabwe,L Tshuma,M Musonda,C Sutthiruang,1,0,"",""
ball,1,2.2,Zimbabwe,M Musonda,L Tshuma,C Sutthiruang,1,0,"",""
ball,1,2.3,Zimbabwe,L Tshuma,M Musonda,C Sutthiruang,0,0,"",""
ball,1,2.4,Zimbabwe,L Tshuma,M Musonda,C Sutthiruang,0,0,"",""
ball,1,2.5,Zimbabwe,L Tshuma,M Musonda,C Sutthiruang,0,0,"",""
ball,1,2.6,Zimbabwe,L Tshuma,M Musonda,C Sutthiruang,1,0,"",""
ball,1,3.1,Zimbabwe,L Tshuma,M Musonda,R Padunglerd,1,0,"",""
ball,1,3.2,Zimbabwe,M Musonda,L Tshuma,R Padunglerd,0,1,"",""
ball,1,3.3,Zimbabwe,M Musonda,L Tshuma,R Padunglerd,1,0,"",""
ball,1,3.4,Zimbabwe,L Tshuma,M Musonda,R Padunglerd,0,0,"",""
ball,1,3.5,Zimbabwe,L Tshuma,M Musonda,R Padunglerd,0,0,"",""
ball,1,3.6,Zimbabwe,L Tshuma,M Musonda,R Padunglerd,4,0,"",""
ball,1,3.7,Zimbabwe,L Tshuma,M Musonda,R Padunglerd,0,0,"",""
ball,1,4.1,Zimbabwe,M Musonda,L Tshuma,C Sutthiruang,1,0,"",""
ball,1,4.2,Zimbabwe,L Tshuma,M Musonda,C Sutthiruang,0,0,"",""
ball,1,4.3,Zimbabwe,L Tshuma,M Musonda,C Sutthiruang,4,0,"",""
ball,1,4.4,Zimbabwe,L Tshuma,M Musonda,C Sutthiruang,4,0,"",""
ball,1,4.5,Zimbabwe,L Tshuma,M Musonda,C Sutthiruang,1,0,"",""
ball,1,4.6,Zimbabwe,M Musonda,L Tshuma,C Sutthiruang,0,0,"",""
ball,1,5.1,Zimbabwe,L Tshuma,M Musonda,R Padunglerd,0,0,"",""
ball,1,5.2,Zimbabwe,L Tshuma,M Musonda,R Padunglerd,0,0,"",""
ball,1,5.3,Zimbabwe,L Tshuma,M Musonda,R Padunglerd,1,0,"",""
ball,1,5.4,Zimbabwe,M Musonda,L Tshuma,R Padunglerd,0,0,"",""
ball,1,5.5,Zimbabwe,M Musonda,L Tshuma,R Padunglerd,1,0,"",""
ball,1,5.6,Zimbabwe,L Tshuma,M Musonda,R Padunglerd,1,0,"",""
ball,1,6.1,Zimbabwe,L Tshuma,M Musonda,C Sutthiruang,0,0,"",""
ball,1,6.2,Zimbabwe,L Tshuma,M Musonda,C Sutthiruang,0,0,caught,L Tshuma
ball,1,6.3,Zimbabwe,A Ndiraya,M Musonda,C Sutthiruang,0,0,"",""
ball,1,6.4,Zimbabwe,A Ndiraya,M Musonda,C Sutthiruang,0,0,"",""
ball,1,6.5,Zimbabwe,A Ndiraya,M Musonda,C Sutthiruang,0,0,"",""
ball,1,6.6,Zimbabwe,A Ndiraya,M Musonda,C Sutthiruang,0,0,"",""
ball,1,7.1,Zimbabwe,M Musonda,A Ndiraya,R Padunglerd,1,0,"",""
ball,1,7.2,Zimbabwe,A Ndiraya,M Musonda,R Padunglerd,0,0,"",""
ball,1,7.3,Zimbabwe,A Ndiraya,M Musonda,R Padunglerd,0,0,"",""
ball,1,7.4,Zimbabwe,A Ndiraya,M Musonda,R Padunglerd,1,0,"",""
ball,1,7.5,Zimbabwe,M Musonda,A Ndiraya,R Padunglerd,0,0,"",""
ball,1,7.6,Zimbabwe,M Musonda,A Ndiraya,R Padunglerd,4,0,"",""
ball,1,8.1,Zimbabwe,A Ndiraya,M Musonda,C Sutthiruang,0,0,"",""
ball,1,8.2,Zimbabwe,A Ndiraya,M Musonda,C Sutthiruang,1,0,"",""
ball,1,8.3,Zimbabwe,M Musonda,A Ndiraya,C Sutthiruang,4,0,"",""
ball,1,8.4,Zimbabwe,M Musonda,A Ndiraya,C Sutthiruang,0,0,"",""
ball,1,8.5,Zimbabwe,M Musonda,A Ndiraya,C Sutthiruang,1,0,"",""
ball,1,8.6,Zimbabwe,A Ndiraya,M Musonda,C Sutthiruang,0,0,"",""
ball,1,9.1,Zimbabwe,M Musonda,A Ndiraya,S Tippoch,0,0,"",""
ball,1,9.2,Zimbabwe,M Musonda,A Ndiraya,S Tippoch,0,0,"",""
ball,1,9.3,Zimbabwe,M Musonda,A Ndiraya,S Tippoch,0,0,"",""
ball,1,9.4,Zimbabwe,M Musonda,A Ndiraya,S Tippoch,0,0,"",""
ball,1,9.5,Zimbabwe,M Musonda,A Ndiraya,S Tippoch,0,0,"",""
ball,1,9.6,Zimbabwe,M Musonda,A Ndiraya,S Tippoch,0,0,"",""
ball,1,10.1,Zimbabwe,A Ndiraya,M Musonda,C Sutthiruang,0,0,"",""
ball,1,10.2,Zimbabwe,A Ndiraya,M Musonda,C Sutthiruang,1,0,"",""
ball,1,10.3,Zimbabwe,M Musonda,A Ndiraya,C Sutthiruang,0,0,"",""
ball,1,10.4,Zimbabwe,M Musonda,A Ndiraya,C Sutthiruang,4,0,"",""
ball,1,10.5,Zimbabwe,M Musonda,A Ndiraya,C Sutthiruang,0,0,"",""
ball,1,10.6,Zimbabwe,M Musonda,A Ndiraya,C Sutthiruang,0,0,"",""
ball,1,11.1,Zimbabwe,A Ndiraya,M Musonda,S Tippoch,0,0,"",""
ball,1,11.2,Zimbabwe,A Ndiraya,M Musonda,S Tippoch,0,0,"",""
ball,1,11.3,Zimbabwe,A Ndiraya,M Musonda,S Tippoch,0,0,"",""
ball,1,11.4,Zimbabwe,A Ndiraya,M Musonda,S Tippoch,0,0,"",""
ball,1,11.5,Zimbabwe,A Ndiraya,M Musonda,S Tippoch,0,0,"",""
ball,1,11.6,Zimbabwe,A Ndiraya,M Musonda,S Tippoch,0,0,"",""
ball,1,12.1,Zimbabwe,M Musonda,A Ndiraya,S Lateh,0,0,"",""
ball,1,12.2,Zimbabwe,M Musonda,A Ndiraya,S Lateh,1,0,"",""
ball,1,12.3,Zimbabwe,A Ndiraya,M Musonda,S Lateh,1,0,"",""
ball,1,12.4,Zimbabwe,M Musonda,A Ndiraya,S Lateh,4,0,"",""
ball,1,12.5,Zimbabwe,M Musonda,A Ndiraya,S Lateh,0,0,"",""
ball,1,12.6,Zimbabwe,M Musonda,A Ndiraya,S Lateh,4,0,"",""
ball,1,13.1,Zimbabwe,A Ndiraya,M Musonda,S Tippoch,0,0,"",""
ball,1,13.2,Zimbabwe,A Ndiraya,M Musonda,S Tippoch,0,0,"",""
ball,1,13.3,Zimbabwe,A Ndiraya,M Musonda,S Tippoch,0,0,"",""
ball,1,13.4,Zimbabwe,A Ndiraya,M Musonda,S Tippoch,0,0,"",""
ball,1,13.5,Zimbabwe,A Ndiraya,M Musonda,S Tippoch,1,0,"",""
ball,1,13.6,Zimbabwe,M Musonda,A Ndiraya,S Tippoch,1,0,"",""
ball,1,14.1,Zimbabwe,M Musonda,A Ndiraya,N Boochatham,1,0,"",""
ball,1,14.2,Zimbabwe,A Ndiraya,M Musonda,N Boochatham,4,0,"",""
ball,1,14.3,Zimbabwe,A Ndiraya,M Musonda,N Boochatham,0,0,"",""
ball,1,14.4,Zimbabwe,A Ndiraya,M Musonda,N Boochatham,0,0,"",""
ball,1,14.5,Zimbabwe,A Ndiraya,M Musonda,N Boochatham,0,0,"",""
ball,1,14.6,Zimbabwe,A Ndiraya,M Musonda,N Boochatham,0,0,"",""
ball,1,15.1,Zimbabwe,M Musonda,A Ndiraya,S Tippoch,0,0,"",""
ball,1,15.2,Zimbabwe,M Musonda,A Ndiraya,S Tippoch,2,0,"",""
ball,1,15.3,Zimbabwe,M Musonda,A Ndiraya,S Tippoch,0,0,"",""
ball,1,15.4,Zimbabwe,M Musonda,A Ndiraya,S Tippoch,1,0,"",""
ball,1,15.5,Zimbabwe,A Ndiraya,M Musonda,S Tippoch,1,0,"",""
ball,1,15.6,Zimbabwe,M Musonda,A Ndiraya,S Tippoch,0,0,"",""
ball,1,16.1,Zimbabwe,A Ndiraya,M Musonda,N Boochatham,0,0,"",""
ball,1,16.2,Zimbabwe,A Ndiraya,M Musonda,N Boochatham,0,0,"",""
ball,1,16.3,Zimbabwe,A Ndiraya,M Musonda,N Boochatham,0,0,"",""
ball,1,16.4,Zimbabwe,A Ndiraya,M Musonda,N Boochatham,0,0,"",""
ball,1,16.5,Zimbabwe,A Ndiraya,M Musonda,N Boochatham,0,0,"",""
ball,1,16.6,Zimbabwe,A Ndiraya,M Musonda,N Boochatham,0,0,"",""
ball,1,17.1,Zimbabwe,M Musonda,A Ndiraya,S Tippoch,0,0,"",""
ball,1,17.2,Zimbabwe,M Musonda,A Ndiraya,S Tippoch,0,0,"",""
ball,1,17.3,Zimbabwe,M Musonda,A Ndiraya,S Tippoch,0,0,"",""
ball,1,17.4,Zimbabwe,M Musonda,A Ndiraya,S Tippoch,1,0,"",""
ball,1,17.5,Zimbabwe,A Ndiraya,M Musonda,S Tippoch,0,0,"",""
ball,1,17.6,Zimbabwe,A Ndiraya,M Musonda,S Tippoch,0,0,"",""
ball,1,18.1,Zimbabwe,M Musonda,A Ndiraya,N Boochatham,0,0,"",""
ball,1,18.2,Zimbabwe,M Musonda,A Ndiraya,N Boochatham,1,0,"",""
ball,1,18.3,Zimbabwe,A Ndiraya,M Musonda,N Boochatham,0,0,"",""
ball,1,18.4,Zimbabwe,A Ndiraya,M Musonda,N Boochatham,0,0,"",""
ball,1,18.5,Zimbabwe,A Ndiraya,M Musonda,N Boochatham,0,0,"",""
ball,1,18.6,Zimbabwe,A Ndiraya,M Musonda,N Boochatham,0,0,"",""
ball,1,19.1,Zimbabwe,M Musonda,A Ndiraya,S Tippoch,0,0,"",""
ball,1,19.2,Zimbabwe,M Musonda,A Ndiraya,S Tippoch,0,0,"",""
ball,1,19.3,Zimbabwe,M Musonda,A Ndiraya,S Tippoch,0,0,caught,M Musonda
ball,1,19.4,Zimbabwe,A Ndiraya,SM Mayers,S Tippoch,0,0,"",""
ball,1,19.5,Zimbabwe,A Ndiraya,SM Mayers,S Tippoch,0,0,"",""
ball,1,19.6,Zimbabwe,A Ndiraya,SM Mayers,S Tippoch,4,0,"",""
ball,1,20.1,Zimbabwe,SM Mayers,A Ndiraya,N Boochatham,0,0,"",""
ball,1,20.2,Zimbabwe,SM Mayers,A Ndiraya,N Boochatham,0,0,"",""
ball,1,20.3,Zimbabwe,SM Mayers,A Ndiraya,N Boochatham,0,0,"",""
ball,1,20.4,Zimbabwe,SM Mayers,A Ndiraya,N Boochatham,0,0,"",""
ball,1,20.5,Zimbabwe,SM Mayers,A Ndiraya,N Boochatham,0,0,"",""
ball,1,20.6,Zimbabwe,SM Mayers,A Ndiraya,N Boochatham,0,0,"",""
ball,1,21.1,Zimbabwe,A Ndiraya,SM Mayers,S Tippoch,1,0,"",""
ball,1,21.2,Zimbabwe,SM Mayers,A Ndiraya,S Tippoch,4,0,"",""
ball,1,21.3,Zimbabwe,SM Mayers,A Ndiraya,S Tippoch,1,0,"",""
ball,1,21.4,Zimbabwe,A Ndiraya,SM Mayers,S Tippoch,0,0,"",""
ball,1,21.5,Zimbabwe,A Ndiraya,SM Mayers,S Tippoch,0,0,"",""
ball,1,21.6,Zimbabwe,A Ndiraya,SM Mayers,S Tippoch,0,0,"",""
ball,1,22.1,Zimbabwe,SM Mayers,A Ndiraya,N Boochatham,0,0,"",""
ball,1,22.2,Zimbabwe,SM Mayers,A Ndiraya,N Boochatham,0,0,"",""
ball,1,22.3,Zimbabwe,SM Mayers,A Ndiraya,N Boochatham,1,0,"",""
ball,1,22.4,Zimbabwe,A Ndiraya,SM Mayers,N Boochatham,0,0,"",""
ball,1,22.5,Zimbabwe,A Ndiraya,SM Mayers,N Boochatham,0,0,"",""
ball,1,22.6,Zimbabwe,A Ndiraya,SM Mayers,N Boochatham,0,0,"",""
ball,1,23.1,Zimbabwe,SM Mayers,A Ndiraya,S Laomi,0,0,"",""
ball,1,23.2,Zimbabwe,SM Mayers,A Ndiraya,S Laomi,2,0,"",""
ball,1,23.3,Zimbabwe,SM Mayers,A Ndiraya,S Laomi,1,0,"",""
ball,1,23.4,Zimbabwe,A Ndiraya,SM Mayers,S Laomi,1,0,"",""
ball,1,23.5,Zimbabwe,SM Mayers,A Ndiraya,S Laomi,0,0,"",""
ball,1,23.6,Zimbabwe,SM Mayers,A Ndiraya,S Laomi,6,0,"",""
ball,1,24.1,Zimbabwe,A Ndiraya,SM Mayers,N Boochatham,0,0,"",""
ball,1,24.2,Zimbabwe,A Ndiraya,SM Mayers,N Boochatham,0,0,"",""
ball,1,24.3,Zimbabwe,A Ndiraya,SM Mayers,N Boochatham,0,0,"",""
ball,1,24.4,Zimbabwe,A Ndiraya,SM Mayers,N Boochatham,0,0,"",""
ball,1,24.5,Zimbabwe,A Ndiraya,SM Mayers,N Boochatham,0,0,"",""
ball,1,24.6,Zimbabwe,A Ndiraya,SM Mayers,N Boochatham,0,0,"",""
ball,1,25.1,Zimbabwe,SM Mayers,A Ndiraya,S Laomi,0,0,"",""
ball,1,25.2,Zimbabwe,SM Mayers,A Ndiraya,S Laomi,0,0,"",""
ball,1,25.3,Zimbabwe,SM Mayers,A Ndiraya,S Laomi,0,0,"",""
ball,1,25.4,Zimbabwe,SM Mayers,A Ndiraya,S Laomi,0,0,"",""
ball,1,25.5,Zimbabwe,SM Mayers,A Ndiraya,S Laomi,1,0,"",""
ball,1,25.6,Zimbabwe,A Ndiraya,SM Mayers,S Laomi,0,0,"",""
ball,1,26.1,Zimbabwe,SM Mayers,A Ndiraya,N Boochatham,0,0,"",""
ball,1,26.2,Zimbabwe,SM Mayers,A Ndiraya,N Boochatham,0,0,"",""
ball,1,26.3,Zimbabwe,SM Mayers,A Ndiraya,N Boochatham,0,0,"",""
ball,1,26.4,Zimbabwe,SM Mayers,A Ndiraya,N Boochatham,1,0,"",""
ball,1,26.5,Zimbabwe,A Ndiraya,SM Mayers,N Boochatham,0,0,"",""
ball,1,26.6,Zimbabwe,A Ndiraya,SM Mayers,N Boochatham,0,0,"",""
ball,1,27.1,Zimbabwe,SM Mayers,A Ndiraya,S Laomi,0,0,"",""
ball,1,27.2,Zimbabwe,SM Mayers,A Ndiraya,S Laomi,1,0,"",""
ball,1,27.3,Zimbabwe,A Ndiraya,SM Mayers,S Laomi,0,0,"",""
ball,1,27.4,Zimbabwe,A Ndiraya,SM Mayers,S Laomi,1,0,"",""
ball,1,27.5,Zimbabwe,SM Mayers,A Ndiraya,S Laomi,1,0,"",""
ball,1,27.6,Zimbabwe,A Ndiraya,SM Mayers,S Laomi,0,0,"",""
ball,1,28.1,Zimbabwe,SM Mayers,A Ndiraya,N Boochatham,1,0,"",""
ball,1,28.2,Zimbabwe,A Ndiraya,SM Mayers,N Boochatham,0,0,"",""
ball,1,28.3,Zimbabwe,A Ndiraya,SM Mayers,N Boochatham,0,0,"",""
ball,1,28.4,Zimbabwe,A Ndiraya,SM Mayers,N Boochatham,1,0,"",""
ball,1,28.5,Zimbabwe,SM Mayers,A Ndiraya,N Boochatham,0,0,"",""
ball,1,28.6,Zimbabwe,SM Mayers,A Ndiraya,N Boochatham,0,0,"",""
ball,1,29.1,Zimbabwe,A Ndiraya,SM Mayers,S Laomi,0,0,"",""
ball,1,29.2,Zimbabwe,A Ndiraya,SM Mayers,S Laomi,1,0,"",""
ball,1,29.3,Zimbabwe,SM Mayers,A Ndiraya,S Laomi,0,0,"",""
ball,1,29.4,Zimbabwe,SM Mayers,A Ndiraya,S Laomi,0,1,"",""
ball,1,29.5,Zimbabwe,SM Mayers,A Ndiraya,S Laomi,1,0,"",""
ball,1,29.6,Zimbabwe,A Ndiraya,SM Mayers,S Laomi,1,0,"",""
ball,1,29.7,Zimbabwe,SM Mayers,A Ndiraya,S Laomi,1,0,"",""
ball,1,30.1,Zimbabwe,SM Mayers,A Ndiraya,N Boochatham,0,0,"",""
ball,1,30.2,Zimbabwe,SM Mayers,A Ndiraya,N Boochatham,2,0,"",""
ball,1,30.3,Zimbabwe,SM Mayers,A Ndiraya,N Boochatham,1,0,"",""
ball,1,30.4,Zimbabwe,A Ndiraya,SM Mayers,N Boochatham,1,0,"",""
ball,1,30.5,Zimbabwe,SM Mayers,A Ndiraya,N Boochatham,1,0,"",""
ball,1,30.6,Zimbabwe,A Ndiraya,SM Mayers,N Boochatham,0,0,"",""
ball,1,31.1,Zimbabwe,SM Mayers,A Ndiraya,S Laomi,1,0,"",""
ball,1,31.2,Zimbabwe,A Ndiraya,SM Mayers,S Laomi,1,0,"",""
ball,1,31.3,Zimbabwe,SM Mayers,A Ndiraya,S Laomi,0,0,"",""
ball,1,31.4,Zimbabwe,SM Mayers,A Ndiraya,S Laomi,0,0,"",""
ball,1,31.5,Zimbabwe,SM Mayers,A Ndiraya,S Laomi,1,0,"",""
ball,1,31.6,Zimbabwe,A Ndiraya,SM Mayers,S Laomi,0,0,"",""
ball,1,32.1,Zimbabwe,SM Mayers,A Ndiraya,N Boochatham,1,0,"",""
ball,1,32.2,Zimbabwe,A Ndiraya,SM Mayers,N Boochatham,0,0,"",""
ball,1,32.3,Zimbabwe,A Ndiraya,SM Mayers,N Boochatham,1,0,"",""
ball,1,32.4,Zimbabwe,SM Mayers,A Ndiraya,N Boochatham,0,0,"",""
ball,1,32.5,Zimbabwe,SM Mayers,A Ndiraya,N Boochatham,0,0,"",""
ball,1,32.6,Zimbabwe,SM Mayers,A Ndiraya,N Boochatham,0,0,bowled,SM Mayers
ball,1,33.1,Zimbabwe,A Ndiraya,P Marange,S Laomi,0,1,"",""
ball,1,33.2,Zimbabwe,A Ndiraya,P Marange,S Laomi,1,0,"",""
ball,1,33.3,Zimbabwe,P Marange,A Ndiraya,S Laomi,0,0,"",""
ball,1,33.4,Zimbabwe,P Marange,A Ndiraya,S Laomi,0,0,"",""
ball,1,33.5,Zimbabwe,P Marange,A Ndiraya,S Laomi,0,0,"",""
ball,1,33.6,Zimbabwe,P Marange,A Ndiraya,S Laomi,1,0,"",""
ball,1,33.7,Zimbabwe,A Ndiraya,P Marange,S Laomi,1,0,"",""
ball,1,34.1,Zimbabwe,A Ndiraya,P Marange,R Padunglerd,0,0,"",""
ball,1,34.2,Zimbabwe,A Ndiraya,P Marange,R Padunglerd,1,0,"",""
ball,1,34.3,Zimbabwe,P Marange,A Ndiraya,R Padunglerd,0,0,"",""
ball,1,34.4,Zimbabwe,P Marange,A Ndiraya,R Padunglerd,0,0,"",""
ball,1,34.5,Zimbabwe,P Marange,A Ndiraya,R Padunglerd,0,0,"",""
ball,1,34.6,Zimbabwe,P Marange,A Ndiraya,R Padunglerd,0,0,"",""
ball,1,35.1,Zimbabwe,A Ndiraya,P Marange,S Tippoch,0,0,"",""
ball,1,35.2,Zimbabwe,A Ndiraya,P Marange,S Tippoch,0,0,"",""
ball,1,35.3,Zimbabwe,A Ndiraya,P Marange,S Tippoch,1,0,"",""
ball,1,35.4,Zimbabwe,P Marange,A Ndiraya,S Tippoch,4,0,"",""
ball,1,35.5,Zimbabwe,P Marange,A Ndiraya,S Tippoch,0,0,"",""
ball,1,35.6,Zimbabwe,P Marange,A Ndiraya,S Tippoch,0,0,"",""
ball,1,36.1,Zimbabwe,A Ndiraya,P Marange,R Padunglerd,1,0,"",""
ball,1,36.2,Zimbabwe,P Marange,A Ndiraya,R Padunglerd,0,0,"",""
ball,1,36.3,Zimbabwe,P Marange,A Ndiraya,R Padunglerd,0,0,"",""
ball,1,36.4,Zimbabwe,P Marange,A Ndiraya,R Padunglerd,0,0,"",""
ball,1,36.5,Zimbabwe,P Marange,A Ndiraya,R Padunglerd,0,1,"",""
ball,1,36.6,Zimbabwe,P Marange,A Ndiraya,R Padunglerd,1,0,"",""
ball,1,36.7,Zimbabwe,A Ndiraya,P Marange,R Padunglerd,0,0,"",""
ball,1,37.1,Zimbabwe,P Marange,A Ndiraya,S Tippoch,1,0,"",""
ball,1,37.2,Zimbabwe,A Ndiraya,P Marange,S Tippoch,0,0,"",""
ball,1,37.3,Zimbabwe,A Ndiraya,P Marange,S Tippoch,0,0,run out,A Ndiraya
ball,1,37.4,Zimbabwe,P Mujaji,P Marange,S Tippoch,0,0,"",""
ball,1,37.5,Zimbabwe,P Mujaji,P Marange,S Tippoch,0,0,"",""
ball,1,37.6,Zimbabwe,P Mujaji,P Marange,S Tippoch,0,0,"",""
ball,1,38.1,Zimbabwe,P Marange,P Mujaji,R Padunglerd,0,0,"",""
ball,1,38.2,Zimbabwe,P Marange,P Mujaji,R Padunglerd,0,0,run out,P Mujaji
ball,1,38.3,Zimbabwe,J Nkomo,P Marange,R Padunglerd,0,0,"",""
ball,1,38.4,Zimbabwe,J Nkomo,P Marange,R Padunglerd,1,0,"",""
ball,1,38.5,Zimbabwe,P Marange,J Nkomo,R Padunglerd,0,0,"",""
ball,1,38.6,Zimbabwe,P Marange,J Nkomo,R Padunglerd,1,0,"",""
ball,1,39.1,Zimbabwe,P Marange,J Nkomo,S Tippoch,0,0,"",""
ball,1,39.2,Zimbabwe,P Marange,J Nkomo,S Tippoch,4,0,"",""
ball,1,39.3,Zimbabwe,P Marange,J Nkomo,S Tippoch,0,0,"",""
ball,1,39.4,Zimbabwe,P Marange,J Nkomo,S Tippoch,0,0,"",""
ball,1,39.5,Zimbabwe,P Marange,J Nkomo,S Tippoch,0,0,"",""
ball,1,39.6,Zimbabwe,P Marange,J Nkomo,S Tippoch,0,0,"",""
ball,1,40.1,Zimbabwe,J Nkomo,P Marange,R Padunglerd,4,0,"",""
ball,1,40.2,Zimbabwe,J Nkomo,P Marange,R Padunglerd,0,0,"",""
ball,1,40.3,Zimbabwe,J Nkomo,P Marange,R Padunglerd,2,0,"",""
ball,1,40.4,Zimbabwe,J Nkomo,P Marange,R Padunglerd,1,0,"",""
ball,1,40.5,Zimbabwe,P Marange,J Nkomo,R Padunglerd,1,0,"",""
ball,1,40.6,Zimbabwe,J Nkomo,P Marange,R Padunglerd,0,0,"",""
ball,1,41.1,Zimbabwe,P Marange,J Nkomo,C Sutthiruang,0,0,"",""
ball,1,41.2,Zimbabwe,P Marange,J Nkomo,C Sutthiruang,1,0,"",""
ball,1,41.3,Zimbabwe,J Nkomo,P Marange,C Sutthiruang,1,0,"",""
ball,1,41.4,Zimbabwe,P Marange,J Nkomo,C Sutthiruang,1,0,"",""
ball,1,41.5,Zimbabwe,J Nkomo,P Marange,C Sutthiruang,1,0,"",""
ball,1,41.6,Zimbabwe,P Marange,J Nkomo,C Sutthiruang,0,0,"",""
ball,1,42.1,Zimbabwe,J Nkomo,P Marange,R Padunglerd,0,0,"",""
ball,1,42.2,Zimbabwe,J Nkomo,P Marange,R Padunglerd,2,0,"",""
ball,1,42.3,Zimbabwe,J Nkomo,P Marange,R Padunglerd,0,0,"",""
ball,1,42.4,Zimbabwe,J Nkomo,P Marange,R Padunglerd,4,1,"",""
ball,1,42.5,Zimbabwe,J Nkomo,P Marange,R Padunglerd,1,0,"",""
ball,1,42.6,Zimbabwe,P Marange,J Nkomo,R Padunglerd,1,0,"",""
ball,1,42.7,Zimbabwe,J Nkomo,P Marange,R Padunglerd,0,0,"",""
ball,1,43.1,Zimbabwe,P Marange,J Nkomo,C Sutthiruang,0,0,"",""
ball,1,43.2,Zimbabwe,P Marange,J Nkomo,C Sutthiruang,4,0,"",""
ball,1,43.3,Zimbabwe,P Marange,J Nkomo,C Sutthiruang,0,0,"",""
ball,1,43.4,Zimbabwe,P Marange,J Nkomo,C Sutthiruang,1,0,"",""
ball,1,43.5,Zimbabwe,J Nkomo,P Marange,C Sutthiruang,0,0,"",""
ball,1,43.6,Zimbabwe,J Nkomo,P Marange,C Sutthiruang,1,0,"",""
ball,1,44.1,Zimbabwe,J Nkomo,P Marange,S Laomi,0,0,"",""
ball,1,44.2,Zimbabwe,J Nkomo,P Marange,S Laomi,0,0,"",""
ball,1,44.3,Zimbabwe,J Nkomo,P Marange,S Laomi,1,0,"",""
ball,1,44.4,Zimbabwe,P Marange,J Nkomo,S Laomi,0,0,"",""
ball,1,44.5,Zimbabwe,P Marange,J Nkomo,S Laomi,1,0,"",""
ball,1,44.6,Zimbabwe,J Nkomo,P Marange,S Laomi,0,0,"",""
ball,1,45.1,Zimbabwe,P Marange,J Nkomo,C Sutthiruang,4,0,"",""
ball,1,45.2,Zimbabwe,P Marange,J Nkomo,C Sutthiruang,2,0,"",""
ball,1,45.3,Zimbabwe,P Marange,J Nkomo,C Sutthiruang,1,0,"",""
ball,1,45.4,Zimbabwe,J Nkomo,P Marange,C Sutthiruang,1,0,"",""
ball,1,45.5,Zimbabwe,P Marange,J Nkomo,C Sutthiruang,4,0,"",""
ball,1,45.6,Zimbabwe,P Marange,J Nkomo,C Sutthiruang,1,0,"",""
ball,1,46.1,Zimbabwe,P Marange,J Nkomo,S Laomi,0,0,"",""
ball,1,46.2,Zimbabwe,P Marange,J Nkomo,S Laomi,0,0,caught,P Marange
ball,1,46.3,Zimbabwe,J Nkomo,T Granger,S Laomi,1,0,"",""
ball,1,46.4,Zimbabwe,T Granger,J Nkomo,S Laomi,0,0,"",""
ball,1,46.5,Zimbabwe,T Granger,J Nkomo,S Laomi,0,0,"",""
ball,1,46.6,Zimbabwe,T Granger,J Nkomo,S Laomi,1,0,"",""
ball,1,47.1,Zimbabwe,T Granger,J Nkomo,C Sutthiruang,4,0,"",""
ball,1,47.2,Zimbabwe,T Granger,J Nkomo,C Sutthiruang,0,0,"",""
ball,1,47.3,Zimbabwe,T Granger,J Nkomo,C Sutthiruang,1,0,"",""
ball,1,47.4,Zimbabwe,J Nkomo,T Granger,C Sutthiruang,2,0,"",""
ball,1,47.5,Zimbabwe,J Nkomo,T Granger,C Sutthiruang,1,0,"",""
ball,1,47.6,Zimbabwe,T Granger,J Nkomo,C Sutthiruang,1,0,"",""
ball,1,48.1,Zimbabwe,T Granger,J Nkomo,S Laomi,2,0,"",""
ball,1,48.2,Zimbabwe,T Granger,J Nkomo,S Laomi,0,0,"",""
ball,1,48.3,Zimbabwe,T Granger,J Nkomo,S Laomi,1,0,"",""
ball,1,48.4,Zimbabwe,J Nkomo,T Granger,S Laomi,0,1,"",""
ball,1,48.5,Zimbabwe,J Nkomo,T Granger,S Laomi,0,0,"",""
ball,1,48.6,Zimbabwe,J Nkomo,T Granger,S Laomi,0,0,"",""
ball,1,48.7,Zimbabwe,J Nkomo,T Granger,S Laomi,1,0,"",""
ball,1,49.1,Zimbabwe,J Nkomo,T Granger,R Padunglerd,2,0,"",""
ball,1,49.2,Zimbabwe,J Nkomo,T Granger,R Padunglerd,0,0,caught,J Nkomo
ball,1,49.3,Zimbabwe,T Granger,N Mutasa,R Padunglerd,1,0,"",""
ball,1,49.4,Zimbabwe,N Mutasa,T Granger,R Padunglerd,1,0,"",""
ball,1,49.5,Zimbabwe,T Granger,N Mutasa,R Padunglerd,1,0,"",""
ball,1,49.6,Zimbabwe,N Mutasa,T Granger,R Padunglerd,0,1,"",""
ball,2,0.1,Thailand,N Chantam,S Saengsakaorat,N Mutasa,0,0,"",""
ball,2,0.2,Thailand,N Chantam,S Saengsakaorat,N Mutasa,6,0,"",""
ball,2,0.3,Thailand,N Chantam,S Saengsakaorat,N Mutasa,0,0,"",""
ball,2,0.4,Thailand,N Chantam,S Saengsakaorat,N Mutasa,4,0,"",""
ball,2,0.5,Thailand,N Chantam,S Saengsakaorat,N Mutasa,0,0,caught,N Chantam
ball,2,0.6,Thailand,N Boochatham,S Saengsakaorat,N Mutasa,0,0,"",""
ball,2,1.1,Thailand,S Saengsakaorat,N Boochatham,A Sibanda,0,2,"",""
ball,2,1.2,Thailand,N Boochatham,S Saengsakaorat,A Sibanda,0,0,"",""
ball,2,1.3,Thailand,N Boochatham,S Saengsakaorat,A Sibanda,0,1,"",""
ball,2,1.4,Thailand,N Boochatham,S Saengsakaorat,A Sibanda,0,1,"",""
ball,2,1.5,Thailand,N Boochatham,S Saengsakaorat,A Sibanda,0,0,"",""
ball,2,1.6,Thailand,N Boochatham,S Saengsakaorat,A Sibanda,0,1,"",""
ball,2,1.7,Thailand,N Boochatham,S Saengsakaorat,A Sibanda,0,0,"",""
ball,2,1.8,Thailand,N Boochatham,S Saengsakaorat,A Sibanda,0,1,"",""
ball,2,1.9,Thailand,N Boochatham,S Saengsakaorat,A Sibanda,0,0,"",""
ball,2,1.1,Thailand,N Boochatham,S Saengsakaorat,A Sibanda,0,0,"",""
ball,2,1.11,Thailand,N Boochatham,S Saengsakaorat,A Sibanda,0,0,"",""
ball,2,2.1,Thailand,S Saengsakaorat,N Boochatham,N Mutasa,0,0,"",""
ball,2,2.2,Thailand,S Saengsakaorat,N Boochatham,N Mutasa,0,0,"",""
ball,2,2.3,Thailand,S Saengsakaorat,N Boochatham,N Mutasa,0,0,"",""
ball,2,2.4,Thailand,S Saengsakaorat,N Boochatham,N Mutasa,0,0,"",""
ball,2,2.5,Thailand,S Saengsakaorat,N Boochatham,N Mutasa,0,0,bowled,S Saengsakaorat
ball,2,2.6,Thailand,R Padunglerd,N Boochatham,N Mutasa,0,0,"",""
ball,2,3.1,Thailand,N Boochatham,R Padunglerd,J Nkomo,0,1,"",""
ball,2,3.2,Thailand,N Boochatham,R Padunglerd,J Nkomo,2,0,"",""
ball,2,3.3,Thailand,N Boochatham,R Padunglerd,J Nkomo,0,0,"",""
ball,2,3.4,Thailand,N Boochatham,R Padunglerd,J Nkomo,0,0,"",""
ball,2,3.5,Thailand,N Boochatham,R Padunglerd,J Nkomo,1,0,"",""
ball,2,3.6,Thailand,R Padunglerd,N Boochatham,J Nkomo,0,0,"",""
ball,2,3.7,Thailand,R Padunglerd,N Boochatham,J Nkomo,0,0,"",""
ball,2,4.1,Thailand,N Boochatham,R Padunglerd,N Mutasa,0,0,"",""
ball,2,4.2,Thailand,N Boochatham,R Padunglerd,N Mutasa,0,0,"",""
ball,2,4.3,Thailand,N Boochatham,R Padunglerd,N Mutasa,1,0,"",""
ball,2,4.4,Thailand,R Padunglerd,N Boochatham,N Mutasa,0,0,"",""
ball,2,4.5,Thailand,R Padunglerd,N Boochatham,N Mutasa,0,0,"",""
ball,2,4.6,Thailand,R Padunglerd,N Boochatham,N Mutasa,0,0,"",""
ball,2,5.1,Thailand,N Boochatham,R Padunglerd,J Nkomo,0,0,"",""
ball,2,5.2,Thailand,N Boochatham,R Padunglerd,J Nkomo,0,0,"",""
ball,2,5.3,Thailand,N Boochatham,R Padunglerd,J Nkomo,0,0,"",""
ball,2,5.4,Thailand,N Boochatham,R Padunglerd,J Nkomo,0,0,"",""
ball,2,5.5,Thailand,N Boochatham,R Padunglerd,J Nkomo,0,0,"",""
ball,2,5.6,Thailand,N Boochatham,R Padunglerd,J Nkomo,0,0,"",""
ball,2,6.1,Thailand,R Padunglerd,N Boochatham,N Mutasa,0,0,"",""
ball,2,6.2,Thailand,R Padunglerd,N Boochatham,N Mutasa,0,0,"",""
ball,2,6.3,Thailand,R Padunglerd,N Boochatham,N Mutasa,0,0,"",""
ball,2,6.4,Thailand,R Padunglerd,N Boochatham,N Mutasa,0,0,"",""
ball,2,6.5,Thailand,R Padunglerd,N Boochatham,N Mutasa,0,0,"",""
ball,2,6.6,Thailand,R Padunglerd,N Boochatham,N Mutasa,1,0,"",""
ball,2,7.1,Thailand,R Padunglerd,N Boochatham,J Nkomo,0,0,"",""
ball,2,7.2,Thailand,R Padunglerd,N Boochatham,J Nkomo,0,0,"",""
ball,2,7.3,Thailand,R Padunglerd,N Boochatham,J Nkomo,0,0,"",""
ball,2,7.4,Thailand,R Padunglerd,N Boochatham,J Nkomo,0,0,"",""
ball,2,7.5,Thailand,R Padunglerd,N Boochatham,J Nkomo,0,0,"",""
ball,2,7.6,Thailand,R Padunglerd,N Boochatham,J Nkomo,0,0,"",""
ball,2,8.1,Thailand,N Boochatham,R Padunglerd,N Mutasa,0,0,"",""
ball,2,8.2,Thailand,N Boochatham,R Padunglerd,N Mutasa,0,0,"",""
ball,2,8.3,Thailand,N Boochatham,R Padunglerd,N Mutasa,0,0,"",""
ball,2,8.4,Thailand,N Boochatham,R Padunglerd,N Mutasa,1,0,"",""
ball,2,8.5,Thailand,R Padunglerd,N Boochatham,N Mutasa,0,0,"",""
ball,2,8.6,Thailand,R Padunglerd,N Boochatham,N Mutasa,0,0,"",""
ball,2,9.1,Thailand,N Boochatham,R Padunglerd,J Nkomo,1,0,"",""
ball,2,9.2,Thailand,R Padunglerd,N Boochatham,J Nkomo,0,0,"",""
ball,2,9.3,Thailand,R Padunglerd,N Boochatham,J Nkomo,0,0,"",""
ball,2,9.4,Thailand,R Padunglerd,N Boochatham,J Nkomo,0,0,"",""
ball,2,9.5,Thailand,R Padunglerd,N Boochatham,J Nkomo,0,0,"",""
ball,2,9.6,Thailand,R Padunglerd,N Boochatham,J Nkomo,0,0,"",""
ball,2,10.1,Thailand,N Boochatham,R Padunglerd,P Marange,0,0,"",""
ball,2,10.2,Thailand,N Boochatham,R Padunglerd,P Marange,0,1,"",""
ball,2,10.3,Thailand,N Boochatham,R Padunglerd,P Marange,0,0,"",""
ball,2,10.4,Thailand,N Boochatham,R Padunglerd,P Marange,0,0,"",""
ball,2,10.5,Thailand,N Boochatham,R Padunglerd,P Marange,0,0,"",""
ball,2,10.6,Thailand,N Boochatham,R Padunglerd,P Marange,0,0,"",""
ball,2,10.7,Thailand,N Boochatham,R Padunglerd,P Marange,0,0,"",""
ball,2,11.1,Thailand,R Padunglerd,N Boochatham,J Nkomo,0,1,"",""
ball,2,11.2,Thailand,R Padunglerd,N Boochatham,J Nkomo,2,0,"",""
ball,2,11.3,Thailand,R Padunglerd,N Boochatham,J Nkomo,1,0,"",""
ball,2,11.4,Thailand,N Boochatham,R Padunglerd,J Nkomo,0,0,"",""
ball,2,11.5,Thailand,N Boochatham,R Padunglerd,J Nkomo,1,0,"",""
ball,2,11.6,Thailand,R Padunglerd,N Boochatham,J Nkomo,0,0,"",""
ball,2,11.7,Thailand,R Padunglerd,N Boochatham,J Nkomo,0,0,"",""
ball,2,12.1,Thailand,N Boochatham,R Padunglerd,P Marange,1,0,"",""
ball,2,12.2,Thailand,R Padunglerd,N Boochatham,P Marange,0,0,"",""
ball,2,12.3,Thailand,R Padunglerd,N Boochatham,P Marange,0,0,"",""
ball,2,12.4,Thailand,R Padunglerd,N Boochatham,P Marange,0,0,"",""
ball,2,12.5,Thailand,R Padunglerd,N Boochatham,P Marange,4,0,"",""
ball,2,12.6,Thailand,R Padunglerd,N Boochatham,P Marange,0,0,"",""
ball,2,13.1,Thailand,N Boochatham,R Padunglerd,L Tshuma,0,0,"",""
ball,2,13.2,Thailand,N Boochatham,R Padunglerd,L Tshuma,1,0,"",""
ball,2,13.3,Thailand,R Padunglerd,N Boochatham,L Tshuma,1,0,"",""
ball,2,13.4,Thailand,N Boochatham,R Padunglerd,L Tshuma,1,0,"",""
ball,2,13.5,Thailand,R Padunglerd,N Boochatham,L Tshuma,0,0,"",""
ball,2,13.6,Thailand,R Padunglerd,N Boochatham,L Tshuma,0,0,bowled,R Padunglerd
ball,2,14.1,Thailand,N Boochatham,N Koncharoenkai,P Marange,0,0,"",""
ball,2,14.2,Thailand,N Boochatham,N Koncharoenkai,P Marange,1,0,"",""
ball,2,14.3,Thailand,N Koncharoenkai,N Boochatham,P Marange,0,0,"",""
ball,2,14.4,Thailand,N Koncharoenkai,N Boochatham,P Marange,0,0,"",""
ball,2,14.5,Thailand,N Koncharoenkai,N Boochatham,P Marange,0,0,"",""
ball,2,14.6,Thailand,N Koncharoenkai,N Boochatham,P Marange,0,0,"",""
ball,2,15.1,Thailand,N Boochatham,N Koncharoenkai,L Tshuma,0,0,"",""
ball,2,15.2,Thailand,N Boochatham,N Koncharoenkai,L Tshuma,0,0,"",""
ball,2,15.3,Thailand,N Boochatham,N Koncharoenkai,L Tshuma,0,0,"",""
ball,2,15.4,Thailand,N Boochatham,N Koncharoenkai,L Tshuma,1,0,"",""
ball,2,15.5,Thailand,N Koncharoenkai,N Boochatham,L Tshuma,0,0,"",""
ball,2,15.6,Thailand,N Koncharoenkai,N Boochatham,L Tshuma,0,0,"",""
ball,2,16.1,Thailand,N Boochatham,N Koncharoenkai,P Marange,0,0,"",""
ball,2,16.2,Thailand,N Boochatham,N Koncharoenkai,P Marange,0,0,"",""
ball,2,16.3,Thailand,N Boochatham,N Koncharoenkai,P Marange,0,0,"",""
ball,2,16.4,Thailand,N Boochatham,N Koncharoenkai,P Marange,0,0,caught,N Boochatham
ball,2,16.5,Thailand,S Tippoch,N Koncharoenkai,P Marange,0,0,"",""
ball,2,16.6,Thailand,S Tippoch,N Koncharoenkai,P Marange,0,0,"",""
ball,2,17.1,Thailand,N Koncharoenkai,S Tippoch,L Tshuma,1,0,"",""
ball,2,17.2,Thailand,S Tippoch,N Koncharoenkai,L Tshuma,0,0,"",""
ball,2,17.3,Thailand,S Tippoch,N Koncharoenkai,L Tshuma,0,0,"",""
ball,2,17.4,Thailand,S Tippoch,N Koncharoenkai,L Tshuma,1,0,"",""
ball,2,17.5,Thailand,N Koncharoenkai,S Tippoch,L Tshuma,2,0,"",""
ball,2,17.6,Thailand,N Koncharoenkai,S Tippoch,L Tshuma,0,0,"",""
ball,2,18.1,Thailand,S Tippoch,N Koncharoenkai,P Marange,0,0,"",""
ball,2,18.2,Thailand,S Tippoch,N Koncharoenkai,P Marange,0,0,"",""
ball,2,18.3,Thailand,S Tippoch,N Koncharoenkai,P Marange,1,0,"",""
ball,2,18.4,Thailand,N Koncharoenkai,S Tippoch,P Marange,1,0,"",""
ball,2,18.5,Thailand,S Tippoch,N Koncharoenkai,P Marange,0,0,"",""
ball,2,18.6,Thailand,S Tippoch,N Koncharoenkai,P Marange,0,0,"",""
ball,2,19.1,Thailand,N Koncharoenkai,S Tippoch,L Tshuma,0,0,"",""
ball,2,19.2,Thailand,N Koncharoenkai,S Tippoch,L Tshuma,0,0,"",""
ball,2,19.3,Thailand,N Koncharoenkai,S Tippoch,L Tshuma,1,0,"",""
ball,2,19.4,Thailand,S Tippoch,N Koncharoenkai,L Tshuma,0,0,"",""
ball,2,19.5,Thailand,S Tippoch,N Koncharoenkai,L Tshuma,0,0,"",""
ball,2,19.6,Thailand,S Tippoch,N Koncharoenkai,L Tshuma,0,0,"",""
ball,2,20.1,Thailand,N Koncharoenkai,S Tippoch,P Marange,0,0,"",""
ball,2,20.2,Thailand,N Koncharoenkai,S Tippoch,P Marange,0,0,"",""
ball,2,20.3,Thailand,N Koncharoenkai,S Tippoch,P Marange,0,0,"",""
ball,2,20.4,Thailand,N Koncharoenkai,S Tippoch,P Marange,0,0,"",""
ball,2,20.5,Thailand,N Koncharoenkai,S Tippoch,P Marange,0,0,"",""
ball,2,20.6,Thailand,N Koncharoenkai,S Tippoch,P Marange,0,0,"",""
ball,2,21.1,Thailand,S Tippoch,N Koncharoenkai,L Tshuma,0,0,"",""
ball,2,21.2,Thailand,S Tippoch,N Koncharoenkai,L Tshuma,0,0,"",""
ball,2,21.3,Thailand,S Tippoch,N Koncharoenkai,L Tshuma,1,0,"",""
ball,2,21.4,Thailand,N Koncharoenkai,S Tippoch,L Tshuma,0,0,"",""
ball,2,21.5,Thailand,N Koncharoenkai,S Tippoch,L Tshuma,0,0,"",""
ball,2,21.6,Thailand,N Koncharoenkai,S Tippoch,L Tshuma,0,0,"",""
ball,2,22.1,Thailand,S Tippoch,N Koncharoenkai,P Marange,0,0,"",""
ball,2,22.2,Thailand,S Tippoch,N Koncharoenkai,P Marange,0,0,"",""
ball,2,22.3,Thailand,S Tippoch,N Koncharoenkai,P Marange,0,0,"",""
ball,2,22.4,Thailand,S Tippoch,N Koncharoenkai,P Marange,0,0,"",""
ball,2,22.5,Thailand,S Tippoch,N Koncharoenkai,P Marange,0,0,"",""
ball,2,22.6,Thailand,S Tippoch,N Koncharoenkai,P Marange,1,0,"",""
ball,2,23.1,Thailand,S Tippoch,N Koncharoenkai,L Tshuma,1,0,"",""
ball,2,23.2,Thailand,N Koncharoenkai,S Tippoch,L Tshuma,1,0,"",""
ball,2,23.3,Thailand,S Tippoch,N Koncharoenkai,L Tshuma,0,0,"",""
ball,2,23.4,Thailand,S Tippoch,N Koncharoenkai,L Tshuma,0,0,"",""
ball,2,23.5,Thailand,S Tippoch,N Koncharoenkai,L Tshuma,0,0,"",""
ball,2,23.6,Thailand,S Tippoch,N Koncharoenkai,L Tshuma,0,0,"",""
ball,2,24.1,Thailand,N Koncharoenkai,S Tippoch,P Marange,0,0,"",""
ball,2,24.2,Thailand,N Koncharoenkai,S Tippoch,P Marange,0,0,"",""
ball,2,24.3,Thailand,N Koncharoenkai,S Tippoch,P Marange,0,0,"",""
ball,2,24.4,Thailand,N Koncharoenkai,S Tippoch,P Marange,1,0,"",""
ball,2,24.5,Thailand,S Tippoch,N Koncharoenkai,P Marange,0,0,"",""
ball,2,24.6,Thailand,S Tippoch,N Koncharoenkai,P Marange,0,0,"",""
ball,2,25.1,Thailand,N Koncharoenkai,S Tippoch,L Tshuma,0,0,"",""
ball,2,25.2,Thailand,N Koncharoenkai,S Tippoch,L Tshuma,4,0,"",""
ball,2,25.3,Thailand,N Koncharoenkai,S Tippoch,L Tshuma,1,0,"",""
ball,2,25.4,Thailand,S Tippoch,N Koncharoenkai,L Tshuma,1,0,"",""
ball,2,25.5,Thailand,N Koncharoenkai,S Tippoch,L Tshuma,1,0,"",""
ball,2,25.6,Thailand,S Tippoch,N Koncharoenkai,L Tshuma,1,0,"",""
ball,2,26.1,Thailand,S Tippoch,N Koncharoenkai,P Marange,0,0,"",""
ball,2,26.2,Thailand,S Tippoch,N Koncharoenkai,P Marange,0,0,"",""
ball,2,26.3,Thailand,S Tippoch,N Koncharoenkai,P Marange,0,0,"",""
ball,2,26.4,Thailand,S Tippoch,N Koncharoenkai,P Marange,0,0,"",""
ball,2,26.5,Thailand,S Tippoch,N Koncharoenkai,P Marange,0,0,"",""
ball,2,26.6,Thailand,S Tippoch,N Koncharoenkai,P Marange,0,0,"",""
ball,2,27.1,Thailand,N Koncharoenkai,S Tippoch,N Mutasa,0,0,"",""
ball,2,27.2,Thailand,N Koncharoenkai,S Tippoch,N Mutasa,0,0,"",""
ball,2,27.3,Thailand,N Koncharoenkai,S Tippoch,N Mutasa,0,0,"",""
ball,2,27.4,Thailand,N Koncharoenkai,S Tippoch,N Mutasa,1,0,"",""
ball,2,27.5,Thailand,S Tippoch,N Koncharoenkai,N Mutasa,2,0,"",""
ball,2,27.6,Thailand,S Tippoch,N Koncharoenkai,N Mutasa,0,0,"",""
ball,2,28.1,Thailand,N Koncharoenkai,S Tippoch,P Marange,1,0,"",""
ball,2,28.2,Thailand,S Tippoch,N Koncharoenkai,P Marange,0,0,"",""
ball,2,28.3,Thailand,S Tippoch,N Koncharoenkai,P Marange,0,0,"",""
ball,2,28.4,Thailand,S Tippoch,N Koncharoenkai,P Marange,1,0,"",""
ball,2,28.5,Thailand,N Koncharoenkai,S Tippoch,P Marange,1,0,"",""
ball,2,28.6,Thailand,S Tippoch,N Koncharoenkai,P Marange,0,0,"",""
ball,2,29.1,Thailand,N Koncharoenkai,S Tippoch,N Mutasa,0,0,caught,N Koncharoenkai
ball,2,29.2,Thailand,C Sutthiruang,S Tippoch,N Mutasa,0,0,"",""
ball,2,29.3,Thailand,C Sutthiruang,S Tippoch,N Mutasa,1,0,"",""
ball,2,29.4,Thailand,S Tippoch,C Sutthiruang,N Mutasa,0,0,"",""
ball,2,29.5,Thailand,S Tippoch,C Sutthiruang,N Mutasa,0,0,"",""
ball,2,29.6,Thailand,S Tippoch,C Sutthiruang,N Mutasa,0,0,"",""
ball,2,30.1,Thailand,C Sutthiruang,S Tippoch,M Musonda,0,0,"",""
ball,2,30.2,Thailand,C Sutthiruang,S Tippoch,M Musonda,0,0,"",""
ball,2,30.3,Thailand,C Sutthiruang,S Tippoch,M Musonda,0,0,"",""
ball,2,30.4,Thailand,C Sutthiruang,S Tippoch,M Musonda,1,0,"",""
ball,2,30.5,Thailand,S Tippoch,C Sutthiruang,M Musonda,1,0,"",""
ball,2,30.6,Thailand,C Sutthiruang,S Tippoch,M Musonda,1,0,"",""
ball,2,31.1,Thailand,C Sutthiruang,S Tippoch,N Mutasa,0,0,"",""
ball,2,31.2,Thailand,C Sutthiruang,S Tippoch,N Mutasa,1,0,"",""
ball,2,31.3,Thailand,S Tippoch,C Sutthiruang,N Mutasa,0,0,"",""
ball,2,31.4,Thailand,S Tippoch,C Sutthiruang,N Mutasa,4,0,"",""
ball,2,31.5,Thailand,S Tippoch,C Sutthiruang,N Mutasa,0,0,"",""
ball,2,31.6,Thailand,S Tippoch,C Sutthiruang,N Mutasa,0,0,"",""
ball,2,32.1,Thailand,C Sutthiruang,S Tippoch,M Musonda,4,1,"",""
ball,2,32.2,Thailand,C Sutthiruang,S Tippoch,M Musonda,4,0,"",""
ball,2,32.3,Thailand,C Sutthiruang,S Tippoch,M Musonda,0,0,"",""
ball,2,32.4,Thailand,C Sutthiruang,S Tippoch,M Musonda,0,0,caught,C Sutthiruang
ball,2,32.5,Thailand,N Chaiwai,S Tippoch,M Musonda,0,0,"",""
ball,2,32.6,Thailand,N Chaiwai,S Tippoch,M Musonda,0,0,"",""
ball,2,32.7,Thailand,N Chaiwai,S Tippoch,M Musonda,0,0,"",""
ball,2,33.1,Thailand,S Tippoch,N Chaiwai,T Granger,0,0,"",""
ball,2,33.2,Thailand,S Tippoch,N Chaiwai,T Granger,1,0,"",""
ball,2,33.3,Thailand,N Chaiwai,S Tippoch,T Granger,2,0,"",""
ball,2,33.4,Thailand,N Chaiwai,S Tippoch,T Granger,0,0,"",""
ball,2,33.5,Thailand,N Chaiwai,S Tippoch,T Granger,0,0,"",""
ball,2,33.6,Thailand,N Chaiwai,S Tippoch,T Granger,0,0,"",""
ball,2,34.1,Thailand,S Tippoch,N Chaiwai,M Musonda,0,0,"",""
ball,2,34.2,Thailand,S Tippoch,N Chaiwai,M Musonda,0,0,"",""
ball,2,34.3,Thailand,S Tippoch,N Chaiwai,M Musonda,0,0,"",""
ball,2,34.4,Thailand,S Tippoch,N Chaiwai,M Musonda,1,0,"",""
ball,2,34.5,Thailand,N Chaiwai,S Tippoch,M Musonda,0,0,"",""
ball,2,34.6,Thailand,N Chaiwai,S Tippoch,M Musonda,0,0,"",""
ball,2,35.1,Thailand,S Tippoch,N Chaiwai,T Granger,0,0,"",""
ball,2,35.2,Thailand,S Tippoch,N Chaiwai,T Granger,2,0,"",""
ball,2,35.3,Thailand,S Tippoch,N Chaiwai,T Granger,0,0,"",""
ball,2,35.4,Thailand,S Tippoch,N Chaiwai,T Granger,1,0,"",""
ball,2,35.5,Thailand,N Chaiwai,S Tippoch,T Granger,0,0,"",""
ball,2,35.6,Thailand,N Chaiwai,S Tippoch,T Granger,1,0,"",""
ball,2,36.1,Thailand,N Chaiwai,S Tippoch,M Musonda,1,0,"",""
ball,2,36.2,Thailand,S Tippoch,N Chaiwai,M Musonda,1,1,"",""
ball,2,36.3,Thailand,N Chaiwai,S Tippoch,M Musonda,0,0,"",""
ball,2,36.4,Thailand,N Chaiwai,S Tippoch,M Musonda,1,0,"",""
ball,2,36.5,Thailand,S Tippoch,N Chaiwai,M Musonda,1,0,"",""
ball,2,36.6,Thailand,N Chaiwai,S Tippoch,M Musonda,0,0,"",""
ball,2,36.7,Thailand,N Chaiwai,S Tippoch,M Musonda,0,1,"",""
ball,2,36.8,Thailand,N Chaiwai,S Tippoch,M Musonda,1,0,"",""
ball,2,37.1,Thailand,N Chaiwai,S Tippoch,T Granger,0,0,"",""
ball,2,37.2,Thailand,N Chaiwai,S Tippoch,T Granger,0,0,"",""
ball,2,37.3,Thailand,N Chaiwai,S Tippoch,T Granger,0,0,"",""
ball,2,37.4,Thailand,N Chaiwai,S Tippoch,T Granger,0,0,"",""
ball,2,37.5,Thailand,N Chaiwai,S Tippoch,T Granger,0,1,"",""
ball,2,37.6,Thailand,N Chaiwai,S Tippoch,T Granger,4,0,"",""
ball,2,37.7,Thailand,N Chaiwai,S Tippoch,T Granger,0,0,"",""
ball,2,38.1,Thailand,S Tippoch,N Chaiwai,J Nkomo,1,0,"",""
ball,2,38.2,Thailand,N Chaiwai,S Tippoch,J Nkomo,1,0,"",""
ball,2,38.3,Thailand,S Tippoch,N Chaiwai,J Nkomo,1,0,"",""
ball,2,38.4,Thailand,N Chaiwai,S Tippoch,J Nkomo,1,0,"",""
ball,2,38.5,Thailand,S Tippoch,N Chaiwai,J Nkomo,1,0,"",""
ball,2,38.6,Thailand,N Chaiwai,S Tippoch,J Nkomo,0,1,"",""
ball,2,39.1,Thailand,N Chaiwai,S Tippoch,T Granger,1,0,"",""
ball,2,39.2,Thailand,S Tippoch,N Chaiwai,T Granger,4,0,"",""
ball,2,39.3,Thailand,S Tippoch,N Chaiwai,T Granger,1,0,"",""
ball,2,39.4,Thailand,N Chaiwai,S Tippoch,T Granger,0,0,"",""
ball,2,39.5,Thailand,N Chaiwai,S Tippoch,T Granger,0,0,"",""
ball,2,39.6,Thailand,N Chaiwai,S Tippoch,T Granger,0,0,"",""
ball,2,40.1,Thailand,S Tippoch,N Chaiwai,J Nkomo,1,0,"",""
ball,2,40.2,Thailand,N Chaiwai,S Tippoch,J Nkomo,0,1,"",""
ball,2,40.3,Thailand,S Tippoch,N Chaiwai,J Nkomo,1,0,"",""
ball,2,40.4,Thailand,N Chaiwai,S Tippoch,J Nkomo,0,0,"",""
ball,2,40.5,Thailand,N Chaiwai,S Tippoch,J Nkomo,4,0,"",""
ball,2,40.6,Thailand,N Chaiwai,S Tippoch,J Nkomo,1,0,"",""
ball,2,41.1,Thailand,N Chaiwai,S Tippoch,T Granger,0,1,"",""
ball,2,41.2,Thailand,N Chaiwai,S Tippoch,T Granger,1,0,"",""
ball,2,41.3,Thailand,S Tippoch,N Chaiwai,T Granger,1,0,"",""
ball,2,41.4,Thailand,N Chaiwai,S Tippoch,T Granger,0,0,"",""
ball,2,41.5,Thailand,N Chaiwai,S Tippoch,T Granger,1,0,"",""
ball,2,41.6,Thailand,S Tippoch,N Chaiwai,T Granger,0,0,"",""
ball,2,41.7,Thailand,S Tippoch,N Chaiwai,T Granger,0,0,"",""
ball,2,42.1,Thailand,N Chaiwai,S Tippoch,J Nkomo,1,0,"",""
ball,2,42.2,Thailand,S Tippoch,N Chaiwai,J Nkomo,0,0,"",""
ball,2,42.3,Thailand,S Tippoch,N Chaiwai,J Nkomo,0,0,"",""
ball,2,42.4,Thailand,S Tippoch,N Chaiwai,J Nkomo,0,0,"",""
ball,2,42.5,Thailand,S Tippoch,N Chaiwai,J Nkomo,1,0,"",""
ball,2,42.6,Thailand,N Chaiwai,S Tippoch,J Nkomo,2,0,"",""
ball,2,43.1,Thailand,S Tippoch,N Chaiwai,T Granger,1,0,"",""
ball,2,43.2,Thailand,N Chaiwai,S Tippoch,T Granger,0,0,"",""
ball,2,43.3,Thailand,N Chaiwai,S Tippoch,T Granger,0,0,"",""
ball,2,43.4,Thailand,N Chaiwai,S Tippoch,T Granger,1,0,"",""
ball,2,43.5,Thailand,S Tippoch,N Chaiwai,T Granger,1,0,"",""
ball,2,43.6,Thailand,N Chaiwai,S Tippoch,T Granger,1,0,"",""
ball,2,44.1,Thailand,N Chaiwai,S Tippoch,L Tshuma,0,0,"",""
ball,2,44.2,Thailand,N Chaiwai,S Tippoch,L Tshuma,1,0,"",""
ball,2,44.3,Thailand,S Tippoch,N Chaiwai,L Tshuma,1,0,"",""
ball,2,44.4,Thailand,N Chaiwai,S Tippoch,L Tshuma,1,0,"",""
ball,2,44.5,Thailand,S Tippoch,N Chaiwai,L Tshuma,0,0,run out,N Chaiwai
ball,2,44.6,Thailand,S Tippoch,S Saenya,L Tshuma,2,0,"",""
ball,2,45.1,Thailand,S Saenya,S Tippoch,T Granger,1,0,"",""
ball,2,45.2,Thailand,S Tippoch,S Saenya,T Granger,1,0,"",""
ball,2,45.3,Thailand,S Saenya,S Tippoch,T Granger,0,0,caught,S Saenya
ball,2,45.4,Thailand,S Tippoch,S Laomi,T Granger,1,0,"",""
ball,2,45.5,Thailand,S Laomi,S Tippoch,T Granger,0,0,"",""
ball,2,45.6,Thailand,S Laomi,S Tippoch,T Granger,0,1,"",""
ball,2,45.7,Thailand,S Laomi,S Tippoch,T Granger,0,0,bowled,S Laomi
ball,2,46.1,Thailand,S Tippoch,S Lateh,J Nkomo,0,0,"",""
ball,2,46.2,Thailand,S Tippoch,S Lateh,J Nkomo,0,0,"",""
ball,2,46.3,Thailand,S Tippoch,S Lateh,J Nkomo,2,0,"",""
ball,2,46.4,Thailand,S Tippoch,S Lateh,J Nkomo,0,1,"",""
ball,2,46.5,Thailand,S Tippoch,S Lateh,J Nkomo,0,0,"",""
ball,2,46.6,Thailand,S Tippoch,S Lateh,J Nkomo,1,0,"",""
ball,2,46.7,Thailand,S Lateh,S Tippoch,J Nkomo,0,0,"",""
ball,2,47.1,Thailand,S Tippoch,S Lateh,N Mutasa,4,0,"",""
ball,2,47.2,Thailand,S Tippoch,S Lateh,N Mutasa,2,0,"",""
ball,2,47.3,Thailand,S Tippoch,S Lateh,N Mutasa,0,0,caught,S Tippoch
