version,1.3.0
info,team,Ireland
info,team,Zimbabwe
info,gender,female
info,season,2016/17
info,date,2017/02/07
info,competition,ICC Women's World Cup Qualifier
info,match_number,2
info,venue,Mercantile Cricket Association Ground
info,city,Colombo
info,neutralvenue,true
info,toss_winner,Zimbabwe
info,toss_decision,field
info,player_of_match,KJ Garth
info,umpire,AK Chaudhary
info,umpire,JM Williams
info,reserve_umpire,RD Kottahachchi
info,winner,Ireland
info,winner_runs,119
ball,1,0.1,Ireland,MF Kendal,CNIM Joyce,N Mutasa,0,0,"",""
ball,1,0.2,Ireland,MF Kendal,CNIM Joyce,N Mutasa,4,0,"",""
ball,1,0.3,Ireland,MF Kendal,CNIM Joyce,N Mutasa,0,0,"",""
ball,1,0.4,Ireland,MF Kendal,CNIM Joyce,N Mutasa,1,0,"",""
ball,1,0.5,Ireland,CNIM Joyce,MF Kendal,N Mutasa,1,0,"",""
ball,1,0.6,Ireland,MF Kendal,CNIM Joyce,N Mutasa,2,0,"",""
ball,1,1.1,Ireland,CNIM Joyce,MF Kendal,E Mbofana,0,0,"",""
ball,1,1.2,Ireland,CNIM Joyce,MF Kendal,E Mbofana,4,0,"",""
ball,1,1.3,Ireland,CNIM Joyce,MF Kendal,E Mbofana,0,0,"",""
ball,1,1.4,Ireland,CNIM Joyce,MF Kendal,E Mbofana,0,0,"",""
ball,1,1.5,Ireland,CNIM Joyce,MF Kendal,E Mbofana,4,0,"",""
ball,1,1.6,Ireland,CNIM Joyce,MF Kendal,E Mbofana,0,0,"",""
ball,1,2.1,Ireland,MF Kendal,CNIM Joyce,N Mutasa,0,0,"",""
ball,1,2.2,Ireland,MF Kendal,CNIM Joyce,N Mutasa,0,1,"",""
ball,1,2.3,Ireland,MF Kendal,CNIM Joyce,N Mutasa,0,0,"",""
ball,1,2.4,Ireland,MF Kendal,CNIM Joyce,N Mutasa,0,0,"",""
ball,1,2.5,Ireland,MF Kendal,CNIM Joyce,N Mutasa,0,0,"",""
ball,1,2.6,Ireland,MF Kendal,CNIM Joyce,N Mutasa,0,0,"",""
ball,1,2.7,Ireland,MF Kendal,CNIM Joyce,N Mutasa,0,0,"",""
ball,1,3.1,Ireland,CNIM Joyce,MF Kendal,E Mbofana,0,0,"",""
ball,1,3.2,Ireland,CNIM Joyce,MF Kendal,E Mbofana,4,0,"",""
ball,1,3.3,Ireland,CNIM Joyce,MF Kendal,E Mbofana,4,0,"",""
ball,1,3.4,Ireland,CNIM Joyce,MF Kendal,E Mbofana,0,0,"",""
ball,1,3.5,Ireland,CNIM Joyce,MF Kendal,E Mbofana,0,0,"",""
ball,1,3.6,Ireland,CNIM Joyce,MF Kendal,E Mbofana,0,0,"",""
ball,1,4.1,Ireland,MF Kendal,CNIM Joyce,N Mutasa,0,0,"",""
ball,1,4.2,Ireland,MF Kendal,CNIM Joyce,N Mutasa,0,0,"",""
ball,1,4.3,Ireland,MF Kendal,CNIM Joyce,N Mutasa,0,0,"",""
ball,1,4.4,Ireland,MF Kendal,CNIM Joyce,N Mutasa,0,0,"",""
ball,1,4.5,Ireland,MF Kendal,CNIM Joyce,N Mutasa,0,0,"",""
ball,1,4.6,Ireland,MF Kendal,CNIM Joyce,N Mutasa,0,0,"",""
ball,1,5.1,Ireland,CNIM Joyce,MF Kendal,J Nkomo,0,1,"",""
ball,1,5.2,Ireland,MF Kendal,CNIM Joyce,J Nkomo,0,0,"",""
ball,1,5.3,Ireland,MF Kendal,CNIM Joyce,J Nkomo,0,0,"",""
ball,1,5.4,Ireland,MF Kendal,CNIM Joyce,J Nkomo,0,0,"",""
ball,1,5.5,Ireland,MF Kendal,CNIM Joyce,J Nkomo,0,0,"",""
ball,1,5.6,Ireland,MF Kendal,CNIM Joyce,J Nkomo,0,0,"",""
ball,1,6.1,Ireland,CNIM Joyce,MF Kendal,N Mutasa,0,0,"",""
ball,1,6.2,Ireland,CNIM Joyce,MF Kendal,N Mutasa,0,0,"",""
ball,1,6.3,Ireland,CNIM Joyce,MF Kendal,N Mutasa,1,0,"",""
ball,1,6.4,Ireland,MF Kendal,CNIM Joyce,N Mutasa,0,0,"",""
ball,1,6.5,Ireland,MF Kendal,CNIM Joyce,N Mutasa,0,0,"",""
ball,1,6.6,Ireland,MF Kendal,CNIM Joyce,N Mutasa,0,0,caught,MF Kendal
ball,1,7.1,Ireland,CNIM Joyce,KJ Garth,J Nkomo,0,0,"",""
ball,1,7.2,Ireland,CNIM Joyce,KJ Garth,J Nkomo,0,0,"",""
ball,1,7.3,Ireland,CNIM Joyce,KJ Garth,J Nkomo,0,1,"",""
ball,1,7.4,Ireland,CNIM Joyce,KJ Garth,J Nkomo,0,0,"",""
ball,1,7.5,Ireland,CNIM Joyce,KJ Garth,J Nkomo,0,0,"",""
ball,1,7.6,Ireland,CNIM Joyce,KJ Garth,J Nkomo,0,0,"",""
ball,1,7.7,Ireland,CNIM Joyce,KJ Garth,J Nkomo,0,0,"",""
ball,1,8.1,Ireland,KJ Garth,CNIM Joyce,N Mutasa,0,0,"",""
ball,1,8.2,Ireland,KJ Garth,CNIM Joyce,N Mutasa,0,0,"",""
ball,1,8.3,Ireland,KJ Garth,CNIM Joyce,N Mutasa,4,0,"",""
ball,1,8.4,Ireland,KJ Garth,CNIM Joyce,N Mutasa,0,0,"",""
ball,1,8.5,Ireland,KJ Garth,CNIM Joyce,N Mutasa,0,0,"",""
ball,1,8.6,Ireland,KJ Garth,CNIM Joyce,N Mutasa,0,1,"",""
ball,1,8.7,Ireland,KJ Garth,CNIM Joyce,N Mutasa,0,0,"",""
ball,1,9.1,Ireland,CNIM Joyce,KJ Garth,J Nkomo,0,0,"",""
ball,1,9.2,Ireland,CNIM Joyce,KJ Garth,J Nkomo,2,0,"",""
ball,1,9.3,Ireland,CNIM Joyce,KJ Garth,J Nkomo,4,0,"",""
ball,1,9.4,Ireland,CNIM Joyce,KJ Garth,J Nkomo,0,0,"",""
ball,1,9.5,Ireland,CNIM Joyce,KJ Garth,J Nkomo,0,0,"",""
ball,1,9.6,Ireland,CNIM Joyce,KJ Garth,J Nkomo,0,0,"",""
ball,1,10.1,Ireland,KJ Garth,CNIM Joyce,P Marange,0,0,"",""
ball,1,10.2,Ireland,KJ Garth,CNIM Joyce,P Marange,0,0,"",""
ball,1,10.3,Ireland,KJ Garth,CNIM Joyce,P Marange,1,0,"",""
ball,1,10.4,Ireland,CNIM Joyce,KJ Garth,P Marange,1,0,"",""
ball,1,10.5,Ireland,KJ Garth,CNIM Joyce,P Marange,0,0,"",""
ball,1,10.6,Ireland,KJ Garth,CNIM Joyce,P Marange,0,0,"",""
ball,1,11.1,Ireland,CNIM Joyce,KJ Garth,J Nkomo,0,0,"",""
ball,1,11.2,Ireland,CNIM Joyce,KJ Garth,J Nkomo,0,0,"",""
ball,1,11.3,Ireland,CNIM Joyce,KJ Garth,J Nkomo,0,0,"",""
ball,1,11.4,Ireland,CNIM Joyce,KJ Garth,J Nkomo,0,0,"",""
ball,1,11.5,Ireland,CNIM Joyce,KJ Garth,J Nkomo,0,0,"",""
ball,1,11.6,Ireland,CNIM Joyce,KJ Garth,J Nkomo,1,0,"",""
ball,1,12.1,Ireland,CNIM Joyce,KJ Garth,P Marange,0,0,"",""
ball,1,12.2,Ireland,CNIM Joyce,KJ Garth,P Marange,0,0,bowled,CNIM Joyce
ball,1,12.3,Ireland,L Delany,KJ Garth,P Marange,0,0,"",""
ball,1,12.4,Ireland,L Delany,KJ Garth,P Marange,0,0,"",""
ball,1,12.5,Ireland,L Delany,KJ Garth,P Marange,0,0,"",""
ball,1,12.6,Ireland,L Delany,KJ Garth,P Marange,0,0,"",""
ball,1,13.1,Ireland,KJ Garth,L Delany,J Nkomo,1,0,"",""
ball,1,13.2,Ireland,L Delany,KJ Garth,J Nkomo,1,0,"",""
ball,1,13.3,Ireland,KJ Garth,L Delany,J Nkomo,1,0,"",""
ball,1,13.4,Ireland,L Delany,KJ Garth,J Nkomo,0,0,"",""
ball,1,13.5,Ireland,L Delany,KJ Garth,J Nkomo,1,0,"",""
ball,1,13.6,Ireland,KJ Garth,L Delany,J Nkomo,1,0,"",""
ball,1,14.1,Ireland,KJ Garth,L Delany,P Marange,0,0,"",""
ball,1,14.2,Ireland,KJ Garth,L Delany,P Marange,0,0,"",""
ball,1,14.3,Ireland,KJ Garth,L Delany,P Marange,0,0,"",""
ball,1,14.4,Ireland,KJ Garth,L Delany,P Marange,0,0,"",""
ball,1,14.5,Ireland,KJ Garth,L Delany,P Marange,0,0,"",""
ball,1,14.6,Ireland,KJ Garth,L Delany,P Marange,1,0,"",""
ball,1,15.1,Ireland,KJ Garth,L Delany,T Granger,0,0,"",""
ball,1,15.2,Ireland,KJ Garth,L Delany,T Granger,0,0,"",""
ball,1,15.3,Ireland,KJ Garth,L Delany,T Granger,0,0,"",""
ball,1,15.4,Ireland,KJ Garth,L Delany,T Granger,0,0,"",""
ball,1,15.5,Ireland,KJ Garth,L Delany,T Granger,0,1,"",""
ball,1,15.6,Ireland,KJ Garth,L Delany,T Granger,0,0,"",""
ball,1,15.7,Ireland,KJ Garth,L Delany,T Granger,0,0,"",""
ball,1,16.1,Ireland,L Delany,KJ Garth,P Marange,0,0,"",""
ball,1,16.2,Ireland,L Delany,KJ Garth,P Marange,2,0,"",""
ball,1,16.3,Ireland,L Delany,KJ Garth,P Marange,0,0,"",""
ball,1,16.4,Ireland,L Delany,KJ Garth,P Marange,0,0,"",""
ball,1,16.5,Ireland,L Delany,KJ Garth,P Marange,0,0,"",""
ball,1,16.6,Ireland,L Delany,KJ Garth,P Marange,0,0,"",""
ball,1,17.1,Ireland,KJ Garth,L Delany,T Granger,0,0,"",""
ball,1,17.2,Ireland,KJ Garth,L Delany,T Granger,0,0,"",""
ball,1,17.3,Ireland,KJ Garth,L Delany,T Granger,0,0,"",""
ball,1,17.4,Ireland,KJ Garth,L Delany,T Granger,0,0,"",""
ball,1,17.5,Ireland,KJ Garth,L Delany,T Granger,0,0,"",""
ball,1,17.6,Ireland,KJ Garth,L Delany,T Granger,0,0,"",""
ball,1,18.1,Ireland,L Delany,KJ Garth,P Marange,0,0,"",""
ball,1,18.2,Ireland,L Delany,KJ Garth,P Marange,1,0,"",""
ball,1,18.3,Ireland,KJ Garth,L Delany,P Marange,1,0,"",""
ball,1,18.4,Ireland,L Delany,KJ Garth,P Marange,0,0,"",""
ball,1,18.5,Ireland,L Delany,KJ Garth,P Marange,1,0,"",""
ball,1,18.6,Ireland,KJ Garth,L Delany,P Marange,1,0,"",""
ball,1,19.1,Ireland,KJ Garth,L Delany,T Granger,0,0,"",""
ball,1,19.2,Ireland,KJ Garth,L Delany,T Granger,1,0,"",""
ball,1,19.3,Ireland,L Delany,KJ Garth,T Granger,0,0,"",""
ball,1,19.4,Ireland,L Delany,KJ Garth,T Granger,1,0,"",""
ball,1,19.5,Ireland,KJ Garth,L Delany,T Granger,0,0,"",""
ball,1,19.6,Ireland,KJ Garth,L Delany,T Granger,1,0,"",""
ball,1,20.1,Ireland,KJ Garth,L Delany,P Marange,0,0,"",""
ball,1,20.2,Ireland,KJ Garth,L Delany,P Marange,0,0,"",""
ball,1,20.3,Ireland,KJ Garth,L Delany,P Marange,0,0,"",""
ball,1,20.4,Ireland,KJ Garth,L Delany,P Marange,1,0,"",""
ball,1,20.5,Ireland,L Delany,KJ Garth,P Marange,2,0,"",""
ball,1,20.6,Ireland,L Delany,KJ Garth,P Marange,0,0,"",""
ball,1,21.1,Ireland,KJ Garth,L Delany,T Granger,0,0,"",""
ball,1,21.2,Ireland,KJ Garth,L Delany,T Granger,2,0,"",""
ball,1,21.3,Ireland,KJ Garth,L Delany,T Granger,4,0,"",""
ball,1,21.4,Ireland,KJ Garth,L Delany,T Granger,0,0,"",""
ball,1,21.5,Ireland,KJ Garth,L Delany,T Granger,0,0,"",""
ball,1,21.6,Ireland,KJ Garth,L Delany,T Granger,0,0,"",""
ball,1,22.1,Ireland,L Delany,KJ Garth,P Marange,0,0,"",""
ball,1,22.2,Ireland,L Delany,KJ Garth,P Marange,0,0,"",""
ball,1,22.3,Ireland,L Delany,KJ Garth,P Marange,0,0,"",""
ball,1,22.4,Ireland,L Delany,KJ Garth,P Marange,2,0,"",""
ball,1,22.5,Ireland,L Delany,KJ Garth,P Marange,0,0,"",""
ball,1,22.6,Ireland,L Delany,KJ Garth,P Marange,0,0,"",""
ball,1,23.1,Ireland,KJ Garth,L Delany,T Granger,0,0,"",""
ball,1,23.2,Ireland,KJ Garth,L Delany,T Granger,0,0,"",""
ball,1,23.3,Ireland,KJ Garth,L Delany,T Granger,1,0,"",""
ball,1,23.4,Ireland,L Delany,KJ Garth,T Granger,0,1,"",""
ball,1,23.5,Ireland,L Delany,KJ Garth,T Granger,2,0,"",""
ball,1,23.6,Ireland,L Delany,KJ Garth,T Granger,0,1,"",""
ball,1,23.7,Ireland,L Delany,KJ Garth,T Granger,0,1,"",""
ball,1,23.8,Ireland,L Delany,KJ Garth,T Granger,0,0,"",""
ball,1,23.9,Ireland,L Delany,KJ Garth,T Granger,0,0,"",""
ball,1,24.1,Ireland,KJ Garth,L Delany,P Marange,0,0,"",""
ball,1,24.2,Ireland,KJ Garth,L Delany,P Marange,1,0,"",""
ball,1,24.3,Ireland,L Delany,KJ Garth,P Marange,1,0,"",""
ball,1,24.4,Ireland,KJ Garth,L Delany,P Marange,1,0,"",""
ball,1,24.5,Ireland,L Delany,KJ Garth,P Marange,0,0,"",""
ball,1,24.6,Ireland,L Delany,KJ Garth,P Marange,0,0,"",""
ball,1,25.1,Ireland,KJ Garth,L Delany,T Granger,0,0,"",""
ball,1,25.2,Ireland,KJ Garth,L Delany,T Granger,0,0,"",""
ball,1,25.3,Ireland,KJ Garth,L Delany,T Granger,0,0,"",""
ball,1,25.4,Ireland,KJ Garth,L Delany,T Granger,0,0,"",""
ball,1,25.5,Ireland,KJ Garth,L Delany,T Granger,0,0,"",""
ball,1,25.6,Ireland,KJ Garth,L Delany,T Granger,0,0,"",""
ball,1,26.1,Ireland,L Delany,KJ Garth,P Marange,1,0,"",""
ball,1,26.2,Ireland,KJ Garth,L Delany,P Marange,0,0,"",""
ball,1,26.3,Ireland,KJ Garth,L Delany,P Marange,0,0,"",""
ball,1,26.4,Ireland,KJ Garth,L Delany,P Marange,0,0,"",""
ball,1,26.5,Ireland,KJ Garth,L Delany,P Marange,0,0,"",""
ball,1,26.6,Ireland,KJ Garth,L Delany,P Marange,0,0,"",""
ball,1,27.1,Ireland,L Delany,KJ Garth,T Granger,1,0,"",""
ball,1,27.2,Ireland,KJ Garth,L Delany,T Granger,4,0,"",""
ball,1,27.3,Ireland,KJ Garth,L Delany,T Granger,1,0,"",""
ball,1,27.4,Ireland,L Delany,KJ Garth,T Granger,0,0,"",""
ball,1,27.5,Ireland,L Delany,KJ Garth,T Granger,0,0,"",""
ball,1,27.6,Ireland,L Delany,KJ Garth,T Granger,1,0,"",""
ball,1,28.1,Ireland,L Delany,KJ Garth,P Marange,0,0,"",""
ball,1,28.2,Ireland,L Delany,KJ Garth,P Marange,0,0,"",""
ball,1,28.3,Ireland,L Delany,KJ Garth,P Marange,4,0,"",""
ball,1,28.4,Ireland,L Delany,KJ Garth,P Marange,1,0,"",""
ball,1,28.5,Ireland,KJ Garth,L Delany,P Marange,0,0,"",""
ball,1,28.6,Ireland,KJ Garth,L Delany,P Marange,0,0,"",""
ball,1,29.1,Ireland,L Delany,KJ Garth,M Musonda,4,0,"",""
ball,1,29.2,Ireland,L Delany,KJ Garth,M Musonda,0,0,"",""
ball,1,29.3,Ireland,L Delany,KJ Garth,M Musonda,1,1,"",""
ball,1,29.4,Ireland,KJ Garth,L Delany,M Musonda,1,0,"",""
ball,1,29.5,Ireland,L Delany,KJ Garth,M Musonda,4,0,"",""
ball,1,29.6,Ireland,L Delany,KJ Garth,M Musonda,0,1,"",""
ball,1,29.7,Ireland,L Delany,KJ Garth,M Musonda,0,0,"",""
ball,1,29.8,Ireland,L Delany,KJ Garth,M Musonda,0,0,"",""
ball,1,30.1,Ireland,KJ Garth,L Delany,L Tshuma,0,0,"",""
ball,1,30.2,Ireland,KJ Garth,L Delany,L Tshuma,1,0,"",""
ball,1,30.3,Ireland,L Delany,KJ Garth,L Tshuma,0,0,"",""
ball,1,30.4,Ireland,L Delany,KJ Garth,L Tshuma,0,0,"",""
ball,1,30.5,Ireland,L Delany,KJ Garth,L Tshuma,1,0,"",""
ball,1,30.6,Ireland,KJ Garth,L Delany,L Tshuma,0,0,"",""
ball,1,31.1,Ireland,L Delany,KJ Garth,J Nkomo,0,1,"",""
ball,1,31.2,Ireland,L Delany,KJ Garth,J Nkomo,0,1,"",""
ball,1,31.3,Ireland,L Delany,KJ Garth,J Nkomo,1,0,"",""
ball,1,31.4,Ireland,KJ Garth,L Delany,J Nkomo,1,0,"",""
ball,1,31.5,Ireland,L Delany,KJ Garth,J Nkomo,0,0,"",""
ball,1,31.6,Ireland,L Delany,KJ Garth,J Nkomo,0,1,"",""
ball,1,31.7,Ireland,L Delany,KJ Garth,J Nkomo,0,1,"",""
ball,1,31.8,Ireland,KJ Garth,L Delany,J Nkomo,0,0,"",""
ball,1,31.9,Ireland,KJ Garth,L Delany,J Nkomo,0,0,"",""
ball,1,32.1,Ireland,L Delany,KJ Garth,L Tshuma,1,0,"",""
ball,1,32.2,Ireland,KJ Garth,L Delany,L Tshuma,1,0,"",""
ball,1,32.3,Ireland,L Delany,KJ Garth,L Tshuma,1,0,"",""
ball,1,32.4,Ireland,KJ Garth,L Delany,L Tshuma,1,0,"",""
ball,1,32.5,Ireland,L Delany,KJ Garth,L Tshuma,2,0,"",""
ball,1,32.6,Ireland,L Delany,KJ Garth,L Tshuma,0,0,"",""
ball,1,33.1,Ireland,KJ Garth,L Delany,J Nkomo,0,0,"",""
ball,1,33.2,Ireland,KJ Garth,L Delany,J Nkomo,0,1,"",""
ball,1,33.3,Ireland,KJ Garth,L Delany,J Nkomo,4,0,"",""
ball,1,33.4,Ireland,KJ Garth,L Delany,J Nkomo,0,0,"",""
ball,1,33.5,Ireland,KJ Garth,L Delany,J Nkomo,0,0,"",""
ball,1,33.6,Ireland,KJ Garth,L Delany,J Nkomo,0,0,"",""
ball,1,33.7,Ireland,KJ Garth,L Delany,J Nkomo,0,0,"",""
ball,1,34.1,Ireland,L Delany,KJ Garth,L Tshuma,4,0,"",""
ball,1,34.2,Ireland,L Delany,KJ Garth,L Tshuma,0,0,"",""
ball,1,34.3,Ireland,L Delany,KJ Garth,L Tshuma,1,0,"",""
ball,1,34.4,Ireland,KJ Garth,L Delany,L Tshuma,0,0,"",""
ball,1,34.5,Ireland,KJ Garth,L Delany,L Tshuma,0,0,"",""
ball,1,34.6,Ireland,KJ Garth,L Delany,L Tshuma,1,0,"",""
ball,1,35.1,Ireland,KJ Garth,L Delany,J Nkomo,0,0,"",""
ball,1,35.2,Ireland,KJ Garth,L Delany,J Nkomo,1,0,"",""
ball,1,35.3,Ireland,L Delany,KJ Garth,J Nkomo,0,0,"",""
ball,1,35.4,Ireland,L Delany,KJ Garth,J Nkomo,0,0,"",""
ball,1,35.5,Ireland,L Delany,KJ Garth,J Nkomo,4,0,"",""
ball,1,35.6,Ireland,L Delany,KJ Garth,J Nkomo,0,1,"",""
ball,1,35.7,Ireland,L Delany,KJ Garth,J Nkomo,0,0,"",""
ball,1,36.1,Ireland,KJ Garth,L Delany,L Tshuma,1,0,"",""
ball,1,36.2,Ireland,L Delany,KJ Garth,L Tshuma,0,0,"",""
ball,1,36.3,Ireland,L Delany,KJ Garth,L Tshuma,0,0,"",""
ball,1,36.4,Ireland,L Delany,KJ Garth,L Tshuma,1,0,"",""
ball,1,36.5,Ireland,KJ Garth,L Delany,L Tshuma,0,0,"",""
ball,1,36.6,Ireland,KJ Garth,L Delany,L Tshuma,0,0,"",""
ball,1,37.1,Ireland,L Delany,KJ Garth,N Mutasa,0,0,caught,L Delany
ball,1,37.2,Ireland,IMHC Joyce,KJ Garth,N Mutasa,0,0,"",""
ball,1,37.3,Ireland,IMHC Joyce,KJ Garth,N Mutasa,0,0,"",""
ball,1,37.4,Ireland,IMHC Joyce,KJ Garth,N Mutasa,0,0,"",""
ball,1,37.5,Ireland,IMHC Joyce,KJ Garth,N Mutasa,0,0,"",""
ball,1,37.6,Ireland,IMHC Joyce,KJ Garth,N Mutasa,1,0,"",""
ball,1,38.1,Ireland,IMHC Joyce,KJ Garth,L Tshuma,1,0,"",""
ball,1,38.2,Ireland,KJ Garth,IMHC Joyce,L Tshuma,0,0,"",""
ball,1,38.3,Ireland,KJ Garth,IMHC Joyce,L Tshuma,0,0,"",""
ball,1,38.4,Ireland,KJ Garth,IMHC Joyce,L Tshuma,1,0,"",""
ball,1,38.5,Ireland,IMHC Joyce,KJ Garth,L Tshuma,4,0,"",""
ball,1,38.6,Ireland,IMHC Joyce,KJ Garth,L Tshuma,0,0,"",""
ball,1,39.1,Ireland,KJ Garth,IMHC Joyce,N Mutasa,1,0,"",""
ball,1,39.2,Ireland,IMHC Joyce,KJ Garth,N Mutasa,2,0,"",""
ball,1,39.3,Ireland,IMHC Joyce,KJ Garth,N Mutasa,0,0,"",""
ball,1,39.4,Ireland,IMHC Joyce,KJ Garth,N Mutasa,1,0,"",""
ball,1,39.5,Ireland,KJ Garth,IMHC Joyce,N Mutasa,0,0,"",""
ball,1,39.6,Ireland,KJ Garth,IMHC Joyce,N Mutasa,1,0,"",""
ball,1,40.1,Ireland,KJ Garth,IMHC Joyce,L Tshuma,1,0,"",""
ball,1,40.2,Ireland,IMHC Joyce,KJ Garth,L Tshuma,0,0,"",""
ball,1,40.3,Ireland,IMHC Joyce,KJ Garth,L Tshuma,0,0,stumped,IMHC Joyce
ball,1,40.4,Ireland,CMA Shillington,KJ Garth,L Tshuma,0,0,"",""
ball,1,40.5,Ireland,CMA Shillington,KJ Garth,L Tshuma,1,0,"",""
ball,1,40.6,Ireland,KJ Garth,CMA Shillington,L Tshuma,0,0,"",""
ball,1,41.1,Ireland,CMA Shillington,KJ Garth,T Granger,0,0,"",""
ball,1,41.2,Ireland,CMA Shillington,KJ Garth,T Granger,1,0,"",""
ball,1,41.3,Ireland,KJ Garth,CMA Shillington,T Granger,3,0,"",""
ball,1,41.4,Ireland,CMA Shillington,KJ Garth,T Granger,1,0,"",""
ball,1,41.5,Ireland,KJ Garth,CMA Shillington,T Granger,1,0,"",""
ball,1,41.6,Ireland,CMA Shillington,KJ Garth,T Granger,6,0,"",""
ball,1,42.1,Ireland,KJ Garth,CMA Shillington,L Tshuma,1,0,"",""
ball,1,42.2,Ireland,CMA Shillington,KJ Garth,L Tshuma,1,0,"",""
ball,1,42.3,Ireland,KJ Garth,CMA Shillington,L Tshuma,3,0,"",""
ball,1,42.4,Ireland,CMA Shillington,KJ Garth,L Tshuma,0,0,"",""
ball,1,42.5,Ireland,CMA Shillington,KJ Garth,L Tshuma,0,0,"",""
ball,1,42.6,Ireland,CMA Shillington,KJ Garth,L Tshuma,1,0,"",""
ball,1,43.1,Ireland,CMA Shillington,KJ Garth,T Granger,0,0,"",""
ball,1,43.2,Ireland,CMA Shillington,KJ Garth,T Granger,1,0,"",""
ball,1,43.3,Ireland,KJ Garth,CMA Shillington,T Granger,1,0,"",""
ball,1,43.4,Ireland,CMA Shillington,KJ Garth,T Granger,2,0,"",""
ball,1,43.5,Ireland,CMA Shillington,KJ Garth,T Granger,0,0,"",""
ball,1,43.6,Ireland,CMA Shillington,KJ Garth,T Granger,4,0,"",""
ball,1,44.1,Ireland,KJ Garth,CMA Shillington,J Nkomo,0,0,"",""
ball,1,44.2,Ireland,KJ Garth,CMA Shillington,J Nkomo,1,0,"",""
ball,1,44.3,Ireland,CMA Shillington,KJ Garth,J Nkomo,0,2,"",""
ball,1,44.4,Ireland,KJ Garth,CMA Shillington,J Nkomo,1,0,"",""
ball,1,44.5,Ireland,CMA Shillington,KJ Garth,J Nkomo,4,0,"",""
ball,1,44.6,Ireland,CMA Shillington,KJ Garth,J Nkomo,0,1,"",""
ball,1,44.7,Ireland,CMA Shillington,KJ Garth,J Nkomo,4,0,"",""
ball,1,44.8,Ireland,CMA Shillington,KJ Garth,J Nkomo,0,0,"",""
ball,1,45.1,Ireland,KJ Garth,CMA Shillington,N Mutasa,0,0,"",""
ball,1,45.2,Ireland,KJ Garth,CMA Shillington,N Mutasa,2,0,"",""
ball,1,45.3,Ireland,KJ Garth,CMA Shillington,N Mutasa,1,0,"",""
ball,1,45.4,Ireland,KJ Garth,CMA Shillington,N Mutasa,4,0,"",""
ball,1,45.5,Ireland,KJ Garth,CMA Shillington,N Mutasa,1,0,"",""
ball,1,45.6,Ireland,CMA Shillington,KJ Garth,N Mutasa,4,0,"",""
ball,1,46.1,Ireland,KJ Garth,CMA Shillington,J Nkomo,0,0,caught,KJ Garth
ball,1,46.2,Ireland,CMA Shillington,GH Lewis,J Nkomo,0,0,bowled,CMA Shillington
ball,1,46.3,Ireland,MV Waldron,GH Lewis,J Nkomo,0,0,"",""
ball,1,46.4,Ireland,MV Waldron,GH Lewis,J Nkomo,0,1,"",""
ball,1,46.5,Ireland,MV Waldron,GH Lewis,J Nkomo,1,0,"",""
ball,1,46.6,Ireland,GH Lewis,MV Waldron,J Nkomo,0,0,"",""
ball,1,46.7,Ireland,GH Lewis,MV Waldron,J Nkomo,2,0,"",""
ball,1,47.1,Ireland,MV Waldron,GH Lewis,N Mutasa,1,0,"",""
ball,1,47.2,Ireland,GH Lewis,MV Waldron,N Mutasa,1,0,"",""
ball,1,47.3,Ireland,MV Waldron,GH Lewis,N Mutasa,0,1,"",""
ball,1,47.4,Ireland,GH Lewis,MV Waldron,N Mutasa,1,0,"",""
ball,1,47.5,Ireland,MV Waldron,GH Lewis,N Mutasa,4,0,"",""
ball,1,47.6,Ireland,MV Waldron,GH Lewis,N Mutasa,2,0,"",""
ball,1,48.1,Ireland,GH Lewis,MV Waldron,T Granger,1,0,"",""
ball,1,48.2,Ireland,MV Waldron,GH Lewis,T Granger,0,3,"",""
ball,1,48.3,Ireland,MV Waldron,GH Lewis,T Granger,1,0,"",""
ball,1,48.4,Ireland,GH Lewis,MV Waldron,T Granger,0,0,"",""
ball,1,48.5,Ireland,GH Lewis,MV Waldron,T Granger,1,0,"",""
ball,1,48.6,Ireland,MV Waldron,GH Lewis,T Granger,4,0,"",""
ball,1,48.7,Ireland,MV Waldron,GH Lewis,T Granger,1,0,"",""
ball,1,49.1,Ireland,MV Waldron,GH Lewis,N Mutasa,2,0,"",""
ball,1,49.2,Ireland,MV Waldron,GH Lewis,N Mutasa,1,0,"",""
ball,1,49.3,Ireland,GH Lewis,MV Waldron,N Mutasa,3,0,"",""
ball,1,49.4,Ireland,MV Waldron,GH Lewis,N Mutasa,1,0,"",""
ball,1,49.5,Ireland,GH Lewis,MV Waldron,N Mutasa,2,0,"",""
ball,1,49.6,Ireland,GH Lewis,MV Waldron,N Mutasa,2,0,"",""
ball,2,0.1,Zimbabwe,L Tshuma,M Mupachikwa,AJ Kenealy,4,0,"",""
ball,2,0.2,Zimbabwe,L Tshuma,M Mupachikwa,AJ Kenealy,0,0,"",""
ball,2,0.3,Zimbabwe,L Tshuma,M Mupachikwa,AJ Kenealy,0,1,"",""
ball,2,0.4,Zimbabwe,L Tshuma,M Mupachikwa,AJ Kenealy,0,0,"",""
ball,2,0.5,Zimbabwe,L Tshuma,M Mupachikwa,AJ Kenealy,0,0,"",""
ball,2,0.6,Zimbabwe,L Tshuma,M Mupachikwa,AJ Kenealy,0,0,"",""
ball,2,0.7,Zimbabwe,L Tshuma,M Mupachikwa,AJ Kenealy,0,0,"",""
ball,2,1.1,Zimbabwe,M Mupachikwa,L Tshuma,IMHC Joyce,0,0,"",""
ball,2,1.2,Zimbabwe,M Mupachikwa,L Tshuma,IMHC Joyce,0,0,"",""
ball,2,1.3,Zimbabwe,M Mupachikwa,L Tshuma,IMHC Joyce,0,0,"",""
ball,2,1.4,Zimbabwe,M Mupachikwa,L Tshuma,IMHC Joyce,0,0,"",""
ball,2,1.5,Zimbabwe,M Mupachikwa,L Tshuma,IMHC Joyce,0,0,"",""
ball,2,1.6,Zimbabwe,M Mupachikwa,L Tshuma,IMHC Joyce,0,1,"",""
ball,2,1.7,Zimbabwe,M Mupachikwa,L Tshuma,IMHC Joyce,0,0,"",""
ball,2,2.1,Zimbabwe,L Tshuma,M Mupachikwa,AJ Kenealy,0,0,"",""
ball,2,2.2,Zimbabwe,L Tshuma,M Mupachikwa,AJ Kenealy,0,0,"",""
ball,2,2.3,Zimbabwe,L Tshuma,M Mupachikwa,AJ Kenealy,0,0,"",""
ball,2,2.4,Zimbabwe,L Tshuma,M Mupachikwa,AJ Kenealy,0,0,"",""
ball,2,2.5,Zimbabwe,L Tshuma,M Mupachikwa,AJ Kenealy,0,0,"",""
ball,2,2.6,Zimbabwe,L Tshuma,M Mupachikwa,AJ Kenealy,0,0,"",""
ball,2,3.1,Zimbabwe,M Mupachikwa,L Tshuma,IMHC Joyce,0,0,"",""
ball,2,3.2,Zimbabwe,M Mupachikwa,L Tshuma,IMHC Joyce,0,0,"",""
ball,2,3.3,Zimbabwe,M Mupachikwa,L Tshuma,IMHC Joyce,0,0,"",""
ball,2,3.4,Zimbabwe,M Mupachikwa,L Tshuma,IMHC Joyce,0,0,"",""
ball,2,3.5,Zimbabwe,M Mupachikwa,L Tshuma,IMHC Joyce,0,0,"",""
ball,2,3.6,Zimbabwe,M Mupachikwa,L Tshuma,IMHC Joyce,4,0,"",""
ball,2,4.1,Zimbabwe,L Tshuma,M Mupachikwa,AJ Kenealy,0,0,"",""
ball,2,4.2,Zimbabwe,L Tshuma,M Mupachikwa,AJ Kenealy,1,0,"",""
ball,2,4.3,Zimbabwe,M Mupachikwa,L Tshuma,AJ Kenealy,0,0,"",""
ball,2,4.4,Zimbabwe,M Mupachikwa,L Tshuma,AJ Kenealy,0,0,"",""
ball,2,4.5,Zimbabwe,M Mupachikwa,L Tshuma,AJ Kenealy,0,1,"",""
ball,2,4.6,Zimbabwe,M Mupachikwa,L Tshuma,AJ Kenealy,4,0,"",""
ball,2,4.7,Zimbabwe,M Mupachikwa,L Tshuma,AJ Kenealy,0,0,"",""
ball,2,5.1,Zimbabwe,L Tshuma,M Mupachikwa,IMHC Joyce,0,0,"",""
ball,2,5.2,Zimbabwe,L Tshuma,M Mupachikwa,IMHC Joyce,0,0,"",""
ball,2,5.3,Zimbabwe,L Tshuma,M Mupachikwa,IMHC Joyce,0,1,"",""
ball,2,5.4,Zimbabwe,L Tshuma,M Mupachikwa,IMHC Joyce,0,0,"",""
ball,2,5.5,Zimbabwe,L Tshuma,M Mupachikwa,IMHC Joyce,0,0,"",""
ball,2,5.6,Zimbabwe,L Tshuma,M Mupachikwa,IMHC Joyce,4,0,"",""
ball,2,5.7,Zimbabwe,L Tshuma,M Mupachikwa,IMHC Joyce,0,0,"",""
ball,2,6.1,Zimbabwe,M Mupachikwa,L Tshuma,AJ Kenealy,0,0,caught,M Mupachikwa
ball,2,6.2,Zimbabwe,L Tshuma,P Marange,AJ Kenealy,4,0,"",""
ball,2,6.3,Zimbabwe,L Tshuma,P Marange,AJ Kenealy,0,0,"",""
ball,2,6.4,Zimbabwe,L Tshuma,P Marange,AJ Kenealy,1,0,"",""
ball,2,6.5,Zimbabwe,P Marange,L Tshuma,AJ Kenealy,0,0,"",""
ball,2,6.6,Zimbabwe,P Marange,L Tshuma,AJ Kenealy,0,0,caught,P Marange
ball,2,7.1,Zimbabwe,L Tshuma,M Musonda,IMHC Joyce,0,0,"",""
ball,2,7.2,Zimbabwe,L Tshuma,M Musonda,IMHC Joyce,0,0,"",""
ball,2,7.3,Zimbabwe,L Tshuma,M Musonda,IMHC Joyce,0,0,"",""
ball,2,7.4,Zimbabwe,L Tshuma,M Musonda,IMHC Joyce,0,0,"",""
ball,2,7.5,Zimbabwe,L Tshuma,M Musonda,IMHC Joyce,0,0,"",""
ball,2,7.6,Zimbabwe,L Tshuma,M Musonda,IMHC Joyce,0,0,"",""
ball,2,8.1,Zimbabwe,M Musonda,L Tshuma,AJ Kenealy,0,0,"",""
ball,2,8.2,Zimbabwe,M Musonda,L Tshuma,AJ Kenealy,0,0,"",""
ball,2,8.3,Zimbabwe,M Musonda,L Tshuma,AJ Kenealy,0,0,"",""
ball,2,8.4,Zimbabwe,M Musonda,L Tshuma,AJ Kenealy,0,0,"",""
ball,2,8.5,Zimbabwe,M Musonda,L Tshuma,AJ Kenealy,0,0,"",""
ball,2,8.6,Zimbabwe,M Musonda,L Tshuma,AJ Kenealy,2,0,"",""
ball,2,9.1,Zimbabwe,L Tshuma,M Musonda,IMHC Joyce,0,0,"",""
ball,2,9.2,Zimbabwe,L Tshuma,M Musonda,IMHC Joyce,0,0,"",""
ball,2,9.3,Zimbabwe,L Tshuma,M Musonda,IMHC Joyce,1,0,"",""
ball,2,9.4,Zimbabwe,M Musonda,L Tshuma,IMHC Joyce,0,0,"",""
ball,2,9.5,Zimbabwe,M Musonda,L Tshuma,IMHC Joyce,4,0,"",""
ball,2,9.6,Zimbabwe,M Musonda,L Tshuma,IMHC Joyce,0,0,"",""
ball,2,10.1,Zimbabwe,L Tshuma,M Musonda,AJ Kenealy,0,0,"",""
ball,2,10.2,Zimbabwe,L Tshuma,M Musonda,AJ Kenealy,0,1,"",""
ball,2,10.3,Zimbabwe,L Tshuma,M Musonda,AJ Kenealy,0,0,"",""
ball,2,10.4,Zimbabwe,L Tshuma,M Musonda,AJ Kenealy,0,0,"",""
ball,2,10.5,Zimbabwe,L Tshuma,M Musonda,AJ Kenealy,0,0,"",""
ball,2,10.6,Zimbabwe,L Tshuma,M Musonda,AJ Kenealy,0,0,"",""
ball,2,10.7,Zimbabwe,L Tshuma,M Musonda,AJ Kenealy,0,0,"",""
ball,2,11.1,Zimbabwe,M Musonda,L Tshuma,IMHC Joyce,0,0,"",""
ball,2,11.2,Zimbabwe,M Musonda,L Tshuma,IMHC Joyce,0,0,"",""
ball,2,11.3,Zimbabwe,M Musonda,L Tshuma,IMHC Joyce,0,0,"",""
ball,2,11.4,Zimbabwe,M Musonda,L Tshuma,IMHC Joyce,0,0,"",""
ball,2,11.5,Zimbabwe,M Musonda,L Tshuma,IMHC Joyce,0,0,"",""
ball,2,11.6,Zimbabwe,M Musonda,L Tshuma,IMHC Joyce,0,0,"",""
ball,2,12.1,Zimbabwe,L Tshuma,M Musonda,KJ Garth,0,0,"",""
ball,2,12.2,Zimbabwe,L Tshuma,M Musonda,KJ Garth,0,0,"",""
ball,2,12.3,Zimbabwe,L Tshuma,M Musonda,KJ Garth,0,0,"",""
ball,2,12.4,Zimbabwe,L Tshuma,M Musonda,KJ Garth,0,0,"",""
ball,2,12.5,Zimbabwe,L Tshuma,M Musonda,KJ Garth,0,0,"",""
ball,2,12.6,Zimbabwe,L Tshuma,M Musonda,KJ Garth,0,0,"",""
ball,2,13.1,Zimbabwe,M Musonda,L Tshuma,CJ Metcalfe,0,0,"",""
ball,2,13.2,Zimbabwe,M Musonda,L Tshuma,CJ Metcalfe,0,0,"",""
ball,2,13.3,Zimbabwe,M Musonda,L Tshuma,CJ Metcalfe,0,0,"",""
ball,2,13.4,Zimbabwe,M Musonda,L Tshuma,CJ Metcalfe,0,0,"",""
ball,2,13.5,Zimbabwe,M Musonda,L Tshuma,CJ Metcalfe,2,0,"",""
ball,2,13.6,Zimbabwe,M Musonda,L Tshuma,CJ Metcalfe,4,0,"",""
ball,2,14.1,Zimbabwe,L Tshuma,M Musonda,KJ Garth,0,0,"",""
ball,2,14.2,Zimbabwe,L Tshuma,M Musonda,KJ Garth,0,0,"",""
ball,2,14.3,Zimbabwe,L Tshuma,M Musonda,KJ Garth,0,0,"",""
ball,2,14.4,Zimbabwe,L Tshuma,M Musonda,KJ Garth,0,0,"",""
ball,2,14.5,Zimbabwe,L Tshuma,M Musonda,KJ Garth,1,0,"",""
ball,2,14.6,Zimbabwe,M Musonda,L Tshuma,KJ Garth,1,0,"",""
ball,2,15.1,Zimbabwe,M Musonda,L Tshuma,CJ Metcalfe,0,0,"",""
ball,2,15.2,Zimbabwe,M Musonda,L Tshuma,CJ Metcalfe,0,0,"",""
ball,2,15.3,Zimbabwe,M Musonda,L Tshuma,CJ Metcalfe,1,0,"",""
ball,2,15.4,Zimbabwe,L Tshuma,M Musonda,CJ Metcalfe,0,0,"",""
ball,2,15.5,Zimbabwe,L Tshuma,M Musonda,CJ Metcalfe,1,0,"",""
ball,2,15.6,Zimbabwe,M Musonda,L Tshuma,CJ Metcalfe,0,0,"",""
ball,2,16.1,Zimbabwe,L Tshuma,M Musonda,KJ Garth,0,0,"",""
ball,2,16.2,Zimbabwe,L Tshuma,M Musonda,KJ Garth,0,0,"",""
ball,2,16.3,Zimbabwe,L Tshuma,M Musonda,KJ Garth,1,0,"",""
ball,2,16.4,Zimbabwe,M Musonda,L Tshuma,KJ Garth,4,0,"",""
ball,2,16.5,Zimbabwe,M Musonda,L Tshuma,KJ Garth,0,0,"",""
ball,2,16.6,Zimbabwe,M Musonda,L Tshuma,KJ Garth,0,0,"",""
ball,2,17.1,Zimbabwe,L Tshuma,M Musonda,CJ Metcalfe,1,0,"",""
ball,2,17.2,Zimbabwe,M Musonda,L Tshuma,CJ Metcalfe,0,0,"",""
ball,2,17.3,Zimbabwe,M Musonda,L Tshuma,CJ Metcalfe,0,0,"",""
ball,2,17.4,Zimbabwe,M Musonda,L Tshuma,CJ Metcalfe,1,0,"",""
ball,2,17.5,Zimbabwe,L Tshuma,M Musonda,CJ Metcalfe,4,0,"",""
ball,2,17.6,Zimbabwe,L Tshuma,M Musonda,CJ Metcalfe,1,0,"",""
ball,2,18.1,Zimbabwe,L Tshuma,M Musonda,KJ Garth,0,0,"",""
ball,2,18.2,Zimbabwe,L Tshuma,M Musonda,KJ Garth,1,0,"",""
ball,2,18.3,Zimbabwe,M Musonda,L Tshuma,KJ Garth,0,0,"",""
ball,2,18.4,Zimbabwe,M Musonda,L Tshuma,KJ Garth,1,0,"",""
ball,2,18.5,Zimbabwe,L Tshuma,M Musonda,KJ Garth,0,0,"",""
ball,2,18.6,Zimbabwe,L Tshuma,M Musonda,KJ Garth,0,0,"",""
ball,2,19.1,Zimbabwe,M Musonda,L Tshuma,CJ Metcalfe,0,0,caught,M Musonda
ball,2,19.2,Zimbabwe,A Ndiraya,L Tshuma,CJ Metcalfe,4,0,"",""
ball,2,19.3,Zimbabwe,A Ndiraya,L Tshuma,CJ Metcalfe,0,0,"",""
ball,2,19.4,Zimbabwe,A Ndiraya,L Tshuma,CJ Metcalfe,0,0,"",""
ball,2,19.5,Zimbabwe,A Ndiraya,L Tshuma,CJ Metcalfe,0,0,"",""
ball,2,19.6,Zimbabwe,A Ndiraya,L Tshuma,CJ Metcalfe,0,0,"",""
ball,2,20.1,Zimbabwe,L Tshuma,A Ndiraya,KJ Garth,0,0,"",""
ball,2,20.2,Zimbabwe,L Tshuma,A Ndiraya,KJ Garth,0,0,"",""
ball,2,20.3,Zimbabwe,L Tshuma,A Ndiraya,KJ Garth,0,0,"",""
ball,2,20.4,Zimbabwe,L Tshuma,A Ndiraya,KJ Garth,0,0,caught,L Tshuma
ball,2,20.5,Zimbabwe,SM Mayers,A Ndiraya,KJ Garth,1,0,"",""
ball,2,20.6,Zimbabwe,A Ndiraya,SM Mayers,KJ Garth,0,0,"",""
ball,2,21.1,Zimbabwe,SM Mayers,A Ndiraya,CJ Metcalfe,0,0,"",""
ball,2,21.2,Zimbabwe,SM Mayers,A Ndiraya,CJ Metcalfe,0,0,"",""
ball,2,21.3,Zimbabwe,SM Mayers,A Ndiraya,CJ Metcalfe,0,0,"",""
ball,2,21.4,Zimbabwe,SM Mayers,A Ndiraya,CJ Metcalfe,0,0,"",""
ball,2,21.5,Zimbabwe,SM Mayers,A Ndiraya,CJ Metcalfe,0,0,"",""
ball,2,21.6,Zimbabwe,SM Mayers,A Ndiraya,CJ Metcalfe,0,0,"",""
ball,2,22.1,Zimbabwe,A Ndiraya,SM Mayers,KJ Garth,0,0,"",""
ball,2,22.2,Zimbabwe,A Ndiraya,SM Mayers,KJ Garth,0,1,"",""
ball,2,22.3,Zimbabwe,A Ndiraya,SM Mayers,KJ Garth,2,0,"",""
ball,2,22.4,Zimbabwe,A Ndiraya,SM Mayers,KJ Garth,0,0,"",""
ball,2,22.5,Zimbabwe,A Ndiraya,SM Mayers,KJ Garth,0,0,"",""
ball,2,22.6,Zimbabwe,A Ndiraya,SM Mayers,KJ Garth,0,0,"",""
ball,2,22.7,Zimbabwe,A Ndiraya,SM Mayers,KJ Garth,0,0,"",""
ball,2,23.1,Zimbabwe,SM Mayers,A Ndiraya,CJ Metcalfe,0,0,"",""
ball,2,23.2,Zimbabwe,SM Mayers,A Ndiraya,CJ Metcalfe,0,0,"",""
ball,2,23.3,Zimbabwe,SM Mayers,A Ndiraya,CJ Metcalfe,4,0,"",""
ball,2,23.4,Zimbabwe,SM Mayers,A Ndiraya,CJ Metcalfe,0,0,"",""
ball,2,23.5,Zimbabwe,SM Mayers,A Ndiraya,CJ Metcalfe,0,0,"",""
ball,2,23.6,Zimbabwe,SM Mayers,A Ndiraya,CJ Metcalfe,0,0,"",""
ball,2,24.1,Zimbabwe,A Ndiraya,SM Mayers,GH Lewis,0,0,"",""
ball,2,24.2,Zimbabwe,A Ndiraya,SM Mayers,GH Lewis,0,0,"",""
ball,2,24.3,Zimbabwe,A Ndiraya,SM Mayers,GH Lewis,4,0,"",""
ball,2,24.4,Zimbabwe,A Ndiraya,SM Mayers,GH Lewis,0,0,"",""
ball,2,24.5,Zimbabwe,A Ndiraya,SM Mayers,GH Lewis,1,0,"",""
ball,2,24.6,Zimbabwe,SM Mayers,A Ndiraya,GH Lewis,1,0,"",""
ball,2,25.1,Zimbabwe,SM Mayers,A Ndiraya,CJ Metcalfe,0,0,"",""
ball,2,25.2,Zimbabwe,SM Mayers,A Ndiraya,CJ Metcalfe,0,0,"",""
ball,2,25.3,Zimbabwe,SM Mayers,A Ndiraya,CJ Metcalfe,0,0,"",""
ball,2,25.4,Zimbabwe,SM Mayers,A Ndiraya,CJ Metcalfe,4,0,"",""
ball,2,25.5,Zimbabwe,SM Mayers,A Ndiraya,CJ Metcalfe,0,0,"",""
ball,2,25.6,Zimbabwe,SM Mayers,A Ndiraya,CJ Metcalfe,0,0,"",""
ball,2,26.1,Zimbabwe,A Ndiraya,SM Mayers,GH Lewis,1,0,"",""
ball,2,26.2,Zimbabwe,SM Mayers,A Ndiraya,GH Lewis,0,0,"",""
ball,2,26.3,Zimbabwe,SM Mayers,A Ndiraya,GH Lewis,0,1,"",""
ball,2,26.4,Zimbabwe,A Ndiraya,SM Mayers,GH Lewis,0,0,"",""
ball,2,26.5,Zimbabwe,A Ndiraya,SM Mayers,GH Lewis,0,0,"",""
ball,2,26.6,Zimbabwe,A Ndiraya,SM Mayers,GH Lewis,0,0,"",""
ball,2,27.1,Zimbabwe,SM Mayers,A Ndiraya,CJ Metcalfe,0,0,"",""
ball,2,27.2,Zimbabwe,SM Mayers,A Ndiraya,CJ Metcalfe,0,0,"",""
ball,2,27.3,Zimbabwe,SM Mayers,A Ndiraya,CJ Metcalfe,0,0,caught,SM Mayers
ball,2,27.4,Zimbabwe,P Mujaji,A Ndiraya,CJ Metcalfe,0,0,"",""
ball,2,27.5,Zimbabwe,P Mujaji,A Ndiraya,CJ Metcalfe,0,0,"",""
ball,2,27.6,Zimbabwe,P Mujaji,A Ndiraya,CJ Metcalfe,0,0,"",""
ball,2,28.1,Zimbabwe,A Ndiraya,P Mujaji,GH Lewis,0,0,"",""
ball,2,28.2,Zimbabwe,A Ndiraya,P Mujaji,GH Lewis,0,0,"",""
ball,2,28.3,Zimbabwe,A Ndiraya,P Mujaji,GH Lewis,0,0,"",""
ball,2,28.4,Zimbabwe,A Ndiraya,P Mujaji,GH Lewis,0,0,"",""
ball,2,28.5,Zimbabwe,A Ndiraya,P Mujaji,GH Lewis,1,0,"",""
ball,2,28.6,Zimbabwe,P Mujaji,A Ndiraya,GH Lewis,1,0,"",""
ball,2,29.1,Zimbabwe,P Mujaji,A Ndiraya,CJ Metcalfe,0,0,"",""
ball,2,29.2,Zimbabwe,P Mujaji,A Ndiraya,CJ Metcalfe,0,0,"",""
ball,2,29.3,Zimbabwe,P Mujaji,A Ndiraya,CJ Metcalfe,0,0,"",""
ball,2,29.4,Zimbabwe,P Mujaji,A Ndiraya,CJ Metcalfe,2,0,"",""
ball,2,29.5,Zimbabwe,P Mujaji,A Ndiraya,CJ Metcalfe,4,0,"",""
ball,2,29.6,Zimbabwe,P Mujaji,A Ndiraya,CJ Metcalfe,0,0,"",""
ball,2,30.1,Zimbabwe,A Ndiraya,P Mujaji,GH Lewis,0,0,"",""
ball,2,30.2,Zimbabwe,A Ndiraya,P Mujaji,GH Lewis,0,0,"",""
ball,2,30.3,Zimbabwe,A Ndiraya,P Mujaji,GH Lewis,0,0,"",""
ball,2,30.4,Zimbabwe,A Ndiraya,P Mujaji,GH Lewis,1,0,"",""
ball,2,30.5,Zimbabwe,P Mujaji,A Ndiraya,GH Lewis,1,0,"",""
ball,2,30.6,Zimbabwe,A Ndiraya,P Mujaji,GH Lewis,0,0,"",""
ball,2,31.1,Zimbabwe,P Mujaji,A Ndiraya,CJ Metcalfe,0,0,"",""
ball,2,31.2,Zimbabwe,P Mujaji,A Ndiraya,CJ Metcalfe,0,0,caught,P Mujaji
ball,2,31.3,Zimbabwe,J Nkomo,A Ndiraya,CJ Metcalfe,1,0,"",""
ball,2,31.4,Zimbabwe,A Ndiraya,J Nkomo,CJ Metcalfe,4,0,"",""
ball,2,31.5,Zimbabwe,A Ndiraya,J Nkomo,CJ Metcalfe,0,0,"",""
ball,2,31.6,Zimbabwe,A Ndiraya,J Nkomo,CJ Metcalfe,0,0,"",""
ball,2,32.1,Zimbabwe,J Nkomo,A Ndiraya,GH Lewis,0,0,"",""
ball,2,32.2,Zimbabwe,J Nkomo,A Ndiraya,GH Lewis,0,0,"",""
ball,2,32.3,Zimbabwe,J Nkomo,A Ndiraya,GH Lewis,0,0,"",""
ball,2,32.4,Zimbabwe,J Nkomo,A Ndiraya,GH Lewis,1,0,"",""
ball,2,32.5,Zimbabwe,A Ndiraya,J Nkomo,GH Lewis,1,0,"",""
ball,2,32.6,Zimbabwe,J Nkomo,A Ndiraya,GH Lewis,1,0,"",""
ball,2,33.1,Zimbabwe,J Nkomo,A Ndiraya,RA Lewis,1,0,"",""
ball,2,33.2,Zimbabwe,A Ndiraya,J Nkomo,RA Lewis,1,0,"",""
ball,2,33.3,Zimbabwe,J Nkomo,A Ndiraya,RA Lewis,0,0,"",""
ball,2,33.4,Zimbabwe,J Nkomo,A Ndiraya,RA Lewis,0,0,"",""
ball,2,33.5,Zimbabwe,J Nkomo,A Ndiraya,RA Lewis,0,0,"",""
ball,2,33.6,Zimbabwe,J Nkomo,A Ndiraya,RA Lewis,0,0,caught,J Nkomo
ball,2,34.1,Zimbabwe,A Ndiraya,T Granger,KJ Garth,0,1,"",""
ball,2,34.2,Zimbabwe,A Ndiraya,T Granger,KJ Garth,4,0,"",""
ball,2,34.3,Zimbabwe,A Ndiraya,T Granger,KJ Garth,1,0,"",""
ball,2,34.4,Zimbabwe,T Granger,A Ndiraya,KJ Garth,0,0,caught,T Granger
ball,2,34.5,Zimbabwe,N Mutasa,A Ndiraya,KJ Garth,0,0,"",""
ball,2,34.6,Zimbabwe,N Mutasa,A Ndiraya,KJ Garth,0,0,bowled,N Mutasa
ball,2,34.7,Zimbabwe,E Mbofana,A Ndiraya,KJ Garth,0,0,"",""
ball,2,35.1,Zimbabwe,A Ndiraya,E Mbofana,RA Lewis,4,0,"",""
ball,2,35.2,Zimbabwe,A Ndiraya,E Mbofana,RA Lewis,0,0,"",""
ball,2,35.3,Zimbabwe,A Ndiraya,E Mbofana,RA Lewis,0,0,"",""
ball,2,35.4,Zimbabwe,A Ndiraya,E Mbofana,RA Lewis,1,0,"",""
ball,2,35.5,Zimbabwe,E Mbofana,A Ndiraya,RA Lewis,0,0,"",""
ball,2,35.6,Zimbabwe,E Mbofana,A Ndiraya,RA Lewis,0,0,"",""
ball,2,36.1,Zimbabwe,A Ndiraya,E Mbofana,KJ Garth,4,0,"",""
ball,2,36.2,Zimbabwe,A Ndiraya,E Mbofana,KJ Garth,0,0,"",""
ball,2,36.3,Zimbabwe,A Ndiraya,E Mbofana,KJ Garth,1,0,"",""
ball,2,36.4,Zimbabwe,E Mbofana,A Ndiraya,KJ Garth,0,0,"",""
ball,2,36.5,Zimbabwe,E Mbofana,A Ndiraya,KJ Garth,0,0,"",""
ball,2,36.6,Zimbabwe,E Mbofana,A Ndiraya,KJ Garth,0,0,"",""
ball,2,37.1,Zimbabwe,A Ndiraya,E Mbofana,RA Lewis,0,0,"",""
ball,2,37.2,Zimbabwe,A Ndiraya,E Mbofana,RA Lewis,0,0,"",""
ball,2,37.3,Zimbabwe,A Ndiraya,E Mbofana,RA Lewis,0,0,"",""
ball,2,37.4,Zimbabwe,A Ndiraya,E Mbofana,RA Lewis,0,0,"",""
ball,2,37.5,Zimbabwe,A Ndiraya,E Mbofana,RA Lewis,0,0,stumped,A Ndiraya
