version,1.3.0
info,team,Papua New Guinea
info,team,Scotland
info,gender,female
info,season,2016/17
info,date,2017/02/11
info,competition,ICC Women's World Cup Qualifier
info,match_number,14
info,venue,Mercantile Cricket Association Ground
info,city,Colombo
info,neutralvenue,true
info,toss_winner,Papua New Guinea
info,toss_decision,field
info,player_of_match,K Anderson
info,umpire,CA Polosak
info,umpire,RR Wimalasiri
info,reserve_umpire,RA Kottahachchi
info,winner,Scotland
info,winner_runs,7
ball,1,0.1,Scotland,OSM Rae,SJ Bryce,R Oa,0,0,"",""
ball,1,0.2,Scotland,OSM Rae,SJ Bryce,R Oa,0,0,"",""
ball,1,0.3,Scotland,OSM Rae,SJ Bryce,R Oa,0,0,"",""
ball,1,0.4,Scotland,OSM Rae,SJ Bryce,R Oa,0,0,"",""
ball,1,0.5,Scotland,OSM Rae,SJ Bryce,R Oa,4,0,"",""
ball,1,0.6,Scotland,OSM Rae,SJ Bryce,R Oa,0,0,"",""
ball,1,1.1,Scotland,SJ Bryce,OSM Rae,M Tom,0,0,"",""
ball,1,1.2,Scotland,SJ Bryce,OSM Rae,M Tom,0,0,"",""
ball,1,1.3,Scotland,SJ Bryce,OSM Rae,M Tom,0,0,caught,SJ Bryce
ball,1,1.4,Scotland,KE Bryce,OSM Rae,M Tom,4,0,"",""
ball,1,1.5,Scotland,KE Bryce,OSM Rae,M Tom,4,0,"",""
ball,1,1.6,Scotland,KE Bryce,OSM Rae,M Tom,0,0,"",""
ball,1,2.1,Scotland,OSM Rae,KE Bryce,R Oa,0,0,"",""
ball,1,2.2,Scotland,OSM Rae,KE Bryce,R Oa,4,0,"",""
ball,1,2.3,Scotland,OSM Rae,KE Bryce,R Oa,0,0,"",""
ball,1,2.4,Scotland,OSM Rae,KE Bryce,R Oa,0,0,"",""
ball,1,2.5,Scotland,OSM Rae,KE Bryce,R Oa,4,0,"",""
ball,1,2.6,Scotland,OSM Rae,KE Bryce,R Oa,0,1,"",""
ball,1,2.7,Scotland,OSM Rae,KE Bryce,R Oa,0,0,"",""
ball,1,3.1,Scotland,KE Bryce,OSM Rae,M Tom,0,0,"",""
ball,1,3.2,Scotland,KE Bryce,OSM Rae,M Tom,1,0,"",""
ball,1,3.3,Scotland,OSM Rae,KE Bryce,M Tom,0,0,"",""
ball,1,3.4,Scotland,OSM Rae,KE Bryce,M Tom,2,0,"",""
ball,1,3.5,Scotland,OSM Rae,KE Bryce,M Tom,0,0,"",""
ball,1,3.6,Scotland,OSM Rae,KE Bryce,M Tom,0,0,"",""
ball,1,4.1,Scotland,KE Bryce,OSM Rae,R Oa,0,0,"",""
ball,1,4.2,Scotland,KE Bryce,OSM Rae,R Oa,0,1,"",""
ball,1,4.3,Scotland,KE Bryce,OSM Rae,R Oa,0,0,"",""
ball,1,4.4,Scotland,KE Bryce,OSM Rae,R Oa,0,0,"",""
ball,1,4.5,Scotland,KE Bryce,OSM Rae,R Oa,0,0,"",""
ball,1,4.6,Scotland,KE Bryce,OSM Rae,R Oa,0,0,"",""
ball,1,4.7,Scotland,KE Bryce,OSM Rae,R Oa,0,0,"",""
ball,1,5.1,Scotland,OSM Rae,KE Bryce,M Tom,0,0,"",""
ball,1,5.2,Scotland,OSM Rae,KE Bryce,M Tom,0,0,"",""
ball,1,5.3,Scotland,OSM Rae,KE Bryce,M Tom,0,0,"",""
ball,1,5.4,Scotland,OSM Rae,KE Bryce,M Tom,1,0,"",""
ball,1,5.5,Scotland,KE Bryce,OSM Rae,M Tom,0,1,"",""
ball,1,5.6,Scotland,KE Bryce,OSM Rae,M Tom,0,0,"",""
ball,1,5.7,Scotland,KE Bryce,OSM Rae,M Tom,0,0,"",""
ball,1,6.1,Scotland,OSM Rae,KE Bryce,R Oa,0,0,"",""
ball,1,6.2,Scotland,OSM Rae,KE Bryce,R Oa,0,1,"",""
ball,1,6.3,Scotland,OSM Rae,KE Bryce,R Oa,0,0,"",""
ball,1,6.4,Scotland,OSM Rae,KE Bryce,R Oa,0,0,"",""
ball,1,6.5,Scotland,OSM Rae,KE Bryce,R Oa,0,0,"",""
ball,1,6.6,Scotland,OSM Rae,KE Bryce,R Oa,1,0,"",""
ball,1,6.7,Scotland,KE Bryce,OSM Rae,R Oa,0,0,"",""
ball,1,7.1,Scotland,OSM Rae,KE Bryce,M Tom,0,0,"",""
ball,1,7.2,Scotland,OSM Rae,KE Bryce,M Tom,0,0,"",""
ball,1,7.3,Scotland,OSM Rae,KE Bryce,M Tom,0,0,"",""
ball,1,7.4,Scotland,OSM Rae,KE Bryce,M Tom,0,0,"",""
ball,1,7.5,Scotland,OSM Rae,KE Bryce,M Tom,0,0,"",""
ball,1,7.6,Scotland,OSM Rae,KE Bryce,M Tom,0,1,"",""
ball,1,7.7,Scotland,OSM Rae,KE Bryce,M Tom,6,0,"",""
ball,1,8.1,Scotland,KE Bryce,OSM Rae,R Oa,0,0,"",""
ball,1,8.2,Scotland,KE Bryce,OSM Rae,R Oa,0,0,"",""
ball,1,8.3,Scotland,KE Bryce,OSM Rae,R Oa,0,0,"",""
ball,1,8.4,Scotland,KE Bryce,OSM Rae,R Oa,0,0,"",""
ball,1,8.5,Scotland,KE Bryce,OSM Rae,R Oa,0,0,"",""
ball,1,8.6,Scotland,KE Bryce,OSM Rae,R Oa,0,0,"",""
ball,1,9.1,Scotland,OSM Rae,KE Bryce,M Tom,0,1,"",""
ball,1,9.2,Scotland,OSM Rae,KE Bryce,M Tom,0,0,"",""
ball,1,9.3,Scotland,OSM Rae,KE Bryce,M Tom,0,0,"",""
ball,1,9.4,Scotland,OSM Rae,KE Bryce,M Tom,0,0,"",""
ball,1,9.5,Scotland,OSM Rae,KE Bryce,M Tom,0,0,"",""
ball,1,9.6,Scotland,OSM Rae,KE Bryce,M Tom,0,0,"",""
ball,1,9.7,Scotland,OSM Rae,KE Bryce,M Tom,0,0,"",""
ball,1,10.1,Scotland,KE Bryce,OSM Rae,S Jimmy,0,0,"",""
ball,1,10.2,Scotland,KE Bryce,OSM Rae,S Jimmy,0,0,"",""
ball,1,10.3,Scotland,KE Bryce,OSM Rae,S Jimmy,0,0,"",""
ball,1,10.4,Scotland,KE Bryce,OSM Rae,S Jimmy,0,0,"",""
ball,1,10.5,Scotland,KE Bryce,OSM Rae,S Jimmy,0,0,"",""
ball,1,10.6,Scotland,KE Bryce,OSM Rae,S Jimmy,0,0,"",""
ball,1,11.1,Scotland,OSM Rae,KE Bryce,N Ovasuru,0,0,"",""
ball,1,11.2,Scotland,OSM Rae,KE Bryce,N Ovasuru,0,0,"",""
ball,1,11.3,Scotland,OSM Rae,KE Bryce,N Ovasuru,0,0,"",""
ball,1,11.4,Scotland,OSM Rae,KE Bryce,N Ovasuru,0,0,"",""
ball,1,11.5,Scotland,OSM Rae,KE Bryce,N Ovasuru,0,0,"",""
ball,1,11.6,Scotland,OSM Rae,KE Bryce,N Ovasuru,0,0,bowled,OSM Rae
ball,1,12.1,Scotland,KE Bryce,K Anderson,S Jimmy,0,0,"",""
ball,1,12.2,Scotland,KE Bryce,K Anderson,S Jimmy,0,0,"",""
ball,1,12.3,Scotland,KE Bryce,K Anderson,S Jimmy,0,0,"",""
ball,1,12.4,Scotland,KE Bryce,K Anderson,S Jimmy,0,0,"",""
ball,1,12.5,Scotland,KE Bryce,K Anderson,S Jimmy,0,0,"",""
ball,1,12.6,Scotland,KE Bryce,K Anderson,S Jimmy,0,0,"",""
ball,1,13.1,Scotland,K Anderson,KE Bryce,N Ovasuru,0,0,"",""
ball,1,13.2,Scotland,K Anderson,KE Bryce,N Ovasuru,0,0,"",""
ball,1,13.3,Scotland,K Anderson,KE Bryce,N Ovasuru,0,0,"",""
ball,1,13.4,Scotland,K Anderson,KE Bryce,N Ovasuru,0,0,"",""
ball,1,13.5,Scotland,K Anderson,KE Bryce,N Ovasuru,1,0,"",""
ball,1,13.6,Scotland,KE Bryce,K Anderson,N Ovasuru,0,0,"",""
ball,1,14.1,Scotland,K Anderson,KE Bryce,S Jimmy,0,0,"",""
ball,1,14.2,Scotland,K Anderson,KE Bryce,S Jimmy,0,0,"",""
ball,1,14.3,Scotland,K Anderson,KE Bryce,S Jimmy,0,0,"",""
ball,1,14.4,Scotland,K Anderson,KE Bryce,S Jimmy,0,0,"",""
ball,1,14.5,Scotland,K Anderson,KE Bryce,S Jimmy,0,0,"",""
ball,1,14.6,Scotland,K Anderson,KE Bryce,S Jimmy,0,0,"",""
ball,1,15.1,Scotland,KE Bryce,K Anderson,N Ovasuru,0,0,"",""
ball,1,15.2,Scotland,KE Bryce,K Anderson,N Ovasuru,4,0,"",""
ball,1,15.3,Scotland,KE Bryce,K Anderson,N Ovasuru,0,0,"",""
ball,1,15.4,Scotland,KE Bryce,K Anderson,N Ovasuru,0,0,"",""
ball,1,15.5,Scotland,KE Bryce,K Anderson,N Ovasuru,0,0,"",""
ball,1,15.6,Scotland,KE Bryce,K Anderson,N Ovasuru,0,0,"",""
ball,1,16.1,Scotland,K Anderson,KE Bryce,S Jimmy,1,0,"",""
ball,1,16.2,Scotland,KE Bryce,K Anderson,S Jimmy,0,0,"",""
ball,1,16.3,Scotland,KE Bryce,K Anderson,S Jimmy,0,0,"",""
ball,1,16.4,Scotland,KE Bryce,K Anderson,S Jimmy,0,0,"",""
ball,1,16.5,Scotland,KE Bryce,K Anderson,S Jimmy,0,0,"",""
ball,1,16.6,Scotland,KE Bryce,K Anderson,S Jimmy,0,0,"",""
ball,1,17.1,Scotland,K Anderson,KE Bryce,N Ovasuru,0,0,run out,KE Bryce
ball,1,17.2,Scotland,RV Scholes,K Anderson,N Ovasuru,0,0,"",""
ball,1,17.3,Scotland,RV Scholes,K Anderson,N Ovasuru,0,0,"",""
ball,1,17.4,Scotland,RV Scholes,K Anderson,N Ovasuru,0,0,"",""
ball,1,17.5,Scotland,RV Scholes,K Anderson,N Ovasuru,0,0,"",""
ball,1,17.6,Scotland,RV Scholes,K Anderson,N Ovasuru,1,0,"",""
ball,1,18.1,Scotland,RV Scholes,K Anderson,S Jimmy,0,0,"",""
ball,1,18.2,Scotland,RV Scholes,K Anderson,S Jimmy,0,0,"",""
ball,1,18.3,Scotland,RV Scholes,K Anderson,S Jimmy,0,0,"",""
ball,1,18.4,Scotland,RV Scholes,K Anderson,S Jimmy,0,0,"",""
ball,1,18.5,Scotland,RV Scholes,K Anderson,S Jimmy,0,0,"",""
ball,1,18.6,Scotland,RV Scholes,K Anderson,S Jimmy,0,0,"",""
ball,1,19.1,Scotland,K Anderson,RV Scholes,N Ovasuru,0,0,"",""
ball,1,19.2,Scotland,K Anderson,RV Scholes,N Ovasuru,0,0,"",""
ball,1,19.3,Scotland,K Anderson,RV Scholes,N Ovasuru,1,0,"",""
ball,1,19.4,Scotland,RV Scholes,K Anderson,N Ovasuru,0,0,"",""
ball,1,19.5,Scotland,RV Scholes,K Anderson,N Ovasuru,0,0,"",""
ball,1,19.6,Scotland,RV Scholes,K Anderson,N Ovasuru,0,0,"",""
ball,1,20.1,Scotland,K Anderson,RV Scholes,S Jimmy,0,0,"",""
ball,1,20.2,Scotland,K Anderson,RV Scholes,S Jimmy,0,0,"",""
ball,1,20.3,Scotland,K Anderson,RV Scholes,S Jimmy,1,0,"",""
ball,1,20.4,Scotland,RV Scholes,K Anderson,S Jimmy,0,0,"",""
ball,1,20.5,Scotland,RV Scholes,K Anderson,S Jimmy,0,0,"",""
ball,1,20.6,Scotland,RV Scholes,K Anderson,S Jimmy,0,0,"",""
ball,1,21.1,Scotland,K Anderson,RV Scholes,N Ovasuru,0,0,"",""
ball,1,21.2,Scotland,K Anderson,RV Scholes,N Ovasuru,4,0,"",""
ball,1,21.3,Scotland,K Anderson,RV Scholes,N Ovasuru,0,0,"",""
ball,1,21.4,Scotland,K Anderson,RV Scholes,N Ovasuru,0,0,"",""
ball,1,21.5,Scotland,K Anderson,RV Scholes,N Ovasuru,1,0,"",""
ball,1,21.6,Scotland,RV Scholes,K Anderson,N Ovasuru,0,0,"",""
ball,1,22.1,Scotland,K Anderson,RV Scholes,S Jimmy,0,0,"",""
ball,1,22.2,Scotland,K Anderson,RV Scholes,S Jimmy,0,0,"",""
ball,1,22.3,Scotland,K Anderson,RV Scholes,S Jimmy,0,0,"",""
ball,1,22.4,Scotland,K Anderson,RV Scholes,S Jimmy,0,0,"",""
ball,1,22.5,Scotland,K Anderson,RV Scholes,S Jimmy,0,0,"",""
ball,1,22.6,Scotland,K Anderson,RV Scholes,S Jimmy,0,0,"",""
ball,1,23.1,Scotland,RV Scholes,K Anderson,N Ovasuru,4,0,"",""
ball,1,23.2,Scotland,RV Scholes,K Anderson,N Ovasuru,0,0,"",""
ball,1,23.3,Scotland,RV Scholes,K Anderson,N Ovasuru,1,0,"",""
ball,1,23.4,Scotland,K Anderson,RV Scholes,N Ovasuru,1,0,"",""
ball,1,23.5,Scotland,RV Scholes,K Anderson,N Ovasuru,1,0,"",""
ball,1,23.6,Scotland,K Anderson,RV Scholes,N Ovasuru,0,0,"",""
ball,1,24.1,Scotland,RV Scholes,K Anderson,S Jimmy,0,0,"",""
ball,1,24.2,Scotland,RV Scholes,K Anderson,S Jimmy,0,0,"",""
ball,1,24.3,Scotland,RV Scholes,K Anderson,S Jimmy,0,0,"",""
ball,1,24.4,Scotland,RV Scholes,K Anderson,S Jimmy,0,0,"",""
ball,1,24.5,Scotland,RV Scholes,K Anderson,S Jimmy,4,0,"",""
ball,1,24.6,Scotland,RV Scholes,K Anderson,S Jimmy,0,0,"",""
ball,1,25.1,Scotland,K Anderson,RV Scholes,V Frank,4,0,"",""
ball,1,25.2,Scotland,K Anderson,RV Scholes,V Frank,1,0,"",""
ball,1,25.3,Scotland,RV Scholes,K Anderson,V Frank,0,0,"",""
ball,1,25.4,Scotland,RV Scholes,K Anderson,V Frank,1,0,"",""
ball,1,25.5,Scotland,K Anderson,RV Scholes,V Frank,0,0,"",""
ball,1,25.6,Scotland,K Anderson,RV Scholes,V Frank,0,0,"",""
ball,1,26.1,Scotland,RV Scholes,K Anderson,S Jimmy,1,0,"",""
ball,1,26.2,Scotland,K Anderson,RV Scholes,S Jimmy,1,0,"",""
ball,1,26.3,Scotland,RV Scholes,K Anderson,S Jimmy,0,0,"",""
ball,1,26.4,Scotland,RV Scholes,K Anderson,S Jimmy,2,0,"",""
ball,1,26.5,Scotland,RV Scholes,K Anderson,S Jimmy,1,0,"",""
ball,1,26.6,Scotland,K Anderson,RV Scholes,S Jimmy,0,0,"",""
ball,1,27.1,Scotland,RV Scholes,K Anderson,V Frank,0,0,"",""
ball,1,27.2,Scotland,RV Scholes,K Anderson,V Frank,1,0,"",""
ball,1,27.3,Scotland,K Anderson,RV Scholes,V Frank,0,0,"",""
ball,1,27.4,Scotland,K Anderson,RV Scholes,V Frank,0,0,"",""
ball,1,27.5,Scotland,K Anderson,RV Scholes,V Frank,0,0,"",""
ball,1,27.6,Scotland,K Anderson,RV Scholes,V Frank,1,0,"",""
ball,1,28.1,Scotland,K Anderson,RV Scholes,S Jimmy,0,0,"",""
ball,1,28.2,Scotland,K Anderson,RV Scholes,S Jimmy,0,0,"",""
ball,1,28.3,Scotland,K Anderson,RV Scholes,S Jimmy,0,0,"",""
ball,1,28.4,Scotland,K Anderson,RV Scholes,S Jimmy,0,0,"",""
ball,1,28.5,Scotland,K Anderson,RV Scholes,S Jimmy,0,0,"",""
ball,1,28.6,Scotland,K Anderson,RV Scholes,S Jimmy,4,0,"",""
ball,1,29.1,Scotland,RV Scholes,K Anderson,V Frank,0,0,"",""
ball,1,29.2,Scotland,RV Scholes,K Anderson,V Frank,6,0,"",""
ball,1,29.3,Scotland,RV Scholes,K Anderson,V Frank,0,0,"",""
ball,1,29.4,Scotland,RV Scholes,K Anderson,V Frank,1,0,"",""
ball,1,29.5,Scotland,K Anderson,RV Scholes,V Frank,0,0,"",""
ball,1,29.6,Scotland,K Anderson,RV Scholes,V Frank,0,0,"",""
ball,1,30.1,Scotland,RV Scholes,K Anderson,K Arua,0,0,"",""
ball,1,30.2,Scotland,RV Scholes,K Anderson,K Arua,0,0,"",""
ball,1,30.3,Scotland,RV Scholes,K Anderson,K Arua,0,0,"",""
ball,1,30.4,Scotland,RV Scholes,K Anderson,K Arua,0,0,"",""
ball,1,30.5,Scotland,RV Scholes,K Anderson,K Arua,1,0,"",""
ball,1,30.6,Scotland,K Anderson,RV Scholes,K Arua,0,0,"",""
ball,1,31.1,Scotland,RV Scholes,K Anderson,V Frank,0,1,"",""
ball,1,31.2,Scotland,RV Scholes,K Anderson,V Frank,0,0,"",""
ball,1,31.3,Scotland,RV Scholes,K Anderson,V Frank,0,0,"",""
ball,1,31.4,Scotland,RV Scholes,K Anderson,V Frank,1,0,"",""
ball,1,31.5,Scotland,K Anderson,RV Scholes,V Frank,0,0,"",""
ball,1,31.6,Scotland,K Anderson,RV Scholes,V Frank,0,0,"",""
ball,1,31.7,Scotland,K Anderson,RV Scholes,V Frank,0,0,"",""
ball,1,32.1,Scotland,RV Scholes,K Anderson,K Arua,4,0,"",""
ball,1,32.2,Scotland,RV Scholes,K Anderson,K Arua,1,0,"",""
ball,1,32.3,Scotland,K Anderson,RV Scholes,K Arua,0,1,"",""
ball,1,32.4,Scotland,K Anderson,RV Scholes,K Arua,0,0,"",""
ball,1,32.5,Scotland,K Anderson,RV Scholes,K Arua,0,0,"",""
ball,1,32.6,Scotland,K Anderson,RV Scholes,K Arua,0,0,"",""
ball,1,32.7,Scotland,K Anderson,RV Scholes,K Arua,1,0,"",""
ball,1,33.1,Scotland,K Anderson,RV Scholes,K Oala,0,0,"",""
ball,1,33.2,Scotland,K Anderson,RV Scholes,K Oala,0,0,"",""
ball,1,33.3,Scotland,K Anderson,RV Scholes,K Oala,0,0,"",""
ball,1,33.4,Scotland,K Anderson,RV Scholes,K Oala,0,0,"",""
ball,1,33.5,Scotland,K Anderson,RV Scholes,K Oala,0,0,"",""
ball,1,33.6,Scotland,K Anderson,RV Scholes,K Oala,1,0,"",""
ball,1,34.1,Scotland,K Anderson,RV Scholes,K Arua,2,1,"",""
ball,1,34.2,Scotland,K Anderson,RV Scholes,K Arua,1,0,"",""
ball,1,34.3,Scotland,RV Scholes,K Anderson,K Arua,1,0,"",""
ball,1,34.4,Scotland,K Anderson,RV Scholes,K Arua,0,0,caught,K Anderson
ball,1,34.5,Scotland,FE Urquhart,RV Scholes,K Arua,0,0,"",""
ball,1,34.6,Scotland,FE Urquhart,RV Scholes,K Arua,1,0,"",""
ball,1,34.7,Scotland,RV Scholes,FE Urquhart,K Arua,0,0,"",""
ball,1,35.1,Scotland,FE Urquhart,RV Scholes,K Oala,1,0,"",""
ball,1,35.2,Scotland,RV Scholes,FE Urquhart,K Oala,1,0,"",""
ball,1,35.3,Scotland,FE Urquhart,RV Scholes,K Oala,0,0,"",""
ball,1,35.4,Scotland,FE Urquhart,RV Scholes,K Oala,0,1,"",""
ball,1,35.5,Scotland,FE Urquhart,RV Scholes,K Oala,0,0,"",""
ball,1,35.6,Scotland,FE Urquhart,RV Scholes,K Oala,0,0,"",""
ball,1,35.7,Scotland,FE Urquhart,RV Scholes,K Oala,4,1,"",""
ball,1,35.8,Scotland,FE Urquhart,RV Scholes,K Oala,4,0,"",""
ball,1,36.1,Scotland,RV Scholes,FE Urquhart,K Arua,0,0,"",""
ball,1,36.2,Scotland,RV Scholes,FE Urquhart,K Arua,1,0,"",""
ball,1,36.3,Scotland,FE Urquhart,RV Scholes,K Arua,1,0,"",""
ball,1,36.4,Scotland,RV Scholes,FE Urquhart,K Arua,1,0,"",""
ball,1,36.5,Scotland,FE Urquhart,RV Scholes,K Arua,0,0,"",""
ball,1,36.6,Scotland,FE Urquhart,RV Scholes,K Arua,0,0,"",""
ball,1,37.1,Scotland,RV Scholes,FE Urquhart,P Siaka,0,0,"",""
ball,1,37.2,Scotland,RV Scholes,FE Urquhart,P Siaka,0,0,"",""
ball,1,37.3,Scotland,RV Scholes,FE Urquhart,P Siaka,0,0,"",""
ball,1,37.4,Scotland,RV Scholes,FE Urquhart,P Siaka,0,0,lbw,RV Scholes
ball,1,37.5,Scotland,EM Priddle,FE Urquhart,P Siaka,0,0,"",""
ball,1,37.6,Scotland,EM Priddle,FE Urquhart,P Siaka,0,0,"",""
ball,1,38.1,Scotland,FE Urquhart,EM Priddle,K Arua,0,0,"",""
ball,1,38.2,Scotland,FE Urquhart,EM Priddle,K Arua,1,0,"",""
ball,1,38.3,Scotland,EM Priddle,FE Urquhart,K Arua,0,0,"",""
ball,1,38.4,Scotland,EM Priddle,FE Urquhart,K Arua,0,0,"",""
ball,1,38.5,Scotland,EM Priddle,FE Urquhart,K Arua,0,0,"",""
ball,1,38.6,Scotland,EM Priddle,FE Urquhart,K Arua,4,0,"",""
ball,1,39.1,Scotland,FE Urquhart,EM Priddle,P Siaka,0,0,"",""
ball,1,39.2,Scotland,FE Urquhart,EM Priddle,P Siaka,0,0,"",""
ball,1,39.3,Scotland,FE Urquhart,EM Priddle,P Siaka,1,0,"",""
ball,1,39.4,Scotland,EM Priddle,FE Urquhart,P Siaka,0,0,"",""
ball,1,39.5,Scotland,EM Priddle,FE Urquhart,P Siaka,0,0,"",""
ball,1,39.6,Scotland,EM Priddle,FE Urquhart,P Siaka,0,0,"",""
ball,1,40.1,Scotland,FE Urquhart,EM Priddle,K Arua,0,0,"",""
ball,1,40.2,Scotland,FE Urquhart,EM Priddle,K Arua,4,0,"",""
ball,1,40.3,Scotland,FE Urquhart,EM Priddle,K Arua,0,0,"",""
ball,1,40.4,Scotland,FE Urquhart,EM Priddle,K Arua,0,0,"",""
ball,1,40.5,Scotland,FE Urquhart,EM Priddle,K Arua,0,1,"",""
ball,1,40.6,Scotland,FE Urquhart,EM Priddle,K Arua,0,0,"",""
ball,1,40.7,Scotland,FE Urquhart,EM Priddle,K Arua,0,0,"",""
ball,1,41.1,Scotland,EM Priddle,FE Urquhart,P Siaka,0,0,"",""
ball,1,41.2,Scotland,EM Priddle,FE Urquhart,P Siaka,1,0,"",""
ball,1,41.3,Scotland,FE Urquhart,EM Priddle,P Siaka,0,0,"",""
ball,1,41.4,Scotland,FE Urquhart,EM Priddle,P Siaka,0,0,"",""
ball,1,41.5,Scotland,FE Urquhart,EM Priddle,P Siaka,4,0,"",""
ball,1,41.6,Scotland,FE Urquhart,EM Priddle,P Siaka,0,0,"",""
ball,1,42.1,Scotland,EM Priddle,FE Urquhart,R Oa,0,0,"",""
ball,1,42.2,Scotland,EM Priddle,FE Urquhart,R Oa,1,0,"",""
ball,1,42.3,Scotland,FE Urquhart,EM Priddle,R Oa,2,0,"",""
ball,1,42.4,Scotland,FE Urquhart,EM Priddle,R Oa,0,0,"",""
ball,1,42.5,Scotland,FE Urquhart,EM Priddle,R Oa,1,0,"",""
ball,1,42.6,Scotland,EM Priddle,FE Urquhart,R Oa,0,0,"",""
ball,1,43.1,Scotland,FE Urquhart,EM Priddle,P Siaka,0,0,"",""
ball,1,43.2,Scotland,FE Urquhart,EM Priddle,P Siaka,0,0,bowled,FE Urquhart
ball,1,43.3,Scotland,KL Gordon,EM Priddle,P Siaka,0,0,"",""
ball,1,43.4,Scotland,KL Gordon,EM Priddle,P Siaka,1,0,"",""
ball,1,43.5,Scotland,EM Priddle,KL Gordon,P Siaka,4,0,"",""
ball,1,43.6,Scotland,EM Priddle,KL Gordon,P Siaka,1,0,"",""
ball,1,44.1,Scotland,EM Priddle,KL Gordon,R Oa,0,0,"",""
ball,1,44.2,Scotland,EM Priddle,KL Gordon,R Oa,1,0,"",""
ball,1,44.3,Scotland,KL Gordon,EM Priddle,R Oa,1,0,"",""
ball,1,44.4,Scotland,EM Priddle,KL Gordon,R Oa,0,0,"",""
ball,1,44.5,Scotland,EM Priddle,KL Gordon,R Oa,0,0,"",""
ball,1,44.6,Scotland,EM Priddle,KL Gordon,R Oa,0,0,"",""
ball,1,45.1,Scotland,KL Gordon,EM Priddle,P Siaka,0,0,"",""
ball,1,45.2,Scotland,KL Gordon,EM Priddle,P Siaka,0,0,caught and bowled,KL Gordon
ball,1,45.3,Scotland,L Jack,EM Priddle,P Siaka,0,0,"",""
ball,1,45.4,Scotland,L Jack,EM Priddle,P Siaka,0,0,"",""
ball,1,45.5,Scotland,L Jack,EM Priddle,P Siaka,0,0,"",""
ball,1,45.6,Scotland,L Jack,EM Priddle,P Siaka,0,1,"",""
ball,1,45.7,Scotland,L Jack,EM Priddle,P Siaka,0,0,"",""
ball,1,46.1,Scotland,EM Priddle,L Jack,R Oa,0,0,"",""
ball,1,46.2,Scotland,EM Priddle,L Jack,R Oa,1,0,"",""
ball,1,46.3,Scotland,L Jack,EM Priddle,R Oa,1,0,"",""
ball,1,46.4,Scotland,EM Priddle,L Jack,R Oa,0,0,"",""
ball,1,46.5,Scotland,EM Priddle,L Jack,R Oa,0,0,"",""
ball,1,46.6,Scotland,EM Priddle,L Jack,R Oa,1,0,"",""
ball,1,47.1,Scotland,EM Priddle,L Jack,P Siaka,1,0,"",""
ball,1,47.2,Scotland,L Jack,EM Priddle,P Siaka,0,0,"",""
ball,1,47.3,Scotland,L Jack,EM Priddle,P Siaka,0,0,caught,L Jack
ball,1,47.4,Scotland,A Aitken,EM Priddle,P Siaka,0,0,"",""
ball,1,47.5,Scotland,A Aitken,EM Priddle,P Siaka,0,0,"",""
ball,1,47.6,Scotland,A Aitken,EM Priddle,P Siaka,0,0,"",""
ball,1,48.1,Scotland,EM Priddle,A Aitken,R Oa,0,0,"",""
ball,1,48.2,Scotland,EM Priddle,A Aitken,R Oa,4,0,"",""
ball,1,48.3,Scotland,EM Priddle,A Aitken,R Oa,4,0,"",""
ball,1,48.4,Scotland,EM Priddle,A Aitken,R Oa,4,0,"",""
ball,1,48.5,Scotland,EM Priddle,A Aitken,R Oa,0,0,"",""
ball,1,48.6,Scotland,EM Priddle,A Aitken,R Oa,1,0,"",""
ball,1,49.1,Scotland,EM Priddle,A Aitken,P Siaka,1,0,"",""
ball,1,49.2,Scotland,A Aitken,EM Priddle,P Siaka,0,0,"",""
ball,1,49.3,Scotland,A Aitken,EM Priddle,P Siaka,0,1,"",""
ball,1,49.4,Scotland,A Aitken,EM Priddle,P Siaka,1,0,"",""
ball,1,49.5,Scotland,EM Priddle,A Aitken,P Siaka,2,0,"",""
ball,1,49.6,Scotland,EM Priddle,A Aitken,P Siaka,0,0,caught,EM Priddle
ball,1,49.7,Scotland,A Aitken,PA Chatterji,P Siaka,0,0,bowled,A Aitken
ball,2,0.1,Papua New Guinea,B Tau,T Ruma,KE Bryce,0,0,"",""
ball,2,0.2,Papua New Guinea,B Tau,T Ruma,KE Bryce,1,0,"",""
ball,2,0.3,Papua New Guinea,T Ruma,B Tau,KE Bryce,0,0,"",""
ball,2,0.4,Papua New Guinea,T Ruma,B Tau,KE Bryce,0,0,"",""
ball,2,0.5,Papua New Guinea,T Ruma,B Tau,KE Bryce,0,1,"",""
ball,2,0.6,Papua New Guinea,B Tau,T Ruma,KE Bryce,0,0,"",""
ball,2,1.1,Papua New Guinea,T Ruma,B Tau,PA Chatterji,0,0,"",""
ball,2,1.2,Papua New Guinea,T Ruma,B Tau,PA Chatterji,0,1,"",""
ball,2,1.3,Papua New Guinea,T Ruma,B Tau,PA Chatterji,0,0,"",""
ball,2,1.4,Papua New Guinea,T Ruma,B Tau,PA Chatterji,0,0,"",""
ball,2,1.5,Papua New Guinea,T Ruma,B Tau,PA Chatterji,0,0,"",""
ball,2,1.6,Papua New Guinea,T Ruma,B Tau,PA Chatterji,0,0,"",""
ball,2,1.7,Papua New Guinea,T Ruma,B Tau,PA Chatterji,0,0,"",""
ball,2,2.1,Papua New Guinea,B Tau,T Ruma,KE Bryce,2,0,"",""
ball,2,2.2,Papua New Guinea,B Tau,T Ruma,KE Bryce,0,0,"",""
ball,2,2.3,Papua New Guinea,B Tau,T Ruma,KE Bryce,1,0,"",""
ball,2,2.4,Papua New Guinea,T Ruma,B Tau,KE Bryce,0,0,"",""
ball,2,2.5,Papua New Guinea,T Ruma,B Tau,KE Bryce,1,0,"",""
ball,2,2.6,Papua New Guinea,B Tau,T Ruma,KE Bryce,0,0,"",""
ball,2,3.1,Papua New Guinea,T Ruma,B Tau,PA Chatterji,2,0,"",""
ball,2,3.2,Papua New Guinea,T Ruma,B Tau,PA Chatterji,0,1,"",""
ball,2,3.3,Papua New Guinea,T Ruma,B Tau,PA Chatterji,0,0,"",""
ball,2,3.4,Papua New Guinea,T Ruma,B Tau,PA Chatterji,0,0,"",""
ball,2,3.5,Papua New Guinea,T Ruma,B Tau,PA Chatterji,0,0,"",""
ball,2,3.6,Papua New Guinea,T Ruma,B Tau,PA Chatterji,1,0,"",""
ball,2,3.7,Papua New Guinea,B Tau,T Ruma,PA Chatterji,1,0,"",""
ball,2,4.1,Papua New Guinea,B Tau,T Ruma,KE Bryce,0,0,"",""
ball,2,4.2,Papua New Guinea,B Tau,T Ruma,KE Bryce,0,0,"",""
ball,2,4.3,Papua New Guinea,B Tau,T Ruma,KE Bryce,0,0,"",""
ball,2,4.4,Papua New Guinea,B Tau,T Ruma,KE Bryce,0,0,"",""
ball,2,4.5,Papua New Guinea,B Tau,T Ruma,KE Bryce,2,0,"",""
ball,2,4.6,Papua New Guinea,B Tau,T Ruma,KE Bryce,0,0,"",""
ball,2,5.1,Papua New Guinea,T Ruma,B Tau,PA Chatterji,4,0,"",""
ball,2,5.2,Papua New Guinea,T Ruma,B Tau,PA Chatterji,0,0,"",""
ball,2,5.3,Papua New Guinea,T Ruma,B Tau,PA Chatterji,0,0,"",""
ball,2,5.4,Papua New Guinea,T Ruma,B Tau,PA Chatterji,0,0,"",""
ball,2,5.5,Papua New Guinea,T Ruma,B Tau,PA Chatterji,0,1,"",""
ball,2,5.6,Papua New Guinea,T Ruma,B Tau,PA Chatterji,0,0,"",""
ball,2,5.7,Papua New Guinea,T Ruma,B Tau,PA Chatterji,0,1,"",""
ball,2,5.8,Papua New Guinea,T Ruma,B Tau,PA Chatterji,0,0,"",""
ball,2,6.1,Papua New Guinea,B Tau,T Ruma,KE Bryce,0,0,"",""
ball,2,6.2,Papua New Guinea,B Tau,T Ruma,KE Bryce,1,0,"",""
ball,2,6.3,Papua New Guinea,T Ruma,B Tau,KE Bryce,0,0,"",""
ball,2,6.4,Papua New Guinea,T Ruma,B Tau,KE Bryce,0,0,"",""
ball,2,6.5,Papua New Guinea,T Ruma,B Tau,KE Bryce,1,0,"",""
ball,2,6.6,Papua New Guinea,B Tau,T Ruma,KE Bryce,0,1,"",""
ball,2,7.1,Papua New Guinea,B Tau,T Ruma,PA Chatterji,0,0,"",""
ball,2,7.2,Papua New Guinea,B Tau,T Ruma,PA Chatterji,1,0,"",""
ball,2,7.3,Papua New Guinea,T Ruma,B Tau,PA Chatterji,0,0,"",""
ball,2,7.4,Papua New Guinea,T Ruma,B Tau,PA Chatterji,0,0,"",""
ball,2,7.5,Papua New Guinea,T Ruma,B Tau,PA Chatterji,0,0,"",""
ball,2,7.6,Papua New Guinea,T Ruma,B Tau,PA Chatterji,0,0,"",""
ball,2,8.1,Papua New Guinea,B Tau,T Ruma,KE Bryce,0,0,"",""
ball,2,8.2,Papua New Guinea,B Tau,T Ruma,KE Bryce,0,0,"",""
ball,2,8.3,Papua New Guinea,B Tau,T Ruma,KE Bryce,0,0,"",""
ball,2,8.4,Papua New Guinea,B Tau,T Ruma,KE Bryce,0,0,"",""
ball,2,8.5,Papua New Guinea,B Tau,T Ruma,KE Bryce,0,0,"",""
ball,2,8.6,Papua New Guinea,B Tau,T Ruma,KE Bryce,1,0,"",""
ball,2,9.1,Papua New Guinea,B Tau,T Ruma,A Aitken,0,0,"",""
ball,2,9.2,Papua New Guinea,B Tau,T Ruma,A Aitken,0,0,"",""
ball,2,9.3,Papua New Guinea,B Tau,T Ruma,A Aitken,0,0,"",""
ball,2,9.4,Papua New Guinea,B Tau,T Ruma,A Aitken,2,0,"",""
ball,2,9.5,Papua New Guinea,B Tau,T Ruma,A Aitken,0,0,"",""
ball,2,9.6,Papua New Guinea,B Tau,T Ruma,A Aitken,0,1,"",""
ball,2,10.1,Papua New Guinea,B Tau,T Ruma,KL Gordon,0,0,"",""
ball,2,10.2,Papua New Guinea,B Tau,T Ruma,KL Gordon,1,0,"",""
ball,2,10.3,Papua New Guinea,T Ruma,B Tau,KL Gordon,0,0,"",""
ball,2,10.4,Papua New Guinea,T Ruma,B Tau,KL Gordon,0,0,"",""
ball,2,10.5,Papua New Guinea,T Ruma,B Tau,KL Gordon,1,0,"",""
ball,2,10.6,Papua New Guinea,B Tau,T Ruma,KL Gordon,0,0,"",""
ball,2,11.1,Papua New Guinea,T Ruma,B Tau,A Aitken,0,0,"",""
ball,2,11.2,Papua New Guinea,T Ruma,B Tau,A Aitken,0,0,"",""
ball,2,11.3,Papua New Guinea,T Ruma,B Tau,A Aitken,1,0,"",""
ball,2,11.4,Papua New Guinea,B Tau,T Ruma,A Aitken,0,0,"",""
ball,2,11.5,Papua New Guinea,B Tau,T Ruma,A Aitken,4,0,"",""
ball,2,11.6,Papua New Guinea,B Tau,T Ruma,A Aitken,0,0,"",""
ball,2,12.1,Papua New Guinea,T Ruma,B Tau,KL Gordon,0,0,"",""
ball,2,12.2,Papua New Guinea,T Ruma,B Tau,KL Gordon,1,0,"",""
ball,2,12.3,Papua New Guinea,B Tau,T Ruma,KL Gordon,0,0,"",""
ball,2,12.4,Papua New Guinea,B Tau,T Ruma,KL Gordon,0,0,"",""
ball,2,12.5,Papua New Guinea,B Tau,T Ruma,KL Gordon,0,0,"",""
ball,2,12.6,Papua New Guinea,B Tau,T Ruma,KL Gordon,0,0,"",""
ball,2,13.1,Papua New Guinea,T Ruma,B Tau,A Aitken,0,0,"",""
ball,2,13.2,Papua New Guinea,T Ruma,B Tau,A Aitken,1,0,"",""
ball,2,13.3,Papua New Guinea,B Tau,T Ruma,A Aitken,0,0,"",""
ball,2,13.4,Papua New Guinea,B Tau,T Ruma,A Aitken,0,0,"",""
ball,2,13.5,Papua New Guinea,B Tau,T Ruma,A Aitken,0,0,"",""
ball,2,13.6,Papua New Guinea,B Tau,T Ruma,A Aitken,0,0,"",""
ball,2,14.1,Papua New Guinea,T Ruma,B Tau,KL Gordon,0,0,"",""
ball,2,14.2,Papua New Guinea,T Ruma,B Tau,KL Gordon,0,0,"",""
ball,2,14.3,Papua New Guinea,T Ruma,B Tau,KL Gordon,4,0,"",""
ball,2,14.4,Papua New Guinea,T Ruma,B Tau,KL Gordon,0,0,"",""
ball,2,14.5,Papua New Guinea,T Ruma,B Tau,KL Gordon,1,0,"",""
ball,2,14.6,Papua New Guinea,B Tau,T Ruma,KL Gordon,0,0,"",""
ball,2,15.1,Papua New Guinea,T Ruma,B Tau,A Aitken,0,1,"",""
ball,2,15.2,Papua New Guinea,T Ruma,B Tau,A Aitken,1,0,"",""
ball,2,15.3,Papua New Guinea,B Tau,T Ruma,A Aitken,0,1,"",""
ball,2,15.4,Papua New Guinea,B Tau,T Ruma,A Aitken,0,0,"",""
ball,2,15.5,Papua New Guinea,B Tau,T Ruma,A Aitken,0,0,"",""
ball,2,15.6,Papua New Guinea,B Tau,T Ruma,A Aitken,0,0,"",""
ball,2,15.7,Papua New Guinea,B Tau,T Ruma,A Aitken,0,0,"",""
ball,2,15.8,Papua New Guinea,B Tau,T Ruma,A Aitken,0,0,"",""
ball,2,16.1,Papua New Guinea,T Ruma,B Tau,KL Gordon,0,0,"",""
ball,2,16.2,Papua New Guinea,T Ruma,B Tau,KL Gordon,0,0,"",""
ball,2,16.3,Papua New Guinea,T Ruma,B Tau,KL Gordon,0,2,"",""
ball,2,16.4,Papua New Guinea,B Tau,T Ruma,KL Gordon,0,0,"",""
ball,2,16.5,Papua New Guinea,B Tau,T Ruma,KL Gordon,1,0,"",""
ball,2,16.6,Papua New Guinea,T Ruma,B Tau,KL Gordon,0,0,"",""
ball,2,16.7,Papua New Guinea,T Ruma,B Tau,KL Gordon,0,0,"",""
ball,2,17.1,Papua New Guinea,B Tau,T Ruma,RV Scholes,0,0,"",""
ball,2,17.2,Papua New Guinea,B Tau,T Ruma,RV Scholes,0,0,"",""
ball,2,17.3,Papua New Guinea,B Tau,T Ruma,RV Scholes,0,0,"",""
ball,2,17.4,Papua New Guinea,B Tau,T Ruma,RV Scholes,0,0,"",""
ball,2,17.5,Papua New Guinea,B Tau,T Ruma,RV Scholes,0,0,"",""
ball,2,17.6,Papua New Guinea,B Tau,T Ruma,RV Scholes,0,0,"",""
ball,2,18.1,Papua New Guinea,T Ruma,B Tau,K Anderson,0,0,"",""
ball,2,18.2,Papua New Guinea,T Ruma,B Tau,K Anderson,0,0,"",""
ball,2,18.3,Papua New Guinea,T Ruma,B Tau,K Anderson,1,0,"",""
ball,2,18.4,Papua New Guinea,B Tau,T Ruma,K Anderson,0,0,"",""
ball,2,18.5,Papua New Guinea,B Tau,T Ruma,K Anderson,0,0,"",""
ball,2,18.6,Papua New Guinea,B Tau,T Ruma,K Anderson,0,0,"",""
ball,2,19.1,Papua New Guinea,T Ruma,B Tau,RV Scholes,2,0,"",""
ball,2,19.2,Papua New Guinea,T Ruma,B Tau,RV Scholes,4,0,"",""
ball,2,19.3,Papua New Guinea,T Ruma,B Tau,RV Scholes,0,0,"",""
ball,2,19.4,Papua New Guinea,T Ruma,B Tau,RV Scholes,0,0,"",""
ball,2,19.5,Papua New Guinea,T Ruma,B Tau,RV Scholes,0,0,"",""
ball,2,19.6,Papua New Guinea,T Ruma,B Tau,RV Scholes,0,0,"",""
ball,2,20.1,Papua New Guinea,B Tau,T Ruma,K Anderson,4,0,"",""
ball,2,20.2,Papua New Guinea,B Tau,T Ruma,K Anderson,0,0,"",""
ball,2,20.3,Papua New Guinea,B Tau,T Ruma,K Anderson,0,0,"",""
ball,2,20.4,Papua New Guinea,B Tau,T Ruma,K Anderson,1,0,"",""
ball,2,20.5,Papua New Guinea,T Ruma,B Tau,K Anderson,0,0,"",""
ball,2,20.6,Papua New Guinea,T Ruma,B Tau,K Anderson,0,0,"",""
ball,2,21.1,Papua New Guinea,B Tau,T Ruma,RV Scholes,1,0,"",""
ball,2,21.2,Papua New Guinea,T Ruma,B Tau,RV Scholes,0,0,"",""
ball,2,21.3,Papua New Guinea,T Ruma,B Tau,RV Scholes,1,1,"",""
ball,2,21.4,Papua New Guinea,B Tau,T Ruma,RV Scholes,1,0,"",""
ball,2,21.5,Papua New Guinea,T Ruma,B Tau,RV Scholes,0,0,"",""
ball,2,21.6,Papua New Guinea,T Ruma,B Tau,RV Scholes,0,0,"",""
ball,2,21.7,Papua New Guinea,T Ruma,B Tau,RV Scholes,0,0,"",""
ball,2,22.1,Papua New Guinea,B Tau,T Ruma,K Anderson,1,0,"",""
ball,2,22.2,Papua New Guinea,T Ruma,B Tau,K Anderson,4,0,"",""
ball,2,22.3,Papua New Guinea,T Ruma,B Tau,K Anderson,1,0,"",""
ball,2,22.4,Papua New Guinea,B Tau,T Ruma,K Anderson,0,0,"",""
ball,2,22.5,Papua New Guinea,B Tau,T Ruma,K Anderson,0,0,"",""
ball,2,22.6,Papua New Guinea,B Tau,T Ruma,K Anderson,1,0,"",""
ball,2,23.1,Papua New Guinea,B Tau,T Ruma,RV Scholes,0,0,"",""
ball,2,23.2,Papua New Guinea,B Tau,T Ruma,RV Scholes,1,0,"",""
ball,2,23.3,Papua New Guinea,T Ruma,B Tau,RV Scholes,0,0,run out,T Ruma
ball,2,23.4,Papua New Guinea,B Tau,P Siaka,RV Scholes,0,0,"",""
ball,2,23.5,Papua New Guinea,B Tau,P Siaka,RV Scholes,2,0,"",""
ball,2,23.6,Papua New Guinea,B Tau,P Siaka,RV Scholes,0,0,"",""
ball,2,24.1,Papua New Guinea,P Siaka,B Tau,K Anderson,0,0,"",""
ball,2,24.2,Papua New Guinea,P Siaka,B Tau,K Anderson,1,0,"",""
ball,2,24.3,Papua New Guinea,B Tau,P Siaka,K Anderson,0,0,"",""
ball,2,24.4,Papua New Guinea,B Tau,P Siaka,K Anderson,0,0,"",""
ball,2,24.5,Papua New Guinea,B Tau,P Siaka,K Anderson,0,0,"",""
ball,2,24.6,Papua New Guinea,B Tau,P Siaka,K Anderson,0,0,"",""
ball,2,25.1,Papua New Guinea,P Siaka,B Tau,RV Scholes,0,0,"",""
ball,2,25.2,Papua New Guinea,P Siaka,B Tau,RV Scholes,0,1,"",""
ball,2,25.3,Papua New Guinea,B Tau,P Siaka,RV Scholes,0,0,"",""
ball,2,25.4,Papua New Guinea,B Tau,P Siaka,RV Scholes,0,0,"",""
ball,2,25.5,Papua New Guinea,B Tau,P Siaka,RV Scholes,0,0,"",""
ball,2,25.6,Papua New Guinea,B Tau,P Siaka,RV Scholes,0,0,"",""
ball,2,26.1,Papua New Guinea,P Siaka,B Tau,KL Gordon,1,0,"",""
ball,2,26.2,Papua New Guinea,B Tau,P Siaka,KL Gordon,0,0,"",""
ball,2,26.3,Papua New Guinea,B Tau,P Siaka,KL Gordon,1,0,"",""
ball,2,26.4,Papua New Guinea,P Siaka,B Tau,KL Gordon,0,0,"",""
ball,2,26.5,Papua New Guinea,P Siaka,B Tau,KL Gordon,0,0,"",""
ball,2,26.6,Papua New Guinea,P Siaka,B Tau,KL Gordon,1,0,"",""
ball,2,27.1,Papua New Guinea,P Siaka,B Tau,RV Scholes,0,0,"",""
ball,2,27.2,Papua New Guinea,P Siaka,B Tau,RV Scholes,0,0,"",""
ball,2,27.3,Papua New Guinea,P Siaka,B Tau,RV Scholes,1,0,"",""
ball,2,27.4,Papua New Guinea,B Tau,P Siaka,RV Scholes,0,0,"",""
ball,2,27.5,Papua New Guinea,B Tau,P Siaka,RV Scholes,0,0,"",""
ball,2,27.6,Papua New Guinea,B Tau,P Siaka,RV Scholes,3,0,"",""
ball,2,28.1,Papua New Guinea,B Tau,P Siaka,KL Gordon,0,0,"",""
ball,2,28.2,Papua New Guinea,B Tau,P Siaka,KL Gordon,0,0,"",""
ball,2,28.3,Papua New Guinea,B Tau,P Siaka,KL Gordon,0,0,"",""
ball,2,28.4,Papua New Guinea,B Tau,P Siaka,KL Gordon,0,0,"",""
ball,2,28.5,Papua New Guinea,B Tau,P Siaka,KL Gordon,0,0,"",""
ball,2,28.6,Papua New Guinea,B Tau,P Siaka,KL Gordon,0,0,"",""
ball,2,29.1,Papua New Guinea,P Siaka,B Tau,RV Scholes,0,0,"",""
ball,2,29.2,Papua New Guinea,P Siaka,B Tau,RV Scholes,0,0,"",""
ball,2,29.3,Papua New Guinea,P Siaka,B Tau,RV Scholes,0,0,"",""
ball,2,29.4,Papua New Guinea,P Siaka,B Tau,RV Scholes,4,0,"",""
ball,2,29.5,Papua New Guinea,P Siaka,B Tau,RV Scholes,0,0,"",""
ball,2,29.6,Papua New Guinea,P Siaka,B Tau,RV Scholes,0,0,"",""
ball,2,30.1,Papua New Guinea,B Tau,P Siaka,KL Gordon,2,0,"",""
ball,2,30.2,Papua New Guinea,B Tau,P Siaka,KL Gordon,0,0,"",""
ball,2,30.3,Papua New Guinea,B Tau,P Siaka,KL Gordon,0,0,run out,P Siaka
ball,2,30.4,Papua New Guinea,K Oala,B Tau,KL Gordon,0,0,"",""
ball,2,30.5,Papua New Guinea,K Oala,B Tau,KL Gordon,0,0,"",""
ball,2,30.6,Papua New Guinea,K Oala,B Tau,KL Gordon,0,0,"",""
ball,2,31.1,Papua New Guinea,B Tau,K Oala,KE Bryce,0,0,"",""
ball,2,31.2,Papua New Guinea,B Tau,K Oala,KE Bryce,1,0,"",""
ball,2,31.3,Papua New Guinea,K Oala,B Tau,KE Bryce,0,0,"",""
ball,2,31.4,Papua New Guinea,K Oala,B Tau,KE Bryce,0,0,"",""
ball,2,31.5,Papua New Guinea,K Oala,B Tau,KE Bryce,0,0,"",""
ball,2,31.6,Papua New Guinea,K Oala,B Tau,KE Bryce,0,0,"",""
ball,2,32.1,Papua New Guinea,B Tau,K Oala,KL Gordon,0,0,"",""
ball,2,32.2,Papua New Guinea,B Tau,K Oala,KL Gordon,2,0,"",""
ball,2,32.3,Papua New Guinea,B Tau,K Oala,KL Gordon,0,0,"",""
ball,2,32.4,Papua New Guinea,B Tau,K Oala,KL Gordon,0,0,"",""
ball,2,32.5,Papua New Guinea,B Tau,K Oala,KL Gordon,0,0,"",""
ball,2,32.6,Papua New Guinea,B Tau,K Oala,KL Gordon,1,0,"",""
ball,2,33.1,Papua New Guinea,B Tau,K Oala,KE Bryce,0,0,"",""
ball,2,33.2,Papua New Guinea,B Tau,K Oala,KE Bryce,0,0,"",""
ball,2,33.3,Papua New Guinea,B Tau,K Oala,KE Bryce,0,0,"",""
ball,2,33.4,Papua New Guinea,B Tau,K Oala,KE Bryce,1,0,"",""
ball,2,33.5,Papua New Guinea,K Oala,B Tau,KE Bryce,0,0,"",""
ball,2,33.6,Papua New Guinea,K Oala,B Tau,KE Bryce,1,0,"",""
ball,2,34.1,Papua New Guinea,K Oala,B Tau,K Anderson,0,0,"",""
ball,2,34.2,Papua New Guinea,K Oala,B Tau,K Anderson,0,0,"",""
ball,2,34.3,Papua New Guinea,K Oala,B Tau,K Anderson,0,0,"",""
ball,2,34.4,Papua New Guinea,K Oala,B Tau,K Anderson,1,0,"",""
ball,2,34.5,Papua New Guinea,B Tau,K Oala,K Anderson,2,0,"",""
ball,2,34.6,Papua New Guinea,B Tau,K Oala,K Anderson,0,0,"",""
ball,2,35.1,Papua New Guinea,K Oala,B Tau,KE Bryce,1,0,"",""
ball,2,35.2,Papua New Guinea,B Tau,K Oala,KE Bryce,1,0,"",""
ball,2,35.3,Papua New Guinea,K Oala,B Tau,KE Bryce,1,0,"",""
ball,2,35.4,Papua New Guinea,B Tau,K Oala,KE Bryce,0,0,"",""
ball,2,35.5,Papua New Guinea,B Tau,K Oala,KE Bryce,0,0,"",""
ball,2,35.6,Papua New Guinea,B Tau,K Oala,KE Bryce,0,0,"",""
ball,2,36.1,Papua New Guinea,K Oala,B Tau,K Anderson,0,0,"",""
ball,2,36.2,Papua New Guinea,K Oala,B Tau,K Anderson,1,0,"",""
ball,2,36.3,Papua New Guinea,B Tau,K Oala,K Anderson,1,0,"",""
ball,2,36.4,Papua New Guinea,K Oala,B Tau,K Anderson,0,0,caught,K Oala
ball,2,36.5,Papua New Guinea,V Frank,B Tau,K Anderson,0,0,"",""
ball,2,36.6,Papua New Guinea,V Frank,B Tau,K Anderson,0,0,"",""
ball,2,37.1,Papua New Guinea,B Tau,V Frank,KE Bryce,1,0,"",""
ball,2,37.2,Papua New Guinea,V Frank,B Tau,KE Bryce,0,0,bowled,V Frank
ball,2,37.3,Papua New Guinea,S Jimmy,B Tau,KE Bryce,0,0,"",""
ball,2,37.4,Papua New Guinea,S Jimmy,B Tau,KE Bryce,0,0,"",""
ball,2,37.5,Papua New Guinea,S Jimmy,B Tau,KE Bryce,0,0,"",""
ball,2,37.6,Papua New Guinea,S Jimmy,B Tau,KE Bryce,1,0,"",""
ball,2,38.1,Papua New Guinea,S Jimmy,B Tau,K Anderson,1,0,"",""
ball,2,38.2,Papua New Guinea,B Tau,S Jimmy,K Anderson,0,0,"",""
ball,2,38.3,Papua New Guinea,B Tau,S Jimmy,K Anderson,0,0,"",""
ball,2,38.4,Papua New Guinea,B Tau,S Jimmy,K Anderson,0,0,lbw,B Tau
ball,2,38.5,Papua New Guinea,N Ovasuru,S Jimmy,K Anderson,0,0,"",""
ball,2,38.6,Papua New Guinea,N Ovasuru,S Jimmy,K Anderson,0,0,"",""
ball,2,39.1,Papua New Guinea,S Jimmy,N Ovasuru,KE Bryce,0,0,"",""
ball,2,39.2,Papua New Guinea,S Jimmy,N Ovasuru,KE Bryce,1,0,"",""
ball,2,39.3,Papua New Guinea,N Ovasuru,S Jimmy,KE Bryce,0,0,"",""
ball,2,39.4,Papua New Guinea,N Ovasuru,S Jimmy,KE Bryce,1,0,"",""
ball,2,39.5,Papua New Guinea,S Jimmy,N Ovasuru,KE Bryce,0,0,"",""
ball,2,39.6,Papua New Guinea,S Jimmy,N Ovasuru,KE Bryce,0,0,"",""
ball,2,40.1,Papua New Guinea,N Ovasuru,S Jimmy,K Anderson,1,0,"",""
ball,2,40.2,Papua New Guinea,S Jimmy,N Ovasuru,K Anderson,1,0,"",""
ball,2,40.3,Papua New Guinea,N Ovasuru,S Jimmy,K Anderson,0,0,"",""
ball,2,40.4,Papua New Guinea,N Ovasuru,S Jimmy,K Anderson,0,0,"",""
ball,2,40.5,Papua New Guinea,N Ovasuru,S Jimmy,K Anderson,1,0,"",""
ball,2,40.6,Papua New Guinea,S Jimmy,N Ovasuru,K Anderson,0,0,"",""
ball,2,41.1,Papua New Guinea,N Ovasuru,S Jimmy,RV Scholes,0,0,"",""
ball,2,41.2,Papua New Guinea,N Ovasuru,S Jimmy,RV Scholes,0,0,"",""
ball,2,41.3,Papua New Guinea,N Ovasuru,S Jimmy,RV Scholes,1,0,"",""
ball,2,41.4,Papua New Guinea,S Jimmy,N Ovasuru,RV Scholes,0,0,"",""
ball,2,41.5,Papua New Guinea,S Jimmy,N Ovasuru,RV Scholes,1,0,"",""
ball,2,41.6,Papua New Guinea,N Ovasuru,S Jimmy,RV Scholes,2,0,"",""
ball,2,42.1,Papua New Guinea,S Jimmy,N Ovasuru,K Anderson,1,0,"",""
ball,2,42.2,Papua New Guinea,N Ovasuru,S Jimmy,K Anderson,4,0,"",""
ball,2,42.3,Papua New Guinea,N Ovasuru,S Jimmy,K Anderson,1,0,"",""
ball,2,42.4,Papua New Guinea,S Jimmy,N Ovasuru,K Anderson,1,0,"",""
ball,2,42.5,Papua New Guinea,N Ovasuru,S Jimmy,K Anderson,0,0,caught,N Ovasuru
ball,2,42.6,Papua New Guinea,S Jimmy,V Araa,K Anderson,1,0,"",""
ball,2,43.1,Papua New Guinea,S Jimmy,V Araa,RV Scholes,1,0,"",""
ball,2,43.2,Papua New Guinea,V Araa,S Jimmy,RV Scholes,0,0,"",""
ball,2,43.3,Papua New Guinea,V Araa,S Jimmy,RV Scholes,0,0,"",""
ball,2,43.4,Papua New Guinea,V Araa,S Jimmy,RV Scholes,0,0,"",""
ball,2,43.5,Papua New Guinea,V Araa,S Jimmy,RV Scholes,1,0,"",""
ball,2,43.6,Papua New Guinea,S Jimmy,V Araa,RV Scholes,1,0,"",""
ball,2,44.1,Papua New Guinea,S Jimmy,V Araa,K Anderson,0,0,"",""
ball,2,44.2,Papua New Guinea,S Jimmy,V Araa,K Anderson,1,0,"",""
ball,2,44.3,Papua New Guinea,V Araa,S Jimmy,K Anderson,0,0,"",""
ball,2,44.4,Papua New Guinea,V Araa,S Jimmy,K Anderson,1,0,"",""
ball,2,44.5,Papua New Guinea,S Jimmy,V Araa,K Anderson,1,0,"",""
ball,2,44.6,Papua New Guinea,V Araa,S Jimmy,K Anderson,1,0,"",""
ball,2,45.1,Papua New Guinea,V Araa,S Jimmy,RV Scholes,0,0,"",""
ball,2,45.2,Papua New Guinea,V Araa,S Jimmy,RV Scholes,1,0,"",""
ball,2,45.3,Papua New Guinea,S Jimmy,V Araa,RV Scholes,4,0,"",""
ball,2,45.4,Papua New Guinea,S Jimmy,V Araa,RV Scholes,0,0,"",""
ball,2,45.5,Papua New Guinea,S Jimmy,V Araa,RV Scholes,1,0,"",""
ball,2,45.6,Papua New Guinea,V Araa,S Jimmy,RV Scholes,0,0,"",""
ball,2,46.1,Papua New Guinea,S Jimmy,V Araa,KL Gordon,0,0,"",""
ball,2,46.2,Papua New Guinea,S Jimmy,V Araa,KL Gordon,1,0,"",""
ball,2,46.3,Papua New Guinea,V Araa,S Jimmy,KL Gordon,1,0,"",""
ball,2,46.4,Papua New Guinea,S Jimmy,V Araa,KL Gordon,1,0,"",""
ball,2,46.5,Papua New Guinea,V Araa,S Jimmy,KL Gordon,0,0,"",""
ball,2,46.6,Papua New Guinea,V Araa,S Jimmy,KL Gordon,0,0,bowled,V Araa
ball,2,47.1,Papua New Guinea,S Jimmy,K Arua,PA Chatterji,0,0,"",""
ball,2,47.2,Papua New Guinea,S Jimmy,K Arua,PA Chatterji,2,0,"",""
ball,2,47.3,Papua New Guinea,S Jimmy,K Arua,PA Chatterji,0,1,"",""
ball,2,47.4,Papua New Guinea,S Jimmy,K Arua,PA Chatterji,1,0,"",""
ball,2,47.5,Papua New Guinea,K Arua,S Jimmy,PA Chatterji,0,1,"",""
ball,2,47.6,Papua New Guinea,S Jimmy,K Arua,PA Chatterji,0,0,"",""
ball,2,47.7,Papua New Guinea,S Jimmy,K Arua,PA Chatterji,1,0,"",""
ball,2,48.1,Papua New Guinea,S Jimmy,K Arua,KL Gordon,0,0,caught,S Jimmy
ball,2,48.2,Papua New Guinea,K Arua,R Oa,KL Gordon,1,0,"",""
ball,2,48.3,Papua New Guinea,R Oa,K Arua,KL Gordon,0,0,"",""
ball,2,48.4,Papua New Guinea,R Oa,K Arua,KL Gordon,1,0,"",""
ball,2,48.5,Papua New Guinea,K Arua,R Oa,KL Gordon,2,0,"",""
ball,2,48.6,Papua New Guinea,K Arua,R Oa,KL Gordon,1,0,"",""
ball,2,49.1,Papua New Guinea,K Arua,R Oa,PA Chatterji,0,4,"",""
ball,2,49.2,Papua New Guinea,K Arua,R Oa,PA Chatterji,0,0,caught,K Arua
ball,2,49.3,Papua New Guinea,R Oa,M Tom,PA Chatterji,4,0,"",""
ball,2,49.4,Papua New Guinea,R Oa,M Tom,PA Chatterji,0,4,"",""
ball,2,49.5,Papua New Guinea,R Oa,M Tom,PA Chatterji,0,0,"",""
ball,2,49.6,Papua New Guinea,R Oa,M Tom,PA Chatterji,0,0,caught and bowled,R Oa
