version,1.3.0
info,team,Lancashire
info,team,Leicestershire
info,gender,male
info,season,2016
info,date,2016/06/10
info,competition,NatWest T20 Blast
info,venue,Old Trafford
info,city,Manchester
info,toss_winner,Lancashire
info,toss_decision,field
info,player_of_match,J Clark
info,umpire,SC Gale
info,umpire,MJ Saggers
info,winner,Lancashire
info,winner_wickets,9
info,method,D/L
ball,1,0.1,Leicestershire,ML Pettini,MJ Cosgrove,N Wagner,0,0,"",""
ball,1,0.2,Leicestershire,ML Pettini,MJ Cosgrove,N Wagner,0,0,"",""
ball,1,0.3,Leicestershire,ML Pettini,MJ Cosgrove,N Wagner,0,1,"",""
ball,1,0.4,Leicestershire,ML Pettini,MJ Cosgrove,N Wagner,0,0,"",""
ball,1,0.5,Leicestershire,ML Pettini,MJ Cosgrove,N Wagner,0,0,"",""
ball,1,0.6,Leicestershire,ML Pettini,MJ Cosgrove,N Wagner,4,0,"",""
ball,1,0.7,Leicestershire,ML Pettini,MJ Cosgrove,N Wagner,4,0,"",""
ball,1,1.1,Leicestershire,MJ Cosgrove,ML Pettini,J Clark,0,0,"",""
ball,1,1.2,Leicestershire,MJ Cosgrove,ML Pettini,J Clark,0,0,"",""
ball,1,1.3,Leicestershire,MJ Cosgrove,ML Pettini,J Clark,4,0,"",""
ball,1,1.4,Leicestershire,MJ Cosgrove,ML Pettini,J Clark,0,0,"",""
ball,1,1.5,Leicestershire,MJ Cosgrove,ML Pettini,J Clark,0,0,"",""
ball,1,1.6,Leicestershire,MJ Cosgrove,ML Pettini,J Clark,1,0,"",""
ball,1,2.1,Leicestershire,MJ Cosgrove,ML Pettini,N Wagner,4,0,"",""
ball,1,2.2,Leicestershire,MJ Cosgrove,ML Pettini,N Wagner,4,0,"",""
ball,1,2.3,Leicestershire,MJ Cosgrove,ML Pettini,N Wagner,2,0,"",""
ball,1,2.4,Leicestershire,MJ Cosgrove,ML Pettini,N Wagner,4,0,"",""
ball,1,2.5,Leicestershire,MJ Cosgrove,ML Pettini,N Wagner,1,0,"",""
ball,1,2.6,Leicestershire,ML Pettini,MJ Cosgrove,N Wagner,4,0,"",""
ball,1,3.1,Leicestershire,MJ Cosgrove,ML Pettini,J Clark,2,0,"",""
ball,1,3.2,Leicestershire,MJ Cosgrove,ML Pettini,J Clark,0,0,"",""
ball,1,3.3,Leicestershire,MJ Cosgrove,ML Pettini,J Clark,1,0,"",""
ball,1,3.4,Leicestershire,ML Pettini,MJ Cosgrove,J Clark,0,3,"",""
ball,1,3.5,Leicestershire,MJ Cosgrove,ML Pettini,J Clark,0,0,"",""
ball,1,3.6,Leicestershire,MJ Cosgrove,ML Pettini,J Clark,0,0,"",""
ball,1,4.1,Leicestershire,ML Pettini,MJ Cosgrove,AM Lilley,1,0,"",""
ball,1,4.2,Leicestershire,MJ Cosgrove,ML Pettini,AM Lilley,0,0,"",""
ball,1,4.3,Leicestershire,MJ Cosgrove,ML Pettini,AM Lilley,1,0,"",""
ball,1,4.4,Leicestershire,ML Pettini,MJ Cosgrove,AM Lilley,4,0,"",""
ball,1,4.5,Leicestershire,ML Pettini,MJ Cosgrove,AM Lilley,1,0,"",""
ball,1,4.6,Leicestershire,MJ Cosgrove,ML Pettini,AM Lilley,1,0,"",""
ball,1,5.1,Leicestershire,MJ Cosgrove,ML Pettini,SD Parry,1,0,"",""
ball,1,5.2,Leicestershire,ML Pettini,MJ Cosgrove,SD Parry,2,0,"",""
ball,1,5.3,Leicestershire,ML Pettini,MJ Cosgrove,SD Parry,3,0,"",""
ball,1,5.4,Leicestershire,MJ Cosgrove,ML Pettini,SD Parry,2,0,"",""
ball,1,5.5,Leicestershire,MJ Cosgrove,ML Pettini,SD Parry,4,0,"",""
ball,1,5.6,Leicestershire,MJ Cosgrove,ML Pettini,SD Parry,1,0,"",""
ball,1,6.1,Leicestershire,MJ Cosgrove,ML Pettini,AM Lilley,0,0,"",""
ball,1,6.2,Leicestershire,MJ Cosgrove,ML Pettini,AM Lilley,2,0,"",""
ball,1,6.3,Leicestershire,MJ Cosgrove,ML Pettini,AM Lilley,0,0,"",""
ball,1,6.4,Leicestershire,MJ Cosgrove,ML Pettini,AM Lilley,1,0,"",""
ball,1,6.5,Leicestershire,ML Pettini,MJ Cosgrove,AM Lilley,0,0,caught,ML Pettini
ball,1,6.6,Leicestershire,Umar Akmal,MJ Cosgrove,AM Lilley,1,0,"",""
ball,1,7.1,Leicestershire,Umar Akmal,MJ Cosgrove,GA Edwards,2,0,"",""
ball,1,7.2,Leicestershire,Umar Akmal,MJ Cosgrove,GA Edwards,1,0,"",""
ball,1,7.3,Leicestershire,MJ Cosgrove,Umar Akmal,GA Edwards,1,0,"",""
ball,1,7.4,Leicestershire,Umar Akmal,MJ Cosgrove,GA Edwards,0,0,"",""
ball,1,7.5,Leicestershire,Umar Akmal,MJ Cosgrove,GA Edwards,0,1,"",""
ball,1,7.6,Leicestershire,MJ Cosgrove,Umar Akmal,GA Edwards,1,0,"",""
ball,1,8.1,Leicestershire,MJ Cosgrove,Umar Akmal,AM Lilley,0,0,"",""
ball,1,8.2,Leicestershire,MJ Cosgrove,Umar Akmal,AM Lilley,1,0,"",""
ball,1,8.3,Leicestershire,Umar Akmal,MJ Cosgrove,AM Lilley,1,0,"",""
ball,1,8.4,Leicestershire,MJ Cosgrove,Umar Akmal,AM Lilley,1,0,"",""
ball,1,8.5,Leicestershire,Umar Akmal,MJ Cosgrove,AM Lilley,6,0,"",""
ball,1,8.6,Leicestershire,Umar Akmal,MJ Cosgrove,AM Lilley,0,0,"",""
ball,1,9.1,Leicestershire,MJ Cosgrove,Umar Akmal,GA Edwards,0,0,"",""
ball,1,9.2,Leicestershire,MJ Cosgrove,Umar Akmal,GA Edwards,0,0,"",""
ball,1,9.3,Leicestershire,MJ Cosgrove,Umar Akmal,GA Edwards,2,0,"",""
ball,1,9.4,Leicestershire,MJ Cosgrove,Umar Akmal,GA Edwards,2,0,"",""
ball,1,9.5,Leicestershire,MJ Cosgrove,Umar Akmal,GA Edwards,2,0,"",""
ball,1,9.6,Leicestershire,MJ Cosgrove,Umar Akmal,GA Edwards,1,0,"",""
ball,1,10.1,Leicestershire,MJ Cosgrove,Umar Akmal,SJ Croft,1,0,"",""
ball,1,10.2,Leicestershire,Umar Akmal,MJ Cosgrove,SJ Croft,2,0,"",""
ball,1,10.3,Leicestershire,Umar Akmal,MJ Cosgrove,SJ Croft,4,0,"",""
ball,1,10.4,Leicestershire,Umar Akmal,MJ Cosgrove,SJ Croft,0,0,bowled,Umar Akmal
ball,1,10.5,Leicestershire,KJ O'Brien,MJ Cosgrove,SJ Croft,1,0,"",""
ball,1,10.6,Leicestershire,MJ Cosgrove,KJ O'Brien,SJ Croft,3,0,"",""
ball,1,11.1,Leicestershire,MJ Cosgrove,KJ O'Brien,N Wagner,1,0,"",""
ball,1,11.2,Leicestershire,KJ O'Brien,MJ Cosgrove,N Wagner,4,0,"",""
ball,1,11.3,Leicestershire,KJ O'Brien,MJ Cosgrove,N Wagner,4,0,"",""
ball,1,11.4,Leicestershire,KJ O'Brien,MJ Cosgrove,N Wagner,0,0,"",""
ball,1,11.5,Leicestershire,KJ O'Brien,MJ Cosgrove,N Wagner,2,0,"",""
ball,1,11.6,Leicestershire,KJ O'Brien,MJ Cosgrove,N Wagner,1,0,"",""
ball,1,12.1,Leicestershire,KJ O'Brien,MJ Cosgrove,J Clark,0,0,"",""
ball,1,12.2,Leicestershire,KJ O'Brien,MJ Cosgrove,J Clark,0,0,"",""
ball,1,12.3,Leicestershire,KJ O'Brien,MJ Cosgrove,J Clark,0,0,caught,KJ O'Brien
ball,1,12.4,Leicestershire,MJ Cosgrove,CS Delport,J Clark,1,0,"",""
ball,1,12.5,Leicestershire,CS Delport,MJ Cosgrove,J Clark,0,0,"",""
ball,1,12.6,Leicestershire,CS Delport,MJ Cosgrove,J Clark,6,0,"",""
ball,1,13.1,Leicestershire,MJ Cosgrove,CS Delport,GA Edwards,4,0,"",""
ball,1,13.2,Leicestershire,MJ Cosgrove,CS Delport,GA Edwards,4,0,"",""
ball,1,13.3,Leicestershire,MJ Cosgrove,CS Delport,GA Edwards,0,0,"",""
ball,1,13.4,Leicestershire,MJ Cosgrove,CS Delport,GA Edwards,1,0,"",""
ball,1,13.5,Leicestershire,CS Delport,MJ Cosgrove,GA Edwards,0,1,"",""
ball,1,13.6,Leicestershire,CS Delport,MJ Cosgrove,GA Edwards,0,1,"",""
ball,1,13.7,Leicestershire,MJ Cosgrove,CS Delport,GA Edwards,4,0,"",""
ball,2,0.1,Lancashire,J Clark,AN Petersen,CJ McKay,1,0,"",""
ball,2,0.2,Lancashire,AN Petersen,J Clark,CJ McKay,0,0,"",""
ball,2,0.3,Lancashire,AN Petersen,J Clark,CJ McKay,3,0,"",""
ball,2,0.4,Lancashire,J Clark,AN Petersen,CJ McKay,1,0,"",""
ball,2,0.5,Lancashire,AN Petersen,J Clark,CJ McKay,2,0,"",""
ball,2,0.6,Lancashire,AN Petersen,J Clark,CJ McKay,1,0,"",""
ball,2,1.1,Lancashire,AN Petersen,J Clark,BA Raine,2,0,"",""
ball,2,1.2,Lancashire,AN Petersen,J Clark,BA Raine,1,0,"",""
ball,2,1.3,Lancashire,J Clark,AN Petersen,BA Raine,6,0,"",""
ball,2,1.4,Lancashire,J Clark,AN Petersen,BA Raine,1,0,"",""
ball,2,1.5,Lancashire,AN Petersen,J Clark,BA Raine,1,0,"",""
ball,2,1.6,Lancashire,J Clark,AN Petersen,BA Raine,2,0,"",""
ball,2,2.1,Lancashire,AN Petersen,J Clark,NJ Dexter,1,0,"",""
ball,2,2.2,Lancashire,J Clark,AN Petersen,NJ Dexter,1,0,"",""
ball,2,2.3,Lancashire,AN Petersen,J Clark,NJ Dexter,0,0,"",""
ball,2,2.4,Lancashire,AN Petersen,J Clark,NJ Dexter,1,0,"",""
ball,2,2.5,Lancashire,J Clark,AN Petersen,NJ Dexter,1,0,"",""
ball,2,2.6,Lancashire,AN Petersen,J Clark,NJ Dexter,0,1,"",""
ball,2,2.7,Lancashire,AN Petersen,J Clark,NJ Dexter,1,0,"",""
ball,2,3.1,Lancashire,AN Petersen,J Clark,CS Delport,4,0,"",""
ball,2,3.2,Lancashire,AN Petersen,J Clark,CS Delport,1,0,"",""
ball,2,3.3,Lancashire,J Clark,AN Petersen,CS Delport,1,0,"",""
ball,2,3.4,Lancashire,AN Petersen,J Clark,CS Delport,2,0,"",""
ball,2,3.5,Lancashire,AN Petersen,J Clark,CS Delport,1,0,"",""
ball,2,3.6,Lancashire,J Clark,AN Petersen,CS Delport,4,0,"",""
ball,2,4.1,Lancashire,AN Petersen,J Clark,KJ O'Brien,2,0,"",""
ball,2,4.2,Lancashire,AN Petersen,J Clark,KJ O'Brien,0,0,caught,AN Petersen
ball,2,4.3,Lancashire,JC Buttler,J Clark,KJ O'Brien,4,0,"",""
ball,2,4.4,Lancashire,JC Buttler,J Clark,KJ O'Brien,4,0,"",""
ball,2,4.5,Lancashire,JC Buttler,J Clark,KJ O'Brien,0,0,"",""
ball,2,4.6,Lancashire,JC Buttler,J Clark,KJ O'Brien,1,0,"",""
ball,2,5.1,Lancashire,JC Buttler,J Clark,CJ McKay,2,0,"",""
ball,2,5.2,Lancashire,JC Buttler,J Clark,CJ McKay,0,2,"",""
ball,2,5.3,Lancashire,JC Buttler,J Clark,CJ McKay,2,0,"",""
ball,2,5.4,Lancashire,JC Buttler,J Clark,CJ McKay,6,0,"",""
ball,2,5.5,Lancashire,JC Buttler,J Clark,CJ McKay,1,0,"",""
ball,2,5.6,Lancashire,J Clark,JC Buttler,CJ McKay,6,0,"",""
ball,2,5.7,Lancashire,J Clark,JC Buttler,CJ McKay,1,0,"",""
ball,2,6.1,Lancashire,J Clark,JC Buttler,BA Raine,6,0,"",""
