version,1.3.0
info,team,Gloucestershire
info,team,Somerset
info,gender,male
info,season,2016
info,date,2016/06/17
info,competition,NatWest T20 Blast
info,venue,County Ground
info,city,Bristol
info,toss_winner,Gloucestershire
info,toss_decision,field
info,player_of_match,M Klinger
info,umpire,NGB Cook
info,umpire,NA Mallender
info,winner,Gloucestershire
info,winner_wickets,4
ball,1,0.1,Somerset,CH Gayle,J Allenby,MD Taylor,0,0,"",""
ball,1,0.2,Somerset,CH Gayle,J Allenby,MD Taylor,0,0,"",""
ball,1,0.3,Somerset,CH Gayle,J Allenby,MD Taylor,0,0,"",""
ball,1,0.4,Somerset,CH Gayle,J Allenby,MD Taylor,0,0,"",""
ball,1,0.5,Somerset,CH Gayle,J Allenby,MD Taylor,0,0,"",""
ball,1,0.6,Somerset,CH Gayle,J Allenby,MD Taylor,0,0,"",""
ball,1,1.1,Somerset,J Allenby,CH Gayle,LC Norwell,4,0,"",""
ball,1,1.2,Somerset,J Allenby,CH Gayle,LC Norwell,0,0,"",""
ball,1,1.3,Somerset,J Allenby,CH Gayle,LC Norwell,1,0,"",""
ball,1,1.4,Somerset,CH Gayle,J Allenby,LC Norwell,0,0,"",""
ball,1,1.5,Somerset,CH Gayle,J Allenby,LC Norwell,0,0,"",""
ball,1,1.6,Somerset,CH Gayle,J Allenby,LC Norwell,4,0,"",""
ball,1,2.1,Somerset,J Allenby,CH Gayle,MD Taylor,0,0,"",""
ball,1,2.2,Somerset,J Allenby,CH Gayle,MD Taylor,4,0,"",""
ball,1,2.3,Somerset,J Allenby,CH Gayle,MD Taylor,1,0,"",""
ball,1,2.4,Somerset,CH Gayle,J Allenby,MD Taylor,4,0,"",""
ball,1,2.5,Somerset,CH Gayle,J Allenby,MD Taylor,4,0,"",""
ball,1,2.6,Somerset,CH Gayle,J Allenby,MD Taylor,1,0,"",""
ball,1,3.1,Somerset,CH Gayle,J Allenby,LC Norwell,1,0,"",""
ball,1,3.2,Somerset,J Allenby,CH Gayle,LC Norwell,0,0,"",""
ball,1,3.3,Somerset,J Allenby,CH Gayle,LC Norwell,1,0,"",""
ball,1,3.4,Somerset,CH Gayle,J Allenby,LC Norwell,0,0,"",""
ball,1,3.5,Somerset,CH Gayle,J Allenby,LC Norwell,6,0,"",""
ball,1,3.6,Somerset,CH Gayle,J Allenby,LC Norwell,4,0,"",""
ball,1,4.1,Somerset,J Allenby,CH Gayle,AJ Tye,1,0,"",""
ball,1,4.2,Somerset,CH Gayle,J Allenby,AJ Tye,0,0,"",""
ball,1,4.3,Somerset,CH Gayle,J Allenby,AJ Tye,6,0,"",""
ball,1,4.4,Somerset,CH Gayle,J Allenby,AJ Tye,4,0,"",""
ball,1,4.5,Somerset,CH Gayle,J Allenby,AJ Tye,1,0,"",""
ball,1,4.6,Somerset,J Allenby,CH Gayle,AJ Tye,1,0,"",""
ball,1,5.1,Somerset,J Allenby,CH Gayle,BAC Howell,1,0,"",""
ball,1,5.2,Somerset,CH Gayle,J Allenby,BAC Howell,0,0,"",""
ball,1,5.3,Somerset,CH Gayle,J Allenby,BAC Howell,0,1,"",""
ball,1,5.4,Somerset,CH Gayle,J Allenby,BAC Howell,0,0,"",""
ball,1,5.5,Somerset,CH Gayle,J Allenby,BAC Howell,4,0,"",""
ball,1,5.6,Somerset,CH Gayle,J Allenby,BAC Howell,1,0,"",""
ball,1,5.7,Somerset,J Allenby,CH Gayle,BAC Howell,0,0,"",""
ball,1,6.1,Somerset,CH Gayle,J Allenby,K Noema-Barnett,0,0,"",""
ball,1,6.2,Somerset,CH Gayle,J Allenby,K Noema-Barnett,0,0,caught,CH Gayle
ball,1,6.3,Somerset,J Allenby,PD Trego,K Noema-Barnett,1,0,"",""
ball,1,6.4,Somerset,PD Trego,J Allenby,K Noema-Barnett,1,0,"",""
ball,1,6.5,Somerset,J Allenby,PD Trego,K Noema-Barnett,0,0,"",""
ball,1,6.6,Somerset,J Allenby,PD Trego,K Noema-Barnett,0,1,"",""
ball,1,6.7,Somerset,J Allenby,PD Trego,K Noema-Barnett,2,0,"",""
ball,1,7.1,Somerset,PD Trego,J Allenby,BAC Howell,0,1,"",""
ball,1,7.2,Somerset,PD Trego,J Allenby,BAC Howell,6,0,"",""
ball,1,7.3,Somerset,PD Trego,J Allenby,BAC Howell,1,0,"",""
ball,1,7.4,Somerset,J Allenby,PD Trego,BAC Howell,1,0,"",""
ball,1,7.5,Somerset,PD Trego,J Allenby,BAC Howell,1,0,"",""
ball,1,7.6,Somerset,J Allenby,PD Trego,BAC Howell,1,0,"",""
ball,1,7.7,Somerset,PD Trego,J Allenby,BAC Howell,6,0,"",""
ball,1,8.1,Somerset,J Allenby,PD Trego,TMJ Smith,1,0,"",""
ball,1,8.2,Somerset,PD Trego,J Allenby,TMJ Smith,0,0,caught and bowled,PD Trego
ball,1,8.3,Somerset,DPMD Jayawardene,J Allenby,TMJ Smith,1,0,"",""
ball,1,8.4,Somerset,J Allenby,DPMD Jayawardene,TMJ Smith,0,0,"",""
ball,1,8.5,Somerset,J Allenby,DPMD Jayawardene,TMJ Smith,0,0,"",""
ball,1,8.6,Somerset,J Allenby,DPMD Jayawardene,TMJ Smith,1,0,"",""
ball,1,9.1,Somerset,J Allenby,DPMD Jayawardene,BAC Howell,0,0,"",""
ball,1,9.2,Somerset,J Allenby,DPMD Jayawardene,BAC Howell,1,0,"",""
ball,1,9.3,Somerset,DPMD Jayawardene,J Allenby,BAC Howell,2,0,"",""
ball,1,9.4,Somerset,DPMD Jayawardene,J Allenby,BAC Howell,0,0,"",""
ball,1,9.5,Somerset,DPMD Jayawardene,J Allenby,BAC Howell,0,0,"",""
ball,1,9.6,Somerset,DPMD Jayawardene,J Allenby,BAC Howell,0,0,"",""
ball,1,10.1,Somerset,J Allenby,DPMD Jayawardene,TMJ Smith,0,0,"",""
ball,1,10.2,Somerset,J Allenby,DPMD Jayawardene,TMJ Smith,1,0,"",""
ball,1,10.3,Somerset,DPMD Jayawardene,J Allenby,TMJ Smith,4,0,"",""
ball,1,10.4,Somerset,DPMD Jayawardene,J Allenby,TMJ Smith,1,0,"",""
ball,1,10.5,Somerset,J Allenby,DPMD Jayawardene,TMJ Smith,0,0,"",""
ball,1,10.6,Somerset,J Allenby,DPMD Jayawardene,TMJ Smith,4,0,"",""
ball,1,11.1,Somerset,DPMD Jayawardene,J Allenby,AJ Tye,1,0,"",""
ball,1,11.2,Somerset,J Allenby,DPMD Jayawardene,AJ Tye,0,0,"",""
ball,1,11.3,Somerset,J Allenby,DPMD Jayawardene,AJ Tye,0,0,caught,J Allenby
ball,1,11.4,Somerset,JG Myburgh,DPMD Jayawardene,AJ Tye,0,0,"",""
ball,1,11.5,Somerset,JG Myburgh,DPMD Jayawardene,AJ Tye,1,0,"",""
ball,1,11.6,Somerset,DPMD Jayawardene,JG Myburgh,AJ Tye,1,0,"",""
ball,1,12.1,Somerset,DPMD Jayawardene,JG Myburgh,TMJ Smith,1,0,"",""
ball,1,12.2,Somerset,JG Myburgh,DPMD Jayawardene,TMJ Smith,1,0,"",""
ball,1,12.3,Somerset,DPMD Jayawardene,JG Myburgh,TMJ Smith,1,0,"",""
ball,1,12.4,Somerset,JG Myburgh,DPMD Jayawardene,TMJ Smith,1,0,"",""
ball,1,12.5,Somerset,DPMD Jayawardene,JG Myburgh,TMJ Smith,1,0,"",""
ball,1,12.6,Somerset,JG Myburgh,DPMD Jayawardene,TMJ Smith,1,0,"",""
ball,1,13.1,Somerset,JG Myburgh,DPMD Jayawardene,K Noema-Barnett,1,0,"",""
ball,1,13.2,Somerset,DPMD Jayawardene,JG Myburgh,K Noema-Barnett,1,0,"",""
ball,1,13.3,Somerset,JG Myburgh,DPMD Jayawardene,K Noema-Barnett,1,0,"",""
ball,1,13.4,Somerset,DPMD Jayawardene,JG Myburgh,K Noema-Barnett,1,0,"",""
ball,1,13.5,Somerset,JG Myburgh,DPMD Jayawardene,K Noema-Barnett,1,0,"",""
ball,1,13.6,Somerset,DPMD Jayawardene,JG Myburgh,K Noema-Barnett,1,0,"",""
ball,1,14.1,Somerset,DPMD Jayawardene,JG Myburgh,TMJ Smith,2,0,"",""
ball,1,14.2,Somerset,DPMD Jayawardene,JG Myburgh,TMJ Smith,1,0,"",""
ball,1,14.3,Somerset,JG Myburgh,DPMD Jayawardene,TMJ Smith,1,0,"",""
ball,1,14.4,Somerset,DPMD Jayawardene,JG Myburgh,TMJ Smith,0,0,"",""
ball,1,14.5,Somerset,DPMD Jayawardene,JG Myburgh,TMJ Smith,4,0,"",""
ball,1,14.6,Somerset,DPMD Jayawardene,JG Myburgh,TMJ Smith,1,0,"",""
ball,1,15.1,Somerset,DPMD Jayawardene,JG Myburgh,BAC Howell,0,0,caught and bowled,DPMD Jayawardene
ball,1,15.2,Somerset,JG Myburgh,L Gregory,BAC Howell,0,0,"",""
ball,1,15.3,Somerset,JG Myburgh,L Gregory,BAC Howell,0,0,caught,JG Myburgh
ball,1,15.4,Somerset,L Gregory,RE van der Merwe,BAC Howell,1,0,"",""
ball,1,15.5,Somerset,RE van der Merwe,L Gregory,BAC Howell,0,0,"",""
ball,1,15.6,Somerset,RE van der Merwe,L Gregory,BAC Howell,1,0,"",""
ball,1,16.1,Somerset,RE van der Merwe,L Gregory,K Noema-Barnett,0,0,"",""
ball,1,16.2,Somerset,RE van der Merwe,L Gregory,K Noema-Barnett,1,0,"",""
ball,1,16.3,Somerset,L Gregory,RE van der Merwe,K Noema-Barnett,2,0,"",""
ball,1,16.4,Somerset,L Gregory,RE van der Merwe,K Noema-Barnett,1,0,"",""
ball,1,16.5,Somerset,RE van der Merwe,L Gregory,K Noema-Barnett,1,0,"",""
ball,1,16.6,Somerset,L Gregory,RE van der Merwe,K Noema-Barnett,1,0,"",""
ball,1,17.1,Somerset,L Gregory,RE van der Merwe,AJ Tye,2,0,"",""
ball,1,17.2,Somerset,L Gregory,RE van der Merwe,AJ Tye,1,0,"",""
ball,1,17.3,Somerset,RE van der Merwe,L Gregory,AJ Tye,1,0,"",""
ball,1,17.4,Somerset,L Gregory,RE van der Merwe,AJ Tye,6,0,"",""
ball,1,17.5,Somerset,L Gregory,RE van der Merwe,AJ Tye,1,0,"",""
ball,1,17.6,Somerset,RE van der Merwe,L Gregory,AJ Tye,1,0,"",""
ball,1,18.1,Somerset,RE van der Merwe,L Gregory,MD Taylor,1,0,"",""
ball,1,18.2,Somerset,L Gregory,RE van der Merwe,MD Taylor,4,0,"",""
ball,1,18.3,Somerset,L Gregory,RE van der Merwe,MD Taylor,1,0,"",""
ball,1,18.4,Somerset,RE van der Merwe,L Gregory,MD Taylor,1,0,"",""
ball,1,18.5,Somerset,L Gregory,RE van der Merwe,MD Taylor,0,0,"",""
ball,1,18.6,Somerset,L Gregory,RE van der Merwe,MD Taylor,1,0,"",""
ball,1,19.1,Somerset,L Gregory,RE van der Merwe,AJ Tye,1,0,"",""
ball,1,19.2,Somerset,RE van der Merwe,L Gregory,AJ Tye,0,0,"",""
ball,1,19.3,Somerset,RE van der Merwe,L Gregory,AJ Tye,1,0,"",""
ball,1,19.4,Somerset,L Gregory,RE van der Merwe,AJ Tye,1,0,"",""
ball,1,19.5,Somerset,RE van der Merwe,L Gregory,AJ Tye,6,0,"",""
ball,1,19.6,Somerset,RE van der Merwe,L Gregory,AJ Tye,4,0,"",""
ball,2,0.1,Gloucestershire,HJH Marshall,M Klinger,Yasir Arafat,0,0,bowled,HJH Marshall
ball,2,0.2,Gloucestershire,IA Cockbain,M Klinger,Yasir Arafat,0,0,"",""
ball,2,0.3,Gloucestershire,IA Cockbain,M Klinger,Yasir Arafat,0,0,"",""
ball,2,0.4,Gloucestershire,IA Cockbain,M Klinger,Yasir Arafat,0,0,"",""
ball,2,0.5,Gloucestershire,IA Cockbain,M Klinger,Yasir Arafat,0,0,"",""
ball,2,0.6,Gloucestershire,IA Cockbain,M Klinger,Yasir Arafat,0,1,"",""
ball,2,0.7,Gloucestershire,IA Cockbain,M Klinger,Yasir Arafat,0,1,"",""
ball,2,0.8,Gloucestershire,IA Cockbain,M Klinger,Yasir Arafat,0,1,"",""
ball,2,0.9,Gloucestershire,IA Cockbain,M Klinger,Yasir Arafat,1,0,"",""
ball,2,1.1,Gloucestershire,IA Cockbain,M Klinger,J Overton,0,0,"",""
ball,2,1.2,Gloucestershire,IA Cockbain,M Klinger,J Overton,0,0,"",""
ball,2,1.3,Gloucestershire,IA Cockbain,M Klinger,J Overton,1,0,"",""
ball,2,1.4,Gloucestershire,M Klinger,IA Cockbain,J Overton,1,0,"",""
ball,2,1.5,Gloucestershire,IA Cockbain,M Klinger,J Overton,1,0,"",""
ball,2,1.6,Gloucestershire,M Klinger,IA Cockbain,J Overton,0,0,"",""
ball,2,2.1,Gloucestershire,IA Cockbain,M Klinger,L Gregory,0,0,"",""
ball,2,2.2,Gloucestershire,IA Cockbain,M Klinger,L Gregory,1,0,"",""
ball,2,2.3,Gloucestershire,M Klinger,IA Cockbain,L Gregory,1,0,"",""
ball,2,2.4,Gloucestershire,IA Cockbain,M Klinger,L Gregory,4,0,"",""
ball,2,2.5,Gloucestershire,IA Cockbain,M Klinger,L Gregory,0,0,"",""
ball,2,2.6,Gloucestershire,IA Cockbain,M Klinger,L Gregory,4,0,"",""
ball,2,3.1,Gloucestershire,M Klinger,IA Cockbain,TD Groenewald,1,0,"",""
ball,2,3.2,Gloucestershire,IA Cockbain,M Klinger,TD Groenewald,1,0,"",""
ball,2,3.3,Gloucestershire,M Klinger,IA Cockbain,TD Groenewald,4,0,"",""
ball,2,3.4,Gloucestershire,M Klinger,IA Cockbain,TD Groenewald,4,0,"",""
ball,2,3.5,Gloucestershire,M Klinger,IA Cockbain,TD Groenewald,1,0,"",""
ball,2,3.6,Gloucestershire,IA Cockbain,M Klinger,TD Groenewald,4,0,"",""
ball,2,4.1,Gloucestershire,M Klinger,IA Cockbain,L Gregory,1,0,"",""
ball,2,4.2,Gloucestershire,IA Cockbain,M Klinger,L Gregory,4,0,"",""
ball,2,4.3,Gloucestershire,IA Cockbain,M Klinger,L Gregory,1,0,"",""
ball,2,4.4,Gloucestershire,M Klinger,IA Cockbain,L Gregory,1,0,"",""
ball,2,4.5,Gloucestershire,IA Cockbain,M Klinger,L Gregory,0,0,"",""
ball,2,4.6,Gloucestershire,IA Cockbain,M Klinger,L Gregory,1,0,"",""
ball,2,5.1,Gloucestershire,IA Cockbain,M Klinger,J Overton,0,0,caught,IA Cockbain
ball,2,5.2,Gloucestershire,M Klinger,CDJ Dent,J Overton,1,0,"",""
ball,2,5.3,Gloucestershire,CDJ Dent,M Klinger,J Overton,0,0,"",""
ball,2,5.4,Gloucestershire,CDJ Dent,M Klinger,J Overton,4,0,"",""
ball,2,5.5,Gloucestershire,CDJ Dent,M Klinger,J Overton,2,0,"",""
ball,2,5.6,Gloucestershire,CDJ Dent,M Klinger,J Overton,0,0,"",""
ball,2,6.1,Gloucestershire,M Klinger,CDJ Dent,TD Groenewald,0,0,"",""
ball,2,6.2,Gloucestershire,M Klinger,CDJ Dent,TD Groenewald,1,0,"",""
ball,2,6.3,Gloucestershire,CDJ Dent,M Klinger,TD Groenewald,1,0,"",""
ball,2,6.4,Gloucestershire,M Klinger,CDJ Dent,TD Groenewald,2,0,"",""
ball,2,6.5,Gloucestershire,M Klinger,CDJ Dent,TD Groenewald,1,0,"",""
ball,2,6.6,Gloucestershire,CDJ Dent,M Klinger,TD Groenewald,0,0,"",""
ball,2,7.1,Gloucestershire,M Klinger,CDJ Dent,RE van der Merwe,1,0,"",""
ball,2,7.2,Gloucestershire,CDJ Dent,M Klinger,RE van der Merwe,1,0,"",""
ball,2,7.3,Gloucestershire,M Klinger,CDJ Dent,RE van der Merwe,0,1,"",""
ball,2,7.4,Gloucestershire,M Klinger,CDJ Dent,RE van der Merwe,0,0,"",""
ball,2,7.5,Gloucestershire,M Klinger,CDJ Dent,RE van der Merwe,1,0,"",""
ball,2,7.6,Gloucestershire,CDJ Dent,M Klinger,RE van der Merwe,1,0,"",""
ball,2,7.7,Gloucestershire,M Klinger,CDJ Dent,RE van der Merwe,1,0,"",""
ball,2,8.1,Gloucestershire,M Klinger,CDJ Dent,Yasir Arafat,0,0,"",""
ball,2,8.2,Gloucestershire,M Klinger,CDJ Dent,Yasir Arafat,6,0,"",""
ball,2,8.3,Gloucestershire,M Klinger,CDJ Dent,Yasir Arafat,4,0,"",""
ball,2,8.4,Gloucestershire,M Klinger,CDJ Dent,Yasir Arafat,0,1,"",""
ball,2,8.5,Gloucestershire,CDJ Dent,M Klinger,Yasir Arafat,1,0,"",""
ball,2,8.6,Gloucestershire,M Klinger,CDJ Dent,Yasir Arafat,1,0,"",""
ball,2,9.1,Gloucestershire,M Klinger,CDJ Dent,RE van der Merwe,0,0,"",""
ball,2,9.2,Gloucestershire,M Klinger,CDJ Dent,RE van der Merwe,1,0,"",""
ball,2,9.3,Gloucestershire,CDJ Dent,M Klinger,RE van der Merwe,1,0,"",""
ball,2,9.4,Gloucestershire,M Klinger,CDJ Dent,RE van der Merwe,1,0,"",""
ball,2,9.5,Gloucestershire,CDJ Dent,M Klinger,RE van der Merwe,1,0,"",""
ball,2,9.6,Gloucestershire,M Klinger,CDJ Dent,RE van der Merwe,2,0,"",""
ball,2,10.1,Gloucestershire,CDJ Dent,M Klinger,J Overton,1,0,"",""
ball,2,10.2,Gloucestershire,M Klinger,CDJ Dent,J Overton,0,1,"",""
ball,2,10.3,Gloucestershire,CDJ Dent,M Klinger,J Overton,1,0,"",""
ball,2,10.4,Gloucestershire,M Klinger,CDJ Dent,J Overton,0,4,"",""
ball,2,10.5,Gloucestershire,M Klinger,CDJ Dent,J Overton,4,0,"",""
ball,2,10.6,Gloucestershire,M Klinger,CDJ Dent,J Overton,1,0,"",""
ball,2,10.7,Gloucestershire,CDJ Dent,M Klinger,J Overton,2,0,"",""
ball,2,11.1,Gloucestershire,M Klinger,CDJ Dent,JG Myburgh,1,0,"",""
ball,2,11.2,Gloucestershire,CDJ Dent,M Klinger,JG Myburgh,1,0,"",""
ball,2,11.3,Gloucestershire,M Klinger,CDJ Dent,JG Myburgh,4,0,"",""
ball,2,11.4,Gloucestershire,M Klinger,CDJ Dent,JG Myburgh,1,0,"",""
ball,2,11.5,Gloucestershire,CDJ Dent,M Klinger,JG Myburgh,4,0,"",""
ball,2,11.6,Gloucestershire,CDJ Dent,M Klinger,JG Myburgh,1,0,"",""
ball,2,12.1,Gloucestershire,CDJ Dent,M Klinger,RE van der Merwe,0,0,"",""
ball,2,12.2,Gloucestershire,CDJ Dent,M Klinger,RE van der Merwe,0,0,"",""
ball,2,12.3,Gloucestershire,CDJ Dent,M Klinger,RE van der Merwe,0,0,bowled,CDJ Dent
ball,2,12.4,Gloucestershire,BAC Howell,M Klinger,RE van der Merwe,0,0,"",""
ball,2,12.5,Gloucestershire,BAC Howell,M Klinger,RE van der Merwe,1,0,"",""
ball,2,12.6,Gloucestershire,M Klinger,BAC Howell,RE van der Merwe,1,0,"",""
ball,2,13.1,Gloucestershire,M Klinger,BAC Howell,J Allenby,1,0,"",""
ball,2,13.2,Gloucestershire,BAC Howell,M Klinger,J Allenby,0,0,"",""
ball,2,13.3,Gloucestershire,BAC Howell,M Klinger,J Allenby,0,1,"",""
ball,2,13.4,Gloucestershire,M Klinger,BAC Howell,J Allenby,2,0,"",""
ball,2,13.5,Gloucestershire,M Klinger,BAC Howell,J Allenby,1,0,"",""
ball,2,13.6,Gloucestershire,BAC Howell,M Klinger,J Allenby,0,0,"",""
ball,2,14.1,Gloucestershire,M Klinger,BAC Howell,RE van der Merwe,1,0,"",""
ball,2,14.2,Gloucestershire,BAC Howell,M Klinger,RE van der Merwe,0,0,bowled,BAC Howell
ball,2,14.3,Gloucestershire,K Noema-Barnett,M Klinger,RE van der Merwe,0,0,"",""
ball,2,14.4,Gloucestershire,K Noema-Barnett,M Klinger,RE van der Merwe,0,0,caught,K Noema-Barnett
ball,2,14.5,Gloucestershire,GH Roderick,M Klinger,RE van der Merwe,0,0,"",""
ball,2,14.6,Gloucestershire,GH Roderick,M Klinger,RE van der Merwe,1,0,"",""
ball,2,15.1,Gloucestershire,GH Roderick,M Klinger,J Allenby,2,0,"",""
ball,2,15.2,Gloucestershire,GH Roderick,M Klinger,J Allenby,1,0,"",""
ball,2,15.3,Gloucestershire,M Klinger,GH Roderick,J Allenby,1,0,"",""
ball,2,15.4,Gloucestershire,GH Roderick,M Klinger,J Allenby,2,0,"",""
ball,2,15.5,Gloucestershire,GH Roderick,M Klinger,J Allenby,0,0,"",""
ball,2,15.6,Gloucestershire,GH Roderick,M Klinger,J Allenby,4,0,"",""
ball,2,16.1,Gloucestershire,M Klinger,GH Roderick,L Gregory,1,0,"",""
ball,2,16.2,Gloucestershire,GH Roderick,M Klinger,L Gregory,1,0,"",""
ball,2,16.3,Gloucestershire,M Klinger,GH Roderick,L Gregory,4,0,"",""
ball,2,16.4,Gloucestershire,M Klinger,GH Roderick,L Gregory,0,0,bowled,M Klinger
ball,2,16.5,Gloucestershire,AJ Tye,GH Roderick,L Gregory,1,0,"",""
ball,2,16.6,Gloucestershire,GH Roderick,AJ Tye,L Gregory,0,0,"",""
ball,2,17.1,Gloucestershire,AJ Tye,GH Roderick,Yasir Arafat,1,0,"",""
ball,2,17.2,Gloucestershire,GH Roderick,AJ Tye,Yasir Arafat,0,1,"",""
ball,2,17.3,Gloucestershire,AJ Tye,GH Roderick,Yasir Arafat,2,0,"",""
ball,2,17.4,Gloucestershire,AJ Tye,GH Roderick,Yasir Arafat,0,1,"",""
ball,2,17.5,Gloucestershire,GH Roderick,AJ Tye,Yasir Arafat,0,1,"",""
ball,2,17.6,Gloucestershire,AJ Tye,GH Roderick,Yasir Arafat,1,0,"",""
ball,2,18.1,Gloucestershire,AJ Tye,GH Roderick,L Gregory,1,0,"",""
ball,2,18.2,Gloucestershire,GH Roderick,AJ Tye,L Gregory,1,0,"",""
ball,2,18.3,Gloucestershire,AJ Tye,GH Roderick,L Gregory,1,0,"",""
ball,2,18.4,Gloucestershire,GH Roderick,AJ Tye,L Gregory,4,0,"",""
ball,2,18.5,Gloucestershire,GH Roderick,AJ Tye,L Gregory,1,0,"",""
ball,2,18.6,Gloucestershire,AJ Tye,GH Roderick,L Gregory,1,0,"",""
ball,2,19.1,Gloucestershire,AJ Tye,GH Roderick,Yasir Arafat,6,0,"",""
ball,2,19.2,Gloucestershire,AJ Tye,GH Roderick,Yasir Arafat,1,0,"",""
ball,2,19.3,Gloucestershire,GH Roderick,AJ Tye,Yasir Arafat,1,0,"",""
ball,2,19.4,Gloucestershire,AJ Tye,GH Roderick,Yasir Arafat,3,0,"",""
ball,2,19.5,Gloucestershire,GH Roderick,AJ Tye,Yasir Arafat,4,0,"",""
