version,1.3.0
info,team,Kent
info,team,Gloucestershire
info,gender,male
info,season,2016
info,date,2016/06/03
info,competition,NatWest T20 Blast
info,venue,Kent County Cricket Ground
info,city,Beckenham
info,toss_winner,Gloucestershire
info,toss_decision,field
info,player_of_match,AJ Tye
info,umpire,RJ Bailey
info,umpire,BV Taylor
info,winner,Gloucestershire
info,winner_wickets,7
ball,1,0.1,Kent,DJ Bell-Drummond,JL Denly,MD Taylor,1,0,"",""
ball,1,0.2,Kent,JL Denly,DJ Bell-Drummond,MD Taylor,1,0,"",""
ball,1,0.3,Kent,DJ Bell-Drummond,JL Denly,MD Taylor,1,0,"",""
ball,1,0.4,Kent,JL Denly,DJ Bell-Drummond,MD Taylor,1,0,"",""
ball,1,0.5,Kent,DJ Bell-Drummond,JL Denly,MD Taylor,2,0,"",""
ball,1,0.6,Kent,DJ Bell-Drummond,JL Denly,MD Taylor,1,0,"",""
ball,1,1.1,Kent,DJ Bell-Drummond,JL Denly,LC Norwell,0,5,"",""
ball,1,1.2,Kent,DJ Bell-Drummond,JL Denly,LC Norwell,0,0,"",""
ball,1,1.3,Kent,DJ Bell-Drummond,JL Denly,LC Norwell,1,0,"",""
ball,1,1.4,Kent,JL Denly,DJ Bell-Drummond,LC Norwell,0,0,"",""
ball,1,1.5,Kent,JL Denly,DJ Bell-Drummond,LC Norwell,0,0,caught,JL Denly
ball,1,1.6,Kent,SA Northeast,DJ Bell-Drummond,LC Norwell,1,0,"",""
ball,1,1.7,Kent,DJ Bell-Drummond,SA Northeast,LC Norwell,0,0,"",""
ball,1,2.1,Kent,SA Northeast,DJ Bell-Drummond,MD Taylor,1,0,"",""
ball,1,2.2,Kent,DJ Bell-Drummond,SA Northeast,MD Taylor,1,0,"",""
ball,1,2.3,Kent,SA Northeast,DJ Bell-Drummond,MD Taylor,0,0,"",""
ball,1,2.4,Kent,SA Northeast,DJ Bell-Drummond,MD Taylor,1,0,"",""
ball,1,2.5,Kent,DJ Bell-Drummond,SA Northeast,MD Taylor,1,0,"",""
ball,1,2.6,Kent,SA Northeast,DJ Bell-Drummond,MD Taylor,0,0,"",""
ball,1,3.1,Kent,DJ Bell-Drummond,SA Northeast,LC Norwell,4,0,"",""
ball,1,3.2,Kent,DJ Bell-Drummond,SA Northeast,LC Norwell,4,0,"",""
ball,1,3.3,Kent,DJ Bell-Drummond,SA Northeast,LC Norwell,0,0,"",""
ball,1,3.4,Kent,DJ Bell-Drummond,SA Northeast,LC Norwell,0,0,"",""
ball,1,3.5,Kent,DJ Bell-Drummond,SA Northeast,LC Norwell,4,0,"",""
ball,1,3.6,Kent,DJ Bell-Drummond,SA Northeast,LC Norwell,4,0,"",""
ball,1,4.1,Kent,SA Northeast,DJ Bell-Drummond,TMJ Smith,1,0,"",""
ball,1,4.2,Kent,DJ Bell-Drummond,SA Northeast,TMJ Smith,0,0,"",""
ball,1,4.3,Kent,DJ Bell-Drummond,SA Northeast,TMJ Smith,1,0,"",""
ball,1,4.4,Kent,SA Northeast,DJ Bell-Drummond,TMJ Smith,0,0,"",""
ball,1,4.5,Kent,SA Northeast,DJ Bell-Drummond,TMJ Smith,4,0,"",""
ball,1,4.6,Kent,SA Northeast,DJ Bell-Drummond,TMJ Smith,0,0,"",""
ball,1,5.1,Kent,DJ Bell-Drummond,SA Northeast,AJ Tye,0,0,"",""
ball,1,5.2,Kent,DJ Bell-Drummond,SA Northeast,AJ Tye,0,0,"",""
ball,1,5.3,Kent,DJ Bell-Drummond,SA Northeast,AJ Tye,0,0,"",""
ball,1,5.4,Kent,DJ Bell-Drummond,SA Northeast,AJ Tye,0,0,caught,DJ Bell-Drummond
ball,1,5.5,Kent,SA Northeast,SW Billings,AJ Tye,1,0,"",""
ball,1,5.6,Kent,SW Billings,SA Northeast,AJ Tye,0,0,"",""
ball,1,6.1,Kent,SA Northeast,SW Billings,CDJ Dent,1,0,"",""
ball,1,6.2,Kent,SW Billings,SA Northeast,CDJ Dent,1,0,"",""
ball,1,6.3,Kent,SA Northeast,SW Billings,CDJ Dent,4,0,"",""
ball,1,6.4,Kent,SA Northeast,SW Billings,CDJ Dent,1,0,"",""
ball,1,6.5,Kent,SW Billings,SA Northeast,CDJ Dent,1,0,"",""
ball,1,6.6,Kent,SA Northeast,SW Billings,CDJ Dent,0,0,"",""
ball,1,7.1,Kent,SW Billings,SA Northeast,BAC Howell,0,0,"",""
ball,1,7.2,Kent,SW Billings,SA Northeast,BAC Howell,1,0,"",""
ball,1,7.3,Kent,SA Northeast,SW Billings,BAC Howell,1,0,"",""
ball,1,7.4,Kent,SW Billings,SA Northeast,BAC Howell,0,0,"",""
ball,1,7.5,Kent,SW Billings,SA Northeast,BAC Howell,1,0,"",""
ball,1,7.6,Kent,SA Northeast,SW Billings,BAC Howell,1,0,"",""
ball,1,8.1,Kent,SA Northeast,SW Billings,TMJ Smith,1,0,"",""
ball,1,8.2,Kent,SW Billings,SA Northeast,TMJ Smith,1,0,"",""
ball,1,8.3,Kent,SA Northeast,SW Billings,TMJ Smith,4,0,"",""
ball,1,8.4,Kent,SA Northeast,SW Billings,TMJ Smith,1,0,"",""
ball,1,8.5,Kent,SW Billings,SA Northeast,TMJ Smith,1,0,"",""
ball,1,8.6,Kent,SA Northeast,SW Billings,TMJ Smith,1,0,"",""
ball,1,9.1,Kent,SA Northeast,SW Billings,BAC Howell,1,0,"",""
ball,1,9.2,Kent,SW Billings,SA Northeast,BAC Howell,1,0,"",""
ball,1,9.3,Kent,SA Northeast,SW Billings,BAC Howell,1,0,"",""
ball,1,9.4,Kent,SW Billings,SA Northeast,BAC Howell,0,0,caught,SW Billings
ball,1,9.5,Kent,DI Stevens,SA Northeast,BAC Howell,4,0,"",""
ball,1,9.6,Kent,DI Stevens,SA Northeast,BAC Howell,0,0,"",""
ball,1,10.1,Kent,SA Northeast,DI Stevens,LC Norwell,1,0,"",""
ball,1,10.2,Kent,DI Stevens,SA Northeast,LC Norwell,1,0,"",""
ball,1,10.3,Kent,SA Northeast,DI Stevens,LC Norwell,1,0,"",""
ball,1,10.4,Kent,DI Stevens,SA Northeast,LC Norwell,1,0,"",""
ball,1,10.5,Kent,SA Northeast,DI Stevens,LC Norwell,1,0,"",""
ball,1,10.6,Kent,DI Stevens,SA Northeast,LC Norwell,4,0,"",""
ball,1,11.1,Kent,SA Northeast,DI Stevens,AJ Tye,1,0,"",""
ball,1,11.2,Kent,DI Stevens,SA Northeast,AJ Tye,1,0,"",""
ball,1,11.3,Kent,SA Northeast,DI Stevens,AJ Tye,0,2,"",""
ball,1,11.4,Kent,SA Northeast,DI Stevens,AJ Tye,0,0,"",""
ball,1,11.5,Kent,SA Northeast,DI Stevens,AJ Tye,1,0,"",""
ball,1,11.6,Kent,DI Stevens,SA Northeast,AJ Tye,0,0,bowled,DI Stevens
ball,1,11.7,Kent,AJ Blake,SA Northeast,AJ Tye,0,0,"",""
ball,1,12.1,Kent,SA Northeast,AJ Blake,TMJ Smith,1,0,"",""
ball,1,12.2,Kent,AJ Blake,SA Northeast,TMJ Smith,1,0,"",""
ball,1,12.3,Kent,SA Northeast,AJ Blake,TMJ Smith,1,0,"",""
ball,1,12.4,Kent,AJ Blake,SA Northeast,TMJ Smith,0,0,"",""
ball,1,12.5,Kent,AJ Blake,SA Northeast,TMJ Smith,1,0,"",""
ball,1,12.6,Kent,SA Northeast,AJ Blake,TMJ Smith,1,0,"",""
ball,1,13.1,Kent,SA Northeast,AJ Blake,BAC Howell,1,0,"",""
ball,1,13.2,Kent,AJ Blake,SA Northeast,BAC Howell,1,0,"",""
ball,1,13.3,Kent,SA Northeast,AJ Blake,BAC Howell,0,0,caught,SA Northeast
ball,1,13.4,Kent,AJ Blake,FK Cowdrey,BAC Howell,0,0,"",""
ball,1,13.5,Kent,AJ Blake,FK Cowdrey,BAC Howell,2,0,"",""
ball,1,13.6,Kent,AJ Blake,FK Cowdrey,BAC Howell,0,0,"",""
ball,1,14.1,Kent,FK Cowdrey,AJ Blake,TMJ Smith,0,0,"",""
ball,1,14.2,Kent,FK Cowdrey,AJ Blake,TMJ Smith,1,0,"",""
ball,1,14.3,Kent,AJ Blake,FK Cowdrey,TMJ Smith,1,0,"",""
ball,1,14.4,Kent,FK Cowdrey,AJ Blake,TMJ Smith,2,0,"",""
ball,1,14.5,Kent,FK Cowdrey,AJ Blake,TMJ Smith,1,0,"",""
ball,1,14.6,Kent,AJ Blake,FK Cowdrey,TMJ Smith,1,0,"",""
ball,1,15.1,Kent,AJ Blake,FK Cowdrey,BAC Howell,1,0,"",""
ball,1,15.2,Kent,FK Cowdrey,AJ Blake,BAC Howell,1,0,"",""
ball,1,15.3,Kent,AJ Blake,FK Cowdrey,BAC Howell,1,0,"",""
ball,1,15.4,Kent,FK Cowdrey,AJ Blake,BAC Howell,2,0,"",""
ball,1,15.5,Kent,FK Cowdrey,AJ Blake,BAC Howell,1,2,"",""
ball,1,15.6,Kent,AJ Blake,FK Cowdrey,BAC Howell,1,0,"",""
ball,1,15.7,Kent,FK Cowdrey,AJ Blake,BAC Howell,1,0,"",""
ball,1,16.1,Kent,FK Cowdrey,AJ Blake,MD Taylor,4,0,"",""
ball,1,16.2,Kent,FK Cowdrey,AJ Blake,MD Taylor,1,0,"",""
ball,1,16.3,Kent,AJ Blake,FK Cowdrey,MD Taylor,1,0,"",""
ball,1,16.4,Kent,FK Cowdrey,AJ Blake,MD Taylor,1,0,"",""
ball,1,16.5,Kent,AJ Blake,FK Cowdrey,MD Taylor,1,0,"",""
ball,1,16.6,Kent,FK Cowdrey,AJ Blake,MD Taylor,2,2,"",""
ball,1,16.7,Kent,FK Cowdrey,AJ Blake,MD Taylor,1,0,"",""
ball,1,17.1,Kent,FK Cowdrey,AJ Blake,AJ Tye,0,0,caught,FK Cowdrey
ball,1,17.2,Kent,AJ Blake,MT Coles,AJ Tye,1,0,"",""
ball,1,17.3,Kent,MT Coles,AJ Blake,AJ Tye,1,0,"",""
ball,1,17.4,Kent,AJ Blake,MT Coles,AJ Tye,1,0,"",""
ball,1,17.5,Kent,MT Coles,AJ Blake,AJ Tye,0,1,"",""
ball,1,17.6,Kent,AJ Blake,MT Coles,AJ Tye,0,0,"",""
ball,1,18.1,Kent,MT Coles,AJ Blake,MD Taylor,0,1,"",""
ball,1,18.2,Kent,AJ Blake,MT Coles,MD Taylor,0,1,"",""
ball,1,18.3,Kent,AJ Blake,MT Coles,MD Taylor,1,0,"",""
ball,1,18.4,Kent,MT Coles,AJ Blake,MD Taylor,1,0,"",""
ball,1,18.5,Kent,AJ Blake,MT Coles,MD Taylor,4,0,"",""
ball,1,18.6,Kent,AJ Blake,MT Coles,MD Taylor,1,0,"",""
ball,1,18.7,Kent,MT Coles,AJ Blake,MD Taylor,1,0,"",""
ball,1,19.1,Kent,MT Coles,AJ Blake,AJ Tye,1,0,"",""
ball,1,19.2,Kent,AJ Blake,MT Coles,AJ Tye,2,0,"",""
ball,1,19.3,Kent,AJ Blake,MT Coles,AJ Tye,1,0,"",""
ball,1,19.4,Kent,MT Coles,AJ Blake,AJ Tye,3,0,"",""
ball,1,19.5,Kent,AJ Blake,MT Coles,AJ Tye,1,0,"",""
ball,1,19.6,Kent,MT Coles,AJ Blake,AJ Tye,1,0,run out,MT Coles
ball,2,0.1,Gloucestershire,M Klinger,HJH Marshall,MT Coles,0,0,"",""
ball,2,0.2,Gloucestershire,M Klinger,HJH Marshall,MT Coles,1,0,"",""
ball,2,0.3,Gloucestershire,HJH Marshall,M Klinger,MT Coles,0,0,"",""
ball,2,0.4,Gloucestershire,HJH Marshall,M Klinger,MT Coles,1,0,"",""
ball,2,0.5,Gloucestershire,M Klinger,HJH Marshall,MT Coles,0,0,"",""
ball,2,0.6,Gloucestershire,M Klinger,HJH Marshall,MT Coles,1,0,"",""
ball,2,1.1,Gloucestershire,M Klinger,HJH Marshall,DA Griffiths,1,0,"",""
ball,2,1.2,Gloucestershire,HJH Marshall,M Klinger,DA Griffiths,4,0,"",""
ball,2,1.3,Gloucestershire,HJH Marshall,M Klinger,DA Griffiths,2,0,"",""
ball,2,1.4,Gloucestershire,HJH Marshall,M Klinger,DA Griffiths,1,0,"",""
ball,2,1.5,Gloucestershire,M Klinger,HJH Marshall,DA Griffiths,0,0,"",""
ball,2,1.6,Gloucestershire,M Klinger,HJH Marshall,DA Griffiths,4,0,"",""
ball,2,2.1,Gloucestershire,HJH Marshall,M Klinger,MT Coles,0,0,"",""
ball,2,2.2,Gloucestershire,HJH Marshall,M Klinger,MT Coles,1,0,"",""
ball,2,2.3,Gloucestershire,M Klinger,HJH Marshall,MT Coles,1,0,"",""
ball,2,2.4,Gloucestershire,HJH Marshall,M Klinger,MT Coles,4,0,"",""
ball,2,2.5,Gloucestershire,HJH Marshall,M Klinger,MT Coles,1,0,"",""
ball,2,2.6,Gloucestershire,M Klinger,HJH Marshall,MT Coles,0,2,"",""
ball,2,2.7,Gloucestershire,M Klinger,HJH Marshall,MT Coles,1,0,"",""
ball,2,3.1,Gloucestershire,M Klinger,HJH Marshall,DI Stevens,1,0,"",""
ball,2,3.2,Gloucestershire,HJH Marshall,M Klinger,DI Stevens,0,0,"",""
ball,2,3.3,Gloucestershire,HJH Marshall,M Klinger,DI Stevens,4,0,"",""
ball,2,3.4,Gloucestershire,HJH Marshall,M Klinger,DI Stevens,4,0,"",""
ball,2,3.5,Gloucestershire,HJH Marshall,M Klinger,DI Stevens,1,0,"",""
ball,2,3.6,Gloucestershire,M Klinger,HJH Marshall,DI Stevens,1,0,"",""
ball,2,4.1,Gloucestershire,M Klinger,HJH Marshall,DA Griffiths,4,0,"",""
ball,2,4.2,Gloucestershire,M Klinger,HJH Marshall,DA Griffiths,0,0,"",""
ball,2,4.3,Gloucestershire,M Klinger,HJH Marshall,DA Griffiths,0,2,"",""
ball,2,4.4,Gloucestershire,M Klinger,HJH Marshall,DA Griffiths,1,0,"",""
ball,2,4.5,Gloucestershire,HJH Marshall,M Klinger,DA Griffiths,4,0,"",""
ball,2,4.6,Gloucestershire,HJH Marshall,M Klinger,DA Griffiths,1,0,"",""
ball,2,4.7,Gloucestershire,M Klinger,HJH Marshall,DA Griffiths,1,0,"",""
ball,2,5.1,Gloucestershire,M Klinger,HJH Marshall,MT Coles,0,0,"",""
ball,2,5.2,Gloucestershire,M Klinger,HJH Marshall,MT Coles,0,0,"",""
ball,2,5.3,Gloucestershire,M Klinger,HJH Marshall,MT Coles,1,0,"",""
ball,2,5.4,Gloucestershire,HJH Marshall,M Klinger,MT Coles,2,0,"",""
ball,2,5.5,Gloucestershire,HJH Marshall,M Klinger,MT Coles,1,0,"",""
ball,2,5.6,Gloucestershire,M Klinger,HJH Marshall,MT Coles,1,0,"",""
ball,2,6.1,Gloucestershire,M Klinger,HJH Marshall,JC Tredwell,0,0,"",""
ball,2,6.2,Gloucestershire,M Klinger,HJH Marshall,JC Tredwell,1,0,"",""
ball,2,6.3,Gloucestershire,HJH Marshall,M Klinger,JC Tredwell,1,0,"",""
ball,2,6.4,Gloucestershire,M Klinger,HJH Marshall,JC Tredwell,0,0,"",""
ball,2,6.5,Gloucestershire,M Klinger,HJH Marshall,JC Tredwell,1,0,"",""
ball,2,6.6,Gloucestershire,HJH Marshall,M Klinger,JC Tredwell,1,0,"",""
ball,2,7.1,Gloucestershire,HJH Marshall,M Klinger,FK Cowdrey,1,0,"",""
ball,2,7.2,Gloucestershire,M Klinger,HJH Marshall,FK Cowdrey,0,0,"",""
ball,2,7.3,Gloucestershire,M Klinger,HJH Marshall,FK Cowdrey,0,0,"",""
ball,2,7.4,Gloucestershire,M Klinger,HJH Marshall,FK Cowdrey,1,0,"",""
ball,2,7.5,Gloucestershire,HJH Marshall,M Klinger,FK Cowdrey,1,0,"",""
ball,2,7.6,Gloucestershire,M Klinger,HJH Marshall,FK Cowdrey,1,0,"",""
ball,2,8.1,Gloucestershire,M Klinger,HJH Marshall,JC Tredwell,4,0,"",""
ball,2,8.2,Gloucestershire,M Klinger,HJH Marshall,JC Tredwell,0,0,"",""
ball,2,8.3,Gloucestershire,M Klinger,HJH Marshall,JC Tredwell,0,0,"",""
ball,2,8.4,Gloucestershire,M Klinger,HJH Marshall,JC Tredwell,0,0,"",""
ball,2,8.5,Gloucestershire,M Klinger,HJH Marshall,JC Tredwell,0,0,caught,M Klinger
ball,2,8.6,Gloucestershire,IA Cockbain,HJH Marshall,JC Tredwell,1,0,"",""
ball,2,9.1,Gloucestershire,IA Cockbain,HJH Marshall,FK Cowdrey,1,0,"",""
ball,2,9.2,Gloucestershire,HJH Marshall,IA Cockbain,FK Cowdrey,1,0,"",""
ball,2,9.3,Gloucestershire,IA Cockbain,HJH Marshall,FK Cowdrey,1,0,"",""
ball,2,9.4,Gloucestershire,HJH Marshall,IA Cockbain,FK Cowdrey,1,0,"",""
ball,2,9.5,Gloucestershire,IA Cockbain,HJH Marshall,FK Cowdrey,2,0,"",""
ball,2,9.6,Gloucestershire,IA Cockbain,HJH Marshall,FK Cowdrey,1,0,"",""
ball,2,10.1,Gloucestershire,IA Cockbain,HJH Marshall,JC Tredwell,2,0,"",""
ball,2,10.2,Gloucestershire,IA Cockbain,HJH Marshall,JC Tredwell,1,0,"",""
ball,2,10.3,Gloucestershire,HJH Marshall,IA Cockbain,JC Tredwell,6,0,"",""
ball,2,10.4,Gloucestershire,HJH Marshall,IA Cockbain,JC Tredwell,1,0,"",""
ball,2,10.5,Gloucestershire,IA Cockbain,HJH Marshall,JC Tredwell,1,0,"",""
ball,2,10.6,Gloucestershire,HJH Marshall,IA Cockbain,JC Tredwell,1,0,"",""
ball,2,11.1,Gloucestershire,HJH Marshall,IA Cockbain,FK Cowdrey,1,0,"",""
ball,2,11.2,Gloucestershire,IA Cockbain,HJH Marshall,FK Cowdrey,1,0,"",""
ball,2,11.3,Gloucestershire,HJH Marshall,IA Cockbain,FK Cowdrey,1,0,"",""
ball,2,11.4,Gloucestershire,IA Cockbain,HJH Marshall,FK Cowdrey,1,0,"",""
ball,2,11.5,Gloucestershire,HJH Marshall,IA Cockbain,FK Cowdrey,1,0,"",""
ball,2,11.6,Gloucestershire,IA Cockbain,HJH Marshall,FK Cowdrey,1,0,"",""
ball,2,12.1,Gloucestershire,IA Cockbain,HJH Marshall,IAA Thomas,1,0,"",""
ball,2,12.2,Gloucestershire,HJH Marshall,IA Cockbain,IAA Thomas,1,0,"",""
ball,2,12.3,Gloucestershire,IA Cockbain,HJH Marshall,IAA Thomas,2,2,"",""
ball,2,12.4,Gloucestershire,IA Cockbain,HJH Marshall,IAA Thomas,2,0,"",""
ball,2,12.5,Gloucestershire,IA Cockbain,HJH Marshall,IAA Thomas,1,0,"",""
ball,2,12.6,Gloucestershire,HJH Marshall,IA Cockbain,IAA Thomas,1,0,"",""
ball,2,12.7,Gloucestershire,IA Cockbain,HJH Marshall,IAA Thomas,1,0,"",""
ball,2,13.1,Gloucestershire,IA Cockbain,HJH Marshall,JC Tredwell,1,0,"",""
ball,2,13.2,Gloucestershire,HJH Marshall,IA Cockbain,JC Tredwell,1,0,"",""
ball,2,13.3,Gloucestershire,IA Cockbain,HJH Marshall,JC Tredwell,1,0,"",""
ball,2,13.4,Gloucestershire,HJH Marshall,IA Cockbain,JC Tredwell,1,0,"",""
ball,2,13.5,Gloucestershire,IA Cockbain,HJH Marshall,JC Tredwell,2,0,"",""
ball,2,13.6,Gloucestershire,IA Cockbain,HJH Marshall,JC Tredwell,1,0,"",""
ball,2,14.1,Gloucestershire,IA Cockbain,HJH Marshall,DA Griffiths,2,0,"",""
ball,2,14.2,Gloucestershire,IA Cockbain,HJH Marshall,DA Griffiths,6,0,"",""
ball,2,14.3,Gloucestershire,IA Cockbain,HJH Marshall,DA Griffiths,0,4,"",""
ball,2,14.4,Gloucestershire,IA Cockbain,HJH Marshall,DA Griffiths,1,0,"",""
ball,2,14.5,Gloucestershire,HJH Marshall,IA Cockbain,DA Griffiths,0,0,"",""
ball,2,14.6,Gloucestershire,HJH Marshall,IA Cockbain,DA Griffiths,0,0,"",""
ball,2,15.1,Gloucestershire,IA Cockbain,HJH Marshall,FK Cowdrey,1,0,"",""
ball,2,15.2,Gloucestershire,HJH Marshall,IA Cockbain,FK Cowdrey,0,0,"",""
ball,2,15.3,Gloucestershire,HJH Marshall,IA Cockbain,FK Cowdrey,1,0,"",""
ball,2,15.4,Gloucestershire,IA Cockbain,HJH Marshall,FK Cowdrey,1,0,"",""
ball,2,15.5,Gloucestershire,HJH Marshall,IA Cockbain,FK Cowdrey,1,0,"",""
ball,2,15.6,Gloucestershire,IA Cockbain,HJH Marshall,FK Cowdrey,0,0,"",""
ball,2,16.1,Gloucestershire,HJH Marshall,IA Cockbain,IAA Thomas,1,0,"",""
ball,2,16.2,Gloucestershire,IA Cockbain,HJH Marshall,IAA Thomas,1,0,"",""
ball,2,16.3,Gloucestershire,HJH Marshall,IA Cockbain,IAA Thomas,0,0,"",""
ball,2,16.4,Gloucestershire,HJH Marshall,IA Cockbain,IAA Thomas,1,0,"",""
ball,2,16.5,Gloucestershire,IA Cockbain,HJH Marshall,IAA Thomas,0,0,caught,IA Cockbain
ball,2,16.6,Gloucestershire,CDJ Dent,HJH Marshall,IAA Thomas,1,0,"",""
ball,2,17.1,Gloucestershire,CDJ Dent,HJH Marshall,DI Stevens,1,0,"",""
ball,2,17.2,Gloucestershire,HJH Marshall,CDJ Dent,DI Stevens,0,0,bowled,HJH Marshall
ball,2,17.3,Gloucestershire,BAC Howell,CDJ Dent,DI Stevens,0,0,"",""
ball,2,17.4,Gloucestershire,BAC Howell,CDJ Dent,DI Stevens,0,0,"",""
ball,2,17.5,Gloucestershire,BAC Howell,CDJ Dent,DI Stevens,0,0,"",""
ball,2,17.6,Gloucestershire,BAC Howell,CDJ Dent,DI Stevens,1,0,"",""
ball,2,18.1,Gloucestershire,BAC Howell,CDJ Dent,IAA Thomas,1,0,"",""
ball,2,18.2,Gloucestershire,CDJ Dent,BAC Howell,IAA Thomas,2,0,"",""
ball,2,18.3,Gloucestershire,CDJ Dent,BAC Howell,IAA Thomas,0,0,"",""
ball,2,18.4,Gloucestershire,CDJ Dent,BAC Howell,IAA Thomas,1,0,"",""
ball,2,18.5,Gloucestershire,BAC Howell,CDJ Dent,IAA Thomas,0,1,"",""
ball,2,18.6,Gloucestershire,BAC Howell,CDJ Dent,IAA Thomas,1,0,"",""
ball,2,18.7,Gloucestershire,CDJ Dent,BAC Howell,IAA Thomas,0,0,"",""
ball,2,19.1,Gloucestershire,BAC Howell,CDJ Dent,DI Stevens,1,0,"",""
ball,2,19.2,Gloucestershire,CDJ Dent,BAC Howell,DI Stevens,6,0,"",""
