version,1.3.0
info,team,Northamptonshire
info,team,Leicestershire
info,gender,male
info,season,2016
info,date,2016/06/26
info,competition,NatWest T20 Blast
info,venue,County Ground
info,city,Northampton
info,toss_winner,Northamptonshire
info,toss_decision,field
info,player_of_match,JJ Cobb
info,umpire,NGC Cowley
info,umpire,SA Garratt
info,winner,Northamptonshire
info,winner_wickets,6
ball,1,0.1,Leicestershire,ML Pettini,MJ Cosgrove,MA Ashraf,0,0,"",""
ball,1,0.2,Leicestershire,ML Pettini,MJ Cosgrove,MA Ashraf,1,0,"",""
ball,1,0.3,Leicestershire,MJ Cosgrove,ML Pettini,MA Ashraf,1,0,"",""
ball,1,0.4,Leicestershire,ML Pettini,MJ Cosgrove,MA Ashraf,2,0,"",""
ball,1,0.5,Leicestershire,ML Pettini,MJ Cosgrove,MA Ashraf,1,0,"",""
ball,1,0.6,Leicestershire,MJ Cosgrove,ML Pettini,MA Ashraf,1,0,"",""
ball,1,1.1,Leicestershire,MJ Cosgrove,ML Pettini,RJ Gleeson,0,0,bowled,MJ Cosgrove
ball,1,1.2,Leicestershire,CS Delport,ML Pettini,RJ Gleeson,4,0,"",""
ball,1,1.3,Leicestershire,CS Delport,ML Pettini,RJ Gleeson,0,0,"",""
ball,1,1.4,Leicestershire,CS Delport,ML Pettini,RJ Gleeson,0,0,"",""
ball,1,1.5,Leicestershire,CS Delport,ML Pettini,RJ Gleeson,0,0,"",""
ball,1,1.6,Leicestershire,CS Delport,ML Pettini,RJ Gleeson,1,0,"",""
ball,1,2.1,Leicestershire,CS Delport,ML Pettini,MA Ashraf,0,0,"",""
ball,1,2.2,Leicestershire,CS Delport,ML Pettini,MA Ashraf,0,0,"",""
ball,1,2.3,Leicestershire,CS Delport,ML Pettini,MA Ashraf,1,0,"",""
ball,1,2.4,Leicestershire,ML Pettini,CS Delport,MA Ashraf,0,1,"",""
ball,1,2.5,Leicestershire,ML Pettini,CS Delport,MA Ashraf,0,0,"",""
ball,1,2.6,Leicestershire,ML Pettini,CS Delport,MA Ashraf,4,0,"",""
ball,1,2.7,Leicestershire,ML Pettini,CS Delport,MA Ashraf,0,0,"",""
ball,1,3.1,Leicestershire,CS Delport,ML Pettini,RJ Gleeson,0,0,bowled,CS Delport
ball,1,3.2,Leicestershire,KJ O'Brien,ML Pettini,RJ Gleeson,1,0,"",""
ball,1,3.3,Leicestershire,ML Pettini,KJ O'Brien,RJ Gleeson,0,1,"",""
ball,1,3.4,Leicestershire,KJ O'Brien,ML Pettini,RJ Gleeson,0,1,"",""
ball,1,3.5,Leicestershire,KJ O'Brien,ML Pettini,RJ Gleeson,0,0,"",""
ball,1,3.6,Leicestershire,KJ O'Brien,ML Pettini,RJ Gleeson,0,0,"",""
ball,1,3.7,Leicestershire,KJ O'Brien,ML Pettini,RJ Gleeson,0,0,"",""
ball,1,4.1,Leicestershire,ML Pettini,KJ O'Brien,Azharullah,6,0,"",""
ball,1,4.2,Leicestershire,ML Pettini,KJ O'Brien,Azharullah,0,1,"",""
ball,1,4.3,Leicestershire,ML Pettini,KJ O'Brien,Azharullah,4,0,"",""
ball,1,4.4,Leicestershire,ML Pettini,KJ O'Brien,Azharullah,1,0,"",""
ball,1,4.5,Leicestershire,KJ O'Brien,ML Pettini,Azharullah,0,0,"",""
ball,1,4.6,Leicestershire,KJ O'Brien,ML Pettini,Azharullah,4,0,"",""
ball,1,4.7,Leicestershire,KJ O'Brien,ML Pettini,Azharullah,1,0,"",""
ball,1,5.1,Leicestershire,KJ O'Brien,ML Pettini,SP Crook,4,0,"",""
ball,1,5.2,Leicestershire,KJ O'Brien,ML Pettini,SP Crook,0,0,"",""
ball,1,5.3,Leicestershire,KJ O'Brien,ML Pettini,SP Crook,0,0,"",""
ball,1,5.4,Leicestershire,KJ O'Brien,ML Pettini,SP Crook,4,0,"",""
ball,1,5.5,Leicestershire,KJ O'Brien,ML Pettini,SP Crook,1,0,"",""
ball,1,5.6,Leicestershire,ML Pettini,KJ O'Brien,SP Crook,1,0,"",""
ball,1,6.1,Leicestershire,ML Pettini,KJ O'Brien,Azharullah,1,0,"",""
ball,1,6.2,Leicestershire,KJ O'Brien,ML Pettini,Azharullah,1,0,"",""
ball,1,6.3,Leicestershire,ML Pettini,KJ O'Brien,Azharullah,1,0,"",""
ball,1,6.4,Leicestershire,KJ O'Brien,ML Pettini,Azharullah,1,0,"",""
ball,1,6.5,Leicestershire,ML Pettini,KJ O'Brien,Azharullah,4,0,"",""
ball,1,6.6,Leicestershire,ML Pettini,KJ O'Brien,Azharullah,1,0,"",""
ball,1,7.1,Leicestershire,ML Pettini,KJ O'Brien,GG White,1,0,"",""
ball,1,7.2,Leicestershire,KJ O'Brien,ML Pettini,GG White,1,0,"",""
ball,1,7.3,Leicestershire,ML Pettini,KJ O'Brien,GG White,1,0,"",""
ball,1,7.4,Leicestershire,KJ O'Brien,ML Pettini,GG White,1,0,"",""
ball,1,7.5,Leicestershire,ML Pettini,KJ O'Brien,GG White,1,0,"",""
ball,1,7.6,Leicestershire,KJ O'Brien,ML Pettini,GG White,0,0,"",""
ball,1,8.1,Leicestershire,ML Pettini,KJ O'Brien,SP Crook,4,0,"",""
ball,1,8.2,Leicestershire,ML Pettini,KJ O'Brien,SP Crook,1,0,"",""
ball,1,8.3,Leicestershire,KJ O'Brien,ML Pettini,SP Crook,2,0,"",""
ball,1,8.4,Leicestershire,KJ O'Brien,ML Pettini,SP Crook,1,0,"",""
ball,1,8.5,Leicestershire,ML Pettini,KJ O'Brien,SP Crook,1,0,"",""
ball,1,8.6,Leicestershire,KJ O'Brien,ML Pettini,SP Crook,2,0,"",""
ball,1,9.1,Leicestershire,ML Pettini,KJ O'Brien,GG White,1,0,"",""
ball,1,9.2,Leicestershire,KJ O'Brien,ML Pettini,GG White,0,0,"",""
ball,1,9.3,Leicestershire,KJ O'Brien,ML Pettini,GG White,1,0,"",""
ball,1,9.4,Leicestershire,ML Pettini,KJ O'Brien,GG White,1,0,"",""
ball,1,9.5,Leicestershire,KJ O'Brien,ML Pettini,GG White,2,0,"",""
ball,1,9.6,Leicestershire,KJ O'Brien,ML Pettini,GG White,2,0,"",""
ball,1,10.1,Leicestershire,ML Pettini,KJ O'Brien,SP Crook,2,0,"",""
ball,1,10.2,Leicestershire,ML Pettini,KJ O'Brien,SP Crook,4,0,"",""
ball,1,10.3,Leicestershire,ML Pettini,KJ O'Brien,SP Crook,0,0,"",""
ball,1,10.4,Leicestershire,ML Pettini,KJ O'Brien,SP Crook,1,0,"",""
ball,1,10.5,Leicestershire,KJ O'Brien,ML Pettini,SP Crook,0,1,"",""
ball,1,10.6,Leicestershire,ML Pettini,KJ O'Brien,SP Crook,4,0,"",""
ball,1,11.1,Leicestershire,KJ O'Brien,ML Pettini,JJ Cobb,0,0,"",""
ball,1,11.2,Leicestershire,KJ O'Brien,ML Pettini,JJ Cobb,0,0,caught,KJ O'Brien
ball,1,11.3,Leicestershire,ML Pettini,PJ Horton,JJ Cobb,0,0,"",""
ball,1,11.4,Leicestershire,ML Pettini,PJ Horton,JJ Cobb,1,0,"",""
ball,1,11.5,Leicestershire,PJ Horton,ML Pettini,JJ Cobb,1,0,"",""
ball,1,11.6,Leicestershire,ML Pettini,PJ Horton,JJ Cobb,1,0,"",""
ball,1,12.1,Leicestershire,ML Pettini,PJ Horton,GG White,1,0,"",""
ball,1,12.2,Leicestershire,PJ Horton,ML Pettini,GG White,1,0,"",""
ball,1,12.3,Leicestershire,ML Pettini,PJ Horton,GG White,1,0,"",""
ball,1,12.4,Leicestershire,PJ Horton,ML Pettini,GG White,0,0,"",""
ball,1,12.5,Leicestershire,PJ Horton,ML Pettini,GG White,1,0,"",""
ball,1,12.6,Leicestershire,ML Pettini,PJ Horton,GG White,1,0,"",""
ball,1,13.1,Leicestershire,ML Pettini,PJ Horton,JJ Cobb,1,0,"",""
ball,1,13.2,Leicestershire,PJ Horton,ML Pettini,JJ Cobb,0,0,"",""
ball,1,13.3,Leicestershire,PJ Horton,ML Pettini,JJ Cobb,0,0,"",""
ball,1,13.4,Leicestershire,PJ Horton,ML Pettini,JJ Cobb,0,1,"",""
ball,1,13.5,Leicestershire,PJ Horton,ML Pettini,JJ Cobb,1,0,"",""
ball,1,13.6,Leicestershire,ML Pettini,PJ Horton,JJ Cobb,1,0,"",""
ball,1,13.7,Leicestershire,PJ Horton,ML Pettini,JJ Cobb,1,0,"",""
ball,1,14.1,Leicestershire,PJ Horton,ML Pettini,GG White,4,0,"",""
ball,1,14.2,Leicestershire,PJ Horton,ML Pettini,GG White,1,0,"",""
ball,1,14.3,Leicestershire,ML Pettini,PJ Horton,GG White,0,0,"",""
ball,1,14.4,Leicestershire,ML Pettini,PJ Horton,GG White,0,0,lbw,ML Pettini
ball,1,14.5,Leicestershire,LJ Hill,PJ Horton,GG White,1,0,"",""
ball,1,14.6,Leicestershire,PJ Horton,LJ Hill,GG White,1,0,"",""
ball,1,15.1,Leicestershire,PJ Horton,LJ Hill,JJ Cobb,1,0,"",""
ball,1,15.2,Leicestershire,LJ Hill,PJ Horton,JJ Cobb,2,0,"",""
ball,1,15.3,Leicestershire,LJ Hill,PJ Horton,JJ Cobb,1,0,"",""
ball,1,15.4,Leicestershire,PJ Horton,LJ Hill,JJ Cobb,1,0,"",""
ball,1,15.5,Leicestershire,LJ Hill,PJ Horton,JJ Cobb,1,0,"",""
ball,1,15.6,Leicestershire,PJ Horton,LJ Hill,JJ Cobb,1,0,"",""
ball,1,16.1,Leicestershire,PJ Horton,LJ Hill,MA Ashraf,4,0,"",""
ball,1,16.2,Leicestershire,PJ Horton,LJ Hill,MA Ashraf,1,0,"",""
ball,1,16.3,Leicestershire,LJ Hill,PJ Horton,MA Ashraf,1,0,"",""
ball,1,16.4,Leicestershire,PJ Horton,LJ Hill,MA Ashraf,1,0,"",""
ball,1,16.5,Leicestershire,LJ Hill,PJ Horton,MA Ashraf,2,0,"",""
ball,1,16.6,Leicestershire,LJ Hill,PJ Horton,MA Ashraf,2,0,"",""
ball,1,17.1,Leicestershire,PJ Horton,LJ Hill,RJ Gleeson,1,0,"",""
ball,1,17.2,Leicestershire,LJ Hill,PJ Horton,RJ Gleeson,1,0,"",""
ball,1,17.3,Leicestershire,PJ Horton,LJ Hill,RJ Gleeson,4,0,"",""
ball,1,17.4,Leicestershire,PJ Horton,LJ Hill,RJ Gleeson,0,0,"",""
ball,1,17.5,Leicestershire,PJ Horton,LJ Hill,RJ Gleeson,1,0,"",""
ball,1,17.6,Leicestershire,LJ Hill,PJ Horton,RJ Gleeson,2,0,"",""
ball,1,18.1,Leicestershire,PJ Horton,LJ Hill,MA Ashraf,1,0,"",""
ball,1,18.2,Leicestershire,LJ Hill,PJ Horton,MA Ashraf,1,0,"",""
ball,1,18.3,Leicestershire,PJ Horton,LJ Hill,MA Ashraf,1,0,"",""
ball,1,18.4,Leicestershire,LJ Hill,PJ Horton,MA Ashraf,1,0,"",""
ball,1,18.5,Leicestershire,PJ Horton,LJ Hill,MA Ashraf,1,0,"",""
ball,1,18.6,Leicestershire,LJ Hill,PJ Horton,MA Ashraf,0,0,"",""
ball,1,19.1,Leicestershire,PJ Horton,LJ Hill,RJ Gleeson,0,2,retired hurt,PJ Horton
ball,1,19.2,Leicestershire,TJ Wells,LJ Hill,RJ Gleeson,0,0,"",""
ball,1,19.3,Leicestershire,TJ Wells,LJ Hill,RJ Gleeson,1,0,"",""
ball,1,19.4,Leicestershire,LJ Hill,TJ Wells,RJ Gleeson,0,0,hit wicket,LJ Hill
ball,1,19.5,Leicestershire,RML Taylor,TJ Wells,RJ Gleeson,1,0,"",""
ball,1,19.6,Leicestershire,TJ Wells,RML Taylor,RJ Gleeson,0,1,"",""
ball,1,19.7,Leicestershire,RML Taylor,TJ Wells,RJ Gleeson,0,1,"",""
ball,2,0.1,Northamptonshire,RE Levi,AM Rossington,RML Taylor,0,0,"",""
ball,2,0.2,Northamptonshire,RE Levi,AM Rossington,RML Taylor,0,0,"",""
ball,2,0.3,Northamptonshire,RE Levi,AM Rossington,RML Taylor,0,0,"",""
ball,2,0.4,Northamptonshire,RE Levi,AM Rossington,RML Taylor,4,0,"",""
ball,2,0.5,Northamptonshire,RE Levi,AM Rossington,RML Taylor,4,0,"",""
ball,2,0.6,Northamptonshire,RE Levi,AM Rossington,RML Taylor,4,0,"",""
ball,2,1.1,Northamptonshire,AM Rossington,RE Levi,CJ McKay,1,0,"",""
ball,2,1.2,Northamptonshire,RE Levi,AM Rossington,CJ McKay,0,0,"",""
ball,2,1.3,Northamptonshire,RE Levi,AM Rossington,CJ McKay,0,0,caught,RE Levi
ball,2,1.4,Northamptonshire,AM Rossington,JJ Cobb,CJ McKay,0,0,"",""
ball,2,1.5,Northamptonshire,AM Rossington,JJ Cobb,CJ McKay,4,0,"",""
ball,2,1.6,Northamptonshire,AM Rossington,JJ Cobb,CJ McKay,0,0,"",""
ball,2,2.1,Northamptonshire,JJ Cobb,AM Rossington,RML Taylor,0,0,"",""
ball,2,2.2,Northamptonshire,JJ Cobb,AM Rossington,RML Taylor,0,0,"",""
ball,2,2.3,Northamptonshire,JJ Cobb,AM Rossington,RML Taylor,4,0,"",""
ball,2,2.4,Northamptonshire,JJ Cobb,AM Rossington,RML Taylor,4,0,"",""
ball,2,2.5,Northamptonshire,JJ Cobb,AM Rossington,RML Taylor,1,0,"",""
ball,2,2.6,Northamptonshire,AM Rossington,JJ Cobb,RML Taylor,4,0,"",""
ball,2,3.1,Northamptonshire,JJ Cobb,AM Rossington,CJ McKay,0,0,"",""
ball,2,3.2,Northamptonshire,JJ Cobb,AM Rossington,CJ McKay,1,0,"",""
ball,2,3.3,Northamptonshire,AM Rossington,JJ Cobb,CJ McKay,1,0,"",""
ball,2,3.4,Northamptonshire,JJ Cobb,AM Rossington,CJ McKay,1,0,"",""
ball,2,3.5,Northamptonshire,AM Rossington,JJ Cobb,CJ McKay,4,0,"",""
ball,2,3.6,Northamptonshire,AM Rossington,JJ Cobb,CJ McKay,0,0,"",""
ball,2,4.1,Northamptonshire,JJ Cobb,AM Rossington,KJ O'Brien,4,0,"",""
ball,2,4.2,Northamptonshire,JJ Cobb,AM Rossington,KJ O'Brien,0,0,"",""
ball,2,4.3,Northamptonshire,JJ Cobb,AM Rossington,KJ O'Brien,1,0,"",""
ball,2,4.4,Northamptonshire,AM Rossington,JJ Cobb,KJ O'Brien,0,0,"",""
ball,2,4.5,Northamptonshire,AM Rossington,JJ Cobb,KJ O'Brien,0,0,"",""
ball,2,4.6,Northamptonshire,AM Rossington,JJ Cobb,KJ O'Brien,2,0,"",""
ball,2,5.1,Northamptonshire,JJ Cobb,AM Rossington,RML Taylor,0,0,"",""
ball,2,5.2,Northamptonshire,JJ Cobb,AM Rossington,RML Taylor,2,0,"",""
ball,2,5.3,Northamptonshire,JJ Cobb,AM Rossington,RML Taylor,6,0,"",""
ball,2,5.4,Northamptonshire,JJ Cobb,AM Rossington,RML Taylor,0,0,"",""
ball,2,5.5,Northamptonshire,JJ Cobb,AM Rossington,RML Taylor,0,0,"",""
ball,2,5.6,Northamptonshire,JJ Cobb,AM Rossington,RML Taylor,2,0,"",""
ball,2,6.1,Northamptonshire,AM Rossington,JJ Cobb,NJ Dexter,0,0,"",""
ball,2,6.2,Northamptonshire,AM Rossington,JJ Cobb,NJ Dexter,1,0,"",""
ball,2,6.3,Northamptonshire,JJ Cobb,AM Rossington,NJ Dexter,1,0,"",""
ball,2,6.4,Northamptonshire,AM Rossington,JJ Cobb,NJ Dexter,4,0,"",""
ball,2,6.5,Northamptonshire,AM Rossington,JJ Cobb,NJ Dexter,1,0,"",""
ball,2,6.6,Northamptonshire,JJ Cobb,AM Rossington,NJ Dexter,1,0,"",""
ball,2,7.1,Northamptonshire,JJ Cobb,AM Rossington,JKH Naik,1,0,"",""
ball,2,7.2,Northamptonshire,AM Rossington,JJ Cobb,JKH Naik,1,0,"",""
ball,2,7.3,Northamptonshire,JJ Cobb,AM Rossington,JKH Naik,1,0,"",""
ball,2,7.4,Northamptonshire,AM Rossington,JJ Cobb,JKH Naik,1,0,"",""
ball,2,7.5,Northamptonshire,JJ Cobb,AM Rossington,JKH Naik,0,0,"",""
ball,2,7.6,Northamptonshire,JJ Cobb,AM Rossington,JKH Naik,1,0,"",""
ball,2,8.1,Northamptonshire,JJ Cobb,AM Rossington,KJ O'Brien,4,0,"",""
ball,2,8.2,Northamptonshire,JJ Cobb,AM Rossington,KJ O'Brien,1,0,"",""
ball,2,8.3,Northamptonshire,AM Rossington,JJ Cobb,KJ O'Brien,4,0,"",""
ball,2,8.4,Northamptonshire,AM Rossington,JJ Cobb,KJ O'Brien,4,0,"",""
ball,2,8.5,Northamptonshire,AM Rossington,JJ Cobb,KJ O'Brien,1,0,"",""
ball,2,8.6,Northamptonshire,JJ Cobb,AM Rossington,KJ O'Brien,0,0,"",""
ball,2,9.1,Northamptonshire,AM Rossington,JJ Cobb,JKH Naik,1,0,"",""
ball,2,9.2,Northamptonshire,JJ Cobb,AM Rossington,JKH Naik,1,0,"",""
ball,2,9.3,Northamptonshire,AM Rossington,JJ Cobb,JKH Naik,0,0,"",""
ball,2,9.4,Northamptonshire,AM Rossington,JJ Cobb,JKH Naik,0,1,"",""
ball,2,9.5,Northamptonshire,AM Rossington,JJ Cobb,JKH Naik,4,0,"",""
ball,2,9.6,Northamptonshire,AM Rossington,JJ Cobb,JKH Naik,4,0,"",""
ball,2,9.7,Northamptonshire,AM Rossington,JJ Cobb,JKH Naik,1,0,"",""
ball,2,10.1,Northamptonshire,AM Rossington,JJ Cobb,CS Delport,1,0,"",""
ball,2,10.2,Northamptonshire,JJ Cobb,AM Rossington,CS Delport,1,0,"",""
ball,2,10.3,Northamptonshire,AM Rossington,JJ Cobb,CS Delport,1,0,"",""
ball,2,10.4,Northamptonshire,JJ Cobb,AM Rossington,CS Delport,1,0,"",""
ball,2,10.5,Northamptonshire,AM Rossington,JJ Cobb,CS Delport,4,0,"",""
ball,2,10.6,Northamptonshire,AM Rossington,JJ Cobb,CS Delport,1,0,"",""
ball,2,11.1,Northamptonshire,AM Rossington,JJ Cobb,MJ Cosgrove,0,0,bowled,AM Rossington
ball,2,11.2,Northamptonshire,BM Duckett,JJ Cobb,MJ Cosgrove,1,0,"",""
ball,2,11.3,Northamptonshire,JJ Cobb,BM Duckett,MJ Cosgrove,2,0,"",""
ball,2,11.4,Northamptonshire,JJ Cobb,BM Duckett,MJ Cosgrove,1,0,"",""
ball,2,11.5,Northamptonshire,BM Duckett,JJ Cobb,MJ Cosgrove,1,0,"",""
ball,2,11.6,Northamptonshire,JJ Cobb,BM Duckett,MJ Cosgrove,1,0,"",""
ball,2,12.1,Northamptonshire,JJ Cobb,BM Duckett,CJ McKay,1,0,"",""
ball,2,12.2,Northamptonshire,BM Duckett,JJ Cobb,CJ McKay,2,0,"",""
ball,2,12.3,Northamptonshire,BM Duckett,JJ Cobb,CJ McKay,1,0,"",""
ball,2,12.4,Northamptonshire,JJ Cobb,BM Duckett,CJ McKay,1,0,"",""
ball,2,12.5,Northamptonshire,BM Duckett,JJ Cobb,CJ McKay,0,0,"",""
ball,2,12.6,Northamptonshire,BM Duckett,JJ Cobb,CJ McKay,0,0,"",""
ball,2,13.1,Northamptonshire,JJ Cobb,BM Duckett,MJ Cosgrove,1,0,"",""
ball,2,13.2,Northamptonshire,BM Duckett,JJ Cobb,MJ Cosgrove,0,0,"",""
ball,2,13.3,Northamptonshire,BM Duckett,JJ Cobb,MJ Cosgrove,4,0,"",""
ball,2,13.4,Northamptonshire,BM Duckett,JJ Cobb,MJ Cosgrove,4,0,"",""
ball,2,13.5,Northamptonshire,BM Duckett,JJ Cobb,MJ Cosgrove,2,0,"",""
ball,2,13.6,Northamptonshire,BM Duckett,JJ Cobb,MJ Cosgrove,2,0,"",""
ball,2,14.1,Northamptonshire,JJ Cobb,BM Duckett,CJ McKay,1,0,"",""
ball,2,14.2,Northamptonshire,BM Duckett,JJ Cobb,CJ McKay,0,1,"",""
ball,2,14.3,Northamptonshire,JJ Cobb,BM Duckett,CJ McKay,0,0,"",""
ball,2,14.4,Northamptonshire,JJ Cobb,BM Duckett,CJ McKay,1,0,"",""
ball,2,14.5,Northamptonshire,BM Duckett,JJ Cobb,CJ McKay,1,0,"",""
ball,2,14.6,Northamptonshire,JJ Cobb,BM Duckett,CJ McKay,1,0,"",""
ball,2,15.1,Northamptonshire,JJ Cobb,BM Duckett,CS Delport,1,0,"",""
ball,2,15.2,Northamptonshire,BM Duckett,JJ Cobb,CS Delport,1,0,"",""
ball,2,15.3,Northamptonshire,JJ Cobb,BM Duckett,CS Delport,1,0,"",""
ball,2,15.4,Northamptonshire,BM Duckett,JJ Cobb,CS Delport,1,0,"",""
ball,2,15.5,Northamptonshire,JJ Cobb,BM Duckett,CS Delport,1,0,"",""
ball,2,15.6,Northamptonshire,BM Duckett,JJ Cobb,CS Delport,0,0,caught,BM Duckett
ball,2,16.1,Northamptonshire,SP Crook,JJ Cobb,NJ Dexter,1,0,"",""
ball,2,16.2,Northamptonshire,JJ Cobb,SP Crook,NJ Dexter,1,0,"",""
ball,2,16.3,Northamptonshire,SP Crook,JJ Cobb,NJ Dexter,0,1,"",""
ball,2,16.4,Northamptonshire,SP Crook,JJ Cobb,NJ Dexter,0,0,"",""
ball,2,16.5,Northamptonshire,SP Crook,JJ Cobb,NJ Dexter,0,0,"",""
ball,2,16.6,Northamptonshire,SP Crook,JJ Cobb,NJ Dexter,0,0,"",""
ball,2,16.7,Northamptonshire,SP Crook,JJ Cobb,NJ Dexter,0,0,"",""
ball,2,17.1,Northamptonshire,JJ Cobb,SP Crook,CS Delport,4,0,"",""
ball,2,17.2,Northamptonshire,JJ Cobb,SP Crook,CS Delport,0,0,"",""
ball,2,17.3,Northamptonshire,JJ Cobb,SP Crook,CS Delport,0,5,"",""
ball,2,17.4,Northamptonshire,JJ Cobb,SP Crook,CS Delport,0,0,caught,JJ Cobb
ball,2,17.5,Northamptonshire,AG Wakely,SP Crook,CS Delport,0,0,"",""
ball,2,17.6,Northamptonshire,AG Wakely,SP Crook,CS Delport,4,0,"",""
