version,1.3.0
info,team,Lancashire
info,team,Worcestershire
info,gender,male
info,season,2016
info,date,2016/06/24
info,competition,NatWest T20 Blast
info,venue,Old Trafford
info,city,Manchester
info,toss_winner,Worcestershire
info,toss_decision,field
info,player_of_match,SD Parry
info,umpire,JH Evans
info,umpire,GD Lloyd
info,winner,Lancashire
info,winner_runs,96
ball,1,0.1,Lancashire,MJ Guptill,AN Petersen,JD Shantry,0,1,"",""
ball,1,0.2,Lancashire,MJ Guptill,AN Petersen,JD Shantry,0,0,"",""
ball,1,0.3,Lancashire,MJ Guptill,AN Petersen,JD Shantry,1,0,"",""
ball,1,0.4,Lancashire,AN Petersen,MJ Guptill,JD Shantry,0,1,"",""
ball,1,0.5,Lancashire,AN Petersen,MJ Guptill,JD Shantry,1,0,"",""
ball,1,0.6,Lancashire,MJ Guptill,AN Petersen,JD Shantry,0,0,"",""
ball,1,0.7,Lancashire,MJ Guptill,AN Petersen,JD Shantry,1,0,"",""
ball,1,0.8,Lancashire,AN Petersen,MJ Guptill,JD Shantry,1,0,"",""
ball,1,1.1,Lancashire,AN Petersen,MJ Guptill,MJ Henry,0,0,"",""
ball,1,1.2,Lancashire,AN Petersen,MJ Guptill,MJ Henry,0,0,"",""
ball,1,1.3,Lancashire,AN Petersen,MJ Guptill,MJ Henry,2,0,"",""
ball,1,1.4,Lancashire,AN Petersen,MJ Guptill,MJ Henry,0,0,"",""
ball,1,1.5,Lancashire,AN Petersen,MJ Guptill,MJ Henry,1,0,"",""
ball,1,1.6,Lancashire,MJ Guptill,AN Petersen,MJ Henry,0,0,"",""
ball,1,2.1,Lancashire,AN Petersen,MJ Guptill,JD Shantry,1,0,"",""
ball,1,2.2,Lancashire,MJ Guptill,AN Petersen,JD Shantry,0,0,"",""
ball,1,2.3,Lancashire,MJ Guptill,AN Petersen,JD Shantry,0,0,"",""
ball,1,2.4,Lancashire,MJ Guptill,AN Petersen,JD Shantry,2,0,"",""
ball,1,2.5,Lancashire,MJ Guptill,AN Petersen,JD Shantry,1,0,"",""
ball,1,2.6,Lancashire,AN Petersen,MJ Guptill,JD Shantry,1,0,"",""
ball,1,3.1,Lancashire,AN Petersen,MJ Guptill,MJ Henry,0,0,"",""
ball,1,3.2,Lancashire,AN Petersen,MJ Guptill,MJ Henry,0,0,"",""
ball,1,3.3,Lancashire,AN Petersen,MJ Guptill,MJ Henry,2,0,"",""
ball,1,3.4,Lancashire,AN Petersen,MJ Guptill,MJ Henry,3,0,"",""
ball,1,3.5,Lancashire,MJ Guptill,AN Petersen,MJ Henry,1,0,"",""
ball,1,3.6,Lancashire,AN Petersen,MJ Guptill,MJ Henry,4,0,"",""
ball,1,4.1,Lancashire,MJ Guptill,AN Petersen,JD Shantry,0,0,caught,MJ Guptill
ball,1,4.2,Lancashire,KR Brown,AN Petersen,JD Shantry,1,0,"",""
ball,1,4.3,Lancashire,AN Petersen,KR Brown,JD Shantry,0,0,"",""
ball,1,4.4,Lancashire,AN Petersen,KR Brown,JD Shantry,1,0,"",""
ball,1,4.5,Lancashire,KR Brown,AN Petersen,JD Shantry,0,0,"",""
ball,1,4.6,Lancashire,KR Brown,AN Petersen,JD Shantry,4,0,"",""
ball,1,5.1,Lancashire,AN Petersen,KR Brown,J Leach,2,0,"",""
ball,1,5.2,Lancashire,AN Petersen,KR Brown,J Leach,6,0,"",""
ball,1,5.3,Lancashire,AN Petersen,KR Brown,J Leach,3,0,"",""
ball,1,5.4,Lancashire,KR Brown,AN Petersen,J Leach,0,0,"",""
ball,1,5.5,Lancashire,KR Brown,AN Petersen,J Leach,0,0,"",""
ball,1,5.6,Lancashire,KR Brown,AN Petersen,J Leach,6,0,"",""
ball,1,6.1,Lancashire,AN Petersen,KR Brown,JD Shantry,2,0,"",""
ball,1,6.2,Lancashire,AN Petersen,KR Brown,JD Shantry,1,0,"",""
ball,1,6.3,Lancashire,KR Brown,AN Petersen,JD Shantry,1,0,"",""
ball,1,6.4,Lancashire,AN Petersen,KR Brown,JD Shantry,0,0,"",""
ball,1,6.5,Lancashire,AN Petersen,KR Brown,JD Shantry,0,0,"",""
ball,1,6.6,Lancashire,AN Petersen,KR Brown,JD Shantry,1,0,"",""
ball,1,7.1,Lancashire,AN Petersen,KR Brown,DKH Mitchell,1,0,"",""
ball,1,7.2,Lancashire,KR Brown,AN Petersen,DKH Mitchell,1,0,"",""
ball,1,7.3,Lancashire,AN Petersen,KR Brown,DKH Mitchell,1,0,"",""
ball,1,7.4,Lancashire,KR Brown,AN Petersen,DKH Mitchell,1,0,"",""
ball,1,7.5,Lancashire,AN Petersen,KR Brown,DKH Mitchell,1,0,"",""
ball,1,7.6,Lancashire,KR Brown,AN Petersen,DKH Mitchell,1,0,"",""
ball,1,8.1,Lancashire,KR Brown,AN Petersen,BL D'Oliveira,1,0,"",""
ball,1,8.2,Lancashire,AN Petersen,KR Brown,BL D'Oliveira,1,0,"",""
ball,1,8.3,Lancashire,KR Brown,AN Petersen,BL D'Oliveira,1,0,"",""
ball,1,8.4,Lancashire,AN Petersen,KR Brown,BL D'Oliveira,0,0,"",""
ball,1,8.5,Lancashire,AN Petersen,KR Brown,BL D'Oliveira,2,0,"",""
ball,1,8.6,Lancashire,AN Petersen,KR Brown,BL D'Oliveira,6,0,"",""
ball,1,9.1,Lancashire,KR Brown,AN Petersen,DKH Mitchell,0,0,caught,KR Brown
ball,1,9.2,Lancashire,LS Livingstone,AN Petersen,DKH Mitchell,1,0,"",""
ball,1,9.3,Lancashire,AN Petersen,LS Livingstone,DKH Mitchell,0,0,"",""
ball,1,9.4,Lancashire,AN Petersen,LS Livingstone,DKH Mitchell,1,0,"",""
ball,1,9.5,Lancashire,LS Livingstone,AN Petersen,DKH Mitchell,0,3,"",""
ball,1,9.6,Lancashire,LS Livingstone,AN Petersen,DKH Mitchell,1,0,"",""
ball,1,9.7,Lancashire,AN Petersen,LS Livingstone,DKH Mitchell,1,0,"",""
ball,1,10.1,Lancashire,AN Petersen,LS Livingstone,EG Barnard,1,0,"",""
ball,1,10.2,Lancashire,LS Livingstone,AN Petersen,EG Barnard,0,0,"",""
ball,1,10.3,Lancashire,LS Livingstone,AN Petersen,EG Barnard,0,0,"",""
ball,1,10.4,Lancashire,LS Livingstone,AN Petersen,EG Barnard,1,0,"",""
ball,1,10.5,Lancashire,AN Petersen,LS Livingstone,EG Barnard,1,0,"",""
ball,1,10.6,Lancashire,LS Livingstone,AN Petersen,EG Barnard,1,0,"",""
ball,1,11.1,Lancashire,LS Livingstone,AN Petersen,DKH Mitchell,0,0,"",""
ball,1,11.2,Lancashire,LS Livingstone,AN Petersen,DKH Mitchell,2,0,"",""
ball,1,11.3,Lancashire,LS Livingstone,AN Petersen,DKH Mitchell,1,0,"",""
ball,1,11.4,Lancashire,AN Petersen,LS Livingstone,DKH Mitchell,1,0,"",""
ball,1,11.5,Lancashire,LS Livingstone,AN Petersen,DKH Mitchell,4,0,"",""
ball,1,11.6,Lancashire,LS Livingstone,AN Petersen,DKH Mitchell,0,0,"",""
ball,1,12.1,Lancashire,AN Petersen,LS Livingstone,EG Barnard,1,0,"",""
ball,1,12.2,Lancashire,LS Livingstone,AN Petersen,EG Barnard,2,0,"",""
ball,1,12.3,Lancashire,LS Livingstone,AN Petersen,EG Barnard,2,0,"",""
ball,1,12.4,Lancashire,LS Livingstone,AN Petersen,EG Barnard,6,0,"",""
ball,1,12.5,Lancashire,LS Livingstone,AN Petersen,EG Barnard,6,0,"",""
ball,1,12.6,Lancashire,LS Livingstone,AN Petersen,EG Barnard,0,1,"",""
ball,1,12.7,Lancashire,LS Livingstone,AN Petersen,EG Barnard,1,0,"",""
ball,1,13.1,Lancashire,LS Livingstone,AN Petersen,BL D'Oliveira,0,0,lbw,LS Livingstone
ball,1,13.2,Lancashire,SJ Croft,AN Petersen,BL D'Oliveira,1,0,"",""
ball,1,13.3,Lancashire,AN Petersen,SJ Croft,BL D'Oliveira,1,0,"",""
ball,1,13.4,Lancashire,SJ Croft,AN Petersen,BL D'Oliveira,3,0,"",""
ball,1,13.5,Lancashire,AN Petersen,SJ Croft,BL D'Oliveira,2,0,"",""
ball,1,13.6,Lancashire,AN Petersen,SJ Croft,BL D'Oliveira,1,0,"",""
ball,1,14.1,Lancashire,AN Petersen,SJ Croft,J Leach,1,0,"",""
ball,1,14.2,Lancashire,SJ Croft,AN Petersen,J Leach,0,0,caught,SJ Croft
ball,1,14.3,Lancashire,J Clark,AN Petersen,J Leach,0,0,"",""
ball,1,14.4,Lancashire,J Clark,AN Petersen,J Leach,1,0,"",""
ball,1,14.5,Lancashire,AN Petersen,J Clark,J Leach,1,0,"",""
ball,1,14.6,Lancashire,J Clark,AN Petersen,J Leach,0,0,"",""
ball,1,15.1,Lancashire,AN Petersen,J Clark,BL D'Oliveira,1,0,"",""
ball,1,15.2,Lancashire,J Clark,AN Petersen,BL D'Oliveira,0,0,"",""
ball,1,15.3,Lancashire,J Clark,AN Petersen,BL D'Oliveira,2,0,"",""
ball,1,15.4,Lancashire,J Clark,AN Petersen,BL D'Oliveira,0,0,"",""
ball,1,15.5,Lancashire,J Clark,AN Petersen,BL D'Oliveira,0,0,"",""
ball,1,15.6,Lancashire,J Clark,AN Petersen,BL D'Oliveira,2,0,"",""
ball,1,16.1,Lancashire,AN Petersen,J Clark,J Leach,1,0,"",""
ball,1,16.2,Lancashire,J Clark,AN Petersen,J Leach,0,0,caught,J Clark
ball,1,16.3,Lancashire,AN Petersen,TJ Moores,J Leach,1,0,"",""
ball,1,16.4,Lancashire,TJ Moores,AN Petersen,J Leach,1,0,"",""
ball,1,16.5,Lancashire,AN Petersen,TJ Moores,J Leach,1,0,"",""
ball,1,16.6,Lancashire,TJ Moores,AN Petersen,J Leach,0,0,"",""
ball,1,17.1,Lancashire,AN Petersen,TJ Moores,MJ Henry,2,0,"",""
ball,1,17.2,Lancashire,AN Petersen,TJ Moores,MJ Henry,1,2,"",""
ball,1,17.3,Lancashire,TJ Moores,AN Petersen,MJ Henry,1,0,"",""
ball,1,17.4,Lancashire,AN Petersen,TJ Moores,MJ Henry,0,0,"",""
ball,1,17.5,Lancashire,AN Petersen,TJ Moores,MJ Henry,1,0,"",""
ball,1,17.6,Lancashire,TJ Moores,AN Petersen,MJ Henry,0,0,"",""
ball,1,17.7,Lancashire,TJ Moores,AN Petersen,MJ Henry,1,0,"",""
ball,1,18.1,Lancashire,TJ Moores,AN Petersen,J Leach,0,0,"",""
ball,1,18.2,Lancashire,TJ Moores,AN Petersen,J Leach,1,0,"",""
ball,1,18.3,Lancashire,AN Petersen,TJ Moores,J Leach,1,0,"",""
ball,1,18.4,Lancashire,TJ Moores,AN Petersen,J Leach,4,0,"",""
ball,1,18.5,Lancashire,TJ Moores,AN Petersen,J Leach,4,0,"",""
ball,1,18.6,Lancashire,TJ Moores,AN Petersen,J Leach,0,0,"",""
ball,1,19.1,Lancashire,AN Petersen,TJ Moores,MJ Henry,1,0,"",""
ball,1,19.2,Lancashire,TJ Moores,AN Petersen,MJ Henry,0,0,"",""
ball,1,19.3,Lancashire,TJ Moores,AN Petersen,MJ Henry,0,0,"",""
ball,1,19.4,Lancashire,TJ Moores,AN Petersen,MJ Henry,0,0,"",""
ball,1,19.5,Lancashire,TJ Moores,AN Petersen,MJ Henry,1,0,"",""
ball,1,19.6,Lancashire,AN Petersen,TJ Moores,MJ Henry,2,0,"",""
ball,2,0.1,Worcestershire,T Kohler-Cadmore,DKH Mitchell,NL Buck,0,0,caught,T Kohler-Cadmore
ball,2,0.2,Worcestershire,JM Clarke,DKH Mitchell,NL Buck,0,0,"",""
ball,2,0.3,Worcestershire,JM Clarke,DKH Mitchell,NL Buck,0,0,"",""
ball,2,0.4,Worcestershire,JM Clarke,DKH Mitchell,NL Buck,0,0,"",""
ball,2,0.5,Worcestershire,JM Clarke,DKH Mitchell,NL Buck,0,0,"",""
ball,2,0.6,Worcestershire,JM Clarke,DKH Mitchell,NL Buck,3,0,"",""
ball,2,1.1,Worcestershire,JM Clarke,DKH Mitchell,J Clark,0,1,"",""
ball,2,1.2,Worcestershire,DKH Mitchell,JM Clarke,J Clark,0,0,"",""
ball,2,1.3,Worcestershire,DKH Mitchell,JM Clarke,J Clark,1,0,"",""
ball,2,1.4,Worcestershire,JM Clarke,DKH Mitchell,J Clark,0,0,"",""
ball,2,1.5,Worcestershire,JM Clarke,DKH Mitchell,J Clark,0,0,"",""
ball,2,1.6,Worcestershire,JM Clarke,DKH Mitchell,J Clark,4,0,"",""
ball,2,2.1,Worcestershire,DKH Mitchell,JM Clarke,NL Buck,4,0,"",""
ball,2,2.2,Worcestershire,DKH Mitchell,JM Clarke,NL Buck,0,0,caught,DKH Mitchell
ball,2,2.3,Worcestershire,AN Kervezee,JM Clarke,NL Buck,0,0,"",""
ball,2,2.4,Worcestershire,AN Kervezee,JM Clarke,NL Buck,0,0,"",""
ball,2,2.5,Worcestershire,AN Kervezee,JM Clarke,NL Buck,4,0,"",""
ball,2,2.6,Worcestershire,AN Kervezee,JM Clarke,NL Buck,0,0,"",""
ball,2,3.1,Worcestershire,JM Clarke,AN Kervezee,J Clark,1,0,"",""
ball,2,3.2,Worcestershire,AN Kervezee,JM Clarke,J Clark,0,0,caught,AN Kervezee
ball,2,3.3,Worcestershire,JM Clarke,BL D'Oliveira,J Clark,1,0,"",""
ball,2,3.4,Worcestershire,BL D'Oliveira,JM Clarke,J Clark,0,0,"",""
ball,2,3.5,Worcestershire,BL D'Oliveira,JM Clarke,J Clark,0,0,"",""
ball,2,3.6,Worcestershire,BL D'Oliveira,JM Clarke,J Clark,0,1,"",""
ball,2,4.1,Worcestershire,BL D'Oliveira,JM Clarke,NL Buck,0,0,"",""
ball,2,4.2,Worcestershire,BL D'Oliveira,JM Clarke,NL Buck,0,0,"",""
ball,2,4.3,Worcestershire,BL D'Oliveira,JM Clarke,NL Buck,1,0,"",""
ball,2,4.4,Worcestershire,JM Clarke,BL D'Oliveira,NL Buck,0,0,caught,JM Clarke
ball,2,4.5,Worcestershire,RA Whiteley,BL D'Oliveira,NL Buck,0,0,"",""
ball,2,4.6,Worcestershire,RA Whiteley,BL D'Oliveira,NL Buck,0,0,"",""
ball,2,5.1,Worcestershire,BL D'Oliveira,RA Whiteley,J Clark,0,0,"",""
ball,2,5.2,Worcestershire,BL D'Oliveira,RA Whiteley,J Clark,0,0,"",""
ball,2,5.3,Worcestershire,BL D'Oliveira,RA Whiteley,J Clark,0,0,"",""
ball,2,5.4,Worcestershire,BL D'Oliveira,RA Whiteley,J Clark,0,0,"",""
ball,2,5.5,Worcestershire,BL D'Oliveira,RA Whiteley,J Clark,0,1,"",""
ball,2,5.6,Worcestershire,BL D'Oliveira,RA Whiteley,J Clark,0,0,"",""
ball,2,5.7,Worcestershire,BL D'Oliveira,RA Whiteley,J Clark,0,0,"",""
ball,2,6.1,Worcestershire,RA Whiteley,BL D'Oliveira,SD Parry,1,0,"",""
ball,2,6.2,Worcestershire,BL D'Oliveira,RA Whiteley,SD Parry,1,0,"",""
ball,2,6.3,Worcestershire,RA Whiteley,BL D'Oliveira,SD Parry,0,0,"",""
ball,2,6.4,Worcestershire,RA Whiteley,BL D'Oliveira,SD Parry,0,1,stumped,RA Whiteley
ball,2,6.5,Worcestershire,OB Cox,BL D'Oliveira,SD Parry,0,0,"",""
ball,2,6.6,Worcestershire,OB Cox,BL D'Oliveira,SD Parry,0,0,"",""
ball,2,6.7,Worcestershire,OB Cox,BL D'Oliveira,SD Parry,1,0,"",""
ball,2,7.1,Worcestershire,OB Cox,BL D'Oliveira,AM Lilley,0,0,"",""
ball,2,7.2,Worcestershire,OB Cox,BL D'Oliveira,AM Lilley,1,0,"",""
ball,2,7.3,Worcestershire,BL D'Oliveira,OB Cox,AM Lilley,0,0,"",""
ball,2,7.4,Worcestershire,BL D'Oliveira,OB Cox,AM Lilley,1,0,"",""
ball,2,7.5,Worcestershire,OB Cox,BL D'Oliveira,AM Lilley,1,0,"",""
ball,2,7.6,Worcestershire,BL D'Oliveira,OB Cox,AM Lilley,0,0,"",""
ball,2,8.1,Worcestershire,OB Cox,BL D'Oliveira,SD Parry,0,0,"",""
ball,2,8.2,Worcestershire,OB Cox,BL D'Oliveira,SD Parry,1,0,"",""
ball,2,8.3,Worcestershire,BL D'Oliveira,OB Cox,SD Parry,1,0,"",""
ball,2,8.4,Worcestershire,OB Cox,BL D'Oliveira,SD Parry,1,0,"",""
ball,2,8.5,Worcestershire,BL D'Oliveira,OB Cox,SD Parry,1,0,"",""
ball,2,8.6,Worcestershire,OB Cox,BL D'Oliveira,SD Parry,0,0,"",""
ball,2,9.1,Worcestershire,BL D'Oliveira,OB Cox,AM Lilley,2,0,"",""
ball,2,9.2,Worcestershire,BL D'Oliveira,OB Cox,AM Lilley,0,0,"",""
ball,2,9.3,Worcestershire,BL D'Oliveira,OB Cox,AM Lilley,2,0,"",""
ball,2,9.4,Worcestershire,BL D'Oliveira,OB Cox,AM Lilley,1,0,"",""
ball,2,9.5,Worcestershire,OB Cox,BL D'Oliveira,AM Lilley,1,0,"",""
ball,2,9.6,Worcestershire,BL D'Oliveira,OB Cox,AM Lilley,0,1,"",""
ball,2,9.7,Worcestershire,BL D'Oliveira,OB Cox,AM Lilley,1,0,"",""
ball,2,10.1,Worcestershire,BL D'Oliveira,OB Cox,SD Parry,1,0,"",""
ball,2,10.2,Worcestershire,OB Cox,BL D'Oliveira,SD Parry,0,0,caught,OB Cox
ball,2,10.3,Worcestershire,BL D'Oliveira,J Leach,SD Parry,0,0,"",""
ball,2,10.4,Worcestershire,BL D'Oliveira,J Leach,SD Parry,1,0,"",""
ball,2,10.5,Worcestershire,J Leach,BL D'Oliveira,SD Parry,0,0,"",""
ball,2,10.6,Worcestershire,J Leach,BL D'Oliveira,SD Parry,0,0,"",""
ball,2,11.1,Worcestershire,BL D'Oliveira,J Leach,SJ Croft,1,0,"",""
ball,2,11.2,Worcestershire,J Leach,BL D'Oliveira,SJ Croft,1,0,"",""
ball,2,11.3,Worcestershire,BL D'Oliveira,J Leach,SJ Croft,1,0,"",""
ball,2,11.4,Worcestershire,J Leach,BL D'Oliveira,SJ Croft,1,0,"",""
ball,2,11.5,Worcestershire,BL D'Oliveira,J Leach,SJ Croft,1,0,"",""
ball,2,11.6,Worcestershire,J Leach,BL D'Oliveira,SJ Croft,1,0,"",""
ball,2,12.1,Worcestershire,J Leach,BL D'Oliveira,SD Parry,0,0,"",""
ball,2,12.2,Worcestershire,J Leach,BL D'Oliveira,SD Parry,1,0,"",""
ball,2,12.3,Worcestershire,BL D'Oliveira,J Leach,SD Parry,0,0,caught,BL D'Oliveira
ball,2,12.4,Worcestershire,J Leach,MJ Henry,SD Parry,2,0,"",""
ball,2,12.5,Worcestershire,J Leach,MJ Henry,SD Parry,0,0,caught,J Leach
ball,2,12.6,Worcestershire,MJ Henry,EG Barnard,SD Parry,0,0,caught,MJ Henry
ball,2,13.1,Worcestershire,JD Shantry,EG Barnard,AM Lilley,0,0,"",""
ball,2,13.2,Worcestershire,JD Shantry,EG Barnard,AM Lilley,0,0,"",""
ball,2,13.3,Worcestershire,JD Shantry,EG Barnard,AM Lilley,0,0,"",""
ball,2,13.4,Worcestershire,JD Shantry,EG Barnard,AM Lilley,1,0,"",""
ball,2,13.5,Worcestershire,EG Barnard,JD Shantry,AM Lilley,0,0,bowled,EG Barnard
