version,1.3.0
info,team,Middlesex
info,team,Essex
info,gender,male
info,season,2016
info,date,2016/07/28
info,competition,NatWest T20 Blast
info,venue,Lord's
info,city,London
info,toss_winner,Essex
info,toss_decision,field
info,player_of_match,Ashar Zaidi
info,umpire,JH Evans
info,umpire,NA Mallender
info,tv_umpire,NL Bainton
info,winner,Essex
info,winner_wickets,5
ball,1,0.1,Middlesex,NRT Gubbins,DJ Malan,DD Masters,1,0,"",""
ball,1,0.2,Middlesex,DJ Malan,NRT Gubbins,DD Masters,0,0,"",""
ball,1,0.3,Middlesex,DJ Malan,NRT Gubbins,DD Masters,1,0,"",""
ball,1,0.4,Middlesex,NRT Gubbins,DJ Malan,DD Masters,1,0,"",""
ball,1,0.5,Middlesex,DJ Malan,NRT Gubbins,DD Masters,1,0,"",""
ball,1,0.6,Middlesex,NRT Gubbins,DJ Malan,DD Masters,1,0,"",""
ball,1,1.1,Middlesex,NRT Gubbins,DJ Malan,MR Quinn,1,0,"",""
ball,1,1.2,Middlesex,DJ Malan,NRT Gubbins,MR Quinn,2,0,"",""
ball,1,1.3,Middlesex,DJ Malan,NRT Gubbins,MR Quinn,0,0,"",""
ball,1,1.4,Middlesex,DJ Malan,NRT Gubbins,MR Quinn,0,1,"",""
ball,1,1.5,Middlesex,DJ Malan,NRT Gubbins,MR Quinn,4,0,"",""
ball,1,1.6,Middlesex,DJ Malan,NRT Gubbins,MR Quinn,1,0,"",""
ball,1,1.7,Middlesex,NRT Gubbins,DJ Malan,MR Quinn,1,0,"",""
ball,1,2.1,Middlesex,NRT Gubbins,DJ Malan,DD Masters,0,5,"",""
ball,1,2.2,Middlesex,NRT Gubbins,DJ Malan,DD Masters,1,0,"",""
ball,1,2.3,Middlesex,DJ Malan,NRT Gubbins,DD Masters,1,0,"",""
ball,1,2.4,Middlesex,NRT Gubbins,DJ Malan,DD Masters,1,0,"",""
ball,1,2.5,Middlesex,DJ Malan,NRT Gubbins,DD Masters,1,0,"",""
ball,1,2.6,Middlesex,NRT Gubbins,DJ Malan,DD Masters,1,0,"",""
ball,1,2.7,Middlesex,DJ Malan,NRT Gubbins,DD Masters,1,0,"",""
ball,1,3.1,Middlesex,DJ Malan,NRT Gubbins,GR Napier,0,0,"",""
ball,1,3.2,Middlesex,DJ Malan,NRT Gubbins,GR Napier,1,0,"",""
ball,1,3.3,Middlesex,NRT Gubbins,DJ Malan,GR Napier,0,0,"",""
ball,1,3.4,Middlesex,NRT Gubbins,DJ Malan,GR Napier,1,0,"",""
ball,1,3.5,Middlesex,DJ Malan,NRT Gubbins,GR Napier,1,0,"",""
ball,1,3.6,Middlesex,NRT Gubbins,DJ Malan,GR Napier,0,0,"",""
ball,1,4.1,Middlesex,DJ Malan,NRT Gubbins,MR Quinn,4,0,"",""
ball,1,4.2,Middlesex,DJ Malan,NRT Gubbins,MR Quinn,1,0,"",""
ball,1,4.3,Middlesex,NRT Gubbins,DJ Malan,MR Quinn,1,0,"",""
ball,1,4.4,Middlesex,DJ Malan,NRT Gubbins,MR Quinn,1,0,"",""
ball,1,4.5,Middlesex,NRT Gubbins,DJ Malan,MR Quinn,1,0,"",""
ball,1,4.6,Middlesex,DJ Malan,NRT Gubbins,MR Quinn,0,0,"",""
ball,1,5.1,Middlesex,NRT Gubbins,DJ Malan,RS Bopara,1,0,"",""
ball,1,5.2,Middlesex,DJ Malan,NRT Gubbins,RS Bopara,2,0,"",""
ball,1,5.3,Middlesex,DJ Malan,NRT Gubbins,RS Bopara,1,0,"",""
ball,1,5.4,Middlesex,NRT Gubbins,DJ Malan,RS Bopara,0,1,"",""
ball,1,5.5,Middlesex,NRT Gubbins,DJ Malan,RS Bopara,1,0,"",""
ball,1,5.6,Middlesex,DJ Malan,NRT Gubbins,RS Bopara,0,0,"",""
ball,1,5.7,Middlesex,DJ Malan,NRT Gubbins,RS Bopara,1,0,"",""
ball,1,6.1,Middlesex,DJ Malan,NRT Gubbins,DW Lawrence,0,0,"",""
ball,1,6.2,Middlesex,DJ Malan,NRT Gubbins,DW Lawrence,4,0,"",""
ball,1,6.3,Middlesex,DJ Malan,NRT Gubbins,DW Lawrence,1,0,"",""
ball,1,6.4,Middlesex,NRT Gubbins,DJ Malan,DW Lawrence,0,0,caught,NRT Gubbins
ball,1,6.5,Middlesex,DJ Malan,JEC Franklin,DW Lawrence,0,0,"",""
ball,1,6.6,Middlesex,DJ Malan,JEC Franklin,DW Lawrence,1,0,"",""
ball,1,7.1,Middlesex,DJ Malan,JEC Franklin,RN ten Doeschate,1,0,"",""
ball,1,7.2,Middlesex,JEC Franklin,DJ Malan,RN ten Doeschate,1,0,"",""
ball,1,7.3,Middlesex,DJ Malan,JEC Franklin,RN ten Doeschate,1,0,"",""
ball,1,7.4,Middlesex,JEC Franklin,DJ Malan,RN ten Doeschate,0,0,"",""
ball,1,7.5,Middlesex,JEC Franklin,DJ Malan,RN ten Doeschate,0,0,"",""
ball,1,7.6,Middlesex,JEC Franklin,DJ Malan,RN ten Doeschate,1,0,"",""
ball,1,8.1,Middlesex,JEC Franklin,DJ Malan,DW Lawrence,4,0,"",""
ball,1,8.2,Middlesex,JEC Franklin,DJ Malan,DW Lawrence,1,0,"",""
ball,1,8.3,Middlesex,DJ Malan,JEC Franklin,DW Lawrence,1,0,"",""
ball,1,8.4,Middlesex,JEC Franklin,DJ Malan,DW Lawrence,1,0,"",""
ball,1,8.5,Middlesex,DJ Malan,JEC Franklin,DW Lawrence,1,0,"",""
ball,1,8.6,Middlesex,JEC Franklin,DJ Malan,DW Lawrence,1,0,"",""
ball,1,9.1,Middlesex,JEC Franklin,DJ Malan,RN ten Doeschate,0,0,"",""
ball,1,9.2,Middlesex,JEC Franklin,DJ Malan,RN ten Doeschate,1,0,"",""
ball,1,9.3,Middlesex,DJ Malan,JEC Franklin,RN ten Doeschate,6,0,"",""
ball,1,9.4,Middlesex,DJ Malan,JEC Franklin,RN ten Doeschate,1,0,"",""
ball,1,9.5,Middlesex,JEC Franklin,DJ Malan,RN ten Doeschate,0,0,caught,JEC Franklin
ball,1,9.6,Middlesex,DJ Malan,GJ Bailey,RN ten Doeschate,1,0,"",""
ball,1,10.1,Middlesex,DJ Malan,GJ Bailey,RS Bopara,1,0,"",""
ball,1,10.2,Middlesex,GJ Bailey,DJ Malan,RS Bopara,1,0,"",""
ball,1,10.3,Middlesex,DJ Malan,GJ Bailey,RS Bopara,1,0,"",""
ball,1,10.4,Middlesex,GJ Bailey,DJ Malan,RS Bopara,4,0,"",""
ball,1,10.5,Middlesex,GJ Bailey,DJ Malan,RS Bopara,1,0,"",""
ball,1,10.6,Middlesex,DJ Malan,GJ Bailey,RS Bopara,1,0,"",""
ball,1,11.1,Middlesex,DJ Malan,GJ Bailey,RN ten Doeschate,1,0,"",""
ball,1,11.2,Middlesex,GJ Bailey,DJ Malan,RN ten Doeschate,1,0,"",""
ball,1,11.3,Middlesex,DJ Malan,GJ Bailey,RN ten Doeschate,1,0,"",""
ball,1,11.4,Middlesex,GJ Bailey,DJ Malan,RN ten Doeschate,0,0,caught,GJ Bailey
ball,1,11.5,Middlesex,JA Simpson,DJ Malan,RN ten Doeschate,1,0,"",""
ball,1,11.6,Middlesex,DJ Malan,JA Simpson,RN ten Doeschate,1,0,"",""
ball,1,12.1,Middlesex,DJ Malan,JA Simpson,RS Bopara,0,0,"",""
ball,1,12.2,Middlesex,DJ Malan,JA Simpson,RS Bopara,1,0,"",""
ball,1,12.3,Middlesex,JA Simpson,DJ Malan,RS Bopara,0,1,"",""
ball,1,12.4,Middlesex,JA Simpson,DJ Malan,RS Bopara,1,0,"",""
ball,1,12.5,Middlesex,DJ Malan,JA Simpson,RS Bopara,1,0,"",""
ball,1,12.6,Middlesex,JA Simpson,DJ Malan,RS Bopara,1,0,"",""
ball,1,12.7,Middlesex,DJ Malan,JA Simpson,RS Bopara,6,0,"",""
ball,1,13.1,Middlesex,JA Simpson,DJ Malan,GR Napier,4,0,"",""
ball,1,13.2,Middlesex,JA Simpson,DJ Malan,GR Napier,0,0,caught,JA Simpson
ball,1,13.3,Middlesex,DJ Malan,RF Higgins,GR Napier,2,0,"",""
ball,1,13.4,Middlesex,DJ Malan,RF Higgins,GR Napier,1,0,"",""
ball,1,13.5,Middlesex,RF Higgins,DJ Malan,GR Napier,0,0,bowled,RF Higgins
ball,1,13.6,Middlesex,TS Roland-Jones,DJ Malan,GR Napier,1,0,"",""
ball,1,14.1,Middlesex,TS Roland-Jones,DJ Malan,MR Quinn,1,0,"",""
ball,1,14.2,Middlesex,DJ Malan,TS Roland-Jones,MR Quinn,2,0,"",""
ball,1,14.3,Middlesex,DJ Malan,TS Roland-Jones,MR Quinn,1,0,"",""
ball,1,14.4,Middlesex,TS Roland-Jones,DJ Malan,MR Quinn,1,0,"",""
ball,1,14.5,Middlesex,DJ Malan,TS Roland-Jones,MR Quinn,1,0,"",""
ball,1,14.6,Middlesex,TS Roland-Jones,DJ Malan,MR Quinn,1,0,"",""
ball,1,15.1,Middlesex,TS Roland-Jones,DJ Malan,GR Napier,4,0,"",""
ball,1,15.2,Middlesex,TS Roland-Jones,DJ Malan,GR Napier,4,0,"",""
ball,1,15.3,Middlesex,TS Roland-Jones,DJ Malan,GR Napier,1,0,"",""
ball,1,15.4,Middlesex,DJ Malan,TS Roland-Jones,GR Napier,2,0,"",""
ball,1,15.5,Middlesex,DJ Malan,TS Roland-Jones,GR Napier,2,0,"",""
ball,1,15.6,Middlesex,DJ Malan,TS Roland-Jones,GR Napier,1,0,"",""
ball,2,0.1,Essex,JD Ryder,NLJ Browne,OP Rayner,1,0,"",""
ball,2,0.2,Essex,NLJ Browne,JD Ryder,OP Rayner,0,1,"",""
ball,2,0.3,Essex,JD Ryder,NLJ Browne,OP Rayner,0,0,caught,JD Ryder
ball,2,0.4,Essex,T Westley,NLJ Browne,OP Rayner,1,0,"",""
ball,2,0.5,Essex,NLJ Browne,T Westley,OP Rayner,0,0,"",""
ball,2,0.6,Essex,NLJ Browne,T Westley,OP Rayner,1,0,"",""
ball,2,1.1,Essex,NLJ Browne,T Westley,ST Finn,1,0,"",""
ball,2,1.2,Essex,T Westley,NLJ Browne,ST Finn,0,0,"",""
ball,2,1.3,Essex,T Westley,NLJ Browne,ST Finn,4,0,"",""
ball,2,1.4,Essex,T Westley,NLJ Browne,ST Finn,1,0,"",""
ball,2,1.5,Essex,NLJ Browne,T Westley,ST Finn,0,0,"",""
ball,2,1.6,Essex,NLJ Browne,T Westley,ST Finn,0,0,"",""
ball,2,2.1,Essex,T Westley,NLJ Browne,TS Roland-Jones,0,0,"",""
ball,2,2.2,Essex,T Westley,NLJ Browne,TS Roland-Jones,0,0,caught,T Westley
ball,2,2.3,Essex,NLJ Browne,DW Lawrence,TS Roland-Jones,1,0,"",""
ball,2,2.4,Essex,DW Lawrence,NLJ Browne,TS Roland-Jones,1,0,"",""
ball,2,2.5,Essex,NLJ Browne,DW Lawrence,TS Roland-Jones,1,0,"",""
ball,2,2.6,Essex,DW Lawrence,NLJ Browne,TS Roland-Jones,0,0,"",""
ball,2,3.1,Essex,NLJ Browne,DW Lawrence,ST Finn,1,0,"",""
ball,2,3.2,Essex,DW Lawrence,NLJ Browne,ST Finn,0,0,"",""
ball,2,3.3,Essex,DW Lawrence,NLJ Browne,ST Finn,4,0,"",""
ball,2,3.4,Essex,DW Lawrence,NLJ Browne,ST Finn,0,0,"",""
ball,2,3.5,Essex,DW Lawrence,NLJ Browne,ST Finn,1,0,"",""
ball,2,3.6,Essex,NLJ Browne,DW Lawrence,ST Finn,0,0,"",""
ball,2,4.1,Essex,DW Lawrence,NLJ Browne,TS Roland-Jones,4,0,"",""
ball,2,4.2,Essex,DW Lawrence,NLJ Browne,TS Roland-Jones,1,0,"",""
ball,2,4.3,Essex,NLJ Browne,DW Lawrence,TS Roland-Jones,0,1,"",""
ball,2,4.4,Essex,DW Lawrence,NLJ Browne,TS Roland-Jones,1,0,"",""
ball,2,4.5,Essex,NLJ Browne,DW Lawrence,TS Roland-Jones,4,0,"",""
ball,2,4.6,Essex,NLJ Browne,DW Lawrence,TS Roland-Jones,4,0,"",""
ball,2,5.1,Essex,DW Lawrence,NLJ Browne,OP Rayner,2,0,"",""
ball,2,5.2,Essex,DW Lawrence,NLJ Browne,OP Rayner,1,0,"",""
ball,2,5.3,Essex,NLJ Browne,DW Lawrence,OP Rayner,1,0,"",""
ball,2,5.4,Essex,DW Lawrence,NLJ Browne,OP Rayner,0,0,"",""
ball,2,5.5,Essex,DW Lawrence,NLJ Browne,OP Rayner,1,0,"",""
ball,2,5.6,Essex,NLJ Browne,DW Lawrence,OP Rayner,1,0,"",""
ball,2,6.1,Essex,NLJ Browne,DW Lawrence,NA Sowter,0,0,"",""
ball,2,6.2,Essex,NLJ Browne,DW Lawrence,NA Sowter,0,0,lbw,NLJ Browne
ball,2,6.3,Essex,RS Bopara,DW Lawrence,NA Sowter,1,0,"",""
ball,2,6.4,Essex,DW Lawrence,RS Bopara,NA Sowter,0,0,"",""
ball,2,6.5,Essex,DW Lawrence,RS Bopara,NA Sowter,0,0,"",""
ball,2,6.6,Essex,DW Lawrence,RS Bopara,NA Sowter,1,0,"",""
ball,2,7.1,Essex,DW Lawrence,RS Bopara,OP Rayner,1,0,"",""
ball,2,7.2,Essex,RS Bopara,DW Lawrence,OP Rayner,1,0,"",""
ball,2,7.3,Essex,DW Lawrence,RS Bopara,OP Rayner,1,0,"",""
ball,2,7.4,Essex,RS Bopara,DW Lawrence,OP Rayner,0,0,"",""
ball,2,7.5,Essex,RS Bopara,DW Lawrence,OP Rayner,1,0,"",""
ball,2,7.6,Essex,DW Lawrence,RS Bopara,OP Rayner,1,0,"",""
ball,2,8.1,Essex,DW Lawrence,RS Bopara,NA Sowter,1,0,"",""
ball,2,8.2,Essex,RS Bopara,DW Lawrence,NA Sowter,0,0,"",""
ball,2,8.3,Essex,RS Bopara,DW Lawrence,NA Sowter,1,0,"",""
ball,2,8.4,Essex,DW Lawrence,RS Bopara,NA Sowter,4,0,"",""
ball,2,8.5,Essex,DW Lawrence,RS Bopara,NA Sowter,1,0,run out,RS Bopara
ball,2,8.6,Essex,Ashar Zaidi,DW Lawrence,NA Sowter,1,0,"",""
ball,2,9.1,Essex,Ashar Zaidi,DW Lawrence,JAR Harris,0,1,"",""
ball,2,9.2,Essex,DW Lawrence,Ashar Zaidi,JAR Harris,4,0,"",""
ball,2,9.3,Essex,DW Lawrence,Ashar Zaidi,JAR Harris,1,0,"",""
ball,2,9.4,Essex,Ashar Zaidi,DW Lawrence,JAR Harris,4,0,"",""
ball,2,9.5,Essex,Ashar Zaidi,DW Lawrence,JAR Harris,1,0,"",""
ball,2,9.6,Essex,DW Lawrence,Ashar Zaidi,JAR Harris,1,0,"",""
ball,2,10.1,Essex,DW Lawrence,Ashar Zaidi,NA Sowter,0,0,"",""
ball,2,10.2,Essex,DW Lawrence,Ashar Zaidi,NA Sowter,1,0,"",""
ball,2,10.3,Essex,Ashar Zaidi,DW Lawrence,NA Sowter,0,1,"",""
ball,2,10.4,Essex,Ashar Zaidi,DW Lawrence,NA Sowter,6,0,"",""
ball,2,10.5,Essex,Ashar Zaidi,DW Lawrence,NA Sowter,4,0,"",""
ball,2,10.6,Essex,Ashar Zaidi,DW Lawrence,NA Sowter,1,0,"",""
ball,2,10.7,Essex,DW Lawrence,Ashar Zaidi,NA Sowter,0,0,"",""
ball,2,11.1,Essex,Ashar Zaidi,DW Lawrence,RF Higgins,1,0,"",""
ball,2,11.2,Essex,DW Lawrence,Ashar Zaidi,RF Higgins,1,0,"",""
ball,2,11.3,Essex,Ashar Zaidi,DW Lawrence,RF Higgins,0,0,"",""
ball,2,11.4,Essex,Ashar Zaidi,DW Lawrence,RF Higgins,0,1,"",""
ball,2,11.5,Essex,Ashar Zaidi,DW Lawrence,RF Higgins,0,1,"",""
ball,2,11.6,Essex,Ashar Zaidi,DW Lawrence,RF Higgins,1,0,"",""
ball,2,11.7,Essex,DW Lawrence,Ashar Zaidi,RF Higgins,0,0,"",""
ball,2,11.8,Essex,DW Lawrence,Ashar Zaidi,RF Higgins,1,0,"",""
ball,2,12.1,Essex,DW Lawrence,Ashar Zaidi,JEC Franklin,0,1,"",""
ball,2,12.2,Essex,Ashar Zaidi,DW Lawrence,JEC Franklin,1,0,"",""
ball,2,12.3,Essex,DW Lawrence,Ashar Zaidi,JEC Franklin,1,0,"",""
ball,2,12.4,Essex,Ashar Zaidi,DW Lawrence,JEC Franklin,0,0,"",""
ball,2,12.5,Essex,Ashar Zaidi,DW Lawrence,JEC Franklin,1,0,"",""
ball,2,12.6,Essex,DW Lawrence,Ashar Zaidi,JEC Franklin,0,0,caught,DW Lawrence
ball,2,13.1,Essex,Ashar Zaidi,RN ten Doeschate,RF Higgins,6,0,"",""
ball,2,13.2,Essex,Ashar Zaidi,RN ten Doeschate,RF Higgins,1,0,"",""
ball,2,13.3,Essex,RN ten Doeschate,Ashar Zaidi,RF Higgins,1,0,"",""
ball,2,13.4,Essex,Ashar Zaidi,RN ten Doeschate,RF Higgins,1,0,"",""
ball,2,13.5,Essex,RN ten Doeschate,Ashar Zaidi,RF Higgins,1,0,"",""
ball,2,13.6,Essex,Ashar Zaidi,RN ten Doeschate,RF Higgins,4,0,"",""
ball,2,14.1,Essex,RN ten Doeschate,Ashar Zaidi,TS Roland-Jones,1,0,"",""
ball,2,14.2,Essex,Ashar Zaidi,RN ten Doeschate,TS Roland-Jones,6,0,"",""
ball,2,14.3,Essex,Ashar Zaidi,RN ten Doeschate,TS Roland-Jones,4,0,"",""
ball,2,14.4,Essex,Ashar Zaidi,RN ten Doeschate,TS Roland-Jones,2,0,"",""
ball,2,14.5,Essex,Ashar Zaidi,RN ten Doeschate,TS Roland-Jones,6,0,"",""
ball,2,14.6,Essex,Ashar Zaidi,RN ten Doeschate,TS Roland-Jones,1,0,"",""
ball,2,15.1,Essex,Ashar Zaidi,RN ten Doeschate,ST Finn,1,0,"",""
ball,2,15.2,Essex,RN ten Doeschate,Ashar Zaidi,ST Finn,1,0,"",""
ball,2,15.3,Essex,Ashar Zaidi,RN ten Doeschate,ST Finn,6,0,"",""
