version,1.3.0
info,team,Northamptonshire
info,team,Yorkshire
info,gender,male
info,season,2016
info,date,2016/07/29
info,competition,NatWest T20 Blast
info,venue,County Ground
info,city,Northampton
info,toss_winner,Yorkshire
info,toss_decision,bat
info,player_of_match,JA Leaning
info,umpire,M Burns
info,umpire,AG Wharf
info,tv_umpire,RJ Bailey
info,winner,Yorkshire
info,winner_runs,14
ball,1,0.1,Yorkshire,A Lyth,DJ Willey,RK Kleinveldt,0,0,"",""
ball,1,0.2,Yorkshire,A Lyth,DJ Willey,RK Kleinveldt,0,0,"",""
ball,1,0.3,Yorkshire,A Lyth,DJ Willey,RK Kleinveldt,0,0,"",""
ball,1,0.4,Yorkshire,A Lyth,DJ Willey,RK Kleinveldt,1,0,"",""
ball,1,0.5,Yorkshire,DJ Willey,A Lyth,RK Kleinveldt,2,0,"",""
ball,1,0.6,Yorkshire,DJ Willey,A Lyth,RK Kleinveldt,2,0,"",""
ball,1,1.1,Yorkshire,A Lyth,DJ Willey,RJ Gleeson,4,0,"",""
ball,1,1.2,Yorkshire,A Lyth,DJ Willey,RJ Gleeson,0,0,caught,A Lyth
ball,1,1.3,Yorkshire,AZ Lees,DJ Willey,RJ Gleeson,1,0,"",""
ball,1,1.4,Yorkshire,DJ Willey,AZ Lees,RJ Gleeson,0,0,"",""
ball,1,1.5,Yorkshire,DJ Willey,AZ Lees,RJ Gleeson,1,0,"",""
ball,1,1.6,Yorkshire,AZ Lees,DJ Willey,RJ Gleeson,0,0,"",""
ball,1,2.1,Yorkshire,DJ Willey,AZ Lees,RK Kleinveldt,4,0,"",""
ball,1,2.2,Yorkshire,DJ Willey,AZ Lees,RK Kleinveldt,0,0,"",""
ball,1,2.3,Yorkshire,DJ Willey,AZ Lees,RK Kleinveldt,1,0,"",""
ball,1,2.4,Yorkshire,AZ Lees,DJ Willey,RK Kleinveldt,0,0,"",""
ball,1,2.5,Yorkshire,AZ Lees,DJ Willey,RK Kleinveldt,0,0,"",""
ball,1,2.6,Yorkshire,AZ Lees,DJ Willey,RK Kleinveldt,0,0,"",""
ball,1,3.1,Yorkshire,DJ Willey,AZ Lees,RJ Gleeson,1,0,"",""
ball,1,3.2,Yorkshire,AZ Lees,DJ Willey,RJ Gleeson,0,1,"",""
ball,1,3.3,Yorkshire,DJ Willey,AZ Lees,RJ Gleeson,0,0,"",""
ball,1,3.4,Yorkshire,DJ Willey,AZ Lees,RJ Gleeson,1,0,"",""
ball,1,3.5,Yorkshire,AZ Lees,DJ Willey,RJ Gleeson,0,0,"",""
ball,1,3.6,Yorkshire,AZ Lees,DJ Willey,RJ Gleeson,0,0,"",""
ball,1,4.1,Yorkshire,DJ Willey,AZ Lees,SP Crook,1,0,"",""
ball,1,4.2,Yorkshire,AZ Lees,DJ Willey,SP Crook,4,0,"",""
ball,1,4.3,Yorkshire,AZ Lees,DJ Willey,SP Crook,0,0,"",""
ball,1,4.4,Yorkshire,AZ Lees,DJ Willey,SP Crook,1,0,"",""
ball,1,4.5,Yorkshire,DJ Willey,AZ Lees,SP Crook,4,0,"",""
ball,1,4.6,Yorkshire,DJ Willey,AZ Lees,SP Crook,0,0,caught,DJ Willey
ball,1,5.1,Yorkshire,AZ Lees,TM Head,Azharullah,1,0,"",""
ball,1,5.2,Yorkshire,TM Head,AZ Lees,Azharullah,1,0,"",""
ball,1,5.3,Yorkshire,AZ Lees,TM Head,Azharullah,1,0,"",""
ball,1,5.4,Yorkshire,TM Head,AZ Lees,Azharullah,0,0,"",""
ball,1,5.5,Yorkshire,TM Head,AZ Lees,Azharullah,1,0,"",""
ball,1,5.6,Yorkshire,AZ Lees,TM Head,Azharullah,1,0,"",""
ball,1,6.1,Yorkshire,AZ Lees,TM Head,SP Crook,1,0,"",""
ball,1,6.2,Yorkshire,TM Head,AZ Lees,SP Crook,4,0,"",""
ball,1,6.3,Yorkshire,TM Head,AZ Lees,SP Crook,1,0,"",""
ball,1,6.4,Yorkshire,AZ Lees,TM Head,SP Crook,1,0,"",""
ball,1,6.5,Yorkshire,TM Head,AZ Lees,SP Crook,0,0,"",""
ball,1,6.6,Yorkshire,TM Head,AZ Lees,SP Crook,0,0,"",""
ball,1,7.1,Yorkshire,AZ Lees,TM Head,Azharullah,1,0,"",""
ball,1,7.2,Yorkshire,TM Head,AZ Lees,Azharullah,4,0,"",""
ball,1,7.3,Yorkshire,TM Head,AZ Lees,Azharullah,2,0,"",""
ball,1,7.4,Yorkshire,TM Head,AZ Lees,Azharullah,0,0,"",""
ball,1,7.5,Yorkshire,TM Head,AZ Lees,Azharullah,0,0,"",""
ball,1,7.6,Yorkshire,TM Head,AZ Lees,Azharullah,0,0,"",""
ball,1,8.1,Yorkshire,AZ Lees,TM Head,GG White,0,0,"",""
ball,1,8.2,Yorkshire,AZ Lees,TM Head,GG White,0,0,"",""
ball,1,8.3,Yorkshire,AZ Lees,TM Head,GG White,1,0,"",""
ball,1,8.4,Yorkshire,TM Head,AZ Lees,GG White,1,0,"",""
ball,1,8.5,Yorkshire,AZ Lees,TM Head,GG White,1,0,"",""
ball,1,8.6,Yorkshire,TM Head,AZ Lees,GG White,1,0,"",""
ball,1,9.1,Yorkshire,TM Head,AZ Lees,JJ Cobb,0,0,"",""
ball,1,9.2,Yorkshire,TM Head,AZ Lees,JJ Cobb,1,0,"",""
ball,1,9.3,Yorkshire,AZ Lees,TM Head,JJ Cobb,1,0,"",""
ball,1,9.4,Yorkshire,TM Head,AZ Lees,JJ Cobb,1,0,"",""
ball,1,9.5,Yorkshire,AZ Lees,TM Head,JJ Cobb,4,0,"",""
ball,1,9.6,Yorkshire,AZ Lees,TM Head,JJ Cobb,4,0,"",""
ball,1,10.1,Yorkshire,TM Head,AZ Lees,GG White,0,0,bowled,TM Head
ball,1,10.2,Yorkshire,JA Leaning,AZ Lees,GG White,1,0,"",""
ball,1,10.3,Yorkshire,AZ Lees,JA Leaning,GG White,1,0,"",""
ball,1,10.4,Yorkshire,JA Leaning,AZ Lees,GG White,0,0,"",""
ball,1,10.5,Yorkshire,JA Leaning,AZ Lees,GG White,0,0,"",""
ball,1,10.6,Yorkshire,JA Leaning,AZ Lees,GG White,1,0,"",""
ball,1,11.1,Yorkshire,JA Leaning,AZ Lees,S Prasanna,1,0,"",""
ball,1,11.2,Yorkshire,AZ Lees,JA Leaning,S Prasanna,4,0,"",""
ball,1,11.3,Yorkshire,AZ Lees,JA Leaning,S Prasanna,0,0,"",""
ball,1,11.4,Yorkshire,AZ Lees,JA Leaning,S Prasanna,1,0,"",""
ball,1,11.5,Yorkshire,JA Leaning,AZ Lees,S Prasanna,3,0,"",""
ball,1,11.6,Yorkshire,AZ Lees,JA Leaning,S Prasanna,2,0,"",""
ball,1,12.1,Yorkshire,JA Leaning,AZ Lees,GG White,6,0,"",""
ball,1,12.2,Yorkshire,JA Leaning,AZ Lees,GG White,6,0,"",""
ball,1,12.3,Yorkshire,JA Leaning,AZ Lees,GG White,3,0,"",""
ball,1,12.4,Yorkshire,AZ Lees,JA Leaning,GG White,0,0,"",""
ball,1,12.5,Yorkshire,AZ Lees,JA Leaning,GG White,4,0,"",""
ball,1,12.6,Yorkshire,AZ Lees,JA Leaning,GG White,1,0,"",""
ball,1,13.1,Yorkshire,AZ Lees,JA Leaning,S Prasanna,1,0,"",""
ball,1,13.2,Yorkshire,JA Leaning,AZ Lees,S Prasanna,0,1,"",""
ball,1,13.3,Yorkshire,JA Leaning,AZ Lees,S Prasanna,1,0,"",""
ball,1,13.4,Yorkshire,AZ Lees,JA Leaning,S Prasanna,1,0,"",""
ball,1,13.5,Yorkshire,JA Leaning,AZ Lees,S Prasanna,1,0,"",""
ball,1,13.6,Yorkshire,AZ Lees,JA Leaning,S Prasanna,2,0,"",""
ball,1,13.7,Yorkshire,AZ Lees,JA Leaning,S Prasanna,1,0,"",""
ball,1,14.1,Yorkshire,AZ Lees,JA Leaning,RK Kleinveldt,2,0,"",""
ball,1,14.2,Yorkshire,AZ Lees,JA Leaning,RK Kleinveldt,1,0,"",""
ball,1,14.3,Yorkshire,JA Leaning,AZ Lees,RK Kleinveldt,0,0,"",""
ball,1,14.4,Yorkshire,JA Leaning,AZ Lees,RK Kleinveldt,1,0,"",""
ball,1,14.5,Yorkshire,AZ Lees,JA Leaning,RK Kleinveldt,1,0,"",""
ball,1,14.6,Yorkshire,JA Leaning,AZ Lees,RK Kleinveldt,6,0,"",""
ball,1,15.1,Yorkshire,AZ Lees,JA Leaning,S Prasanna,1,0,"",""
ball,1,15.2,Yorkshire,JA Leaning,AZ Lees,S Prasanna,1,0,"",""
ball,1,15.3,Yorkshire,AZ Lees,JA Leaning,S Prasanna,2,0,"",""
ball,1,15.4,Yorkshire,AZ Lees,JA Leaning,S Prasanna,1,0,"",""
ball,1,15.5,Yorkshire,JA Leaning,AZ Lees,S Prasanna,2,0,"",""
ball,1,15.6,Yorkshire,JA Leaning,AZ Lees,S Prasanna,1,0,"",""
ball,1,16.1,Yorkshire,JA Leaning,AZ Lees,RK Kleinveldt,0,1,"",""
ball,1,16.2,Yorkshire,JA Leaning,AZ Lees,RK Kleinveldt,6,0,"",""
ball,1,16.3,Yorkshire,JA Leaning,AZ Lees,RK Kleinveldt,6,0,"",""
ball,1,16.4,Yorkshire,JA Leaning,AZ Lees,RK Kleinveldt,1,0,"",""
ball,1,16.5,Yorkshire,AZ Lees,JA Leaning,RK Kleinveldt,0,0,"",""
ball,1,16.6,Yorkshire,AZ Lees,JA Leaning,RK Kleinveldt,0,1,"",""
ball,1,16.7,Yorkshire,JA Leaning,AZ Lees,RK Kleinveldt,0,1,"",""
ball,1,16.8,Yorkshire,JA Leaning,AZ Lees,RK Kleinveldt,2,0,"",""
ball,1,17.1,Yorkshire,AZ Lees,JA Leaning,Azharullah,4,0,"",""
ball,1,17.2,Yorkshire,AZ Lees,JA Leaning,Azharullah,4,0,"",""
ball,1,17.3,Yorkshire,AZ Lees,JA Leaning,Azharullah,0,2,"",""
ball,1,17.4,Yorkshire,AZ Lees,JA Leaning,Azharullah,1,0,"",""
ball,1,17.5,Yorkshire,JA Leaning,AZ Lees,Azharullah,2,0,"",""
ball,1,17.6,Yorkshire,JA Leaning,AZ Lees,Azharullah,4,0,"",""
ball,1,17.7,Yorkshire,JA Leaning,AZ Lees,Azharullah,1,0,"",""
ball,1,18.1,Yorkshire,JA Leaning,AZ Lees,RJ Gleeson,1,0,"",""
ball,1,18.2,Yorkshire,AZ Lees,JA Leaning,RJ Gleeson,1,0,"",""
ball,1,18.3,Yorkshire,JA Leaning,AZ Lees,RJ Gleeson,1,0,"",""
ball,1,18.4,Yorkshire,AZ Lees,JA Leaning,RJ Gleeson,0,0,bowled,AZ Lees
ball,1,18.5,Yorkshire,TT Bresnan,JA Leaning,RJ Gleeson,2,0,"",""
ball,1,18.6,Yorkshire,TT Bresnan,JA Leaning,RJ Gleeson,2,0,"",""
ball,1,19.1,Yorkshire,JA Leaning,TT Bresnan,Azharullah,4,0,"",""
ball,1,19.2,Yorkshire,JA Leaning,TT Bresnan,Azharullah,2,0,"",""
ball,1,19.3,Yorkshire,JA Leaning,TT Bresnan,Azharullah,0,0,caught,JA Leaning
ball,1,19.4,Yorkshire,TT Bresnan,LE Plunkett,Azharullah,1,0,"",""
ball,1,19.5,Yorkshire,LE Plunkett,TT Bresnan,Azharullah,0,1,"",""
ball,1,19.6,Yorkshire,TT Bresnan,LE Plunkett,Azharullah,2,0,"",""
ball,2,0.1,Northamptonshire,JJ Cobb,AM Rossington,DJ Willey,0,0,lbw,JJ Cobb
ball,2,0.2,Northamptonshire,BM Duckett,AM Rossington,DJ Willey,0,0,"",""
ball,2,0.3,Northamptonshire,BM Duckett,AM Rossington,DJ Willey,4,0,"",""
ball,2,0.4,Northamptonshire,BM Duckett,AM Rossington,DJ Willey,0,0,"",""
ball,2,0.5,Northamptonshire,BM Duckett,AM Rossington,DJ Willey,1,0,"",""
ball,2,0.6,Northamptonshire,AM Rossington,BM Duckett,DJ Willey,0,0,"",""
ball,2,1.1,Northamptonshire,BM Duckett,AM Rossington,TT Bresnan,0,0,"",""
ball,2,1.2,Northamptonshire,BM Duckett,AM Rossington,TT Bresnan,4,0,"",""
ball,2,1.3,Northamptonshire,BM Duckett,AM Rossington,TT Bresnan,0,0,"",""
ball,2,1.4,Northamptonshire,BM Duckett,AM Rossington,TT Bresnan,0,0,"",""
ball,2,1.5,Northamptonshire,BM Duckett,AM Rossington,TT Bresnan,0,0,"",""
ball,2,1.6,Northamptonshire,BM Duckett,AM Rossington,TT Bresnan,4,0,"",""
ball,2,2.1,Northamptonshire,AM Rossington,BM Duckett,DJ Willey,1,0,"",""
ball,2,2.2,Northamptonshire,BM Duckett,AM Rossington,DJ Willey,0,0,"",""
ball,2,2.3,Northamptonshire,BM Duckett,AM Rossington,DJ Willey,2,0,"",""
ball,2,2.4,Northamptonshire,BM Duckett,AM Rossington,DJ Willey,4,0,"",""
ball,2,2.5,Northamptonshire,BM Duckett,AM Rossington,DJ Willey,0,0,"",""
ball,2,2.6,Northamptonshire,BM Duckett,AM Rossington,DJ Willey,0,0,"",""
ball,2,3.1,Northamptonshire,AM Rossington,BM Duckett,TT Bresnan,0,0,caught,AM Rossington
ball,2,3.2,Northamptonshire,AG Wakely,BM Duckett,TT Bresnan,0,0,"",""
ball,2,3.3,Northamptonshire,AG Wakely,BM Duckett,TT Bresnan,0,0,"",""
ball,2,3.4,Northamptonshire,AG Wakely,BM Duckett,TT Bresnan,0,0,"",""
ball,2,3.5,Northamptonshire,AG Wakely,BM Duckett,TT Bresnan,0,0,"",""
ball,2,3.6,Northamptonshire,AG Wakely,BM Duckett,TT Bresnan,0,0,"",""
ball,2,4.1,Northamptonshire,BM Duckett,AG Wakely,LE Plunkett,4,0,"",""
ball,2,4.2,Northamptonshire,BM Duckett,AG Wakely,LE Plunkett,4,0,"",""
ball,2,4.3,Northamptonshire,BM Duckett,AG Wakely,LE Plunkett,1,0,"",""
ball,2,4.4,Northamptonshire,AG Wakely,BM Duckett,LE Plunkett,1,0,"",""
ball,2,4.5,Northamptonshire,BM Duckett,AG Wakely,LE Plunkett,0,0,"",""
ball,2,4.6,Northamptonshire,BM Duckett,AG Wakely,LE Plunkett,1,0,"",""
ball,2,5.1,Northamptonshire,BM Duckett,AG Wakely,Azeem Rafiq,4,0,"",""
ball,2,5.2,Northamptonshire,BM Duckett,AG Wakely,Azeem Rafiq,4,0,"",""
ball,2,5.3,Northamptonshire,BM Duckett,AG Wakely,Azeem Rafiq,0,0,"",""
ball,2,5.4,Northamptonshire,BM Duckett,AG Wakely,Azeem Rafiq,0,0,"",""
ball,2,5.5,Northamptonshire,BM Duckett,AG Wakely,Azeem Rafiq,4,0,"",""
ball,2,5.6,Northamptonshire,BM Duckett,AG Wakely,Azeem Rafiq,0,3,"",""
ball,2,5.7,Northamptonshire,BM Duckett,AG Wakely,Azeem Rafiq,0,0,caught,BM Duckett
ball,2,6.1,Northamptonshire,AG Wakely,SP Crook,AU Rashid,0,0,"",""
ball,2,6.2,Northamptonshire,AG Wakely,SP Crook,AU Rashid,1,0,"",""
ball,2,6.3,Northamptonshire,SP Crook,AG Wakely,AU Rashid,0,0,"",""
ball,2,6.4,Northamptonshire,SP Crook,AG Wakely,AU Rashid,0,0,"",""
ball,2,6.5,Northamptonshire,SP Crook,AG Wakely,AU Rashid,1,0,"",""
ball,2,6.6,Northamptonshire,AG Wakely,SP Crook,AU Rashid,0,0,"",""
ball,2,7.1,Northamptonshire,SP Crook,AG Wakely,Azeem Rafiq,0,0,"",""
ball,2,7.2,Northamptonshire,SP Crook,AG Wakely,Azeem Rafiq,1,0,"",""
ball,2,7.3,Northamptonshire,AG Wakely,SP Crook,Azeem Rafiq,4,0,"",""
ball,2,7.4,Northamptonshire,AG Wakely,SP Crook,Azeem Rafiq,1,0,"",""
ball,2,7.5,Northamptonshire,SP Crook,AG Wakely,Azeem Rafiq,0,0,"",""
ball,2,7.6,Northamptonshire,SP Crook,AG Wakely,Azeem Rafiq,1,0,"",""
ball,2,8.1,Northamptonshire,SP Crook,AG Wakely,AU Rashid,6,0,"",""
ball,2,8.2,Northamptonshire,SP Crook,AG Wakely,AU Rashid,1,0,"",""
ball,2,8.3,Northamptonshire,AG Wakely,SP Crook,AU Rashid,2,0,"",""
ball,2,8.4,Northamptonshire,AG Wakely,SP Crook,AU Rashid,6,0,"",""
ball,2,8.5,Northamptonshire,AG Wakely,SP Crook,AU Rashid,1,0,"",""
ball,2,8.6,Northamptonshire,SP Crook,AG Wakely,AU Rashid,0,0,bowled,SP Crook
ball,2,9.1,Northamptonshire,AG Wakely,RI Keogh,Azeem Rafiq,2,0,"",""
ball,2,9.2,Northamptonshire,AG Wakely,RI Keogh,Azeem Rafiq,1,0,"",""
ball,2,9.3,Northamptonshire,RI Keogh,AG Wakely,Azeem Rafiq,0,0,"",""
ball,2,9.4,Northamptonshire,RI Keogh,AG Wakely,Azeem Rafiq,1,0,"",""
ball,2,9.5,Northamptonshire,AG Wakely,RI Keogh,Azeem Rafiq,1,0,"",""
ball,2,9.6,Northamptonshire,RI Keogh,AG Wakely,Azeem Rafiq,1,0,"",""
ball,2,10.1,Northamptonshire,RI Keogh,AG Wakely,AU Rashid,1,0,"",""
ball,2,10.2,Northamptonshire,AG Wakely,RI Keogh,AU Rashid,1,0,"",""
ball,2,10.3,Northamptonshire,RI Keogh,AG Wakely,AU Rashid,0,0,"",""
ball,2,10.4,Northamptonshire,RI Keogh,AG Wakely,AU Rashid,1,0,"",""
ball,2,10.5,Northamptonshire,AG Wakely,RI Keogh,AU Rashid,1,0,"",""
ball,2,10.6,Northamptonshire,RI Keogh,AG Wakely,AU Rashid,1,0,"",""
ball,2,11.1,Northamptonshire,RI Keogh,AG Wakely,Azeem Rafiq,0,0,"",""
ball,2,11.2,Northamptonshire,RI Keogh,AG Wakely,Azeem Rafiq,4,0,"",""
ball,2,11.3,Northamptonshire,RI Keogh,AG Wakely,Azeem Rafiq,0,0,"",""
ball,2,11.4,Northamptonshire,RI Keogh,AG Wakely,Azeem Rafiq,2,0,"",""
ball,2,11.5,Northamptonshire,RI Keogh,AG Wakely,Azeem Rafiq,1,0,"",""
ball,2,11.6,Northamptonshire,AG Wakely,RI Keogh,Azeem Rafiq,2,0,"",""
ball,2,12.1,Northamptonshire,RI Keogh,AG Wakely,LE Plunkett,0,0,"",""
ball,2,12.2,Northamptonshire,RI Keogh,AG Wakely,LE Plunkett,2,0,"",""
ball,2,12.3,Northamptonshire,RI Keogh,AG Wakely,LE Plunkett,1,0,"",""
ball,2,12.4,Northamptonshire,AG Wakely,RI Keogh,LE Plunkett,0,0,"",""
ball,2,12.5,Northamptonshire,AG Wakely,RI Keogh,LE Plunkett,6,0,"",""
ball,2,12.6,Northamptonshire,AG Wakely,RI Keogh,LE Plunkett,4,0,"",""
ball,2,13.1,Northamptonshire,RI Keogh,AG Wakely,WMH Rhodes,2,0,"",""
ball,2,13.2,Northamptonshire,RI Keogh,AG Wakely,WMH Rhodes,1,0,"",""
ball,2,13.3,Northamptonshire,AG Wakely,RI Keogh,WMH Rhodes,6,0,"",""
ball,2,13.4,Northamptonshire,AG Wakely,RI Keogh,WMH Rhodes,2,0,"",""
ball,2,13.5,Northamptonshire,AG Wakely,RI Keogh,WMH Rhodes,1,0,"",""
ball,2,13.6,Northamptonshire,RI Keogh,AG Wakely,WMH Rhodes,1,0,"",""
ball,2,14.1,Northamptonshire,RI Keogh,AG Wakely,LE Plunkett,4,0,"",""
ball,2,14.2,Northamptonshire,RI Keogh,AG Wakely,LE Plunkett,1,0,"",""
ball,2,14.3,Northamptonshire,AG Wakely,RI Keogh,LE Plunkett,1,0,"",""
ball,2,14.4,Northamptonshire,RI Keogh,AG Wakely,LE Plunkett,1,0,"",""
ball,2,14.5,Northamptonshire,AG Wakely,RI Keogh,LE Plunkett,6,0,"",""
ball,2,14.6,Northamptonshire,AG Wakely,RI Keogh,LE Plunkett,0,1,"",""
ball,2,15.1,Northamptonshire,AG Wakely,RI Keogh,AU Rashid,0,0,"",""
ball,2,15.2,Northamptonshire,AG Wakely,RI Keogh,AU Rashid,0,0,"",""
ball,2,15.3,Northamptonshire,AG Wakely,RI Keogh,AU Rashid,1,0,"",""
ball,2,15.4,Northamptonshire,RI Keogh,AG Wakely,AU Rashid,1,0,"",""
ball,2,15.5,Northamptonshire,AG Wakely,RI Keogh,AU Rashid,1,0,"",""
ball,2,15.6,Northamptonshire,RI Keogh,AG Wakely,AU Rashid,2,0,"",""
ball,2,16.1,Northamptonshire,AG Wakely,RI Keogh,DJ Willey,1,0,"",""
ball,2,16.2,Northamptonshire,RI Keogh,AG Wakely,DJ Willey,0,0,bowled,RI Keogh
ball,2,16.3,Northamptonshire,RK Kleinveldt,AG Wakely,DJ Willey,1,0,"",""
ball,2,16.4,Northamptonshire,AG Wakely,RK Kleinveldt,DJ Willey,1,0,"",""
ball,2,16.5,Northamptonshire,RK Kleinveldt,AG Wakely,DJ Willey,0,0,"",""
ball,2,16.6,Northamptonshire,RK Kleinveldt,AG Wakely,DJ Willey,6,0,"",""
ball,2,17.1,Northamptonshire,AG Wakely,RK Kleinveldt,TT Bresnan,1,0,"",""
ball,2,17.2,Northamptonshire,RK Kleinveldt,AG Wakely,TT Bresnan,0,0,"",""
ball,2,17.3,Northamptonshire,RK Kleinveldt,AG Wakely,TT Bresnan,1,0,"",""
ball,2,17.4,Northamptonshire,AG Wakely,RK Kleinveldt,TT Bresnan,0,0,"",""
ball,2,17.5,Northamptonshire,AG Wakely,RK Kleinveldt,TT Bresnan,1,0,"",""
ball,2,17.6,Northamptonshire,RK Kleinveldt,AG Wakely,TT Bresnan,1,0,"",""
ball,2,18.1,Northamptonshire,RK Kleinveldt,AG Wakely,DJ Willey,1,0,"",""
ball,2,18.2,Northamptonshire,AG Wakely,RK Kleinveldt,DJ Willey,1,0,"",""
ball,2,18.3,Northamptonshire,RK Kleinveldt,AG Wakely,DJ Willey,1,0,"",""
ball,2,18.4,Northamptonshire,AG Wakely,RK Kleinveldt,DJ Willey,1,0,"",""
ball,2,18.5,Northamptonshire,RK Kleinveldt,AG Wakely,DJ Willey,1,0,"",""
ball,2,18.6,Northamptonshire,AG Wakely,RK Kleinveldt,DJ Willey,6,0,"",""
ball,2,19.1,Northamptonshire,RK Kleinveldt,AG Wakely,TT Bresnan,1,0,"",""
ball,2,19.2,Northamptonshire,AG Wakely,RK Kleinveldt,TT Bresnan,0,0,caught,AG Wakely
ball,2,19.3,Northamptonshire,RK Kleinveldt,S Prasanna,TT Bresnan,0,0,"",""
ball,2,19.4,Northamptonshire,RK Kleinveldt,S Prasanna,TT Bresnan,0,0,caught,RK Kleinveldt
ball,2,19.5,Northamptonshire,S Prasanna,GG White,TT Bresnan,1,0,"",""
ball,2,19.6,Northamptonshire,GG White,S Prasanna,TT Bresnan,1,0,"",""
