version,1.3.0
info,team,Durham
info,team,Lancashire
info,gender,male
info,season,2016
info,date,2016/07/22
info,competition,NatWest T20 Blast
info,venue,Riverside Ground
info,city,Chester-le-Street
info,toss_winner,Durham
info,toss_decision,field
info,player_of_match,S Mahmood
info,umpire,RJ Evans
info,umpire,PJ Hartley
info,winner,Lancashire
info,winner_runs,4
ball,1,0.1,Lancashire,LM Reece,AN Petersen,C Rushworth,0,0,"",""
ball,1,0.2,Lancashire,LM Reece,AN Petersen,C Rushworth,1,0,"",""
ball,1,0.3,Lancashire,AN Petersen,LM Reece,C Rushworth,0,0,"",""
ball,1,0.4,Lancashire,AN Petersen,LM Reece,C Rushworth,0,0,"",""
ball,1,0.5,Lancashire,AN Petersen,LM Reece,C Rushworth,0,4,"",""
ball,1,0.6,Lancashire,AN Petersen,LM Reece,C Rushworth,0,0,"",""
ball,1,1.1,Lancashire,LM Reece,AN Petersen,U Arshad,0,0,"",""
ball,1,1.2,Lancashire,LM Reece,AN Petersen,U Arshad,0,1,"",""
ball,1,1.3,Lancashire,AN Petersen,LM Reece,U Arshad,1,0,"",""
ball,1,1.4,Lancashire,LM Reece,AN Petersen,U Arshad,4,0,"",""
ball,1,1.5,Lancashire,LM Reece,AN Petersen,U Arshad,0,1,"",""
ball,1,1.6,Lancashire,AN Petersen,LM Reece,U Arshad,1,0,"",""
ball,1,2.1,Lancashire,AN Petersen,LM Reece,C Rushworth,0,0,"",""
ball,1,2.2,Lancashire,AN Petersen,LM Reece,C Rushworth,0,0,"",""
ball,1,2.3,Lancashire,AN Petersen,LM Reece,C Rushworth,0,0,"",""
ball,1,2.4,Lancashire,AN Petersen,LM Reece,C Rushworth,0,0,"",""
ball,1,2.5,Lancashire,AN Petersen,LM Reece,C Rushworth,0,0,"",""
ball,1,2.6,Lancashire,AN Petersen,LM Reece,C Rushworth,4,0,"",""
ball,1,3.1,Lancashire,LM Reece,AN Petersen,P Coughlin,0,0,"",""
ball,1,3.2,Lancashire,LM Reece,AN Petersen,P Coughlin,4,0,"",""
ball,1,3.3,Lancashire,LM Reece,AN Petersen,P Coughlin,0,0,"",""
ball,1,3.4,Lancashire,LM Reece,AN Petersen,P Coughlin,0,0,"",""
ball,1,3.5,Lancashire,LM Reece,AN Petersen,P Coughlin,4,0,"",""
ball,1,3.6,Lancashire,LM Reece,AN Petersen,P Coughlin,0,0,"",""
ball,1,4.1,Lancashire,AN Petersen,LM Reece,C Rushworth,2,0,"",""
ball,1,4.2,Lancashire,AN Petersen,LM Reece,C Rushworth,1,0,"",""
ball,1,4.3,Lancashire,LM Reece,AN Petersen,C Rushworth,1,0,"",""
ball,1,4.4,Lancashire,AN Petersen,LM Reece,C Rushworth,4,0,"",""
ball,1,4.5,Lancashire,AN Petersen,LM Reece,C Rushworth,1,0,"",""
ball,1,4.6,Lancashire,LM Reece,AN Petersen,C Rushworth,0,0,"",""
ball,1,5.1,Lancashire,AN Petersen,LM Reece,P Coughlin,1,0,"",""
ball,1,5.2,Lancashire,LM Reece,AN Petersen,P Coughlin,0,0,"",""
ball,1,5.3,Lancashire,LM Reece,AN Petersen,P Coughlin,0,0,"",""
ball,1,5.4,Lancashire,LM Reece,AN Petersen,P Coughlin,0,0,caught,LM Reece
ball,1,5.5,Lancashire,KR Brown,AN Petersen,P Coughlin,0,0,"",""
ball,1,5.6,Lancashire,KR Brown,AN Petersen,P Coughlin,1,0,"",""
ball,1,6.1,Lancashire,KR Brown,AN Petersen,KK Jennings,4,0,"",""
ball,1,6.2,Lancashire,KR Brown,AN Petersen,KK Jennings,1,0,"",""
ball,1,6.3,Lancashire,AN Petersen,KR Brown,KK Jennings,4,0,"",""
ball,1,6.4,Lancashire,AN Petersen,KR Brown,KK Jennings,1,0,"",""
ball,1,6.5,Lancashire,KR Brown,AN Petersen,KK Jennings,1,0,"",""
ball,1,6.6,Lancashire,AN Petersen,KR Brown,KK Jennings,0,0,"",""
ball,1,7.1,Lancashire,KR Brown,AN Petersen,SG Borthwick,1,0,"",""
ball,1,7.2,Lancashire,AN Petersen,KR Brown,SG Borthwick,1,0,"",""
ball,1,7.3,Lancashire,KR Brown,AN Petersen,SG Borthwick,1,0,"",""
ball,1,7.4,Lancashire,AN Petersen,KR Brown,SG Borthwick,1,0,"",""
ball,1,7.5,Lancashire,KR Brown,AN Petersen,SG Borthwick,1,0,"",""
ball,1,7.6,Lancashire,AN Petersen,KR Brown,SG Borthwick,1,0,"",""
ball,1,8.1,Lancashire,AN Petersen,KR Brown,KK Jennings,2,0,"",""
ball,1,8.2,Lancashire,AN Petersen,KR Brown,KK Jennings,1,0,"",""
ball,1,8.3,Lancashire,KR Brown,AN Petersen,KK Jennings,4,0,"",""
ball,1,8.4,Lancashire,KR Brown,AN Petersen,KK Jennings,1,0,"",""
ball,1,8.5,Lancashire,AN Petersen,KR Brown,KK Jennings,1,0,"",""
ball,1,8.6,Lancashire,KR Brown,AN Petersen,KK Jennings,2,0,"",""
ball,1,9.1,Lancashire,AN Petersen,KR Brown,SG Borthwick,1,0,"",""
ball,1,9.2,Lancashire,KR Brown,AN Petersen,SG Borthwick,1,0,"",""
ball,1,9.3,Lancashire,AN Petersen,KR Brown,SG Borthwick,2,0,"",""
ball,1,9.4,Lancashire,AN Petersen,KR Brown,SG Borthwick,1,0,"",""
ball,1,9.5,Lancashire,KR Brown,AN Petersen,SG Borthwick,0,0,"",""
ball,1,9.6,Lancashire,KR Brown,AN Petersen,SG Borthwick,1,0,"",""
ball,1,10.1,Lancashire,KR Brown,AN Petersen,U Arshad,1,0,"",""
ball,1,10.2,Lancashire,AN Petersen,KR Brown,U Arshad,4,0,"",""
ball,1,10.3,Lancashire,AN Petersen,KR Brown,U Arshad,1,0,"",""
ball,1,10.4,Lancashire,KR Brown,AN Petersen,U Arshad,0,1,"",""
ball,1,10.5,Lancashire,AN Petersen,KR Brown,U Arshad,0,1,"",""
ball,1,10.6,Lancashire,KR Brown,AN Petersen,U Arshad,1,0,"",""
ball,1,11.1,Lancashire,KR Brown,AN Petersen,SG Borthwick,1,0,"",""
ball,1,11.2,Lancashire,AN Petersen,KR Brown,SG Borthwick,3,0,"",""
ball,1,11.3,Lancashire,KR Brown,AN Petersen,SG Borthwick,1,0,"",""
ball,1,11.4,Lancashire,AN Petersen,KR Brown,SG Borthwick,2,0,"",""
ball,1,11.5,Lancashire,AN Petersen,KR Brown,SG Borthwick,1,0,"",""
ball,1,11.6,Lancashire,KR Brown,AN Petersen,SG Borthwick,1,0,"",""
ball,1,12.1,Lancashire,KR Brown,AN Petersen,U Arshad,4,0,"",""
ball,1,12.2,Lancashire,KR Brown,AN Petersen,U Arshad,4,0,"",""
ball,1,12.3,Lancashire,KR Brown,AN Petersen,U Arshad,4,0,"",""
ball,1,12.4,Lancashire,KR Brown,AN Petersen,U Arshad,3,0,"",""
ball,1,12.5,Lancashire,AN Petersen,KR Brown,U Arshad,0,0,caught,AN Petersen
ball,1,12.6,Lancashire,LS Livingstone,KR Brown,U Arshad,0,0,"",""
ball,1,13.1,Lancashire,KR Brown,LS Livingstone,SG Borthwick,2,0,"",""
ball,1,13.2,Lancashire,KR Brown,LS Livingstone,SG Borthwick,0,0,lbw,KR Brown
ball,1,13.3,Lancashire,SJ Croft,LS Livingstone,SG Borthwick,1,0,"",""
ball,1,13.4,Lancashire,LS Livingstone,SJ Croft,SG Borthwick,0,0,"",""
ball,1,13.5,Lancashire,LS Livingstone,SJ Croft,SG Borthwick,1,0,"",""
ball,1,13.6,Lancashire,SJ Croft,LS Livingstone,SG Borthwick,0,0,"",""
ball,1,14.1,Lancashire,LS Livingstone,SJ Croft,KK Jennings,1,0,"",""
ball,1,14.2,Lancashire,SJ Croft,LS Livingstone,KK Jennings,1,0,"",""
ball,1,14.3,Lancashire,LS Livingstone,SJ Croft,KK Jennings,0,0,"",""
ball,1,14.4,Lancashire,LS Livingstone,SJ Croft,KK Jennings,0,0,"",""
ball,1,14.5,Lancashire,LS Livingstone,SJ Croft,KK Jennings,4,0,"",""
ball,1,14.6,Lancashire,LS Livingstone,SJ Croft,KK Jennings,3,0,"",""
ball,1,15.1,Lancashire,LS Livingstone,SJ Croft,P Coughlin,1,0,"",""
ball,1,15.2,Lancashire,SJ Croft,LS Livingstone,P Coughlin,1,0,"",""
ball,1,15.3,Lancashire,LS Livingstone,SJ Croft,P Coughlin,1,0,"",""
ball,1,15.4,Lancashire,SJ Croft,LS Livingstone,P Coughlin,4,0,"",""
ball,1,15.5,Lancashire,SJ Croft,LS Livingstone,P Coughlin,2,0,"",""
ball,1,15.6,Lancashire,SJ Croft,LS Livingstone,P Coughlin,1,0,"",""
ball,1,16.1,Lancashire,SJ Croft,LS Livingstone,KK Jennings,0,1,"",""
ball,1,16.2,Lancashire,LS Livingstone,SJ Croft,KK Jennings,1,0,"",""
ball,1,16.3,Lancashire,SJ Croft,LS Livingstone,KK Jennings,4,0,"",""
ball,1,16.4,Lancashire,SJ Croft,LS Livingstone,KK Jennings,0,0,"",""
ball,1,16.5,Lancashire,SJ Croft,LS Livingstone,KK Jennings,1,0,"",""
ball,1,16.6,Lancashire,LS Livingstone,SJ Croft,KK Jennings,4,0,"",""
ball,1,17.1,Lancashire,SJ Croft,LS Livingstone,U Arshad,1,0,"",""
ball,1,17.2,Lancashire,LS Livingstone,SJ Croft,U Arshad,1,0,"",""
ball,1,17.3,Lancashire,SJ Croft,LS Livingstone,U Arshad,1,0,"",""
ball,1,17.4,Lancashire,LS Livingstone,SJ Croft,U Arshad,4,0,"",""
ball,1,17.5,Lancashire,LS Livingstone,SJ Croft,U Arshad,2,0,"",""
ball,1,17.6,Lancashire,LS Livingstone,SJ Croft,U Arshad,6,0,"",""
ball,1,18.1,Lancashire,SJ Croft,LS Livingstone,C Rushworth,1,0,"",""
ball,1,18.2,Lancashire,LS Livingstone,SJ Croft,C Rushworth,4,0,"",""
ball,1,18.3,Lancashire,LS Livingstone,SJ Croft,C Rushworth,1,0,"",""
ball,1,18.4,Lancashire,SJ Croft,LS Livingstone,C Rushworth,4,0,"",""
ball,1,18.5,Lancashire,SJ Croft,LS Livingstone,C Rushworth,1,0,"",""
ball,1,18.6,Lancashire,LS Livingstone,SJ Croft,C Rushworth,2,0,"",""
ball,1,19.1,Lancashire,SJ Croft,LS Livingstone,P Coughlin,1,0,"",""
ball,1,19.2,Lancashire,LS Livingstone,SJ Croft,P Coughlin,2,0,"",""
ball,1,19.3,Lancashire,LS Livingstone,SJ Croft,P Coughlin,2,0,"",""
ball,1,19.4,Lancashire,LS Livingstone,SJ Croft,P Coughlin,1,0,"",""
ball,1,19.5,Lancashire,SJ Croft,LS Livingstone,P Coughlin,0,1,"",""
ball,1,19.6,Lancashire,LS Livingstone,SJ Croft,P Coughlin,0,2,"",""
ball,1,19.7,Lancashire,LS Livingstone,SJ Croft,P Coughlin,2,0,"",""
ball,2,0.1,Durham,MD Stoneman,P Mustard,NL Buck,1,0,"",""
ball,2,0.2,Durham,P Mustard,MD Stoneman,NL Buck,0,0,"",""
ball,2,0.3,Durham,P Mustard,MD Stoneman,NL Buck,0,0,"",""
ball,2,0.4,Durham,P Mustard,MD Stoneman,NL Buck,0,0,"",""
ball,2,0.5,Durham,P Mustard,MD Stoneman,NL Buck,0,0,"",""
ball,2,0.6,Durham,P Mustard,MD Stoneman,NL Buck,0,0,"",""
ball,2,1.1,Durham,MD Stoneman,P Mustard,S Mahmood,0,0,"",""
ball,2,1.2,Durham,MD Stoneman,P Mustard,S Mahmood,4,0,"",""
ball,2,1.3,Durham,MD Stoneman,P Mustard,S Mahmood,0,0,"",""
ball,2,1.4,Durham,MD Stoneman,P Mustard,S Mahmood,1,0,"",""
ball,2,1.5,Durham,P Mustard,MD Stoneman,S Mahmood,0,0,"",""
ball,2,1.6,Durham,P Mustard,MD Stoneman,S Mahmood,1,0,"",""
ball,2,2.1,Durham,P Mustard,MD Stoneman,NL Buck,1,0,"",""
ball,2,2.2,Durham,MD Stoneman,P Mustard,NL Buck,1,0,"",""
ball,2,2.3,Durham,P Mustard,MD Stoneman,NL Buck,4,0,"",""
ball,2,2.4,Durham,P Mustard,MD Stoneman,NL Buck,1,0,"",""
ball,2,2.5,Durham,MD Stoneman,P Mustard,NL Buck,0,0,"",""
ball,2,2.6,Durham,MD Stoneman,P Mustard,NL Buck,1,0,"",""
ball,2,3.1,Durham,MD Stoneman,P Mustard,J Clark,0,1,"",""
ball,2,3.2,Durham,P Mustard,MD Stoneman,J Clark,1,0,"",""
ball,2,3.3,Durham,MD Stoneman,P Mustard,J Clark,1,0,"",""
ball,2,3.4,Durham,P Mustard,MD Stoneman,J Clark,0,0,caught,P Mustard
ball,2,3.5,Durham,MD Stoneman,CS MacLeod,J Clark,4,0,"",""
ball,2,3.6,Durham,MD Stoneman,CS MacLeod,J Clark,0,0,"",""
ball,2,4.1,Durham,CS MacLeod,MD Stoneman,NL Buck,0,0,"",""
ball,2,4.2,Durham,CS MacLeod,MD Stoneman,NL Buck,1,0,"",""
ball,2,4.3,Durham,MD Stoneman,CS MacLeod,NL Buck,1,0,"",""
ball,2,4.4,Durham,CS MacLeod,MD Stoneman,NL Buck,0,0,"",""
ball,2,4.5,Durham,CS MacLeod,MD Stoneman,NL Buck,1,0,"",""
ball,2,4.6,Durham,MD Stoneman,CS MacLeod,NL Buck,1,0,"",""
ball,2,5.1,Durham,MD Stoneman,CS MacLeod,J Clark,0,0,"",""
ball,2,5.2,Durham,MD Stoneman,CS MacLeod,J Clark,6,0,"",""
ball,2,5.3,Durham,MD Stoneman,CS MacLeod,J Clark,0,1,"",""
ball,2,5.4,Durham,MD Stoneman,CS MacLeod,J Clark,0,0,"",""
ball,2,5.5,Durham,MD Stoneman,CS MacLeod,J Clark,6,0,"",""
ball,2,5.6,Durham,MD Stoneman,CS MacLeod,J Clark,1,0,"",""
ball,2,5.7,Durham,CS MacLeod,MD Stoneman,J Clark,1,0,"",""
ball,2,6.1,Durham,CS MacLeod,MD Stoneman,SD Parry,2,0,"",""
ball,2,6.2,Durham,CS MacLeod,MD Stoneman,SD Parry,1,0,"",""
ball,2,6.3,Durham,MD Stoneman,CS MacLeod,SD Parry,1,0,"",""
ball,2,6.4,Durham,CS MacLeod,MD Stoneman,SD Parry,1,0,"",""
ball,2,6.5,Durham,MD Stoneman,CS MacLeod,SD Parry,2,0,"",""
ball,2,6.6,Durham,MD Stoneman,CS MacLeod,SD Parry,1,0,"",""
ball,2,7.1,Durham,MD Stoneman,CS MacLeod,AM Lilley,1,0,"",""
ball,2,7.2,Durham,CS MacLeod,MD Stoneman,AM Lilley,1,0,"",""
ball,2,7.3,Durham,MD Stoneman,CS MacLeod,AM Lilley,0,0,"",""
ball,2,7.4,Durham,MD Stoneman,CS MacLeod,AM Lilley,1,0,"",""
ball,2,7.5,Durham,CS MacLeod,MD Stoneman,AM Lilley,4,0,"",""
ball,2,7.6,Durham,CS MacLeod,MD Stoneman,AM Lilley,2,0,"",""
ball,2,8.1,Durham,MD Stoneman,CS MacLeod,SD Parry,0,0,"",""
ball,2,8.2,Durham,MD Stoneman,CS MacLeod,SD Parry,1,0,"",""
ball,2,8.3,Durham,CS MacLeod,MD Stoneman,SD Parry,1,0,"",""
ball,2,8.4,Durham,MD Stoneman,CS MacLeod,SD Parry,1,0,"",""
ball,2,8.5,Durham,CS MacLeod,MD Stoneman,SD Parry,1,0,"",""
ball,2,8.6,Durham,MD Stoneman,CS MacLeod,SD Parry,0,0,"",""
ball,2,9.1,Durham,CS MacLeod,MD Stoneman,SJ Croft,1,0,"",""
ball,2,9.2,Durham,MD Stoneman,CS MacLeod,SJ Croft,0,0,bowled,MD Stoneman
ball,2,9.3,Durham,GJ Muchall,CS MacLeod,SJ Croft,0,0,"",""
ball,2,9.4,Durham,GJ Muchall,CS MacLeod,SJ Croft,1,0,"",""
ball,2,9.5,Durham,CS MacLeod,GJ Muchall,SJ Croft,2,0,"",""
ball,2,9.6,Durham,CS MacLeod,GJ Muchall,SJ Croft,1,0,"",""
ball,2,10.1,Durham,CS MacLeod,GJ Muchall,SD Parry,2,0,"",""
ball,2,10.2,Durham,CS MacLeod,GJ Muchall,SD Parry,4,0,"",""
ball,2,10.3,Durham,CS MacLeod,GJ Muchall,SD Parry,1,0,"",""
ball,2,10.4,Durham,GJ Muchall,CS MacLeod,SD Parry,1,0,"",""
ball,2,10.5,Durham,CS MacLeod,GJ Muchall,SD Parry,1,0,"",""
ball,2,10.6,Durham,GJ Muchall,CS MacLeod,SD Parry,0,0,"",""
ball,2,11.1,Durham,CS MacLeod,GJ Muchall,SJ Croft,0,0,"",""
ball,2,11.2,Durham,CS MacLeod,GJ Muchall,SJ Croft,1,0,"",""
ball,2,11.3,Durham,GJ Muchall,CS MacLeod,SJ Croft,1,0,"",""
ball,2,11.4,Durham,CS MacLeod,GJ Muchall,SJ Croft,0,3,"",""
ball,2,11.5,Durham,CS MacLeod,GJ Muchall,SJ Croft,1,0,"",""
ball,2,11.6,Durham,GJ Muchall,CS MacLeod,SJ Croft,1,0,"",""
ball,2,11.7,Durham,CS MacLeod,GJ Muchall,SJ Croft,4,0,"",""
ball,2,12.1,Durham,GJ Muchall,CS MacLeod,LM Reece,0,5,"",""
ball,2,12.2,Durham,GJ Muchall,CS MacLeod,LM Reece,1,0,"",""
ball,2,12.3,Durham,CS MacLeod,GJ Muchall,LM Reece,1,0,"",""
ball,2,12.4,Durham,GJ Muchall,CS MacLeod,LM Reece,1,0,"",""
ball,2,12.5,Durham,CS MacLeod,GJ Muchall,LM Reece,1,0,"",""
ball,2,12.6,Durham,GJ Muchall,CS MacLeod,LM Reece,1,0,"",""
ball,2,12.7,Durham,CS MacLeod,GJ Muchall,LM Reece,4,0,"",""
ball,2,13.1,Durham,GJ Muchall,CS MacLeod,SD Parry,2,0,"",""
ball,2,13.2,Durham,GJ Muchall,CS MacLeod,SD Parry,2,0,"",""
ball,2,13.3,Durham,GJ Muchall,CS MacLeod,SD Parry,1,0,"",""
ball,2,13.4,Durham,CS MacLeod,GJ Muchall,SD Parry,1,0,"",""
ball,2,13.5,Durham,GJ Muchall,CS MacLeod,SD Parry,2,0,"",""
ball,2,13.6,Durham,GJ Muchall,CS MacLeod,SD Parry,1,0,"",""
ball,2,14.1,Durham,GJ Muchall,CS MacLeod,S Mahmood,1,0,"",""
ball,2,14.2,Durham,CS MacLeod,GJ Muchall,S Mahmood,4,0,"",""
ball,2,14.3,Durham,CS MacLeod,GJ Muchall,S Mahmood,0,0,"",""
ball,2,14.4,Durham,CS MacLeod,GJ Muchall,S Mahmood,0,0,bowled,CS MacLeod
ball,2,14.5,Durham,RD Pringle,GJ Muchall,S Mahmood,0,0,"",""
ball,2,14.6,Durham,RD Pringle,GJ Muchall,S Mahmood,0,0,bowled,RD Pringle
ball,2,15.1,Durham,GJ Muchall,P Coughlin,J Clark,2,0,"",""
ball,2,15.2,Durham,GJ Muchall,P Coughlin,J Clark,1,0,"",""
ball,2,15.3,Durham,P Coughlin,GJ Muchall,J Clark,1,0,"",""
ball,2,15.4,Durham,GJ Muchall,P Coughlin,J Clark,3,0,"",""
ball,2,15.5,Durham,P Coughlin,GJ Muchall,J Clark,1,0,"",""
ball,2,15.6,Durham,GJ Muchall,P Coughlin,J Clark,0,1,"",""
ball,2,16.1,Durham,GJ Muchall,P Coughlin,S Mahmood,0,0,bowled,GJ Muchall
ball,2,16.2,Durham,KK Jennings,P Coughlin,S Mahmood,1,0,"",""
ball,2,16.3,Durham,P Coughlin,KK Jennings,S Mahmood,1,0,"",""
ball,2,16.4,Durham,KK Jennings,P Coughlin,S Mahmood,0,0,"",""
ball,2,16.5,Durham,KK Jennings,P Coughlin,S Mahmood,0,0,"",""
ball,2,16.6,Durham,KK Jennings,P Coughlin,S Mahmood,2,0,"",""
ball,2,17.1,Durham,P Coughlin,KK Jennings,J Clark,1,0,"",""
ball,2,17.2,Durham,KK Jennings,P Coughlin,J Clark,6,0,"",""
ball,2,17.3,Durham,KK Jennings,P Coughlin,J Clark,1,0,"",""
ball,2,17.4,Durham,P Coughlin,KK Jennings,J Clark,2,0,"",""
ball,2,17.5,Durham,P Coughlin,KK Jennings,J Clark,1,0,"",""
ball,2,17.6,Durham,KK Jennings,P Coughlin,J Clark,4,0,"",""
ball,2,18.1,Durham,P Coughlin,KK Jennings,S Mahmood,2,0,"",""
ball,2,18.2,Durham,P Coughlin,KK Jennings,S Mahmood,4,0,"",""
ball,2,18.3,Durham,P Coughlin,KK Jennings,S Mahmood,1,0,"",""
ball,2,18.4,Durham,KK Jennings,P Coughlin,S Mahmood,1,0,"",""
ball,2,18.5,Durham,P Coughlin,KK Jennings,S Mahmood,6,0,"",""
ball,2,18.6,Durham,P Coughlin,KK Jennings,S Mahmood,2,0,"",""
ball,2,19.1,Durham,KK Jennings,P Coughlin,NL Buck,2,0,"",""
ball,2,19.2,Durham,KK Jennings,P Coughlin,NL Buck,2,0,"",""
ball,2,19.3,Durham,KK Jennings,P Coughlin,NL Buck,2,0,"",""
ball,2,19.4,Durham,KK Jennings,P Coughlin,NL Buck,0,0,"",""
ball,2,19.5,Durham,KK Jennings,P Coughlin,NL Buck,0,3,"",""
ball,2,19.6,Durham,P Coughlin,KK Jennings,NL Buck,2,0,"",""
ball,2,19.7,Durham,P Coughlin,KK Jennings,NL Buck,2,0,"",""
