version,1.3.0
info,team,India
info,team,West Indies
info,gender,male
info,season,2016
info,date,2016/08/27
info,series,West Indies v India T20I Series
info,match_number,1
info,venue,Central Broward Regional Park Stadium Turf Ground
info,city,Lauderhill
info,neutralvenue,true
info,toss_winner,India
info,toss_decision,field
info,player_of_match,E Lewis
info,umpire,N Duguid
info,umpire,JS Wilson
info,reserve_umpire,PA Gustard
info,tv_umpire,LS Reifer
info,match_referee,RS Madugalle
info,winner,West Indies
info,winner_runs,1
ball,1,0.1,West Indies,J Charles,E Lewis,Mohammed Shami,0,1,"",""
ball,1,0.2,West Indies,J Charles,E Lewis,Mohammed Shami,0,0,"",""
ball,1,0.3,West Indies,J Charles,E Lewis,Mohammed Shami,6,0,"",""
ball,1,0.4,West Indies,J Charles,E Lewis,Mohammed Shami,4,0,"",""
ball,1,0.5,West Indies,J Charles,E Lewis,Mohammed Shami,1,0,"",""
ball,1,0.6,West Indies,E Lewis,J Charles,Mohammed Shami,1,0,"",""
ball,1,0.7,West Indies,J Charles,E Lewis,Mohammed Shami,4,0,"",""
ball,1,1.1,West Indies,E Lewis,J Charles,B Kumar,0,0,"",""
ball,1,1.2,West Indies,E Lewis,J Charles,B Kumar,1,0,"",""
ball,1,1.3,West Indies,J Charles,E Lewis,B Kumar,0,0,"",""
ball,1,1.4,West Indies,J Charles,E Lewis,B Kumar,4,0,"",""
ball,1,1.5,West Indies,J Charles,E Lewis,B Kumar,0,0,"",""
ball,1,1.6,West Indies,J Charles,E Lewis,B Kumar,2,0,"",""
ball,1,2.1,West Indies,E Lewis,J Charles,JJ Bumrah,0,0,"",""
ball,1,2.2,West Indies,E Lewis,J Charles,JJ Bumrah,2,0,"",""
ball,1,2.3,West Indies,E Lewis,J Charles,JJ Bumrah,4,0,"",""
ball,1,2.4,West Indies,E Lewis,J Charles,JJ Bumrah,2,0,"",""
ball,1,2.5,West Indies,E Lewis,J Charles,JJ Bumrah,1,0,"",""
ball,1,2.6,West Indies,J Charles,E Lewis,JJ Bumrah,0,0,"",""
ball,1,3.1,West Indies,E Lewis,J Charles,B Kumar,0,0,"",""
ball,1,3.2,West Indies,E Lewis,J Charles,B Kumar,2,0,"",""
ball,1,3.3,West Indies,E Lewis,J Charles,B Kumar,1,0,"",""
ball,1,3.4,West Indies,J Charles,E Lewis,B Kumar,4,0,"",""
ball,1,3.5,West Indies,J Charles,E Lewis,B Kumar,4,0,"",""
ball,1,3.6,West Indies,J Charles,E Lewis,B Kumar,2,0,"",""
ball,1,4.1,West Indies,E Lewis,J Charles,JJ Bumrah,6,0,"",""
ball,1,4.2,West Indies,E Lewis,J Charles,JJ Bumrah,4,0,"",""
ball,1,4.3,West Indies,E Lewis,J Charles,JJ Bumrah,1,0,"",""
ball,1,4.4,West Indies,J Charles,E Lewis,JJ Bumrah,0,0,"",""
ball,1,4.5,West Indies,J Charles,E Lewis,JJ Bumrah,6,0,"",""
ball,1,4.6,West Indies,J Charles,E Lewis,JJ Bumrah,1,0,"",""
ball,1,5.1,West Indies,J Charles,E Lewis,R Ashwin,0,0,"",""
ball,1,5.2,West Indies,J Charles,E Lewis,R Ashwin,1,0,"",""
ball,1,5.3,West Indies,E Lewis,J Charles,R Ashwin,1,0,"",""
ball,1,5.4,West Indies,J Charles,E Lewis,R Ashwin,6,0,"",""
ball,1,5.5,West Indies,J Charles,E Lewis,R Ashwin,6,0,"",""
ball,1,5.6,West Indies,J Charles,E Lewis,R Ashwin,0,0,"",""
ball,1,6.1,West Indies,E Lewis,J Charles,RA Jadeja,6,0,"",""
ball,1,6.2,West Indies,E Lewis,J Charles,RA Jadeja,6,0,"",""
ball,1,6.3,West Indies,E Lewis,J Charles,RA Jadeja,0,0,"",""
ball,1,6.4,West Indies,E Lewis,J Charles,RA Jadeja,0,0,"",""
ball,1,6.5,West Indies,E Lewis,J Charles,RA Jadeja,1,0,"",""
ball,1,6.6,West Indies,J Charles,E Lewis,RA Jadeja,0,0,"",""
ball,1,7.1,West Indies,E Lewis,J Charles,R Ashwin,1,0,"",""
ball,1,7.2,West Indies,J Charles,E Lewis,R Ashwin,6,0,"",""
ball,1,7.3,West Indies,J Charles,E Lewis,R Ashwin,0,0,"",""
ball,1,7.4,West Indies,J Charles,E Lewis,R Ashwin,2,0,"",""
ball,1,7.5,West Indies,J Charles,E Lewis,R Ashwin,0,0,"",""
ball,1,7.6,West Indies,J Charles,E Lewis,R Ashwin,1,0,"",""
ball,1,8.1,West Indies,J Charles,E Lewis,RA Jadeja,4,0,"",""
ball,1,8.2,West Indies,J Charles,E Lewis,RA Jadeja,6,0,"",""
ball,1,8.3,West Indies,J Charles,E Lewis,RA Jadeja,2,0,"",""
ball,1,8.4,West Indies,J Charles,E Lewis,RA Jadeja,1,0,"",""
ball,1,8.5,West Indies,E Lewis,J Charles,RA Jadeja,1,0,"",""
ball,1,8.6,West Indies,J Charles,E Lewis,RA Jadeja,6,0,"",""
ball,1,9.1,West Indies,E Lewis,J Charles,Mohammed Shami,4,0,"",""
ball,1,9.2,West Indies,E Lewis,J Charles,Mohammed Shami,1,0,"",""
ball,1,9.3,West Indies,J Charles,E Lewis,Mohammed Shami,0,0,bowled,J Charles
ball,1,9.4,West Indies,AD Russell,E Lewis,Mohammed Shami,1,0,"",""
ball,1,9.5,West Indies,E Lewis,AD Russell,Mohammed Shami,4,0,"",""
ball,1,9.6,West Indies,E Lewis,AD Russell,Mohammed Shami,1,0,"",""
ball,1,10.1,West Indies,E Lewis,AD Russell,STR Binny,6,0,"",""
ball,1,10.2,West Indies,E Lewis,AD Russell,STR Binny,6,0,"",""
ball,1,10.3,West Indies,E Lewis,AD Russell,STR Binny,0,1,"",""
ball,1,10.4,West Indies,E Lewis,AD Russell,STR Binny,6,0,"",""
ball,1,10.5,West Indies,E Lewis,AD Russell,STR Binny,6,0,"",""
ball,1,10.6,West Indies,E Lewis,AD Russell,STR Binny,6,0,"",""
ball,1,10.7,West Indies,E Lewis,AD Russell,STR Binny,1,0,"",""
ball,1,11.1,West Indies,E Lewis,AD Russell,R Ashwin,2,0,"",""
ball,1,11.2,West Indies,E Lewis,AD Russell,R Ashwin,0,0,"",""
ball,1,11.3,West Indies,E Lewis,AD Russell,R Ashwin,0,0,"",""
ball,1,11.4,West Indies,E Lewis,AD Russell,R Ashwin,1,0,"",""
ball,1,11.5,West Indies,AD Russell,E Lewis,R Ashwin,1,0,"",""
ball,1,11.6,West Indies,E Lewis,AD Russell,R Ashwin,0,0,"",""
ball,1,12.1,West Indies,AD Russell,E Lewis,B Kumar,1,0,"",""
ball,1,12.2,West Indies,E Lewis,AD Russell,B Kumar,0,0,"",""
ball,1,12.3,West Indies,E Lewis,AD Russell,B Kumar,4,0,"",""
ball,1,12.4,West Indies,E Lewis,AD Russell,B Kumar,1,0,"",""
ball,1,12.5,West Indies,AD Russell,E Lewis,B Kumar,6,0,"",""
ball,1,12.6,West Indies,AD Russell,E Lewis,B Kumar,1,0,"",""
ball,1,13.1,West Indies,AD Russell,E Lewis,R Ashwin,1,0,"",""
ball,1,13.2,West Indies,E Lewis,AD Russell,R Ashwin,0,0,"",""
ball,1,13.3,West Indies,E Lewis,AD Russell,R Ashwin,0,0,"",""
ball,1,13.4,West Indies,E Lewis,AD Russell,R Ashwin,6,0,"",""
ball,1,13.5,West Indies,E Lewis,AD Russell,R Ashwin,0,0,"",""
ball,1,13.6,West Indies,E Lewis,AD Russell,R Ashwin,1,0,"",""
ball,1,14.1,West Indies,E Lewis,AD Russell,Mohammed Shami,1,0,"",""
ball,1,14.2,West Indies,AD Russell,E Lewis,Mohammed Shami,6,0,"",""
ball,1,14.3,West Indies,AD Russell,E Lewis,Mohammed Shami,1,0,"",""
ball,1,14.4,West Indies,E Lewis,AD Russell,Mohammed Shami,1,0,"",""
ball,1,14.5,West Indies,AD Russell,E Lewis,Mohammed Shami,0,1,"",""
ball,1,14.6,West Indies,AD Russell,E Lewis,Mohammed Shami,0,0,"",""
ball,1,14.7,West Indies,AD Russell,E Lewis,Mohammed Shami,0,0,"",""
ball,1,15.1,West Indies,E Lewis,AD Russell,RA Jadeja,1,0,"",""
ball,1,15.2,West Indies,AD Russell,E Lewis,RA Jadeja,4,0,"",""
ball,1,15.3,West Indies,AD Russell,E Lewis,RA Jadeja,0,0,lbw,AD Russell
ball,1,15.4,West Indies,KA Pollard,E Lewis,RA Jadeja,1,0,"",""
ball,1,15.5,West Indies,E Lewis,KA Pollard,RA Jadeja,0,0,caught,E Lewis
ball,1,15.6,West Indies,KA Pollard,CR Brathwaite,RA Jadeja,0,0,"",""
ball,1,16.1,West Indies,CR Brathwaite,KA Pollard,Mohammed Shami,1,0,"",""
ball,1,16.2,West Indies,KA Pollard,CR Brathwaite,Mohammed Shami,1,0,"",""
ball,1,16.3,West Indies,CR Brathwaite,KA Pollard,Mohammed Shami,6,0,"",""
ball,1,16.4,West Indies,CR Brathwaite,KA Pollard,Mohammed Shami,0,0,"",""
ball,1,16.5,West Indies,CR Brathwaite,KA Pollard,Mohammed Shami,1,0,"",""
ball,1,16.6,West Indies,KA Pollard,CR Brathwaite,Mohammed Shami,1,0,"",""
ball,1,17.1,West Indies,KA Pollard,CR Brathwaite,JJ Bumrah,2,0,"",""
ball,1,17.2,West Indies,KA Pollard,CR Brathwaite,JJ Bumrah,1,1,"",""
ball,1,17.3,West Indies,CR Brathwaite,KA Pollard,JJ Bumrah,4,0,"",""
ball,1,17.4,West Indies,CR Brathwaite,KA Pollard,JJ Bumrah,1,0,"",""
ball,1,17.5,West Indies,KA Pollard,CR Brathwaite,JJ Bumrah,0,0,"",""
ball,1,17.6,West Indies,KA Pollard,CR Brathwaite,JJ Bumrah,1,0,"",""
ball,1,17.7,West Indies,CR Brathwaite,KA Pollard,JJ Bumrah,0,0,"",""
ball,1,18.1,West Indies,KA Pollard,CR Brathwaite,B Kumar,1,0,"",""
ball,1,18.2,West Indies,CR Brathwaite,KA Pollard,B Kumar,0,0,"",""
ball,1,18.3,West Indies,CR Brathwaite,KA Pollard,B Kumar,1,0,"",""
ball,1,18.4,West Indies,KA Pollard,CR Brathwaite,B Kumar,0,1,"",""
ball,1,18.5,West Indies,KA Pollard,CR Brathwaite,B Kumar,6,0,"",""
ball,1,18.6,West Indies,KA Pollard,CR Brathwaite,B Kumar,1,0,"",""
ball,1,18.7,West Indies,CR Brathwaite,KA Pollard,B Kumar,0,0,"",""
ball,1,19.1,West Indies,KA Pollard,CR Brathwaite,JJ Bumrah,0,1,run out,CR Brathwaite
ball,1,19.2,West Indies,KA Pollard,DJ Bravo,JJ Bumrah,6,0,"",""
ball,1,19.3,West Indies,KA Pollard,DJ Bravo,JJ Bumrah,1,0,"",""
ball,1,19.4,West Indies,DJ Bravo,KA Pollard,JJ Bumrah,1,0,"",""
ball,1,19.5,West Indies,KA Pollard,DJ Bravo,JJ Bumrah,0,0,bowled,KA Pollard
ball,1,19.6,West Indies,LMP Simmons,DJ Bravo,JJ Bumrah,0,0,bowled,LMP Simmons
ball,1,19.7,West Indies,MN Samuels,DJ Bravo,JJ Bumrah,1,0,"",""
ball,2,0.1,India,RG Sharma,AM Rahane,AD Russell,2,0,"",""
ball,2,0.2,India,RG Sharma,AM Rahane,AD Russell,1,0,"",""
ball,2,0.3,India,AM Rahane,RG Sharma,AD Russell,1,0,"",""
ball,2,0.4,India,RG Sharma,AM Rahane,AD Russell,1,0,"",""
ball,2,0.5,India,AM Rahane,RG Sharma,AD Russell,0,0,"",""
ball,2,0.6,India,AM Rahane,RG Sharma,AD Russell,0,0,"",""
ball,2,1.1,India,RG Sharma,AM Rahane,S Badree,0,0,"",""
ball,2,1.2,India,RG Sharma,AM Rahane,S Badree,4,0,"",""
ball,2,1.3,India,RG Sharma,AM Rahane,S Badree,4,0,"",""
ball,2,1.4,India,RG Sharma,AM Rahane,S Badree,1,0,"",""
ball,2,1.5,India,AM Rahane,RG Sharma,S Badree,1,0,"",""
ball,2,1.6,India,RG Sharma,AM Rahane,S Badree,4,0,"",""
ball,2,2.1,India,AM Rahane,RG Sharma,AD Russell,4,0,"",""
ball,2,2.2,India,AM Rahane,RG Sharma,AD Russell,1,0,"",""
ball,2,2.3,India,RG Sharma,AM Rahane,AD Russell,2,0,"",""
ball,2,2.4,India,RG Sharma,AM Rahane,AD Russell,4,0,"",""
ball,2,2.5,India,RG Sharma,AM Rahane,AD Russell,1,0,"",""
ball,2,2.6,India,AM Rahane,RG Sharma,AD Russell,0,0,caught,AM Rahane
ball,2,3.1,India,V Kohli,RG Sharma,S Badree,0,0,"",""
ball,2,3.2,India,V Kohli,RG Sharma,S Badree,4,0,"",""
ball,2,3.3,India,V Kohli,RG Sharma,S Badree,0,0,"",""
ball,2,3.4,India,V Kohli,RG Sharma,S Badree,2,0,"",""
ball,2,3.5,India,V Kohli,RG Sharma,S Badree,4,0,"",""
ball,2,3.6,India,V Kohli,RG Sharma,S Badree,1,0,"",""
ball,2,4.1,India,V Kohli,RG Sharma,DJ Bravo,4,0,"",""
ball,2,4.2,India,V Kohli,RG Sharma,DJ Bravo,1,0,"",""
ball,2,4.3,India,RG Sharma,V Kohli,DJ Bravo,1,0,"",""
ball,2,4.4,India,V Kohli,RG Sharma,DJ Bravo,0,0,caught,V Kohli
ball,2,4.5,India,KL Rahul,RG Sharma,DJ Bravo,2,0,"",""
ball,2,4.6,India,KL Rahul,RG Sharma,DJ Bravo,1,0,"",""
ball,2,5.1,India,KL Rahul,RG Sharma,SP Narine,4,0,"",""
ball,2,5.2,India,KL Rahul,RG Sharma,SP Narine,6,0,"",""
ball,2,5.3,India,KL Rahul,RG Sharma,SP Narine,0,0,"",""
ball,2,5.4,India,KL Rahul,RG Sharma,SP Narine,2,0,"",""
ball,2,5.5,India,KL Rahul,RG Sharma,SP Narine,4,0,"",""
ball,2,5.6,India,KL Rahul,RG Sharma,SP Narine,0,0,"",""
ball,2,6.1,India,RG Sharma,KL Rahul,CR Brathwaite,1,0,"",""
ball,2,6.2,India,KL Rahul,RG Sharma,CR Brathwaite,1,0,"",""
ball,2,6.3,India,RG Sharma,KL Rahul,CR Brathwaite,1,0,"",""
ball,2,6.4,India,KL Rahul,RG Sharma,CR Brathwaite,2,0,"",""
ball,2,6.5,India,KL Rahul,RG Sharma,CR Brathwaite,4,0,"",""
ball,2,6.6,India,KL Rahul,RG Sharma,CR Brathwaite,4,0,"",""
ball,2,7.1,India,RG Sharma,KL Rahul,SP Narine,2,0,"",""
ball,2,7.2,India,RG Sharma,KL Rahul,SP Narine,0,0,"",""
ball,2,7.3,India,RG Sharma,KL Rahul,SP Narine,6,0,"",""
ball,2,7.4,India,RG Sharma,KL Rahul,SP Narine,6,0,"",""
ball,2,7.5,India,RG Sharma,KL Rahul,SP Narine,1,0,"",""
ball,2,7.6,India,KL Rahul,RG Sharma,SP Narine,1,0,"",""
ball,2,8.1,India,KL Rahul,RG Sharma,CR Brathwaite,1,0,"",""
ball,2,8.2,India,RG Sharma,KL Rahul,CR Brathwaite,1,0,"",""
ball,2,8.3,India,KL Rahul,RG Sharma,CR Brathwaite,4,0,"",""
ball,2,8.4,India,KL Rahul,RG Sharma,CR Brathwaite,0,0,"",""
ball,2,8.5,India,KL Rahul,RG Sharma,CR Brathwaite,2,0,"",""
ball,2,8.6,India,KL Rahul,RG Sharma,CR Brathwaite,0,0,"",""
ball,2,9.1,India,RG Sharma,KL Rahul,KA Pollard,3,0,"",""
ball,2,9.2,India,KL Rahul,RG Sharma,KA Pollard,1,0,"",""
ball,2,9.3,India,RG Sharma,KL Rahul,KA Pollard,6,0,"",""
ball,2,9.4,India,RG Sharma,KL Rahul,KA Pollard,1,0,"",""
ball,2,9.5,India,KL Rahul,RG Sharma,KA Pollard,0,0,"",""
ball,2,9.6,India,KL Rahul,RG Sharma,KA Pollard,1,0,"",""
ball,2,10.1,India,KL Rahul,RG Sharma,DJ Bravo,4,0,"",""
ball,2,10.2,India,KL Rahul,RG Sharma,DJ Bravo,1,0,"",""
ball,2,10.3,India,RG Sharma,KL Rahul,DJ Bravo,1,0,"",""
ball,2,10.4,India,KL Rahul,RG Sharma,DJ Bravo,1,0,"",""
ball,2,10.5,India,RG Sharma,KL Rahul,DJ Bravo,2,0,"",""
ball,2,10.6,India,RG Sharma,KL Rahul,DJ Bravo,6,0,"",""
ball,2,11.1,India,KL Rahul,RG Sharma,KA Pollard,0,0,"",""
ball,2,11.2,India,KL Rahul,RG Sharma,KA Pollard,4,0,"",""
ball,2,11.3,India,KL Rahul,RG Sharma,KA Pollard,1,0,"",""
ball,2,11.4,India,RG Sharma,KL Rahul,KA Pollard,0,1,"",""
ball,2,11.5,India,RG Sharma,KL Rahul,KA Pollard,0,0,"",""
ball,2,11.6,India,RG Sharma,KL Rahul,KA Pollard,0,0,caught,RG Sharma
ball,2,11.7,India,MS Dhoni,KL Rahul,KA Pollard,1,0,"",""
ball,2,12.1,India,MS Dhoni,KL Rahul,CR Brathwaite,4,0,"",""
ball,2,12.2,India,MS Dhoni,KL Rahul,CR Brathwaite,2,0,"",""
ball,2,12.3,India,MS Dhoni,KL Rahul,CR Brathwaite,1,0,"",""
ball,2,12.4,India,KL Rahul,MS Dhoni,CR Brathwaite,1,0,"",""
ball,2,12.5,India,MS Dhoni,KL Rahul,CR Brathwaite,2,0,"",""
ball,2,12.6,India,MS Dhoni,KL Rahul,CR Brathwaite,2,0,"",""
ball,2,13.1,India,KL Rahul,MS Dhoni,SP Narine,6,0,"",""
ball,2,13.2,India,KL Rahul,MS Dhoni,SP Narine,0,0,"",""
ball,2,13.3,India,KL Rahul,MS Dhoni,SP Narine,4,0,"",""
ball,2,13.4,India,KL Rahul,MS Dhoni,SP Narine,2,0,"",""
ball,2,13.5,India,KL Rahul,MS Dhoni,SP Narine,0,1,"",""
ball,2,13.6,India,KL Rahul,MS Dhoni,SP Narine,4,0,"",""
ball,2,13.7,India,KL Rahul,MS Dhoni,SP Narine,1,0,"",""
ball,2,14.1,India,KL Rahul,MS Dhoni,CR Brathwaite,6,0,"",""
ball,2,14.2,India,KL Rahul,MS Dhoni,CR Brathwaite,1,0,"",""
ball,2,14.3,India,MS Dhoni,KL Rahul,CR Brathwaite,1,0,"",""
ball,2,14.4,India,KL Rahul,MS Dhoni,CR Brathwaite,2,0,"",""
ball,2,14.5,India,KL Rahul,MS Dhoni,CR Brathwaite,0,0,"",""
ball,2,14.6,India,KL Rahul,MS Dhoni,CR Brathwaite,4,0,"",""
ball,2,15.1,India,MS Dhoni,KL Rahul,KA Pollard,3,0,"",""
ball,2,15.2,India,KL Rahul,MS Dhoni,KA Pollard,1,0,"",""
ball,2,15.3,India,MS Dhoni,KL Rahul,KA Pollard,1,0,"",""
ball,2,15.4,India,KL Rahul,MS Dhoni,KA Pollard,4,0,"",""
ball,2,15.5,India,KL Rahul,MS Dhoni,KA Pollard,1,0,"",""
ball,2,15.6,India,MS Dhoni,KL Rahul,KA Pollard,1,0,"",""
ball,2,16.1,India,MS Dhoni,KL Rahul,AD Russell,0,0,"",""
ball,2,16.2,India,MS Dhoni,KL Rahul,AD Russell,0,1,"",""
ball,2,16.3,India,MS Dhoni,KL Rahul,AD Russell,6,0,"",""
ball,2,16.4,India,MS Dhoni,KL Rahul,AD Russell,0,0,"",""
ball,2,16.5,India,MS Dhoni,KL Rahul,AD Russell,6,0,"",""
ball,2,16.6,India,MS Dhoni,KL Rahul,AD Russell,1,0,"",""
ball,2,16.7,India,KL Rahul,MS Dhoni,AD Russell,6,0,"",""
ball,2,17.1,India,MS Dhoni,KL Rahul,DJ Bravo,4,0,"",""
ball,2,17.2,India,MS Dhoni,KL Rahul,DJ Bravo,0,0,"",""
ball,2,17.3,India,MS Dhoni,KL Rahul,DJ Bravo,2,0,"",""
ball,2,17.4,India,MS Dhoni,KL Rahul,DJ Bravo,1,0,"",""
ball,2,17.5,India,KL Rahul,MS Dhoni,DJ Bravo,0,1,"",""
ball,2,17.6,India,MS Dhoni,KL Rahul,DJ Bravo,1,0,"",""
ball,2,18.1,India,MS Dhoni,KL Rahul,AD Russell,1,0,"",""
ball,2,18.2,India,KL Rahul,MS Dhoni,AD Russell,0,0,"",""
ball,2,18.3,India,KL Rahul,MS Dhoni,AD Russell,6,0,"",""
ball,2,18.4,India,KL Rahul,MS Dhoni,AD Russell,4,0,"",""
ball,2,18.5,India,KL Rahul,MS Dhoni,AD Russell,0,1,"",""
ball,2,18.6,India,KL Rahul,MS Dhoni,AD Russell,2,0,"",""
ball,2,18.7,India,KL Rahul,MS Dhoni,AD Russell,2,0,"",""
ball,2,19.1,India,MS Dhoni,KL Rahul,DJ Bravo,1,0,"",""
ball,2,19.2,India,KL Rahul,MS Dhoni,DJ Bravo,1,0,"",""
ball,2,19.3,India,MS Dhoni,KL Rahul,DJ Bravo,0,1,"",""
ball,2,19.4,India,KL Rahul,MS Dhoni,DJ Bravo,1,0,"",""
ball,2,19.5,India,MS Dhoni,KL Rahul,DJ Bravo,2,0,"",""
ball,2,19.6,India,MS Dhoni,KL Rahul,DJ Bravo,0,0,caught,MS Dhoni
