version,1.3.0
info,team,New Zealand
info,team,Pakistan
info,gender,female
info,season,2016/17
info,date,2016/11/21
info,venue,Saxton Oval
info,city,Nelson
info,toss_winner,New Zealand
info,toss_decision,bat
info,umpire,K Cross
info,umpire,D Venter
info,match_referee,RE Hayward
info,winner,New Zealand
info,winner_runs,14
ball,1,0.1,New Zealand,SW Bates,RH Priest,Iram Javed,0,1,"",""
ball,1,0.2,New Zealand,SW Bates,RH Priest,Iram Javed,0,1,"",""
ball,1,0.3,New Zealand,SW Bates,RH Priest,Iram Javed,0,1,"",""
ball,1,0.4,New Zealand,SW Bates,RH Priest,Iram Javed,0,0,caught,SW Bates
ball,1,0.5,New Zealand,SFM Devine,RH Priest,Iram Javed,0,0,"",""
ball,1,0.6,New Zealand,SFM Devine,RH Priest,Iram Javed,1,0,"",""
ball,1,0.7,New Zealand,RH Priest,SFM Devine,Iram Javed,1,0,"",""
ball,1,0.8,New Zealand,SFM Devine,RH Priest,Iram Javed,0,1,"",""
ball,1,0.9,New Zealand,SFM Devine,RH Priest,Iram Javed,0,0,"",""
ball,1,0.1,New Zealand,SFM Devine,RH Priest,Iram Javed,1,0,"",""
ball,1,1.1,New Zealand,SFM Devine,RH Priest,Asmavia Iqbal,1,0,"",""
ball,1,1.2,New Zealand,RH Priest,SFM Devine,Asmavia Iqbal,0,0,bowled,RH Priest
ball,1,1.3,New Zealand,AE Satterthwaite,SFM Devine,Asmavia Iqbal,0,0,"",""
ball,1,1.4,New Zealand,AE Satterthwaite,SFM Devine,Asmavia Iqbal,2,0,"",""
ball,1,1.5,New Zealand,AE Satterthwaite,SFM Devine,Asmavia Iqbal,1,0,"",""
ball,1,1.6,New Zealand,SFM Devine,AE Satterthwaite,Asmavia Iqbal,0,0,"",""
ball,1,2.1,New Zealand,AE Satterthwaite,SFM Devine,Iram Javed,0,1,"",""
ball,1,2.2,New Zealand,AE Satterthwaite,SFM Devine,Iram Javed,0,1,"",""
ball,1,2.3,New Zealand,AE Satterthwaite,SFM Devine,Iram Javed,4,0,"",""
ball,1,2.4,New Zealand,AE Satterthwaite,SFM Devine,Iram Javed,0,0,"",""
ball,1,2.5,New Zealand,AE Satterthwaite,SFM Devine,Iram Javed,4,0,"",""
ball,1,2.6,New Zealand,AE Satterthwaite,SFM Devine,Iram Javed,1,0,"",""
ball,1,2.7,New Zealand,SFM Devine,AE Satterthwaite,Iram Javed,1,0,"",""
ball,1,2.8,New Zealand,AE Satterthwaite,SFM Devine,Iram Javed,0,0,"",""
ball,1,3.1,New Zealand,SFM Devine,AE Satterthwaite,Asmavia Iqbal,4,0,"",""
ball,1,3.2,New Zealand,SFM Devine,AE Satterthwaite,Asmavia Iqbal,1,0,"",""
ball,1,3.3,New Zealand,AE Satterthwaite,SFM Devine,Asmavia Iqbal,1,0,"",""
ball,1,3.4,New Zealand,SFM Devine,AE Satterthwaite,Asmavia Iqbal,0,0,"",""
ball,1,3.5,New Zealand,SFM Devine,AE Satterthwaite,Asmavia Iqbal,0,0,"",""
ball,1,3.6,New Zealand,SFM Devine,AE Satterthwaite,Asmavia Iqbal,4,0,"",""
ball,1,4.1,New Zealand,AE Satterthwaite,SFM Devine,Sana Mir,0,0,"",""
ball,1,4.2,New Zealand,AE Satterthwaite,SFM Devine,Sana Mir,1,0,"",""
ball,1,4.3,New Zealand,SFM Devine,AE Satterthwaite,Sana Mir,0,1,"",""
ball,1,4.4,New Zealand,SFM Devine,AE Satterthwaite,Sana Mir,1,0,"",""
ball,1,4.5,New Zealand,AE Satterthwaite,SFM Devine,Sana Mir,0,0,caught,AE Satterthwaite
ball,1,4.6,New Zealand,SFM Devine,KJ Martin,Sana Mir,0,0,bowled,SFM Devine
ball,1,4.7,New Zealand,TMM Newton,KJ Martin,Sana Mir,0,0,"",""
ball,1,5.1,New Zealand,KJ Martin,TMM Newton,Asmavia Iqbal,1,0,"",""
ball,1,5.2,New Zealand,TMM Newton,KJ Martin,Asmavia Iqbal,0,0,"",""
ball,1,5.3,New Zealand,TMM Newton,KJ Martin,Asmavia Iqbal,0,1,"",""
ball,1,5.4,New Zealand,KJ Martin,TMM Newton,Asmavia Iqbal,4,0,"",""
ball,1,5.5,New Zealand,KJ Martin,TMM Newton,Asmavia Iqbal,0,0,"",""
ball,1,5.6,New Zealand,KJ Martin,TMM Newton,Asmavia Iqbal,1,0,"",""
ball,1,6.1,New Zealand,KJ Martin,TMM Newton,Sana Mir,1,0,"",""
ball,1,6.2,New Zealand,TMM Newton,KJ Martin,Sana Mir,0,0,"",""
ball,1,6.3,New Zealand,TMM Newton,KJ Martin,Sana Mir,1,0,"",""
ball,1,6.4,New Zealand,KJ Martin,TMM Newton,Sana Mir,0,0,"",""
ball,1,6.5,New Zealand,KJ Martin,TMM Newton,Sana Mir,0,0,"",""
ball,1,6.6,New Zealand,KJ Martin,TMM Newton,Sana Mir,0,0,"",""
ball,1,7.1,New Zealand,TMM Newton,KJ Martin,Sadia Yousuf,0,0,"",""
ball,1,7.2,New Zealand,TMM Newton,KJ Martin,Sadia Yousuf,0,0,run out,TMM Newton
ball,1,7.3,New Zealand,KJ Martin,EC Perry,Sadia Yousuf,0,0,"",""
ball,1,7.4,New Zealand,KJ Martin,EC Perry,Sadia Yousuf,0,0,"",""
ball,1,7.5,New Zealand,KJ Martin,EC Perry,Sadia Yousuf,0,0,"",""
ball,1,7.6,New Zealand,KJ Martin,EC Perry,Sadia Yousuf,1,0,"",""
ball,1,8.1,New Zealand,KJ Martin,EC Perry,Nida Dar,1,0,"",""
ball,1,8.2,New Zealand,EC Perry,KJ Martin,Nida Dar,0,0,"",""
ball,1,8.3,New Zealand,EC Perry,KJ Martin,Nida Dar,1,0,"",""
ball,1,8.4,New Zealand,KJ Martin,EC Perry,Nida Dar,0,0,"",""
ball,1,8.5,New Zealand,KJ Martin,EC Perry,Nida Dar,2,0,"",""
ball,1,8.6,New Zealand,KJ Martin,EC Perry,Nida Dar,1,0,"",""
ball,1,9.1,New Zealand,KJ Martin,EC Perry,Sadia Yousuf,1,0,"",""
ball,1,9.2,New Zealand,EC Perry,KJ Martin,Sadia Yousuf,2,0,"",""
ball,1,9.3,New Zealand,EC Perry,KJ Martin,Sadia Yousuf,2,0,"",""
ball,1,9.4,New Zealand,EC Perry,KJ Martin,Sadia Yousuf,1,0,"",""
ball,1,9.5,New Zealand,KJ Martin,EC Perry,Sadia Yousuf,1,0,"",""
ball,1,9.6,New Zealand,EC Perry,KJ Martin,Sadia Yousuf,1,0,"",""
ball,1,10.1,New Zealand,EC Perry,KJ Martin,Nida Dar,1,0,"",""
ball,1,10.2,New Zealand,KJ Martin,EC Perry,Nida Dar,4,0,"",""
ball,1,10.3,New Zealand,KJ Martin,EC Perry,Nida Dar,1,0,"",""
ball,1,10.4,New Zealand,EC Perry,KJ Martin,Nida Dar,2,0,"",""
ball,1,10.5,New Zealand,EC Perry,KJ Martin,Nida Dar,0,0,"",""
ball,1,10.6,New Zealand,EC Perry,KJ Martin,Nida Dar,4,0,"",""
ball,1,11.1,New Zealand,KJ Martin,EC Perry,Sadia Yousuf,0,0,caught,KJ Martin
ball,1,11.2,New Zealand,KT Perkins,EC Perry,Sadia Yousuf,0,0,"",""
ball,1,11.3,New Zealand,KT Perkins,EC Perry,Sadia Yousuf,0,0,"",""
ball,1,11.4,New Zealand,KT Perkins,EC Perry,Sadia Yousuf,2,0,"",""
ball,1,11.5,New Zealand,KT Perkins,EC Perry,Sadia Yousuf,0,0,"",""
ball,1,11.6,New Zealand,KT Perkins,EC Perry,Sadia Yousuf,0,0,"",""
ball,1,12.1,New Zealand,EC Perry,KT Perkins,Aliya Riaz,0,0,"",""
ball,1,12.2,New Zealand,EC Perry,KT Perkins,Aliya Riaz,1,0,"",""
ball,1,12.3,New Zealand,KT Perkins,EC Perry,Aliya Riaz,0,0,"",""
ball,1,12.4,New Zealand,KT Perkins,EC Perry,Aliya Riaz,0,0,"",""
ball,1,12.5,New Zealand,KT Perkins,EC Perry,Aliya Riaz,1,0,"",""
ball,1,12.6,New Zealand,EC Perry,KT Perkins,Aliya Riaz,0,0,"",""
ball,1,13.1,New Zealand,KT Perkins,EC Perry,Nida Dar,1,0,"",""
ball,1,13.2,New Zealand,EC Perry,KT Perkins,Nida Dar,1,0,"",""
ball,1,13.3,New Zealand,KT Perkins,EC Perry,Nida Dar,0,0,"",""
ball,1,13.4,New Zealand,KT Perkins,EC Perry,Nida Dar,0,0,"",""
ball,1,13.5,New Zealand,KT Perkins,EC Perry,Nida Dar,1,0,"",""
ball,1,13.6,New Zealand,EC Perry,KT Perkins,Nida Dar,1,0,"",""
ball,1,14.1,New Zealand,EC Perry,KT Perkins,Aliya Riaz,0,0,"",""
ball,1,14.2,New Zealand,EC Perry,KT Perkins,Aliya Riaz,1,0,"",""
ball,1,14.3,New Zealand,KT Perkins,EC Perry,Aliya Riaz,1,0,"",""
ball,1,14.4,New Zealand,EC Perry,KT Perkins,Aliya Riaz,4,0,"",""
ball,1,14.5,New Zealand,EC Perry,KT Perkins,Aliya Riaz,4,0,"",""
ball,1,14.6,New Zealand,EC Perry,KT Perkins,Aliya Riaz,0,0,"",""
ball,1,15.1,New Zealand,KT Perkins,EC Perry,Nida Dar,0,0,"",""
ball,1,15.2,New Zealand,KT Perkins,EC Perry,Nida Dar,1,0,"",""
ball,1,15.3,New Zealand,EC Perry,KT Perkins,Nida Dar,0,0,caught,EC Perry
ball,1,15.4,New Zealand,LMM Tahuhu,KT Perkins,Nida Dar,1,0,"",""
ball,1,15.5,New Zealand,KT Perkins,LMM Tahuhu,Nida Dar,2,0,"",""
ball,1,15.6,New Zealand,KT Perkins,LMM Tahuhu,Nida Dar,0,0,"",""
ball,1,16.1,New Zealand,LMM Tahuhu,KT Perkins,Sana Mir,0,0,"",""
ball,1,16.2,New Zealand,LMM Tahuhu,KT Perkins,Sana Mir,0,0,"",""
ball,1,16.3,New Zealand,LMM Tahuhu,KT Perkins,Sana Mir,0,0,"",""
ball,1,16.4,New Zealand,LMM Tahuhu,KT Perkins,Sana Mir,1,0,"",""
ball,1,16.5,New Zealand,KT Perkins,LMM Tahuhu,Sana Mir,1,0,"",""
ball,1,16.6,New Zealand,LMM Tahuhu,KT Perkins,Sana Mir,1,0,"",""
ball,1,17.1,New Zealand,LMM Tahuhu,KT Perkins,Sadia Yousuf,0,0,"",""
ball,1,17.2,New Zealand,LMM Tahuhu,KT Perkins,Sadia Yousuf,1,0,"",""
ball,1,17.3,New Zealand,KT Perkins,LMM Tahuhu,Sadia Yousuf,0,0,"",""
ball,1,17.4,New Zealand,KT Perkins,LMM Tahuhu,Sadia Yousuf,0,0,"",""
ball,1,17.5,New Zealand,KT Perkins,LMM Tahuhu,Sadia Yousuf,1,0,"",""
ball,1,17.6,New Zealand,LMM Tahuhu,KT Perkins,Sadia Yousuf,0,0,"",""
ball,1,18.1,New Zealand,KT Perkins,LMM Tahuhu,Sana Mir,1,0,"",""
ball,1,18.2,New Zealand,LMM Tahuhu,KT Perkins,Sana Mir,3,0,"",""
ball,1,18.3,New Zealand,KT Perkins,LMM Tahuhu,Sana Mir,4,0,"",""
ball,1,18.4,New Zealand,KT Perkins,LMM Tahuhu,Sana Mir,1,0,"",""
ball,1,18.5,New Zealand,LMM Tahuhu,KT Perkins,Sana Mir,0,0,"",""
ball,1,18.6,New Zealand,LMM Tahuhu,KT Perkins,Sana Mir,1,0,"",""
ball,1,19.1,New Zealand,LMM Tahuhu,KT Perkins,Asmavia Iqbal,2,0,"",""
ball,1,19.2,New Zealand,LMM Tahuhu,KT Perkins,Asmavia Iqbal,4,0,"",""
ball,1,19.3,New Zealand,LMM Tahuhu,KT Perkins,Asmavia Iqbal,0,1,"",""
ball,1,19.4,New Zealand,LMM Tahuhu,KT Perkins,Asmavia Iqbal,2,0,"",""
ball,1,19.5,New Zealand,LMM Tahuhu,KT Perkins,Asmavia Iqbal,0,0,run out,LMM Tahuhu
ball,1,19.6,New Zealand,KT Perkins,AC Kerr,Asmavia Iqbal,0,0,caught,KT Perkins
ball,1,19.7,New Zealand,AC Kerr,MJG Nielsen,Asmavia Iqbal,1,0,"",""
ball,2,0.1,Pakistan,Ayesha Zafar,Javeria Khan,MJG Nielsen,0,0,"",""
ball,2,0.2,Pakistan,Ayesha Zafar,Javeria Khan,MJG Nielsen,1,0,"",""
ball,2,0.3,Pakistan,Javeria Khan,Ayesha Zafar,MJG Nielsen,0,0,"",""
ball,2,0.4,Pakistan,Javeria Khan,Ayesha Zafar,MJG Nielsen,1,0,"",""
ball,2,0.5,Pakistan,Ayesha Zafar,Javeria Khan,MJG Nielsen,0,0,"",""
ball,2,0.6,Pakistan,Ayesha Zafar,Javeria Khan,MJG Nielsen,0,0,"",""
ball,2,1.1,Pakistan,Javeria Khan,Ayesha Zafar,LMM Tahuhu,0,0,caught,Javeria Khan
ball,2,1.2,Pakistan,Ayesha Zafar,Bismah Maroof,LMM Tahuhu,0,0,"",""
ball,2,1.3,Pakistan,Ayesha Zafar,Bismah Maroof,LMM Tahuhu,4,0,"",""
ball,2,1.4,Pakistan,Ayesha Zafar,Bismah Maroof,LMM Tahuhu,4,0,"",""
ball,2,1.5,Pakistan,Ayesha Zafar,Bismah Maroof,LMM Tahuhu,1,0,"",""
ball,2,1.6,Pakistan,Bismah Maroof,Ayesha Zafar,LMM Tahuhu,0,0,"",""
ball,2,2.1,Pakistan,Ayesha Zafar,Bismah Maroof,MJG Nielsen,0,1,"",""
ball,2,2.2,Pakistan,Ayesha Zafar,Bismah Maroof,MJG Nielsen,0,1,"",""
ball,2,2.3,Pakistan,Ayesha Zafar,Bismah Maroof,MJG Nielsen,1,0,"",""
ball,2,2.4,Pakistan,Bismah Maroof,Ayesha Zafar,MJG Nielsen,0,0,"",""
ball,2,2.5,Pakistan,Bismah Maroof,Ayesha Zafar,MJG Nielsen,1,0,"",""
ball,2,2.6,Pakistan,Ayesha Zafar,Bismah Maroof,MJG Nielsen,1,0,"",""
ball,2,2.7,Pakistan,Bismah Maroof,Ayesha Zafar,MJG Nielsen,0,0,run out,Bismah Maroof
ball,2,2.8,Pakistan,Ayesha Zafar,Nain Abidi,MJG Nielsen,0,0,"",""
ball,2,3.1,Pakistan,Nain Abidi,Ayesha Zafar,LMM Tahuhu,0,0,"",""
ball,2,3.2,Pakistan,Nain Abidi,Ayesha Zafar,LMM Tahuhu,0,0,bowled,Nain Abidi
ball,2,3.3,Pakistan,Iram Javed,Ayesha Zafar,LMM Tahuhu,0,0,"",""
ball,2,3.4,Pakistan,Iram Javed,Ayesha Zafar,LMM Tahuhu,0,1,"",""
ball,2,3.5,Pakistan,Iram Javed,Ayesha Zafar,LMM Tahuhu,0,0,"",""
ball,2,3.6,Pakistan,Iram Javed,Ayesha Zafar,LMM Tahuhu,0,0,"",""
ball,2,3.7,Pakistan,Iram Javed,Ayesha Zafar,LMM Tahuhu,0,1,"",""
ball,2,3.8,Pakistan,Iram Javed,Ayesha Zafar,LMM Tahuhu,0,0,"",""
ball,2,4.1,Pakistan,Ayesha Zafar,Iram Javed,AE Satterthwaite,0,0,"",""
ball,2,4.2,Pakistan,Ayesha Zafar,Iram Javed,AE Satterthwaite,1,0,"",""
ball,2,4.3,Pakistan,Iram Javed,Ayesha Zafar,AE Satterthwaite,1,0,"",""
ball,2,4.4,Pakistan,Ayesha Zafar,Iram Javed,AE Satterthwaite,1,0,"",""
ball,2,4.5,Pakistan,Iram Javed,Ayesha Zafar,AE Satterthwaite,0,0,"",""
ball,2,4.6,Pakistan,Iram Javed,Ayesha Zafar,AE Satterthwaite,0,0,"",""
ball,2,5.1,Pakistan,Ayesha Zafar,Iram Javed,LMM Tahuhu,0,0,"",""
ball,2,5.2,Pakistan,Ayesha Zafar,Iram Javed,LMM Tahuhu,0,1,"",""
ball,2,5.3,Pakistan,Ayesha Zafar,Iram Javed,LMM Tahuhu,0,0,caught,Ayesha Zafar
ball,2,5.4,Pakistan,Iram Javed,Nida Dar,LMM Tahuhu,1,0,"",""
ball,2,5.5,Pakistan,Nida Dar,Iram Javed,LMM Tahuhu,0,0,"",""
ball,2,5.6,Pakistan,Nida Dar,Iram Javed,LMM Tahuhu,0,0,"",""
ball,2,5.7,Pakistan,Nida Dar,Iram Javed,LMM Tahuhu,1,0,"",""
ball,2,6.1,Pakistan,Nida Dar,Iram Javed,AE Satterthwaite,0,0,"",""
ball,2,6.2,Pakistan,Nida Dar,Iram Javed,AE Satterthwaite,1,0,"",""
ball,2,6.3,Pakistan,Iram Javed,Nida Dar,AE Satterthwaite,0,0,"",""
ball,2,6.4,Pakistan,Iram Javed,Nida Dar,AE Satterthwaite,0,0,"",""
ball,2,6.5,Pakistan,Iram Javed,Nida Dar,AE Satterthwaite,1,0,"",""
ball,2,6.6,Pakistan,Nida Dar,Iram Javed,AE Satterthwaite,0,0,"",""
ball,2,7.1,Pakistan,Iram Javed,Nida Dar,LMM Tahuhu,0,0,"",""
ball,2,7.2,Pakistan,Iram Javed,Nida Dar,LMM Tahuhu,1,0,"",""
ball,2,7.3,Pakistan,Nida Dar,Iram Javed,LMM Tahuhu,0,0,"",""
ball,2,7.4,Pakistan,Nida Dar,Iram Javed,LMM Tahuhu,1,0,"",""
ball,2,7.5,Pakistan,Iram Javed,Nida Dar,LMM Tahuhu,0,0,"",""
ball,2,7.6,Pakistan,Iram Javed,Nida Dar,LMM Tahuhu,1,0,"",""
ball,2,8.1,Pakistan,Iram Javed,Nida Dar,TMM Newton,0,0,"",""
ball,2,8.2,Pakistan,Iram Javed,Nida Dar,TMM Newton,1,0,"",""
ball,2,8.3,Pakistan,Nida Dar,Iram Javed,TMM Newton,0,0,"",""
ball,2,8.4,Pakistan,Nida Dar,Iram Javed,TMM Newton,4,0,"",""
ball,2,8.5,Pakistan,Nida Dar,Iram Javed,TMM Newton,0,0,"",""
ball,2,8.6,Pakistan,Nida Dar,Iram Javed,TMM Newton,0,0,lbw,Nida Dar
ball,2,9.1,Pakistan,Iram Javed,Asmavia Iqbal,SFM Devine,0,0,"",""
ball,2,9.2,Pakistan,Iram Javed,Asmavia Iqbal,SFM Devine,4,0,"",""
ball,2,9.3,Pakistan,Iram Javed,Asmavia Iqbal,SFM Devine,0,0,"",""
ball,2,9.4,Pakistan,Iram Javed,Asmavia Iqbal,SFM Devine,4,0,"",""
ball,2,9.5,Pakistan,Iram Javed,Asmavia Iqbal,SFM Devine,1,0,"",""
ball,2,9.6,Pakistan,Asmavia Iqbal,Iram Javed,SFM Devine,0,0,"",""
ball,2,10.1,Pakistan,Iram Javed,Asmavia Iqbal,TMM Newton,1,0,"",""
ball,2,10.2,Pakistan,Asmavia Iqbal,Iram Javed,TMM Newton,1,0,"",""
ball,2,10.3,Pakistan,Iram Javed,Asmavia Iqbal,TMM Newton,0,5,"",""
ball,2,10.4,Pakistan,Iram Javed,Asmavia Iqbal,TMM Newton,0,1,"",""
ball,2,10.5,Pakistan,Iram Javed,Asmavia Iqbal,TMM Newton,0,0,caught,Iram Javed
ball,2,10.6,Pakistan,Sidra Nawaz,Asmavia Iqbal,TMM Newton,0,0,"",""
ball,2,10.7,Pakistan,Sidra Nawaz,Asmavia Iqbal,TMM Newton,1,0,"",""
ball,2,10.8,Pakistan,Asmavia Iqbal,Sidra Nawaz,TMM Newton,0,0,"",""
ball,2,11.1,Pakistan,Sidra Nawaz,Asmavia Iqbal,AC Kerr,0,0,"",""
ball,2,11.2,Pakistan,Sidra Nawaz,Asmavia Iqbal,AC Kerr,1,0,"",""
ball,2,11.3,Pakistan,Asmavia Iqbal,Sidra Nawaz,AC Kerr,1,0,"",""
ball,2,11.4,Pakistan,Sidra Nawaz,Asmavia Iqbal,AC Kerr,0,0,caught,Sidra Nawaz
ball,2,11.5,Pakistan,Asmavia Iqbal,Sana Mir,AC Kerr,0,0,"",""
ball,2,11.6,Pakistan,Asmavia Iqbal,Sana Mir,AC Kerr,1,0,"",""
ball,2,12.1,Pakistan,Asmavia Iqbal,Sana Mir,SW Bates,0,0,"",""
ball,2,12.2,Pakistan,Asmavia Iqbal,Sana Mir,SW Bates,1,0,"",""
ball,2,12.3,Pakistan,Sana Mir,Asmavia Iqbal,SW Bates,0,0,"",""
ball,2,12.4,Pakistan,Sana Mir,Asmavia Iqbal,SW Bates,2,0,"",""
ball,2,12.5,Pakistan,Sana Mir,Asmavia Iqbal,SW Bates,1,0,"",""
ball,2,12.6,Pakistan,Asmavia Iqbal,Sana Mir,SW Bates,0,0,"",""
ball,2,13.1,Pakistan,Sana Mir,Asmavia Iqbal,AC Kerr,1,0,"",""
ball,2,13.2,Pakistan,Asmavia Iqbal,Sana Mir,AC Kerr,0,0,lbw,Asmavia Iqbal
ball,2,13.3,Pakistan,Aliya Riaz,Sana Mir,AC Kerr,0,0,"",""
ball,2,13.4,Pakistan,Aliya Riaz,Sana Mir,AC Kerr,0,0,"",""
ball,2,13.5,Pakistan,Aliya Riaz,Sana Mir,AC Kerr,4,0,"",""
ball,2,13.6,Pakistan,Aliya Riaz,Sana Mir,AC Kerr,0,0,"",""
ball,2,14.1,Pakistan,Sana Mir,Aliya Riaz,SW Bates,1,0,"",""
ball,2,14.2,Pakistan,Aliya Riaz,Sana Mir,SW Bates,1,0,"",""
ball,2,14.3,Pakistan,Sana Mir,Aliya Riaz,SW Bates,1,0,"",""
ball,2,14.4,Pakistan,Aliya Riaz,Sana Mir,SW Bates,2,0,"",""
ball,2,14.5,Pakistan,Aliya Riaz,Sana Mir,SW Bates,1,0,"",""
ball,2,14.6,Pakistan,Sana Mir,Aliya Riaz,SW Bates,1,0,"",""
ball,2,15.1,Pakistan,Sana Mir,Aliya Riaz,AC Kerr,0,0,"",""
ball,2,15.2,Pakistan,Sana Mir,Aliya Riaz,AC Kerr,0,0,"",""
ball,2,15.3,Pakistan,Sana Mir,Aliya Riaz,AC Kerr,1,0,"",""
ball,2,15.4,Pakistan,Aliya Riaz,Sana Mir,AC Kerr,1,0,"",""
ball,2,15.5,Pakistan,Sana Mir,Aliya Riaz,AC Kerr,1,0,"",""
ball,2,15.6,Pakistan,Aliya Riaz,Sana Mir,AC Kerr,0,0,"",""
ball,2,16.1,Pakistan,Sana Mir,Aliya Riaz,AE Satterthwaite,1,0,"",""
ball,2,16.2,Pakistan,Aliya Riaz,Sana Mir,AE Satterthwaite,4,0,"",""
ball,2,16.3,Pakistan,Aliya Riaz,Sana Mir,AE Satterthwaite,1,0,"",""
ball,2,16.4,Pakistan,Sana Mir,Aliya Riaz,AE Satterthwaite,4,0,"",""
ball,2,16.5,Pakistan,Sana Mir,Aliya Riaz,AE Satterthwaite,1,0,"",""
ball,2,16.6,Pakistan,Aliya Riaz,Sana Mir,AE Satterthwaite,0,0,"",""
ball,2,17.1,Pakistan,Sana Mir,Aliya Riaz,AC Kerr,0,1,"",""
ball,2,17.2,Pakistan,Sana Mir,Aliya Riaz,AC Kerr,1,0,"",""
ball,2,17.3,Pakistan,Aliya Riaz,Sana Mir,AC Kerr,0,0,"",""
ball,2,17.4,Pakistan,Aliya Riaz,Sana Mir,AC Kerr,1,0,"",""
ball,2,17.5,Pakistan,Sana Mir,Aliya Riaz,AC Kerr,1,0,"",""
ball,2,17.6,Pakistan,Aliya Riaz,Sana Mir,AC Kerr,1,0,"",""
ball,2,17.7,Pakistan,Sana Mir,Aliya Riaz,AC Kerr,0,0,bowled,Sana Mir
ball,2,18.1,Pakistan,Aliya Riaz,Sadia Yousuf,SW Bates,0,0,"",""
ball,2,18.2,Pakistan,Aliya Riaz,Sadia Yousuf,SW Bates,1,0,"",""
ball,2,18.3,Pakistan,Sadia Yousuf,Aliya Riaz,SW Bates,1,0,"",""
ball,2,18.4,Pakistan,Aliya Riaz,Sadia Yousuf,SW Bates,1,0,"",""
ball,2,18.5,Pakistan,Sadia Yousuf,Aliya Riaz,SW Bates,0,0,"",""
ball,2,18.6,Pakistan,Sadia Yousuf,Aliya Riaz,SW Bates,0,0,"",""
ball,2,19.1,Pakistan,Aliya Riaz,Sadia Yousuf,TMM Newton,1,0,"",""
ball,2,19.2,Pakistan,Sadia Yousuf,Aliya Riaz,TMM Newton,1,0,"",""
ball,2,19.3,Pakistan,Aliya Riaz,Sadia Yousuf,TMM Newton,4,0,"",""
ball,2,19.4,Pakistan,Aliya Riaz,Sadia Yousuf,TMM Newton,4,0,"",""
ball,2,19.5,Pakistan,Aliya Riaz,Sadia Yousuf,TMM Newton,1,0,"",""
ball,2,19.6,Pakistan,Sadia Yousuf,Aliya Riaz,TMM Newton,0,0,run out,Sadia Yousuf
