version,1.3.0
info,team,United Arab Emirates
info,team,Afghanistan
info,gender,male
info,season,2016/17
info,date,2016/12/18
info,series,Afghanistan in United Arab Emirates T20I Series
info,match_number,3
info,venue,ICC Academy
info,city,Dubai
info,toss_winner,Afghanistan
info,toss_decision,bat
info,player_of_match,Rashid Khan
info,umpire,Akbar Ali
info,umpire,Iftikhar Ali
info,reserve_umpire,Ahmed Shah Durrani
info,match_referee,GF Labrooy
info,winner,Afghanistan
info,winner_runs,44
ball,1,0.1,Afghanistan,Mohammad Shahzad,Najeeb Tarakai,Mohammad Naveed,0,0,"",""
ball,1,0.2,Afghanistan,Mohammad Shahzad,Najeeb Tarakai,Mohammad Naveed,0,0,"",""
ball,1,0.3,Afghanistan,Mohammad Shahzad,Najeeb Tarakai,Mohammad Naveed,0,0,"",""
ball,1,0.4,Afghanistan,Mohammad Shahzad,Najeeb Tarakai,Mohammad Naveed,0,0,"",""
ball,1,0.5,Afghanistan,Mohammad Shahzad,Najeeb Tarakai,Mohammad Naveed,1,0,"",""
ball,1,0.6,Afghanistan,Najeeb Tarakai,Mohammad Shahzad,Mohammad Naveed,1,0,"",""
ball,1,1.1,Afghanistan,Najeeb Tarakai,Mohammad Shahzad,Ahmed Raza,0,0,"",""
ball,1,1.2,Afghanistan,Najeeb Tarakai,Mohammad Shahzad,Ahmed Raza,1,0,"",""
ball,1,1.3,Afghanistan,Mohammad Shahzad,Najeeb Tarakai,Ahmed Raza,0,0,"",""
ball,1,1.4,Afghanistan,Mohammad Shahzad,Najeeb Tarakai,Ahmed Raza,0,0,"",""
ball,1,1.5,Afghanistan,Mohammad Shahzad,Najeeb Tarakai,Ahmed Raza,4,0,"",""
ball,1,1.6,Afghanistan,Mohammad Shahzad,Najeeb Tarakai,Ahmed Raza,4,0,"",""
ball,1,2.1,Afghanistan,Najeeb Tarakai,Mohammad Shahzad,Mohammad Naveed,0,1,"",""
ball,1,2.2,Afghanistan,Mohammad Shahzad,Najeeb Tarakai,Mohammad Naveed,0,0,"",""
ball,1,2.3,Afghanistan,Mohammad Shahzad,Najeeb Tarakai,Mohammad Naveed,1,0,"",""
ball,1,2.4,Afghanistan,Najeeb Tarakai,Mohammad Shahzad,Mohammad Naveed,4,0,"",""
ball,1,2.5,Afghanistan,Najeeb Tarakai,Mohammad Shahzad,Mohammad Naveed,4,0,"",""
ball,1,2.6,Afghanistan,Najeeb Tarakai,Mohammad Shahzad,Mohammad Naveed,0,0,"",""
ball,1,3.1,Afghanistan,Mohammad Shahzad,Najeeb Tarakai,Ahmed Raza,4,0,"",""
ball,1,3.2,Afghanistan,Mohammad Shahzad,Najeeb Tarakai,Ahmed Raza,0,0,"",""
ball,1,3.3,Afghanistan,Mohammad Shahzad,Najeeb Tarakai,Ahmed Raza,1,0,"",""
ball,1,3.4,Afghanistan,Najeeb Tarakai,Mohammad Shahzad,Ahmed Raza,1,0,"",""
ball,1,3.5,Afghanistan,Mohammad Shahzad,Najeeb Tarakai,Ahmed Raza,0,0,"",""
ball,1,3.6,Afghanistan,Mohammad Shahzad,Najeeb Tarakai,Ahmed Raza,0,0,"",""
ball,1,4.1,Afghanistan,Najeeb Tarakai,Mohammad Shahzad,Muhammed Shanil,0,0,"",""
ball,1,4.2,Afghanistan,Najeeb Tarakai,Mohammad Shahzad,Muhammed Shanil,4,0,"",""
ball,1,4.3,Afghanistan,Najeeb Tarakai,Mohammad Shahzad,Muhammed Shanil,1,0,"",""
ball,1,4.4,Afghanistan,Mohammad Shahzad,Najeeb Tarakai,Muhammed Shanil,4,0,"",""
ball,1,4.5,Afghanistan,Mohammad Shahzad,Najeeb Tarakai,Muhammed Shanil,1,0,"",""
ball,1,4.6,Afghanistan,Najeeb Tarakai,Mohammad Shahzad,Muhammed Shanil,0,0,"",""
ball,1,5.1,Afghanistan,Mohammad Shahzad,Najeeb Tarakai,Ahmed Raza,4,0,"",""
ball,1,5.2,Afghanistan,Mohammad Shahzad,Najeeb Tarakai,Ahmed Raza,4,0,"",""
ball,1,5.3,Afghanistan,Mohammad Shahzad,Najeeb Tarakai,Ahmed Raza,0,0,"",""
ball,1,5.4,Afghanistan,Mohammad Shahzad,Najeeb Tarakai,Ahmed Raza,0,0,"",""
ball,1,5.5,Afghanistan,Mohammad Shahzad,Najeeb Tarakai,Ahmed Raza,4,0,"",""
ball,1,5.6,Afghanistan,Mohammad Shahzad,Najeeb Tarakai,Ahmed Raza,1,0,"",""
ball,1,6.1,Afghanistan,Mohammad Shahzad,Najeeb Tarakai,Muhammed Shanil,1,0,"",""
ball,1,6.2,Afghanistan,Najeeb Tarakai,Mohammad Shahzad,Muhammed Shanil,1,0,"",""
ball,1,6.3,Afghanistan,Mohammad Shahzad,Najeeb Tarakai,Muhammed Shanil,1,0,"",""
ball,1,6.4,Afghanistan,Najeeb Tarakai,Mohammad Shahzad,Muhammed Shanil,2,0,"",""
ball,1,6.5,Afghanistan,Najeeb Tarakai,Mohammad Shahzad,Muhammed Shanil,1,0,"",""
ball,1,6.6,Afghanistan,Mohammad Shahzad,Najeeb Tarakai,Muhammed Shanil,2,0,"",""
ball,1,7.1,Afghanistan,Najeeb Tarakai,Mohammad Shahzad,Imran Haider,1,0,"",""
ball,1,7.2,Afghanistan,Mohammad Shahzad,Najeeb Tarakai,Imran Haider,1,0,"",""
ball,1,7.3,Afghanistan,Najeeb Tarakai,Mohammad Shahzad,Imran Haider,1,0,"",""
ball,1,7.4,Afghanistan,Mohammad Shahzad,Najeeb Tarakai,Imran Haider,6,0,"",""
ball,1,7.5,Afghanistan,Mohammad Shahzad,Najeeb Tarakai,Imran Haider,0,0,bowled,Mohammad Shahzad
ball,1,7.6,Afghanistan,Asghar Stanikzai,Najeeb Tarakai,Imran Haider,0,0,"",""
ball,1,8.1,Afghanistan,Najeeb Tarakai,Asghar Stanikzai,Mohammad Shahzad (2),1,0,"",""
ball,1,8.2,Afghanistan,Asghar Stanikzai,Najeeb Tarakai,Mohammad Shahzad (2),1,0,"",""
ball,1,8.3,Afghanistan,Najeeb Tarakai,Asghar Stanikzai,Mohammad Shahzad (2),6,0,"",""
ball,1,8.4,Afghanistan,Najeeb Tarakai,Asghar Stanikzai,Mohammad Shahzad (2),1,0,"",""
ball,1,8.5,Afghanistan,Asghar Stanikzai,Najeeb Tarakai,Mohammad Shahzad (2),0,0,"",""
ball,1,8.6,Afghanistan,Asghar Stanikzai,Najeeb Tarakai,Mohammad Shahzad (2),6,0,"",""
ball,1,9.1,Afghanistan,Najeeb Tarakai,Asghar Stanikzai,Imran Haider,1,0,"",""
ball,1,9.2,Afghanistan,Asghar Stanikzai,Najeeb Tarakai,Imran Haider,1,0,"",""
ball,1,9.3,Afghanistan,Najeeb Tarakai,Asghar Stanikzai,Imran Haider,4,0,"",""
ball,1,9.4,Afghanistan,Najeeb Tarakai,Asghar Stanikzai,Imran Haider,1,0,"",""
ball,1,9.5,Afghanistan,Asghar Stanikzai,Najeeb Tarakai,Imran Haider,1,0,"",""
ball,1,9.6,Afghanistan,Najeeb Tarakai,Asghar Stanikzai,Imran Haider,4,0,"",""
ball,1,10.1,Afghanistan,Asghar Stanikzai,Najeeb Tarakai,Rohan Mustafa,1,0,"",""
ball,1,10.2,Afghanistan,Najeeb Tarakai,Asghar Stanikzai,Rohan Mustafa,0,0,caught,Najeeb Tarakai
ball,1,10.3,Afghanistan,Usman Ghani,Asghar Stanikzai,Rohan Mustafa,1,0,"",""
ball,1,10.4,Afghanistan,Asghar Stanikzai,Usman Ghani,Rohan Mustafa,0,0,"",""
ball,1,10.5,Afghanistan,Asghar Stanikzai,Usman Ghani,Rohan Mustafa,0,0,caught,Asghar Stanikzai
ball,1,10.6,Afghanistan,Samiullah Shenwari,Usman Ghani,Rohan Mustafa,0,0,"",""
ball,1,11.1,Afghanistan,Usman Ghani,Samiullah Shenwari,Imran Haider,1,0,"",""
ball,1,11.2,Afghanistan,Samiullah Shenwari,Usman Ghani,Imran Haider,0,1,"",""
ball,1,11.3,Afghanistan,Samiullah Shenwari,Usman Ghani,Imran Haider,2,0,"",""
ball,1,11.4,Afghanistan,Samiullah Shenwari,Usman Ghani,Imran Haider,0,0,"",""
ball,1,11.5,Afghanistan,Samiullah Shenwari,Usman Ghani,Imran Haider,1,0,"",""
ball,1,11.6,Afghanistan,Usman Ghani,Samiullah Shenwari,Imran Haider,6,0,"",""
ball,1,11.7,Afghanistan,Usman Ghani,Samiullah Shenwari,Imran Haider,1,0,"",""
ball,1,12.1,Afghanistan,Usman Ghani,Samiullah Shenwari,Rohan Mustafa,1,0,"",""
ball,1,12.2,Afghanistan,Samiullah Shenwari,Usman Ghani,Rohan Mustafa,6,0,"",""
ball,1,12.3,Afghanistan,Samiullah Shenwari,Usman Ghani,Rohan Mustafa,1,0,"",""
ball,1,12.4,Afghanistan,Usman Ghani,Samiullah Shenwari,Rohan Mustafa,2,0,"",""
ball,1,12.5,Afghanistan,Usman Ghani,Samiullah Shenwari,Rohan Mustafa,1,0,"",""
ball,1,12.6,Afghanistan,Samiullah Shenwari,Usman Ghani,Rohan Mustafa,0,0,"",""
ball,1,13.1,Afghanistan,Usman Ghani,Samiullah Shenwari,Mohammad Shahzad (2),1,0,"",""
ball,1,13.2,Afghanistan,Samiullah Shenwari,Usman Ghani,Mohammad Shahzad (2),1,0,"",""
ball,1,13.3,Afghanistan,Usman Ghani,Samiullah Shenwari,Mohammad Shahzad (2),1,0,"",""
ball,1,13.4,Afghanistan,Samiullah Shenwari,Usman Ghani,Mohammad Shahzad (2),1,0,"",""
ball,1,13.5,Afghanistan,Usman Ghani,Samiullah Shenwari,Mohammad Shahzad (2),2,0,"",""
ball,1,13.6,Afghanistan,Usman Ghani,Samiullah Shenwari,Mohammad Shahzad (2),1,0,"",""
ball,1,14.1,Afghanistan,Usman Ghani,Samiullah Shenwari,Rohan Mustafa,0,1,"",""
ball,1,14.2,Afghanistan,Usman Ghani,Samiullah Shenwari,Rohan Mustafa,0,0,"",""
ball,1,14.3,Afghanistan,Usman Ghani,Samiullah Shenwari,Rohan Mustafa,6,0,"",""
ball,1,14.4,Afghanistan,Usman Ghani,Samiullah Shenwari,Rohan Mustafa,1,0,"",""
ball,1,14.5,Afghanistan,Samiullah Shenwari,Usman Ghani,Rohan Mustafa,1,0,"",""
ball,1,14.6,Afghanistan,Usman Ghani,Samiullah Shenwari,Rohan Mustafa,1,0,"",""
ball,1,14.7,Afghanistan,Samiullah Shenwari,Usman Ghani,Rohan Mustafa,4,0,"",""
ball,1,15.1,Afghanistan,Usman Ghani,Samiullah Shenwari,Ahmed Raza,1,0,"",""
ball,1,15.2,Afghanistan,Samiullah Shenwari,Usman Ghani,Ahmed Raza,0,0,"",""
ball,1,15.3,Afghanistan,Samiullah Shenwari,Usman Ghani,Ahmed Raza,2,0,"",""
ball,1,15.4,Afghanistan,Samiullah Shenwari,Usman Ghani,Ahmed Raza,1,0,"",""
ball,1,15.5,Afghanistan,Usman Ghani,Samiullah Shenwari,Ahmed Raza,0,0,caught,Usman Ghani
ball,1,15.6,Afghanistan,Samiullah Shenwari,Najibullah Zadran,Ahmed Raza,1,0,"",""
ball,1,16.1,Afghanistan,Samiullah Shenwari,Najibullah Zadran,Muhammed Shanil,6,0,"",""
ball,1,16.2,Afghanistan,Samiullah Shenwari,Najibullah Zadran,Muhammed Shanil,1,0,"",""
ball,1,16.3,Afghanistan,Najibullah Zadran,Samiullah Shenwari,Muhammed Shanil,1,0,"",""
ball,1,16.4,Afghanistan,Samiullah Shenwari,Najibullah Zadran,Muhammed Shanil,0,0,"",""
ball,1,16.5,Afghanistan,Samiullah Shenwari,Najibullah Zadran,Muhammed Shanil,6,0,"",""
ball,1,16.6,Afghanistan,Samiullah Shenwari,Najibullah Zadran,Muhammed Shanil,4,0,"",""
ball,1,17.1,Afghanistan,Najibullah Zadran,Samiullah Shenwari,Mohammad Naveed,1,0,"",""
ball,1,17.2,Afghanistan,Samiullah Shenwari,Najibullah Zadran,Mohammad Naveed,1,0,"",""
ball,1,17.3,Afghanistan,Najibullah Zadran,Samiullah Shenwari,Mohammad Naveed,1,0,"",""
ball,1,17.4,Afghanistan,Samiullah Shenwari,Najibullah Zadran,Mohammad Naveed,0,0,bowled,Samiullah Shenwari
ball,1,17.5,Afghanistan,Mohammad Nabi,Najibullah Zadran,Mohammad Naveed,1,0,"",""
ball,1,17.6,Afghanistan,Najibullah Zadran,Mohammad Nabi,Mohammad Naveed,1,0,"",""
ball,1,18.1,Afghanistan,Najibullah Zadran,Mohammad Nabi,Muhammed Shanil,0,0,"",""
ball,1,18.2,Afghanistan,Najibullah Zadran,Mohammad Nabi,Muhammed Shanil,2,0,"",""
ball,1,18.3,Afghanistan,Najibullah Zadran,Mohammad Nabi,Muhammed Shanil,4,0,"",""
ball,1,18.4,Afghanistan,Najibullah Zadran,Mohammad Nabi,Muhammed Shanil,6,0,"",""
ball,1,18.5,Afghanistan,Najibullah Zadran,Mohammad Nabi,Muhammed Shanil,0,1,"",""
ball,1,18.6,Afghanistan,Mohammad Nabi,Najibullah Zadran,Muhammed Shanil,1,0,"",""
ball,1,19.1,Afghanistan,Mohammad Nabi,Najibullah Zadran,Mohammad Naveed,1,0,"",""
ball,1,19.2,Afghanistan,Najibullah Zadran,Mohammad Nabi,Mohammad Naveed,1,0,"",""
ball,1,19.3,Afghanistan,Mohammad Nabi,Najibullah Zadran,Mohammad Naveed,1,0,"",""
ball,1,19.4,Afghanistan,Najibullah Zadran,Mohammad Nabi,Mohammad Naveed,1,0,"",""
ball,1,19.5,Afghanistan,Mohammad Nabi,Najibullah Zadran,Mohammad Naveed,2,0,"",""
ball,1,19.6,Afghanistan,Mohammad Nabi,Najibullah Zadran,Mohammad Naveed,1,0,"",""
ball,2,0.1,United Arab Emirates,Rohan Mustafa,Mohammad Shahzad (2),Fareed Ahmad,1,0,"",""
ball,2,0.2,United Arab Emirates,Mohammad Shahzad (2),Rohan Mustafa,Fareed Ahmad,1,0,"",""
ball,2,0.3,United Arab Emirates,Rohan Mustafa,Mohammad Shahzad (2),Fareed Ahmad,0,1,"",""
ball,2,0.4,United Arab Emirates,Rohan Mustafa,Mohammad Shahzad (2),Fareed Ahmad,0,0,"",""
ball,2,0.5,United Arab Emirates,Rohan Mustafa,Mohammad Shahzad (2),Fareed Ahmad,0,0,"",""
ball,2,0.6,United Arab Emirates,Rohan Mustafa,Mohammad Shahzad (2),Fareed Ahmad,0,0,"",""
ball,2,0.7,United Arab Emirates,Rohan Mustafa,Mohammad Shahzad (2),Fareed Ahmad,1,0,"",""
ball,2,1.1,United Arab Emirates,Rohan Mustafa,Mohammad Shahzad (2),Mohammad Nabi,1,0,"",""
ball,2,1.2,United Arab Emirates,Mohammad Shahzad (2),Rohan Mustafa,Mohammad Nabi,0,0,"",""
ball,2,1.3,United Arab Emirates,Mohammad Shahzad (2),Rohan Mustafa,Mohammad Nabi,0,0,caught,Mohammad Shahzad (2)
ball,2,1.4,United Arab Emirates,Shaiman Anwar,Rohan Mustafa,Mohammad Nabi,1,0,"",""
ball,2,1.5,United Arab Emirates,Rohan Mustafa,Shaiman Anwar,Mohammad Nabi,6,0,"",""
ball,2,1.6,United Arab Emirates,Rohan Mustafa,Shaiman Anwar,Mohammad Nabi,1,0,"",""
ball,2,2.1,United Arab Emirates,Rohan Mustafa,Shaiman Anwar,Fareed Ahmad,1,0,"",""
ball,2,2.2,United Arab Emirates,Shaiman Anwar,Rohan Mustafa,Fareed Ahmad,0,1,"",""
ball,2,2.3,United Arab Emirates,Shaiman Anwar,Rohan Mustafa,Fareed Ahmad,1,0,"",""
ball,2,2.4,United Arab Emirates,Rohan Mustafa,Shaiman Anwar,Fareed Ahmad,0,1,"",""
ball,2,2.5,United Arab Emirates,Rohan Mustafa,Shaiman Anwar,Fareed Ahmad,1,0,"",""
ball,2,2.6,United Arab Emirates,Shaiman Anwar,Rohan Mustafa,Fareed Ahmad,1,0,"",""
ball,2,2.7,United Arab Emirates,Rohan Mustafa,Shaiman Anwar,Fareed Ahmad,0,0,"",""
ball,2,2.8,United Arab Emirates,Rohan Mustafa,Shaiman Anwar,Fareed Ahmad,4,0,"",""
ball,2,3.1,United Arab Emirates,Shaiman Anwar,Rohan Mustafa,Mohammad Nabi,0,0,"",""
ball,2,3.2,United Arab Emirates,Shaiman Anwar,Rohan Mustafa,Mohammad Nabi,0,1,"",""
ball,2,3.3,United Arab Emirates,Shaiman Anwar,Rohan Mustafa,Mohammad Nabi,1,0,"",""
ball,2,3.4,United Arab Emirates,Rohan Mustafa,Shaiman Anwar,Mohammad Nabi,0,0,"",""
ball,2,3.5,United Arab Emirates,Rohan Mustafa,Shaiman Anwar,Mohammad Nabi,2,0,"",""
ball,2,3.6,United Arab Emirates,Rohan Mustafa,Shaiman Anwar,Mohammad Nabi,2,0,"",""
ball,2,3.7,United Arab Emirates,Rohan Mustafa,Shaiman Anwar,Mohammad Nabi,0,0,"",""
ball,2,4.1,United Arab Emirates,Shaiman Anwar,Rohan Mustafa,Amir Hamza,1,0,"",""
ball,2,4.2,United Arab Emirates,Rohan Mustafa,Shaiman Anwar,Amir Hamza,0,0,"",""
ball,2,4.3,United Arab Emirates,Rohan Mustafa,Shaiman Anwar,Amir Hamza,6,0,"",""
ball,2,4.4,United Arab Emirates,Rohan Mustafa,Shaiman Anwar,Amir Hamza,1,0,"",""
ball,2,4.5,United Arab Emirates,Shaiman Anwar,Rohan Mustafa,Amir Hamza,4,0,"",""
ball,2,4.6,United Arab Emirates,Shaiman Anwar,Rohan Mustafa,Amir Hamza,6,0,"",""
ball,2,5.1,United Arab Emirates,Rohan Mustafa,Shaiman Anwar,Karim Janat,4,0,"",""
ball,2,5.2,United Arab Emirates,Rohan Mustafa,Shaiman Anwar,Karim Janat,6,0,"",""
ball,2,5.3,United Arab Emirates,Rohan Mustafa,Shaiman Anwar,Karim Janat,1,0,"",""
ball,2,5.4,United Arab Emirates,Shaiman Anwar,Rohan Mustafa,Karim Janat,0,0,"",""
ball,2,5.5,United Arab Emirates,Shaiman Anwar,Rohan Mustafa,Karim Janat,1,0,"",""
ball,2,5.6,United Arab Emirates,Rohan Mustafa,Shaiman Anwar,Karim Janat,4,0,"",""
ball,2,6.1,United Arab Emirates,Shaiman Anwar,Rohan Mustafa,Amir Hamza,0,0,"",""
ball,2,6.2,United Arab Emirates,Shaiman Anwar,Rohan Mustafa,Amir Hamza,0,0,"",""
ball,2,6.3,United Arab Emirates,Shaiman Anwar,Rohan Mustafa,Amir Hamza,1,0,"",""
ball,2,6.4,United Arab Emirates,Rohan Mustafa,Shaiman Anwar,Amir Hamza,1,0,"",""
ball,2,6.5,United Arab Emirates,Shaiman Anwar,Rohan Mustafa,Amir Hamza,1,0,"",""
ball,2,6.6,United Arab Emirates,Rohan Mustafa,Shaiman Anwar,Amir Hamza,1,0,"",""
ball,2,7.1,United Arab Emirates,Rohan Mustafa,Shaiman Anwar,Karim Janat,1,0,"",""
ball,2,7.2,United Arab Emirates,Shaiman Anwar,Rohan Mustafa,Karim Janat,1,0,"",""
ball,2,7.3,United Arab Emirates,Rohan Mustafa,Shaiman Anwar,Karim Janat,1,0,"",""
ball,2,7.4,United Arab Emirates,Shaiman Anwar,Rohan Mustafa,Karim Janat,1,0,"",""
ball,2,7.5,United Arab Emirates,Rohan Mustafa,Shaiman Anwar,Karim Janat,1,0,"",""
ball,2,7.6,United Arab Emirates,Shaiman Anwar,Rohan Mustafa,Karim Janat,2,0,"",""
ball,2,8.1,United Arab Emirates,Rohan Mustafa,Shaiman Anwar,Amir Hamza,4,0,"",""
ball,2,8.2,United Arab Emirates,Rohan Mustafa,Shaiman Anwar,Amir Hamza,0,0,"",""
ball,2,8.3,United Arab Emirates,Rohan Mustafa,Shaiman Anwar,Amir Hamza,1,0,"",""
ball,2,8.4,United Arab Emirates,Shaiman Anwar,Rohan Mustafa,Amir Hamza,1,0,"",""
ball,2,8.5,United Arab Emirates,Rohan Mustafa,Shaiman Anwar,Amir Hamza,1,0,"",""
ball,2,8.6,United Arab Emirates,Shaiman Anwar,Rohan Mustafa,Amir Hamza,1,0,"",""
ball,2,9.1,United Arab Emirates,Shaiman Anwar,Rohan Mustafa,Mohammad Nabi,2,0,"",""
ball,2,9.2,United Arab Emirates,Shaiman Anwar,Rohan Mustafa,Mohammad Nabi,1,0,"",""
ball,2,9.3,United Arab Emirates,Rohan Mustafa,Shaiman Anwar,Mohammad Nabi,1,0,"",""
ball,2,9.4,United Arab Emirates,Shaiman Anwar,Rohan Mustafa,Mohammad Nabi,1,0,"",""
ball,2,9.5,United Arab Emirates,Rohan Mustafa,Shaiman Anwar,Mohammad Nabi,4,0,"",""
ball,2,9.6,United Arab Emirates,Rohan Mustafa,Shaiman Anwar,Mohammad Nabi,0,0,caught and bowled,Rohan Mustafa
ball,2,10.1,United Arab Emirates,Muhammad Usman,Shaiman Anwar,Rashid Khan,0,0,"",""
ball,2,10.2,United Arab Emirates,Muhammad Usman,Shaiman Anwar,Rashid Khan,0,0,"",""
ball,2,10.3,United Arab Emirates,Muhammad Usman,Shaiman Anwar,Rashid Khan,0,0,bowled,Muhammad Usman
ball,2,10.4,United Arab Emirates,Rameez Shahzad,Shaiman Anwar,Rashid Khan,0,0,"",""
ball,2,10.5,United Arab Emirates,Rameez Shahzad,Shaiman Anwar,Rashid Khan,0,0,"",""
ball,2,10.6,United Arab Emirates,Rameez Shahzad,Shaiman Anwar,Rashid Khan,1,0,"",""
ball,2,11.1,United Arab Emirates,Rameez Shahzad,Shaiman Anwar,Karim Janat,4,0,"",""
ball,2,11.2,United Arab Emirates,Rameez Shahzad,Shaiman Anwar,Karim Janat,1,0,"",""
ball,2,11.3,United Arab Emirates,Shaiman Anwar,Rameez Shahzad,Karim Janat,1,0,"",""
ball,2,11.4,United Arab Emirates,Rameez Shahzad,Shaiman Anwar,Karim Janat,0,0,"",""
ball,2,11.5,United Arab Emirates,Rameez Shahzad,Shaiman Anwar,Karim Janat,1,0,"",""
ball,2,11.6,United Arab Emirates,Shaiman Anwar,Rameez Shahzad,Karim Janat,2,0,"",""
ball,2,12.1,United Arab Emirates,Rameez Shahzad,Shaiman Anwar,Rashid Khan,1,0,"",""
ball,2,12.2,United Arab Emirates,Shaiman Anwar,Rameez Shahzad,Rashid Khan,0,0,"",""
ball,2,12.3,United Arab Emirates,Shaiman Anwar,Rameez Shahzad,Rashid Khan,2,0,"",""
ball,2,12.4,United Arab Emirates,Shaiman Anwar,Rameez Shahzad,Rashid Khan,3,0,"",""
ball,2,12.5,United Arab Emirates,Rameez Shahzad,Shaiman Anwar,Rashid Khan,1,0,"",""
ball,2,12.6,United Arab Emirates,Shaiman Anwar,Rameez Shahzad,Rashid Khan,0,0,"",""
ball,2,13.1,United Arab Emirates,Rameez Shahzad,Shaiman Anwar,Karim Janat,1,0,"",""
ball,2,13.2,United Arab Emirates,Shaiman Anwar,Rameez Shahzad,Karim Janat,2,0,"",""
ball,2,13.3,United Arab Emirates,Shaiman Anwar,Rameez Shahzad,Karim Janat,1,0,"",""
ball,2,13.4,United Arab Emirates,Rameez Shahzad,Shaiman Anwar,Karim Janat,1,0,"",""
ball,2,13.5,United Arab Emirates,Shaiman Anwar,Rameez Shahzad,Karim Janat,0,0,"",""
ball,2,13.6,United Arab Emirates,Shaiman Anwar,Rameez Shahzad,Karim Janat,2,0,"",""
ball,2,14.1,United Arab Emirates,Rameez Shahzad,Shaiman Anwar,Rashid Khan,0,0,"",""
ball,2,14.2,United Arab Emirates,Rameez Shahzad,Shaiman Anwar,Rashid Khan,1,0,"",""
ball,2,14.3,United Arab Emirates,Shaiman Anwar,Rameez Shahzad,Rashid Khan,1,0,"",""
ball,2,14.4,United Arab Emirates,Rameez Shahzad,Shaiman Anwar,Rashid Khan,1,0,"",""
ball,2,14.5,United Arab Emirates,Shaiman Anwar,Rameez Shahzad,Rashid Khan,1,0,"",""
ball,2,14.6,United Arab Emirates,Rameez Shahzad,Shaiman Anwar,Rashid Khan,1,0,"",""
ball,2,15.1,United Arab Emirates,Rameez Shahzad,Shaiman Anwar,Amir Hamza,0,1,"",""
ball,2,15.2,United Arab Emirates,Rameez Shahzad,Shaiman Anwar,Amir Hamza,1,0,"",""
ball,2,15.3,United Arab Emirates,Shaiman Anwar,Rameez Shahzad,Amir Hamza,2,0,"",""
ball,2,15.4,United Arab Emirates,Shaiman Anwar,Rameez Shahzad,Amir Hamza,1,0,run out,Rameez Shahzad
ball,2,15.5,United Arab Emirates,Shaiman Anwar,Amjad Gul,Amir Hamza,1,0,"",""
ball,2,15.6,United Arab Emirates,Amjad Gul,Shaiman Anwar,Amir Hamza,0,0,"",""
ball,2,15.7,United Arab Emirates,Amjad Gul,Shaiman Anwar,Amir Hamza,1,0,"",""
ball,2,16.1,United Arab Emirates,Amjad Gul,Shaiman Anwar,Fareed Ahmad,1,0,"",""
ball,2,16.2,United Arab Emirates,Shaiman Anwar,Amjad Gul,Fareed Ahmad,1,0,"",""
ball,2,16.3,United Arab Emirates,Amjad Gul,Shaiman Anwar,Fareed Ahmad,0,1,"",""
ball,2,16.4,United Arab Emirates,Amjad Gul,Shaiman Anwar,Fareed Ahmad,0,0,"",""
ball,2,16.5,United Arab Emirates,Amjad Gul,Shaiman Anwar,Fareed Ahmad,0,0,caught,Amjad Gul
ball,2,16.6,United Arab Emirates,Shaiman Anwar,Ghulam Shabber,Fareed Ahmad,0,0,"",""
ball,2,16.7,United Arab Emirates,Shaiman Anwar,Ghulam Shabber,Fareed Ahmad,4,0,"",""
ball,2,17.1,United Arab Emirates,Ghulam Shabber,Shaiman Anwar,Mohammad Nabi,1,0,"",""
ball,2,17.2,United Arab Emirates,Shaiman Anwar,Ghulam Shabber,Mohammad Nabi,2,0,"",""
ball,2,17.3,United Arab Emirates,Shaiman Anwar,Ghulam Shabber,Mohammad Nabi,2,0,"",""
ball,2,17.4,United Arab Emirates,Shaiman Anwar,Ghulam Shabber,Mohammad Nabi,0,0,caught,Shaiman Anwar
ball,2,17.5,United Arab Emirates,Ghulam Shabber,Mohammad Naveed,Mohammad Nabi,1,0,"",""
ball,2,17.6,United Arab Emirates,Mohammad Naveed,Ghulam Shabber,Mohammad Nabi,0,0,"",""
ball,2,18.1,United Arab Emirates,Ghulam Shabber,Mohammad Naveed,Rashid Khan,0,0,caught,Ghulam Shabber
ball,2,18.2,United Arab Emirates,Mohammad Naveed,Muhammed Shanil,Rashid Khan,0,0,bowled,Mohammad Naveed
ball,2,18.3,United Arab Emirates,Ahmed Raza,Muhammed Shanil,Rashid Khan,0,0,"",""
ball,2,18.4,United Arab Emirates,Ahmed Raza,Muhammed Shanil,Rashid Khan,1,0,"",""
ball,2,18.5,United Arab Emirates,Muhammed Shanil,Ahmed Raza,Rashid Khan,0,0,"",""
ball,2,18.6,United Arab Emirates,Muhammed Shanil,Ahmed Raza,Rashid Khan,0,0,"",""
ball,2,19.1,United Arab Emirates,Ahmed Raza,Muhammed Shanil,Fareed Ahmad,0,0,"",""
ball,2,19.2,United Arab Emirates,Ahmed Raza,Muhammed Shanil,Fareed Ahmad,1,0,"",""
ball,2,19.3,United Arab Emirates,Muhammed Shanil,Ahmed Raza,Fareed Ahmad,1,0,"",""
ball,2,19.4,United Arab Emirates,Ahmed Raza,Muhammed Shanil,Fareed Ahmad,0,0,"",""
ball,2,19.5,United Arab Emirates,Ahmed Raza,Muhammed Shanil,Fareed Ahmad,2,0,"",""
ball,2,19.6,United Arab Emirates,Ahmed Raza,Muhammed Shanil,Fareed Ahmad,0,0,"",""
