version,1.3.0
info,team,Australia
info,team,England
info,gender,male
info,season,2007/08
info,date,2007/09/14
info,competition,ICC World Twenty20
info,match_number,9
info,venue,Newlands
info,city,Cape Town
info,neutralvenue,true
info,toss_winner,England
info,toss_decision,bat
info,player_of_match,NW Bracken
info,umpire,Asad Rauf
info,umpire,IL Howell
info,reserve_umpire,M Erasmus
info,tv_umpire,AL Hill
info,match_referee,RS Madugalle
info,winner,Australia
info,winner_wickets,8
ball,1,0.1,England,DL Maddy,MJ Prior,B Lee,1,0,"",""
ball,1,0.2,England,MJ Prior,DL Maddy,B Lee,0,0,"",""
ball,1,0.3,England,MJ Prior,DL Maddy,B Lee,0,0,"",""
ball,1,0.4,England,MJ Prior,DL Maddy,B Lee,0,0,"",""
ball,1,0.5,England,MJ Prior,DL Maddy,B Lee,1,0,"",""
ball,1,0.6,England,DL Maddy,MJ Prior,B Lee,2,0,"",""
ball,1,1.1,England,MJ Prior,DL Maddy,NW Bracken,0,0,"",""
ball,1,1.2,England,MJ Prior,DL Maddy,NW Bracken,0,0,"",""
ball,1,1.3,England,MJ Prior,DL Maddy,NW Bracken,6,0,"",""
ball,1,1.4,England,MJ Prior,DL Maddy,NW Bracken,0,0,"",""
ball,1,1.5,England,MJ Prior,DL Maddy,NW Bracken,1,0,"",""
ball,1,1.6,England,DL Maddy,MJ Prior,NW Bracken,1,0,"",""
ball,1,2.1,England,DL Maddy,MJ Prior,B Lee,0,0,"",""
ball,1,2.2,England,DL Maddy,MJ Prior,B Lee,0,0,"",""
ball,1,2.3,England,DL Maddy,MJ Prior,B Lee,4,0,"",""
ball,1,2.4,England,DL Maddy,MJ Prior,B Lee,0,0,"",""
ball,1,2.5,England,DL Maddy,MJ Prior,B Lee,1,0,"",""
ball,1,2.6,England,MJ Prior,DL Maddy,B Lee,0,0,"",""
ball,1,3.1,England,DL Maddy,MJ Prior,SR Clark,1,0,"",""
ball,1,3.2,England,MJ Prior,DL Maddy,SR Clark,4,0,"",""
ball,1,3.3,England,MJ Prior,DL Maddy,SR Clark,0,0,"",""
ball,1,3.4,England,MJ Prior,DL Maddy,SR Clark,1,0,"",""
ball,1,3.5,England,DL Maddy,MJ Prior,SR Clark,1,0,"",""
ball,1,3.6,England,MJ Prior,DL Maddy,SR Clark,1,0,"",""
ball,1,4.1,England,MJ Prior,DL Maddy,MG Johnson,2,0,"",""
ball,1,4.2,England,MJ Prior,DL Maddy,MG Johnson,1,0,"",""
ball,1,4.3,England,DL Maddy,MJ Prior,MG Johnson,0,0,"",""
ball,1,4.4,England,DL Maddy,MJ Prior,MG Johnson,1,0,"",""
ball,1,4.5,England,MJ Prior,DL Maddy,MG Johnson,0,0,caught,MJ Prior
ball,1,4.6,England,DL Maddy,LJ Wright,MG Johnson,0,0,"",""
ball,1,5.1,England,LJ Wright,DL Maddy,SR Clark,0,0,"",""
ball,1,5.2,England,LJ Wright,DL Maddy,SR Clark,1,1,"",""
ball,1,5.3,England,DL Maddy,LJ Wright,SR Clark,0,0,"",""
ball,1,5.4,England,DL Maddy,LJ Wright,SR Clark,0,0,"",""
ball,1,5.5,England,DL Maddy,LJ Wright,SR Clark,0,0,"",""
ball,1,5.6,England,DL Maddy,LJ Wright,SR Clark,4,0,"",""
ball,1,5.7,England,DL Maddy,LJ Wright,SR Clark,0,0,"",""
ball,1,6.1,England,LJ Wright,DL Maddy,MG Johnson,0,0,"",""
ball,1,6.2,England,LJ Wright,DL Maddy,MG Johnson,2,0,"",""
ball,1,6.3,England,LJ Wright,DL Maddy,MG Johnson,0,0,"",""
ball,1,6.4,England,LJ Wright,DL Maddy,MG Johnson,0,0,caught,LJ Wright
ball,1,6.5,England,KP Pietersen,DL Maddy,MG Johnson,4,0,"",""
ball,1,6.6,England,KP Pietersen,DL Maddy,MG Johnson,1,0,"",""
ball,1,7.1,England,KP Pietersen,DL Maddy,SR Clark,0,0,"",""
ball,1,7.2,England,KP Pietersen,DL Maddy,SR Clark,1,1,"",""
ball,1,7.3,England,DL Maddy,KP Pietersen,SR Clark,4,0,"",""
ball,1,7.4,England,DL Maddy,KP Pietersen,SR Clark,0,0,caught,DL Maddy
ball,1,7.5,England,KP Pietersen,PD Collingwood,SR Clark,1,0,"",""
ball,1,7.6,England,PD Collingwood,KP Pietersen,SR Clark,0,0,"",""
ball,1,7.7,England,PD Collingwood,KP Pietersen,SR Clark,0,0,"",""
ball,1,8.1,England,KP Pietersen,PD Collingwood,MG Johnson,0,0,"",""
ball,1,8.2,England,KP Pietersen,PD Collingwood,MG Johnson,0,0,"",""
ball,1,8.3,England,KP Pietersen,PD Collingwood,MG Johnson,1,0,"",""
ball,1,8.4,England,PD Collingwood,KP Pietersen,MG Johnson,0,0,"",""
ball,1,8.5,England,PD Collingwood,KP Pietersen,MG Johnson,1,0,"",""
ball,1,8.6,England,KP Pietersen,PD Collingwood,MG Johnson,1,0,"",""
ball,1,9.1,England,KP Pietersen,PD Collingwood,A Symonds,1,0,"",""
ball,1,9.2,England,PD Collingwood,KP Pietersen,A Symonds,1,0,"",""
ball,1,9.3,England,KP Pietersen,PD Collingwood,A Symonds,1,0,"",""
ball,1,9.4,England,PD Collingwood,KP Pietersen,A Symonds,4,0,"",""
ball,1,9.5,England,PD Collingwood,KP Pietersen,A Symonds,4,0,"",""
ball,1,9.6,England,PD Collingwood,KP Pietersen,A Symonds,1,0,"",""
ball,1,10.1,England,PD Collingwood,KP Pietersen,B Lee,1,0,"",""
ball,1,10.2,England,KP Pietersen,PD Collingwood,B Lee,1,1,"",""
ball,1,10.3,England,PD Collingwood,KP Pietersen,B Lee,6,0,"",""
ball,1,10.4,England,PD Collingwood,KP Pietersen,B Lee,0,0,lbw,PD Collingwood
ball,1,10.5,England,A Flintoff,KP Pietersen,B Lee,1,0,"",""
ball,1,10.6,England,KP Pietersen,A Flintoff,B Lee,1,0,"",""
ball,1,10.7,England,A Flintoff,KP Pietersen,B Lee,0,0,"",""
ball,1,11.1,England,KP Pietersen,A Flintoff,MJ Clarke,0,0,"",""
ball,1,11.2,England,KP Pietersen,A Flintoff,MJ Clarke,4,0,"",""
ball,1,11.3,England,KP Pietersen,A Flintoff,MJ Clarke,1,0,"",""
ball,1,11.4,England,A Flintoff,KP Pietersen,MJ Clarke,4,0,"",""
ball,1,11.5,England,A Flintoff,KP Pietersen,MJ Clarke,1,0,"",""
ball,1,11.6,England,KP Pietersen,A Flintoff,MJ Clarke,1,0,"",""
ball,1,12.1,England,KP Pietersen,A Flintoff,B Lee,1,0,"",""
ball,1,12.2,England,A Flintoff,KP Pietersen,B Lee,4,0,"",""
ball,1,12.3,England,A Flintoff,KP Pietersen,B Lee,4,0,"",""
ball,1,12.4,England,A Flintoff,KP Pietersen,B Lee,0,0,"",""
ball,1,12.5,England,A Flintoff,KP Pietersen,B Lee,1,0,"",""
ball,1,12.6,England,KP Pietersen,A Flintoff,B Lee,1,0,"",""
ball,1,13.1,England,KP Pietersen,A Flintoff,NW Bracken,0,0,bowled,KP Pietersen
ball,1,13.2,England,OA Shah,A Flintoff,NW Bracken,0,0,"",""
ball,1,13.3,England,OA Shah,A Flintoff,NW Bracken,1,0,"",""
ball,1,13.4,England,A Flintoff,OA Shah,NW Bracken,1,0,"",""
ball,1,13.5,England,OA Shah,A Flintoff,NW Bracken,1,0,"",""
ball,1,13.6,England,A Flintoff,OA Shah,NW Bracken,0,0,"",""
ball,1,14.1,England,OA Shah,A Flintoff,MJ Clarke,0,0,"",""
ball,1,14.2,England,OA Shah,A Flintoff,MJ Clarke,0,0,"",""
ball,1,14.3,England,OA Shah,A Flintoff,MJ Clarke,1,0,"",""
ball,1,14.4,England,A Flintoff,OA Shah,MJ Clarke,1,0,"",""
ball,1,14.5,England,OA Shah,A Flintoff,MJ Clarke,1,0,"",""
ball,1,14.6,England,A Flintoff,OA Shah,MJ Clarke,0,0,"",""
ball,1,15.1,England,OA Shah,A Flintoff,A Symonds,6,0,"",""
ball,1,15.2,England,OA Shah,A Flintoff,A Symonds,1,0,"",""
ball,1,15.3,England,A Flintoff,OA Shah,A Symonds,6,0,"",""
ball,1,15.4,England,A Flintoff,OA Shah,A Symonds,1,0,"",""
ball,1,15.5,England,OA Shah,A Flintoff,A Symonds,2,0,"",""
ball,1,15.6,England,OA Shah,A Flintoff,A Symonds,0,0,"",""
ball,1,16.1,England,A Flintoff,OA Shah,MG Johnson,2,0,"",""
ball,1,16.2,England,A Flintoff,OA Shah,MG Johnson,1,0,"",""
ball,1,16.3,England,OA Shah,A Flintoff,MG Johnson,1,0,"",""
ball,1,16.4,England,A Flintoff,OA Shah,MG Johnson,0,0,"",""
ball,1,16.5,England,A Flintoff,OA Shah,MG Johnson,4,0,"",""
ball,1,16.6,England,A Flintoff,OA Shah,MG Johnson,0,0,caught,A Flintoff
ball,1,17.1,England,AD Mascarenhas,OA Shah,NW Bracken,0,0,"",""
ball,1,17.2,England,AD Mascarenhas,OA Shah,NW Bracken,0,0,"",""
ball,1,17.3,England,AD Mascarenhas,OA Shah,NW Bracken,1,0,"",""
ball,1,17.4,England,OA Shah,AD Mascarenhas,NW Bracken,0,0,caught,OA Shah
ball,1,17.5,England,AD Mascarenhas,CP Schofield,NW Bracken,1,0,"",""
ball,1,17.6,England,CP Schofield,AD Mascarenhas,NW Bracken,0,0,"",""
ball,1,18.1,England,AD Mascarenhas,CP Schofield,SR Clark,1,0,"",""
ball,1,18.2,England,CP Schofield,AD Mascarenhas,SR Clark,0,0,"",""
ball,1,18.3,England,CP Schofield,AD Mascarenhas,SR Clark,1,0,"",""
ball,1,18.4,England,AD Mascarenhas,CP Schofield,SR Clark,1,0,"",""
ball,1,18.5,England,CP Schofield,AD Mascarenhas,SR Clark,0,0,caught,CP Schofield
ball,1,18.6,England,SCJ Broad,AD Mascarenhas,SR Clark,0,0,run out,AD Mascarenhas
ball,1,19.1,England,RJ Kirtley,SCJ Broad,NW Bracken,1,0,"",""
ball,1,19.2,England,SCJ Broad,RJ Kirtley,NW Bracken,1,0,"",""
ball,1,19.3,England,RJ Kirtley,SCJ Broad,NW Bracken,0,0,"",""
ball,1,19.4,England,RJ Kirtley,SCJ Broad,NW Bracken,0,0,"",""
ball,1,19.5,England,RJ Kirtley,SCJ Broad,NW Bracken,1,0,"",""
ball,1,19.6,England,SCJ Broad,RJ Kirtley,NW Bracken,0,0,bowled,SCJ Broad
ball,2,0.1,Australia,AC Gilchrist,ML Hayden,SCJ Broad,0,0,"",""
ball,2,0.2,Australia,AC Gilchrist,ML Hayden,SCJ Broad,0,0,"",""
ball,2,0.3,Australia,AC Gilchrist,ML Hayden,SCJ Broad,0,0,"",""
ball,2,0.4,Australia,AC Gilchrist,ML Hayden,SCJ Broad,4,0,"",""
ball,2,0.5,Australia,AC Gilchrist,ML Hayden,SCJ Broad,1,0,"",""
ball,2,0.6,Australia,ML Hayden,AC Gilchrist,SCJ Broad,1,0,"",""
ball,2,1.1,Australia,ML Hayden,AC Gilchrist,A Flintoff,0,0,"",""
ball,2,1.2,Australia,ML Hayden,AC Gilchrist,A Flintoff,4,0,"",""
ball,2,1.3,Australia,ML Hayden,AC Gilchrist,A Flintoff,1,0,"",""
ball,2,1.4,Australia,AC Gilchrist,ML Hayden,A Flintoff,0,0,"",""
ball,2,1.5,Australia,AC Gilchrist,ML Hayden,A Flintoff,1,0,"",""
ball,2,1.6,Australia,ML Hayden,AC Gilchrist,A Flintoff,0,0,"",""
ball,2,2.1,Australia,AC Gilchrist,ML Hayden,SCJ Broad,4,0,"",""
ball,2,2.2,Australia,AC Gilchrist,ML Hayden,SCJ Broad,0,1,"",""
ball,2,2.3,Australia,ML Hayden,AC Gilchrist,SCJ Broad,4,0,"",""
ball,2,2.4,Australia,ML Hayden,AC Gilchrist,SCJ Broad,0,0,"",""
ball,2,2.5,Australia,ML Hayden,AC Gilchrist,SCJ Broad,1,0,"",""
ball,2,2.6,Australia,AC Gilchrist,ML Hayden,SCJ Broad,0,0,"",""
ball,2,3.1,Australia,ML Hayden,AC Gilchrist,A Flintoff,0,0,"",""
ball,2,3.2,Australia,ML Hayden,AC Gilchrist,A Flintoff,0,1,"",""
ball,2,3.3,Australia,AC Gilchrist,ML Hayden,A Flintoff,2,0,"",""
ball,2,3.4,Australia,AC Gilchrist,ML Hayden,A Flintoff,2,0,"",""
ball,2,3.5,Australia,AC Gilchrist,ML Hayden,A Flintoff,1,0,"",""
ball,2,3.6,Australia,ML Hayden,AC Gilchrist,A Flintoff,0,0,"",""
ball,2,4.1,Australia,AC Gilchrist,ML Hayden,PD Collingwood,2,0,"",""
ball,2,4.2,Australia,AC Gilchrist,ML Hayden,PD Collingwood,0,0,"",""
ball,2,4.3,Australia,AC Gilchrist,ML Hayden,PD Collingwood,2,0,"",""
ball,2,4.4,Australia,AC Gilchrist,ML Hayden,PD Collingwood,4,0,"",""
ball,2,4.5,Australia,AC Gilchrist,ML Hayden,PD Collingwood,6,0,"",""
ball,2,4.6,Australia,AC Gilchrist,ML Hayden,PD Collingwood,2,0,"",""
ball,2,5.1,Australia,ML Hayden,AC Gilchrist,RJ Kirtley,4,0,"",""
ball,2,5.2,Australia,ML Hayden,AC Gilchrist,RJ Kirtley,4,0,"",""
ball,2,5.3,Australia,ML Hayden,AC Gilchrist,RJ Kirtley,4,0,"",""
ball,2,5.4,Australia,ML Hayden,AC Gilchrist,RJ Kirtley,0,0,"",""
ball,2,5.5,Australia,ML Hayden,AC Gilchrist,RJ Kirtley,1,0,"",""
ball,2,5.6,Australia,AC Gilchrist,ML Hayden,RJ Kirtley,4,0,"",""
ball,2,6.1,Australia,ML Hayden,AC Gilchrist,AD Mascarenhas,1,0,"",""
ball,2,6.2,Australia,AC Gilchrist,ML Hayden,AD Mascarenhas,1,0,"",""
ball,2,6.3,Australia,ML Hayden,AC Gilchrist,AD Mascarenhas,1,0,"",""
ball,2,6.4,Australia,AC Gilchrist,ML Hayden,AD Mascarenhas,1,0,"",""
ball,2,6.5,Australia,ML Hayden,AC Gilchrist,AD Mascarenhas,4,0,"",""
ball,2,6.6,Australia,ML Hayden,AC Gilchrist,AD Mascarenhas,0,0,"",""
ball,2,7.1,Australia,AC Gilchrist,ML Hayden,A Flintoff,1,0,"",""
ball,2,7.2,Australia,ML Hayden,AC Gilchrist,A Flintoff,1,0,"",""
ball,2,7.3,Australia,AC Gilchrist,ML Hayden,A Flintoff,4,0,"",""
ball,2,7.4,Australia,AC Gilchrist,ML Hayden,A Flintoff,0,0,"",""
ball,2,7.5,Australia,AC Gilchrist,ML Hayden,A Flintoff,3,0,"",""
ball,2,7.6,Australia,ML Hayden,AC Gilchrist,A Flintoff,0,0,"",""
ball,2,8.1,Australia,AC Gilchrist,ML Hayden,CP Schofield,0,0,"",""
ball,2,8.2,Australia,AC Gilchrist,ML Hayden,CP Schofield,0,0,caught,AC Gilchrist
ball,2,8.3,Australia,ML Hayden,RT Ponting,CP Schofield,0,0,"",""
ball,2,8.4,Australia,ML Hayden,RT Ponting,CP Schofield,1,0,"",""
ball,2,8.5,Australia,RT Ponting,ML Hayden,CP Schofield,1,0,"",""
ball,2,8.6,Australia,ML Hayden,RT Ponting,CP Schofield,0,0,"",""
ball,2,9.1,Australia,RT Ponting,ML Hayden,AD Mascarenhas,1,0,"",""
ball,2,9.2,Australia,ML Hayden,RT Ponting,AD Mascarenhas,6,0,"",""
ball,2,9.3,Australia,ML Hayden,RT Ponting,AD Mascarenhas,4,0,"",""
ball,2,9.4,Australia,ML Hayden,RT Ponting,AD Mascarenhas,1,0,"",""
ball,2,9.5,Australia,RT Ponting,ML Hayden,AD Mascarenhas,1,0,"",""
ball,2,9.6,Australia,ML Hayden,RT Ponting,AD Mascarenhas,1,0,"",""
ball,2,10.1,Australia,ML Hayden,RT Ponting,CP Schofield,0,0,"",""
ball,2,10.2,Australia,ML Hayden,RT Ponting,CP Schofield,1,0,"",""
ball,2,10.3,Australia,RT Ponting,ML Hayden,CP Schofield,0,0,"",""
ball,2,10.4,Australia,RT Ponting,ML Hayden,CP Schofield,0,0,"",""
ball,2,10.5,Australia,RT Ponting,ML Hayden,CP Schofield,0,0,"",""
ball,2,10.6,Australia,RT Ponting,ML Hayden,CP Schofield,1,0,"",""
ball,2,11.1,Australia,RT Ponting,ML Hayden,SCJ Broad,1,0,"",""
ball,2,11.2,Australia,ML Hayden,RT Ponting,SCJ Broad,1,0,"",""
ball,2,11.3,Australia,RT Ponting,ML Hayden,SCJ Broad,1,0,"",""
ball,2,11.4,Australia,ML Hayden,RT Ponting,SCJ Broad,4,0,"",""
ball,2,11.5,Australia,ML Hayden,RT Ponting,SCJ Broad,0,0,"",""
ball,2,11.6,Australia,ML Hayden,RT Ponting,SCJ Broad,1,0,"",""
ball,2,12.1,Australia,ML Hayden,RT Ponting,CP Schofield,1,0,"",""
ball,2,12.2,Australia,RT Ponting,ML Hayden,CP Schofield,0,0,"",""
ball,2,12.3,Australia,RT Ponting,ML Hayden,CP Schofield,6,0,"",""
ball,2,12.4,Australia,RT Ponting,ML Hayden,CP Schofield,0,0,"",""
ball,2,12.5,Australia,RT Ponting,ML Hayden,CP Schofield,4,0,"",""
ball,2,12.6,Australia,RT Ponting,ML Hayden,CP Schofield,2,0,"",""
ball,2,13.1,Australia,ML Hayden,RT Ponting,A Flintoff,1,0,"",""
ball,2,13.2,Australia,RT Ponting,ML Hayden,A Flintoff,2,0,"",""
ball,2,13.3,Australia,RT Ponting,ML Hayden,A Flintoff,0,0,caught and bowled,RT Ponting
ball,2,13.4,Australia,A Symonds,ML Hayden,A Flintoff,1,0,"",""
ball,2,13.5,Australia,ML Hayden,A Symonds,A Flintoff,0,0,"",""
ball,2,13.6,Australia,ML Hayden,A Symonds,A Flintoff,1,0,"",""
ball,2,14.1,Australia,ML Hayden,A Symonds,CP Schofield,4,0,"",""
ball,2,14.2,Australia,ML Hayden,A Symonds,CP Schofield,4,0,"",""
ball,2,14.3,Australia,ML Hayden,A Symonds,CP Schofield,4,0,"",""
ball,2,14.4,Australia,ML Hayden,A Symonds,CP Schofield,1,0,"",""
ball,2,14.5,Australia,A Symonds,ML Hayden,CP Schofield,1,0,"",""
