version,1.3.0
info,team,West Indies
info,team,England
info,gender,male
info,season,2008/09
info,date,2009/03/15
info,venue,"Queen's Park Oval, Port of Spain"
info,city,Trinidad
info,toss_winner,West Indies
info,toss_decision,field
info,player_of_match,RR Sarwan
info,umpire,CR Duncan
info,umpire,NA Malcolm
info,reserve_umpire,T Birbal
info,tv_umpire,CE Mack
info,match_referee,J Srinath
info,winner,West Indies
info,winner_wickets,6
ball,1,0.1,England,RS Bopara,SM Davies,FH Edwards,4,0,"",""
ball,1,0.2,England,RS Bopara,SM Davies,FH Edwards,0,0,"",""
ball,1,0.3,England,RS Bopara,SM Davies,FH Edwards,1,0,"",""
ball,1,0.4,England,SM Davies,RS Bopara,FH Edwards,0,0,"",""
ball,1,0.5,England,SM Davies,RS Bopara,FH Edwards,4,0,"",""
ball,1,0.6,England,SM Davies,RS Bopara,FH Edwards,0,0,"",""
ball,1,1.1,England,RS Bopara,SM Davies,LS Baker,1,0,"",""
ball,1,1.2,England,SM Davies,RS Bopara,LS Baker,2,0,"",""
ball,1,1.3,England,SM Davies,RS Bopara,LS Baker,4,0,"",""
ball,1,1.4,England,SM Davies,RS Bopara,LS Baker,1,0,"",""
ball,1,1.5,England,RS Bopara,SM Davies,LS Baker,0,0,"",""
ball,1,1.6,England,RS Bopara,SM Davies,LS Baker,1,0,"",""
ball,1,2.1,England,RS Bopara,SM Davies,FH Edwards,4,0,"",""
ball,1,2.2,England,RS Bopara,SM Davies,FH Edwards,0,0,"",""
ball,1,2.3,England,RS Bopara,SM Davies,FH Edwards,1,0,"",""
ball,1,2.4,England,SM Davies,RS Bopara,FH Edwards,0,0,"",""
ball,1,2.5,England,SM Davies,RS Bopara,FH Edwards,1,0,"",""
ball,1,2.6,England,RS Bopara,SM Davies,FH Edwards,1,0,"",""
ball,1,3.1,England,RS Bopara,SM Davies,LS Baker,0,0,bowled,RS Bopara
ball,1,3.2,England,KP Pietersen,SM Davies,LS Baker,0,0,"",""
ball,1,3.3,England,KP Pietersen,SM Davies,LS Baker,1,0,"",""
ball,1,3.4,England,SM Davies,KP Pietersen,LS Baker,0,0,"",""
ball,1,3.5,England,SM Davies,KP Pietersen,LS Baker,1,0,"",""
ball,1,3.6,England,KP Pietersen,SM Davies,LS Baker,1,0,"",""
ball,1,4.1,England,KP Pietersen,SM Davies,DJG Sammy,0,0,"",""
ball,1,4.2,England,KP Pietersen,SM Davies,DJG Sammy,0,0,"",""
ball,1,4.3,England,KP Pietersen,SM Davies,DJG Sammy,0,4,"",""
ball,1,4.4,England,KP Pietersen,SM Davies,DJG Sammy,2,0,"",""
ball,1,4.5,England,KP Pietersen,SM Davies,DJG Sammy,1,0,"",""
ball,1,4.6,England,SM Davies,KP Pietersen,DJG Sammy,0,1,"",""
ball,1,5.1,England,SM Davies,KP Pietersen,DJ Bravo,0,0,"",""
ball,1,5.2,England,SM Davies,KP Pietersen,DJ Bravo,4,0,"",""
ball,1,5.3,England,SM Davies,KP Pietersen,DJ Bravo,1,0,"",""
ball,1,5.4,England,KP Pietersen,SM Davies,DJ Bravo,0,1,"",""
ball,1,5.5,England,KP Pietersen,SM Davies,DJ Bravo,1,0,"",""
ball,1,5.6,England,SM Davies,KP Pietersen,DJ Bravo,0,0,"",""
ball,1,5.7,England,SM Davies,KP Pietersen,DJ Bravo,4,0,"",""
ball,1,6.1,England,KP Pietersen,SM Davies,SJ Benn,2,0,"",""
ball,1,6.2,England,KP Pietersen,SM Davies,SJ Benn,1,0,"",""
ball,1,6.3,England,SM Davies,KP Pietersen,SJ Benn,0,0,"",""
ball,1,6.4,England,SM Davies,KP Pietersen,SJ Benn,4,0,"",""
ball,1,6.5,England,SM Davies,KP Pietersen,SJ Benn,0,0,"",""
ball,1,6.6,England,SM Davies,KP Pietersen,SJ Benn,1,0,"",""
ball,1,7.1,England,SM Davies,KP Pietersen,DJ Bravo,0,0,bowled,SM Davies
ball,1,7.2,England,OA Shah,KP Pietersen,DJ Bravo,0,0,"",""
ball,1,7.3,England,OA Shah,KP Pietersen,DJ Bravo,0,0,"",""
ball,1,7.4,England,OA Shah,KP Pietersen,DJ Bravo,0,0,"",""
ball,1,7.5,England,OA Shah,KP Pietersen,DJ Bravo,0,5,"",""
ball,1,7.6,England,OA Shah,KP Pietersen,DJ Bravo,1,0,"",""
ball,1,7.7,England,KP Pietersen,OA Shah,DJ Bravo,1,0,"",""
ball,1,8.1,England,KP Pietersen,OA Shah,SJ Benn,0,0,"",""
ball,1,8.2,England,KP Pietersen,OA Shah,SJ Benn,1,0,"",""
ball,1,8.3,England,OA Shah,KP Pietersen,SJ Benn,1,0,"",""
ball,1,8.4,England,KP Pietersen,OA Shah,SJ Benn,1,0,"",""
ball,1,8.5,England,OA Shah,KP Pietersen,SJ Benn,1,0,"",""
ball,1,8.6,England,KP Pietersen,OA Shah,SJ Benn,0,0,lbw,KP Pietersen
ball,1,9.1,England,OA Shah,PD Collingwood,DJ Bravo,1,0,"",""
ball,1,9.2,England,PD Collingwood,OA Shah,DJ Bravo,0,0,"",""
ball,1,9.3,England,PD Collingwood,OA Shah,DJ Bravo,1,0,"",""
ball,1,9.4,England,OA Shah,PD Collingwood,DJ Bravo,0,0,"",""
ball,1,9.5,England,OA Shah,PD Collingwood,DJ Bravo,0,1,"",""
ball,1,9.6,England,PD Collingwood,OA Shah,DJ Bravo,4,0,"",""
ball,1,10.1,England,OA Shah,PD Collingwood,SJ Benn,1,0,"",""
ball,1,10.2,England,PD Collingwood,OA Shah,SJ Benn,1,0,"",""
ball,1,10.3,England,OA Shah,PD Collingwood,SJ Benn,0,5,"",""
ball,1,10.4,England,OA Shah,PD Collingwood,SJ Benn,1,0,"",""
ball,1,10.5,England,PD Collingwood,OA Shah,SJ Benn,1,0,"",""
ball,1,10.6,England,OA Shah,PD Collingwood,SJ Benn,0,0,caught,OA Shah
ball,1,10.7,England,PD Collingwood,AJ Strauss,SJ Benn,0,0,"",""
ball,1,11.1,England,AJ Strauss,PD Collingwood,DJ Bravo,1,0,"",""
ball,1,11.2,England,PD Collingwood,AJ Strauss,DJ Bravo,1,0,"",""
ball,1,11.3,England,AJ Strauss,PD Collingwood,DJ Bravo,0,1,"",""
ball,1,11.4,England,AJ Strauss,PD Collingwood,DJ Bravo,1,0,"",""
ball,1,11.5,England,PD Collingwood,AJ Strauss,DJ Bravo,1,0,"",""
ball,1,11.6,England,AJ Strauss,PD Collingwood,DJ Bravo,1,0,"",""
ball,1,11.7,England,PD Collingwood,AJ Strauss,DJ Bravo,4,0,"",""
ball,1,12.1,England,AJ Strauss,PD Collingwood,DJG Sammy,0,0,"",""
ball,1,12.2,England,AJ Strauss,PD Collingwood,DJG Sammy,1,0,"",""
ball,1,12.3,England,PD Collingwood,AJ Strauss,DJG Sammy,1,0,"",""
ball,1,12.4,England,AJ Strauss,PD Collingwood,DJG Sammy,1,0,"",""
ball,1,12.5,England,PD Collingwood,AJ Strauss,DJG Sammy,0,0,caught,PD Collingwood
ball,1,12.6,England,AJ Strauss,AD Mascarenhas,DJG Sammy,1,0,"",""
ball,1,13.1,England,AJ Strauss,AD Mascarenhas,KA Pollard,0,0,"",""
ball,1,13.2,England,AJ Strauss,AD Mascarenhas,KA Pollard,0,0,"",""
ball,1,13.3,England,AJ Strauss,AD Mascarenhas,KA Pollard,0,0,"",""
ball,1,13.4,England,AJ Strauss,AD Mascarenhas,KA Pollard,1,0,"",""
ball,1,13.5,England,AD Mascarenhas,AJ Strauss,KA Pollard,0,0,"",""
ball,1,13.6,England,AD Mascarenhas,AJ Strauss,KA Pollard,0,0,"",""
ball,1,14.1,England,AJ Strauss,AD Mascarenhas,DJG Sammy,0,0,"",""
ball,1,14.2,England,AJ Strauss,AD Mascarenhas,DJG Sammy,1,0,"",""
ball,1,14.3,England,AD Mascarenhas,AJ Strauss,DJG Sammy,0,0,run out,AD Mascarenhas
ball,1,14.4,England,AJ Strauss,GJ Batty,DJG Sammy,1,0,"",""
ball,1,14.5,England,GJ Batty,AJ Strauss,DJG Sammy,1,0,"",""
ball,1,14.6,England,AJ Strauss,GJ Batty,DJG Sammy,1,0,"",""
ball,1,15.1,England,AJ Strauss,GJ Batty,KA Pollard,2,0,"",""
ball,1,15.2,England,AJ Strauss,GJ Batty,KA Pollard,4,0,"",""
ball,1,15.3,England,AJ Strauss,GJ Batty,KA Pollard,0,0,"",""
ball,1,15.4,England,AJ Strauss,GJ Batty,KA Pollard,4,0,"",""
ball,1,15.5,England,AJ Strauss,GJ Batty,KA Pollard,0,0,"",""
ball,1,15.6,England,AJ Strauss,GJ Batty,KA Pollard,1,0,"",""
ball,1,16.1,England,AJ Strauss,GJ Batty,DJG Sammy,0,0,"",""
ball,1,16.2,England,AJ Strauss,GJ Batty,DJG Sammy,1,0,"",""
ball,1,16.3,England,GJ Batty,AJ Strauss,DJG Sammy,1,0,"",""
ball,1,16.4,England,AJ Strauss,GJ Batty,DJG Sammy,0,0,"",""
ball,1,16.5,England,AJ Strauss,GJ Batty,DJG Sammy,0,0,run out,AJ Strauss
ball,1,16.6,England,GJ Batty,SCJ Broad,DJG Sammy,1,0,"",""
ball,1,17.1,England,GJ Batty,SCJ Broad,FH Edwards,1,0,"",""
ball,1,17.2,England,SCJ Broad,GJ Batty,FH Edwards,1,0,"",""
ball,1,17.3,England,GJ Batty,SCJ Broad,FH Edwards,0,0,"",""
ball,1,17.4,England,GJ Batty,SCJ Broad,FH Edwards,0,0,"",""
ball,1,17.5,England,GJ Batty,SCJ Broad,FH Edwards,0,0,run out,GJ Batty
ball,1,17.6,England,SCJ Broad,A Khan,FH Edwards,0,0,"",""
ball,1,18.1,England,A Khan,SCJ Broad,SJ Benn,1,0,"",""
ball,1,18.2,England,SCJ Broad,A Khan,SJ Benn,0,1,"",""
ball,1,18.3,England,A Khan,SCJ Broad,SJ Benn,0,0,"",""
ball,1,18.4,England,A Khan,SCJ Broad,SJ Benn,1,0,"",""
ball,1,18.5,England,SCJ Broad,A Khan,SJ Benn,1,0,"",""
ball,1,18.6,England,A Khan,SCJ Broad,SJ Benn,0,0,bowled,A Khan
ball,1,19.1,England,SCJ Broad,JM Anderson,FH Edwards,0,0,caught,SCJ Broad
ball,2,0.1,West Indies,RR Sarwan,ADS Fletcher,JM Anderson,0,1,"",""
ball,2,0.2,West Indies,RR Sarwan,ADS Fletcher,JM Anderson,0,0,"",""
ball,2,0.3,West Indies,RR Sarwan,ADS Fletcher,JM Anderson,1,0,"",""
ball,2,0.4,West Indies,ADS Fletcher,RR Sarwan,JM Anderson,0,0,"",""
ball,2,0.5,West Indies,ADS Fletcher,RR Sarwan,JM Anderson,0,1,"",""
ball,2,0.6,West Indies,ADS Fletcher,RR Sarwan,JM Anderson,0,0,"",""
ball,2,0.7,West Indies,ADS Fletcher,RR Sarwan,JM Anderson,2,0,"",""
ball,2,0.8,West Indies,ADS Fletcher,RR Sarwan,JM Anderson,0,1,"",""
ball,2,0.9,West Indies,ADS Fletcher,RR Sarwan,JM Anderson,4,0,"",""
ball,2,1.1,West Indies,RR Sarwan,ADS Fletcher,SCJ Broad,1,0,"",""
ball,2,1.2,West Indies,ADS Fletcher,RR Sarwan,SCJ Broad,0,0,caught,ADS Fletcher
ball,2,1.3,West Indies,RR Sarwan,S Chanderpaul,SCJ Broad,0,0,"",""
ball,2,1.4,West Indies,RR Sarwan,S Chanderpaul,SCJ Broad,1,0,"",""
ball,2,1.5,West Indies,S Chanderpaul,RR Sarwan,SCJ Broad,4,0,"",""
ball,2,1.6,West Indies,S Chanderpaul,RR Sarwan,SCJ Broad,0,0,"",""
ball,2,2.1,West Indies,RR Sarwan,S Chanderpaul,A Khan,4,0,"",""
ball,2,2.2,West Indies,RR Sarwan,S Chanderpaul,A Khan,4,0,"",""
ball,2,2.3,West Indies,RR Sarwan,S Chanderpaul,A Khan,1,0,"",""
ball,2,2.4,West Indies,S Chanderpaul,RR Sarwan,A Khan,0,0,"",""
ball,2,2.5,West Indies,S Chanderpaul,RR Sarwan,A Khan,4,0,"",""
ball,2,2.6,West Indies,S Chanderpaul,RR Sarwan,A Khan,0,0,"",""
ball,2,3.1,West Indies,RR Sarwan,S Chanderpaul,SCJ Broad,0,1,"",""
ball,2,3.2,West Indies,RR Sarwan,S Chanderpaul,SCJ Broad,1,0,"",""
ball,2,3.3,West Indies,S Chanderpaul,RR Sarwan,SCJ Broad,4,0,"",""
ball,2,3.4,West Indies,S Chanderpaul,RR Sarwan,SCJ Broad,0,1,"",""
ball,2,3.5,West Indies,RR Sarwan,S Chanderpaul,SCJ Broad,1,0,"",""
ball,2,3.6,West Indies,S Chanderpaul,RR Sarwan,SCJ Broad,0,0,"",""
ball,2,3.7,West Indies,S Chanderpaul,RR Sarwan,SCJ Broad,0,1,"",""
ball,2,3.8,West Indies,S Chanderpaul,RR Sarwan,SCJ Broad,0,0,"",""
ball,2,4.1,West Indies,RR Sarwan,S Chanderpaul,JM Anderson,6,0,"",""
ball,2,4.2,West Indies,RR Sarwan,S Chanderpaul,JM Anderson,1,0,"",""
ball,2,4.3,West Indies,S Chanderpaul,RR Sarwan,JM Anderson,0,0,"",""
ball,2,4.4,West Indies,S Chanderpaul,RR Sarwan,JM Anderson,0,0,"",""
ball,2,4.5,West Indies,S Chanderpaul,RR Sarwan,JM Anderson,0,0,"",""
ball,2,4.6,West Indies,S Chanderpaul,RR Sarwan,JM Anderson,0,0,caught,S Chanderpaul
ball,2,5.1,West Indies,RR Sarwan,LMP Simmons,A Khan,1,0,"",""
ball,2,5.2,West Indies,LMP Simmons,RR Sarwan,A Khan,0,0,"",""
ball,2,5.3,West Indies,LMP Simmons,RR Sarwan,A Khan,1,0,"",""
ball,2,5.4,West Indies,RR Sarwan,LMP Simmons,A Khan,2,0,"",""
ball,2,5.5,West Indies,RR Sarwan,LMP Simmons,A Khan,1,0,"",""
ball,2,5.6,West Indies,LMP Simmons,RR Sarwan,A Khan,1,0,"",""
ball,2,6.1,West Indies,LMP Simmons,RR Sarwan,GJ Batty,1,0,"",""
ball,2,6.2,West Indies,RR Sarwan,LMP Simmons,GJ Batty,0,0,"",""
ball,2,6.3,West Indies,RR Sarwan,LMP Simmons,GJ Batty,1,0,"",""
ball,2,6.4,West Indies,LMP Simmons,RR Sarwan,GJ Batty,0,0,"",""
ball,2,6.5,West Indies,LMP Simmons,RR Sarwan,GJ Batty,0,1,"",""
ball,2,6.6,West Indies,LMP Simmons,RR Sarwan,GJ Batty,0,0,"",""
ball,2,6.7,West Indies,LMP Simmons,RR Sarwan,GJ Batty,1,0,"",""
ball,2,7.1,West Indies,LMP Simmons,RR Sarwan,AD Mascarenhas,0,0,"",""
ball,2,7.2,West Indies,LMP Simmons,RR Sarwan,AD Mascarenhas,0,0,"",""
ball,2,7.3,West Indies,LMP Simmons,RR Sarwan,AD Mascarenhas,0,0,"",""
ball,2,7.4,West Indies,LMP Simmons,RR Sarwan,AD Mascarenhas,0,0,"",""
ball,2,7.5,West Indies,LMP Simmons,RR Sarwan,AD Mascarenhas,0,0,"",""
ball,2,7.6,West Indies,LMP Simmons,RR Sarwan,AD Mascarenhas,2,0,"",""
ball,2,8.1,West Indies,RR Sarwan,LMP Simmons,GJ Batty,0,0,"",""
ball,2,8.2,West Indies,RR Sarwan,LMP Simmons,GJ Batty,6,0,"",""
ball,2,8.3,West Indies,RR Sarwan,LMP Simmons,GJ Batty,0,0,"",""
ball,2,8.4,West Indies,RR Sarwan,LMP Simmons,GJ Batty,1,0,"",""
ball,2,8.5,West Indies,LMP Simmons,RR Sarwan,GJ Batty,0,0,"",""
ball,2,8.6,West Indies,LMP Simmons,RR Sarwan,GJ Batty,0,0,"",""
ball,2,9.1,West Indies,RR Sarwan,LMP Simmons,AD Mascarenhas,1,0,"",""
ball,2,9.2,West Indies,LMP Simmons,RR Sarwan,AD Mascarenhas,1,0,"",""
ball,2,9.3,West Indies,RR Sarwan,LMP Simmons,AD Mascarenhas,0,0,"",""
ball,2,9.4,West Indies,RR Sarwan,LMP Simmons,AD Mascarenhas,1,0,"",""
ball,2,9.5,West Indies,LMP Simmons,RR Sarwan,AD Mascarenhas,2,0,"",""
ball,2,9.6,West Indies,LMP Simmons,RR Sarwan,AD Mascarenhas,1,0,"",""
ball,2,10.1,West Indies,LMP Simmons,RR Sarwan,PD Collingwood,0,0,"",""
ball,2,10.2,West Indies,LMP Simmons,RR Sarwan,PD Collingwood,1,0,"",""
ball,2,10.3,West Indies,RR Sarwan,LMP Simmons,PD Collingwood,1,0,"",""
ball,2,10.4,West Indies,LMP Simmons,RR Sarwan,PD Collingwood,2,0,"",""
ball,2,10.5,West Indies,LMP Simmons,RR Sarwan,PD Collingwood,4,0,"",""
ball,2,10.6,West Indies,LMP Simmons,RR Sarwan,PD Collingwood,0,0,"",""
ball,2,11.1,West Indies,RR Sarwan,LMP Simmons,AD Mascarenhas,0,0,"",""
ball,2,11.2,West Indies,RR Sarwan,LMP Simmons,AD Mascarenhas,2,0,"",""
ball,2,11.3,West Indies,RR Sarwan,LMP Simmons,AD Mascarenhas,2,0,"",""
ball,2,11.4,West Indies,RR Sarwan,LMP Simmons,AD Mascarenhas,0,0,"",""
ball,2,11.5,West Indies,RR Sarwan,LMP Simmons,AD Mascarenhas,0,0,"",""
ball,2,11.6,West Indies,RR Sarwan,LMP Simmons,AD Mascarenhas,1,0,"",""
ball,2,12.1,West Indies,RR Sarwan,LMP Simmons,GJ Batty,2,0,"",""
ball,2,12.2,West Indies,RR Sarwan,LMP Simmons,GJ Batty,2,0,"",""
ball,2,12.3,West Indies,RR Sarwan,LMP Simmons,GJ Batty,0,0,"",""
ball,2,12.4,West Indies,RR Sarwan,LMP Simmons,GJ Batty,1,0,"",""
ball,2,12.5,West Indies,LMP Simmons,RR Sarwan,GJ Batty,0,0,"",""
ball,2,12.6,West Indies,LMP Simmons,RR Sarwan,GJ Batty,1,0,"",""
ball,2,13.1,West Indies,LMP Simmons,RR Sarwan,AD Mascarenhas,1,0,"",""
ball,2,13.2,West Indies,RR Sarwan,LMP Simmons,AD Mascarenhas,0,0,"",""
ball,2,13.3,West Indies,RR Sarwan,LMP Simmons,AD Mascarenhas,1,0,"",""
ball,2,13.4,West Indies,LMP Simmons,RR Sarwan,AD Mascarenhas,1,0,"",""
ball,2,13.5,West Indies,RR Sarwan,LMP Simmons,AD Mascarenhas,0,0,"",""
ball,2,13.6,West Indies,RR Sarwan,LMP Simmons,AD Mascarenhas,1,0,"",""
ball,2,14.1,West Indies,RR Sarwan,LMP Simmons,SCJ Broad,2,0,"",""
ball,2,14.2,West Indies,RR Sarwan,LMP Simmons,SCJ Broad,0,0,"",""
ball,2,14.3,West Indies,RR Sarwan,LMP Simmons,SCJ Broad,4,0,"",""
ball,2,14.4,West Indies,RR Sarwan,LMP Simmons,SCJ Broad,4,0,"",""
ball,2,14.5,West Indies,RR Sarwan,LMP Simmons,SCJ Broad,0,0,"",""
ball,2,14.6,West Indies,RR Sarwan,LMP Simmons,SCJ Broad,0,1,"",""
ball,2,14.7,West Indies,RR Sarwan,LMP Simmons,SCJ Broad,1,0,"",""
ball,2,15.1,West Indies,RR Sarwan,LMP Simmons,A Khan,0,0,bowled,RR Sarwan
ball,2,15.2,West Indies,DJ Bravo,LMP Simmons,A Khan,0,0,"",""
ball,2,15.3,West Indies,DJ Bravo,LMP Simmons,A Khan,0,1,"",""
ball,2,15.4,West Indies,DJ Bravo,LMP Simmons,A Khan,0,0,"",""
ball,2,15.5,West Indies,DJ Bravo,LMP Simmons,A Khan,0,0,"",""
ball,2,15.6,West Indies,DJ Bravo,LMP Simmons,A Khan,0,0,"",""
ball,2,15.7,West Indies,DJ Bravo,LMP Simmons,A Khan,4,0,"",""
ball,2,16.1,West Indies,LMP Simmons,DJ Bravo,JM Anderson,1,0,"",""
ball,2,16.2,West Indies,DJ Bravo,LMP Simmons,JM Anderson,0,1,"",""
ball,2,16.3,West Indies,LMP Simmons,DJ Bravo,JM Anderson,0,0,"",""
ball,2,16.4,West Indies,LMP Simmons,DJ Bravo,JM Anderson,0,0,"",""
ball,2,16.5,West Indies,LMP Simmons,DJ Bravo,JM Anderson,1,0,"",""
ball,2,16.6,West Indies,DJ Bravo,LMP Simmons,JM Anderson,0,0,"",""
ball,2,17.1,West Indies,LMP Simmons,DJ Bravo,A Khan,0,1,"",""
ball,2,17.2,West Indies,LMP Simmons,DJ Bravo,A Khan,1,0,"",""
ball,2,17.3,West Indies,DJ Bravo,LMP Simmons,A Khan,2,0,"",""
ball,2,17.4,West Indies,DJ Bravo,LMP Simmons,A Khan,0,0,"",""
ball,2,17.5,West Indies,DJ Bravo,LMP Simmons,A Khan,2,0,"",""
ball,2,17.6,West Indies,DJ Bravo,LMP Simmons,A Khan,0,0,caught,DJ Bravo
ball,2,17.7,West Indies,KA Pollard,LMP Simmons,A Khan,4,0,"",""
