version,1.3.0
info,team,South Africa
info,team,England
info,gender,male
info,season,2009/10
info,date,2009/11/13
info,series,England in South Africa T20I Series
info,match_number,1
info,venue,New Wanderers Stadium
info,city,Johannesburg
info,toss_winner,South Africa
info,toss_decision,field
info,player_of_match,EJG Morgan
info,umpire,M Erasmus
info,umpire,BG Jerling
info,reserve_umpire,ZTA Ndamane
info,tv_umpire,JD Cloete
info,match_referee,J Srinath
info,winner,England
info,winner_runs,1
info,method,D/L
ball,1,0.1,England,JL Denly,AN Cook,CK Langeveldt,0,0,lbw,JL Denly
ball,1,0.2,England,IJL Trott,AN Cook,CK Langeveldt,0,1,"",""
ball,1,0.3,England,IJL Trott,AN Cook,CK Langeveldt,0,0,"",""
ball,1,0.4,England,IJL Trott,AN Cook,CK Langeveldt,0,0,"",""
ball,1,0.5,England,IJL Trott,AN Cook,CK Langeveldt,0,1,"",""
ball,1,0.6,England,IJL Trott,AN Cook,CK Langeveldt,0,0,"",""
ball,1,0.7,England,IJL Trott,AN Cook,CK Langeveldt,0,0,"",""
ball,1,0.8,England,IJL Trott,AN Cook,CK Langeveldt,0,0,"",""
ball,1,1.1,England,AN Cook,IJL Trott,R McLaren,0,0,"",""
ball,1,1.2,England,AN Cook,IJL Trott,R McLaren,1,0,"",""
ball,1,1.3,England,IJL Trott,AN Cook,R McLaren,1,0,"",""
ball,1,1.4,England,AN Cook,IJL Trott,R McLaren,0,1,"",""
ball,1,1.5,England,AN Cook,IJL Trott,R McLaren,4,0,"",""
ball,1,1.6,England,AN Cook,IJL Trott,R McLaren,0,0,"",""
ball,1,1.7,England,AN Cook,IJL Trott,R McLaren,0,0,"",""
ball,1,2.1,England,IJL Trott,AN Cook,CK Langeveldt,0,0,"",""
ball,1,2.2,England,IJL Trott,AN Cook,CK Langeveldt,4,0,"",""
ball,1,2.3,England,IJL Trott,AN Cook,CK Langeveldt,0,0,"",""
ball,1,2.4,England,IJL Trott,AN Cook,CK Langeveldt,3,0,"",""
ball,1,2.5,England,AN Cook,IJL Trott,CK Langeveldt,3,0,"",""
ball,1,2.6,England,IJL Trott,AN Cook,CK Langeveldt,1,0,"",""
ball,1,3.1,England,IJL Trott,AN Cook,R McLaren,1,0,"",""
ball,1,3.2,England,AN Cook,IJL Trott,R McLaren,3,0,"",""
ball,1,3.3,England,IJL Trott,AN Cook,R McLaren,1,0,"",""
ball,1,3.4,England,AN Cook,IJL Trott,R McLaren,0,0,lbw,AN Cook
ball,1,3.5,England,PD Collingwood,IJL Trott,R McLaren,0,0,"",""
ball,1,3.6,England,PD Collingwood,IJL Trott,R McLaren,2,0,"",""
ball,1,4.1,England,IJL Trott,PD Collingwood,DW Steyn,0,0,"",""
ball,1,4.2,England,IJL Trott,PD Collingwood,DW Steyn,2,0,"",""
ball,1,4.3,England,IJL Trott,PD Collingwood,DW Steyn,4,0,"",""
ball,1,4.4,England,IJL Trott,PD Collingwood,DW Steyn,4,0,"",""
ball,1,4.5,England,IJL Trott,PD Collingwood,DW Steyn,4,0,"",""
ball,1,4.6,England,IJL Trott,PD Collingwood,DW Steyn,4,0,"",""
ball,1,5.1,England,PD Collingwood,IJL Trott,JA Morkel,1,0,"",""
ball,1,5.2,England,IJL Trott,PD Collingwood,JA Morkel,0,0,"",""
ball,1,5.3,England,IJL Trott,PD Collingwood,JA Morkel,1,0,"",""
ball,1,5.4,England,PD Collingwood,IJL Trott,JA Morkel,6,0,"",""
ball,1,5.5,England,PD Collingwood,IJL Trott,JA Morkel,1,0,"",""
ball,1,5.6,England,IJL Trott,PD Collingwood,JA Morkel,2,0,"",""
ball,1,6.1,England,PD Collingwood,IJL Trott,RE van der Merwe,2,0,"",""
ball,1,6.2,England,PD Collingwood,IJL Trott,RE van der Merwe,1,0,"",""
ball,1,6.3,England,IJL Trott,PD Collingwood,RE van der Merwe,0,0,"",""
ball,1,6.4,England,IJL Trott,PD Collingwood,RE van der Merwe,1,0,"",""
ball,1,6.5,England,PD Collingwood,IJL Trott,RE van der Merwe,1,0,"",""
ball,1,6.6,England,IJL Trott,PD Collingwood,RE van der Merwe,0,0,run out,IJL Trott
ball,1,7.1,England,EJG Morgan,PD Collingwood,DW Steyn,1,0,"",""
ball,1,7.2,England,PD Collingwood,EJG Morgan,DW Steyn,0,0,"",""
ball,1,7.3,England,PD Collingwood,EJG Morgan,DW Steyn,1,0,"",""
ball,1,7.4,England,EJG Morgan,PD Collingwood,DW Steyn,1,0,"",""
ball,1,7.5,England,PD Collingwood,EJG Morgan,DW Steyn,0,0,"",""
ball,1,7.6,England,PD Collingwood,EJG Morgan,DW Steyn,2,0,"",""
ball,1,8.1,England,EJG Morgan,PD Collingwood,J Botha,1,0,"",""
ball,1,8.2,England,PD Collingwood,EJG Morgan,J Botha,0,1,"",""
ball,1,8.3,England,PD Collingwood,EJG Morgan,J Botha,1,0,"",""
ball,1,8.4,England,EJG Morgan,PD Collingwood,J Botha,4,0,"",""
ball,1,8.5,England,EJG Morgan,PD Collingwood,J Botha,0,0,"",""
ball,1,8.6,England,EJG Morgan,PD Collingwood,J Botha,2,0,"",""
ball,1,8.7,England,EJG Morgan,PD Collingwood,J Botha,0,0,"",""
ball,1,9.1,England,PD Collingwood,EJG Morgan,RE van der Merwe,1,0,"",""
ball,1,9.2,England,EJG Morgan,PD Collingwood,RE van der Merwe,1,0,"",""
ball,1,9.3,England,PD Collingwood,EJG Morgan,RE van der Merwe,0,0,"",""
ball,1,9.4,England,PD Collingwood,EJG Morgan,RE van der Merwe,6,0,"",""
ball,1,9.5,England,PD Collingwood,EJG Morgan,RE van der Merwe,0,0,"",""
ball,1,9.6,England,PD Collingwood,EJG Morgan,RE van der Merwe,4,0,"",""
ball,1,10.1,England,EJG Morgan,PD Collingwood,J Botha,0,0,"",""
ball,1,10.2,England,EJG Morgan,PD Collingwood,J Botha,1,0,"",""
ball,1,10.3,England,PD Collingwood,EJG Morgan,J Botha,0,1,"",""
ball,1,10.4,England,PD Collingwood,EJG Morgan,J Botha,4,0,"",""
ball,1,10.5,England,PD Collingwood,EJG Morgan,J Botha,1,0,"",""
ball,1,10.6,England,EJG Morgan,PD Collingwood,J Botha,2,0,"",""
ball,1,10.7,England,EJG Morgan,PD Collingwood,J Botha,1,0,"",""
ball,1,11.1,England,EJG Morgan,PD Collingwood,DW Steyn,4,0,"",""
ball,1,11.2,England,EJG Morgan,PD Collingwood,DW Steyn,1,0,"",""
ball,1,11.3,England,PD Collingwood,EJG Morgan,DW Steyn,1,0,"",""
ball,1,11.4,England,EJG Morgan,PD Collingwood,DW Steyn,6,0,"",""
ball,1,11.5,England,EJG Morgan,PD Collingwood,DW Steyn,2,0,"",""
ball,1,11.6,England,EJG Morgan,PD Collingwood,DW Steyn,0,0,"",""
ball,1,12.1,England,PD Collingwood,EJG Morgan,J Botha,1,0,"",""
ball,1,12.2,England,EJG Morgan,PD Collingwood,J Botha,1,0,"",""
ball,1,12.3,England,PD Collingwood,EJG Morgan,J Botha,1,0,"",""
ball,1,12.4,England,EJG Morgan,PD Collingwood,J Botha,0,0,"",""
ball,1,12.5,England,EJG Morgan,PD Collingwood,J Botha,4,0,"",""
ball,1,12.6,England,EJG Morgan,PD Collingwood,J Botha,1,0,"",""
ball,1,13.1,England,EJG Morgan,PD Collingwood,JA Morkel,0,0,"",""
ball,1,13.2,England,EJG Morgan,PD Collingwood,JA Morkel,4,0,"",""
ball,1,13.3,England,EJG Morgan,PD Collingwood,JA Morkel,6,0,"",""
ball,1,13.4,England,EJG Morgan,PD Collingwood,JA Morkel,4,0,"",""
ball,1,13.5,England,EJG Morgan,PD Collingwood,JA Morkel,1,0,"",""
ball,1,13.6,England,PD Collingwood,EJG Morgan,JA Morkel,6,0,"",""
ball,1,14.1,England,EJG Morgan,PD Collingwood,J Botha,1,0,"",""
ball,1,14.2,England,PD Collingwood,EJG Morgan,J Botha,2,0,"",""
ball,1,14.3,England,PD Collingwood,EJG Morgan,J Botha,4,0,"",""
ball,1,14.4,England,PD Collingwood,EJG Morgan,J Botha,1,0,"",""
ball,1,14.5,England,EJG Morgan,PD Collingwood,J Botha,0,0,"",""
ball,1,14.6,England,EJG Morgan,PD Collingwood,J Botha,1,0,"",""
ball,1,15.1,England,EJG Morgan,PD Collingwood,CK Langeveldt,1,0,"",""
ball,1,15.2,England,PD Collingwood,EJG Morgan,CK Langeveldt,0,0,"",""
ball,1,15.3,England,PD Collingwood,EJG Morgan,CK Langeveldt,6,0,"",""
ball,1,15.4,England,PD Collingwood,EJG Morgan,CK Langeveldt,0,1,"",""
ball,1,15.5,England,EJG Morgan,PD Collingwood,CK Langeveldt,1,0,"",""
ball,1,15.6,England,PD Collingwood,EJG Morgan,CK Langeveldt,1,0,"",""
ball,1,16.1,England,PD Collingwood,EJG Morgan,R McLaren,0,0,caught,PD Collingwood
ball,1,16.2,England,EJG Morgan,LJ Wright,R McLaren,1,0,"",""
ball,1,16.3,England,LJ Wright,EJG Morgan,R McLaren,0,0,"",""
ball,1,16.4,England,LJ Wright,EJG Morgan,R McLaren,1,0,"",""
ball,1,16.5,England,EJG Morgan,LJ Wright,R McLaren,0,1,"",""
ball,1,16.6,England,LJ Wright,EJG Morgan,R McLaren,0,1,"",""
ball,1,17.1,England,LJ Wright,EJG Morgan,DW Steyn,1,0,"",""
ball,1,17.2,England,EJG Morgan,LJ Wright,DW Steyn,2,0,"",""
ball,1,17.3,England,EJG Morgan,LJ Wright,DW Steyn,0,1,"",""
ball,1,17.4,England,LJ Wright,EJG Morgan,DW Steyn,0,0,caught,LJ Wright
ball,1,17.5,England,EJG Morgan,MJ Prior,DW Steyn,0,0,"",""
ball,1,17.6,England,EJG Morgan,MJ Prior,DW Steyn,0,1,"",""
ball,1,18.1,England,EJG Morgan,MJ Prior,R McLaren,1,0,"",""
ball,1,18.2,England,MJ Prior,EJG Morgan,R McLaren,0,0,caught,MJ Prior
ball,1,18.3,England,TT Bresnan,EJG Morgan,R McLaren,1,0,"",""
ball,1,18.4,England,EJG Morgan,TT Bresnan,R McLaren,4,0,"",""
ball,1,18.5,England,EJG Morgan,TT Bresnan,R McLaren,0,1,"",""
ball,1,18.6,England,EJG Morgan,TT Bresnan,R McLaren,6,0,"",""
ball,1,18.7,England,EJG Morgan,TT Bresnan,R McLaren,4,0,"",""
ball,1,19.1,England,TT Bresnan,EJG Morgan,CK Langeveldt,1,0,"",""
ball,1,19.2,England,EJG Morgan,TT Bresnan,CK Langeveldt,1,0,"",""
ball,1,19.3,England,TT Bresnan,EJG Morgan,CK Langeveldt,1,0,"",""
ball,1,19.4,England,EJG Morgan,TT Bresnan,CK Langeveldt,6,0,"",""
ball,1,19.5,England,EJG Morgan,TT Bresnan,CK Langeveldt,6,0,"",""
ball,1,19.6,England,EJG Morgan,TT Bresnan,CK Langeveldt,2,0,"",""
ball,2,0.1,South Africa,GC Smith,LE Bosman,JM Anderson,0,0,"",""
ball,2,0.2,South Africa,GC Smith,LE Bosman,JM Anderson,0,0,"",""
ball,2,0.3,South Africa,GC Smith,LE Bosman,JM Anderson,0,0,"",""
ball,2,0.4,South Africa,GC Smith,LE Bosman,JM Anderson,0,0,"",""
ball,2,0.5,South Africa,GC Smith,LE Bosman,JM Anderson,1,0,"",""
ball,2,0.6,South Africa,LE Bosman,GC Smith,JM Anderson,1,0,"",""
ball,2,1.1,South Africa,LE Bosman,GC Smith,TT Bresnan,0,0,"",""
ball,2,1.2,South Africa,LE Bosman,GC Smith,TT Bresnan,0,0,"",""
ball,2,1.3,South Africa,LE Bosman,GC Smith,TT Bresnan,4,0,"",""
ball,2,1.4,South Africa,LE Bosman,GC Smith,TT Bresnan,6,0,"",""
ball,2,1.5,South Africa,LE Bosman,GC Smith,TT Bresnan,1,0,"",""
ball,2,1.6,South Africa,GC Smith,LE Bosman,TT Bresnan,0,0,"",""
ball,2,2.1,South Africa,LE Bosman,GC Smith,JM Anderson,0,0,"",""
ball,2,2.2,South Africa,LE Bosman,GC Smith,JM Anderson,6,0,"",""
ball,2,2.3,South Africa,LE Bosman,GC Smith,JM Anderson,1,0,"",""
ball,2,2.4,South Africa,GC Smith,LE Bosman,JM Anderson,1,0,"",""
ball,2,2.5,South Africa,LE Bosman,GC Smith,JM Anderson,4,0,"",""
ball,2,2.6,South Africa,LE Bosman,GC Smith,JM Anderson,4,0,"",""
ball,2,3.1,South Africa,GC Smith,LE Bosman,SI Mahmood,1,0,"",""
ball,2,3.2,South Africa,LE Bosman,GC Smith,SI Mahmood,4,0,"",""
ball,2,3.3,South Africa,LE Bosman,GC Smith,SI Mahmood,0,0,"",""
ball,2,3.4,South Africa,LE Bosman,GC Smith,SI Mahmood,0,0,"",""
ball,2,3.5,South Africa,LE Bosman,GC Smith,SI Mahmood,0,0,"",""
ball,2,3.6,South Africa,LE Bosman,GC Smith,SI Mahmood,0,0,"",""
ball,2,4.1,South Africa,GC Smith,LE Bosman,TT Bresnan,0,0,"",""
ball,2,4.2,South Africa,GC Smith,LE Bosman,TT Bresnan,0,0,"",""
ball,2,4.3,South Africa,GC Smith,LE Bosman,TT Bresnan,4,0,"",""
ball,2,4.4,South Africa,GC Smith,LE Bosman,TT Bresnan,6,0,"",""
ball,2,4.5,South Africa,GC Smith,LE Bosman,TT Bresnan,0,0,"",""
ball,2,4.6,South Africa,GC Smith,LE Bosman,TT Bresnan,4,0,"",""
ball,2,5.1,South Africa,LE Bosman,GC Smith,SI Mahmood,2,0,"",""
ball,2,5.2,South Africa,LE Bosman,GC Smith,SI Mahmood,1,0,"",""
ball,2,5.3,South Africa,GC Smith,LE Bosman,SI Mahmood,6,0,"",""
ball,2,5.4,South Africa,GC Smith,LE Bosman,SI Mahmood,4,0,"",""
ball,2,5.5,South Africa,GC Smith,LE Bosman,SI Mahmood,0,0,"",""
ball,2,5.6,South Africa,GC Smith,LE Bosman,SI Mahmood,6,0,"",""
ball,2,6.1,South Africa,LE Bosman,GC Smith,LJ Wright,0,0,"",""
ball,2,6.2,South Africa,LE Bosman,GC Smith,LJ Wright,1,0,"",""
ball,2,6.3,South Africa,GC Smith,LE Bosman,LJ Wright,1,0,"",""
ball,2,6.4,South Africa,LE Bosman,GC Smith,LJ Wright,6,0,"",""
ball,2,6.5,South Africa,LE Bosman,GC Smith,LJ Wright,0,0,"",""
ball,2,6.6,South Africa,LE Bosman,GC Smith,LJ Wright,1,0,"",""
ball,2,7.1,South Africa,LE Bosman,GC Smith,GP Swann,6,0,"",""
ball,2,7.2,South Africa,LE Bosman,GC Smith,GP Swann,1,0,"",""
ball,2,7.3,South Africa,GC Smith,LE Bosman,GP Swann,6,0,"",""
ball,2,7.4,South Africa,GC Smith,LE Bosman,GP Swann,1,0,"",""
ball,2,7.5,South Africa,LE Bosman,GC Smith,GP Swann,1,0,"",""
ball,2,7.6,South Africa,GC Smith,LE Bosman,GP Swann,0,0,"",""
ball,2,8.1,South Africa,LE Bosman,GC Smith,LJ Wright,0,1,"",""
ball,2,8.2,South Africa,LE Bosman,GC Smith,LJ Wright,4,0,"",""
ball,2,8.3,South Africa,LE Bosman,GC Smith,LJ Wright,1,0,"",""
ball,2,8.4,South Africa,GC Smith,LE Bosman,LJ Wright,0,0,caught,GC Smith
ball,2,8.5,South Africa,JP Duminy,LE Bosman,LJ Wright,0,0,"",""
ball,2,8.6,South Africa,JP Duminy,LE Bosman,LJ Wright,1,0,"",""
ball,2,8.7,South Africa,LE Bosman,JP Duminy,LJ Wright,1,0,"",""
ball,2,9.1,South Africa,LE Bosman,JP Duminy,GP Swann,2,0,"",""
ball,2,9.2,South Africa,LE Bosman,JP Duminy,GP Swann,0,0,caught,LE Bosman
ball,2,9.3,South Africa,AB de Villiers,JP Duminy,GP Swann,1,0,"",""
ball,2,9.4,South Africa,JP Duminy,AB de Villiers,GP Swann,1,0,"",""
ball,2,9.5,South Africa,AB de Villiers,JP Duminy,GP Swann,4,0,"",""
ball,2,9.6,South Africa,AB de Villiers,JP Duminy,GP Swann,0,0,"",""
ball,2,10.1,South Africa,JP Duminy,AB de Villiers,SI Mahmood,4,0,"",""
ball,2,10.2,South Africa,JP Duminy,AB de Villiers,SI Mahmood,0,1,"",""
ball,2,10.3,South Africa,JP Duminy,AB de Villiers,SI Mahmood,0,0,lbw,JP Duminy
ball,2,10.4,South Africa,JA Morkel,AB de Villiers,SI Mahmood,1,0,"",""
ball,2,10.5,South Africa,AB de Villiers,JA Morkel,SI Mahmood,0,0,"",""
ball,2,10.6,South Africa,AB de Villiers,JA Morkel,SI Mahmood,0,0,"",""
ball,2,10.7,South Africa,AB de Villiers,JA Morkel,SI Mahmood,1,0,"",""
ball,2,11.1,South Africa,AB de Villiers,JA Morkel,GP Swann,1,0,"",""
ball,2,11.2,South Africa,JA Morkel,AB de Villiers,GP Swann,0,0,"",""
ball,2,11.3,South Africa,JA Morkel,AB de Villiers,GP Swann,0,0,"",""
ball,2,11.4,South Africa,JA Morkel,AB de Villiers,GP Swann,0,0,"",""
ball,2,11.5,South Africa,JA Morkel,AB de Villiers,GP Swann,6,0,"",""
ball,2,11.6,South Africa,JA Morkel,AB de Villiers,GP Swann,0,0,"",""
ball,2,12.1,South Africa,AB de Villiers,JA Morkel,JM Anderson,1,0,"",""
ball,2,12.2,South Africa,JA Morkel,AB de Villiers,JM Anderson,1,0,"",""
ball,2,12.3,South Africa,AB de Villiers,JA Morkel,JM Anderson,1,0,"",""
ball,2,12.4,South Africa,JA Morkel,AB de Villiers,JM Anderson,0,1,"",""
ball,2,12.5,South Africa,JA Morkel,AB de Villiers,JM Anderson,0,0,"",""
ball,2,12.6,South Africa,JA Morkel,AB de Villiers,JM Anderson,1,0,"",""
ball,2,12.7,South Africa,AB de Villiers,JA Morkel,JM Anderson,1,0,"",""
