version,1.3.0
info,team,England
info,team,Australia
info,gender,female
info,season,2009
info,date,2009/06/25
info,venue,County Ground
info,city,Derby
info,toss_winner,Australia
info,toss_decision,bat
info,player_of_match,S Nitschke
info,umpire,SA Garratt
info,umpire,P Willey
info,tv_umpire,JW Holder
info,match_referee,DT Jukes
info,winner,Australia
info,winner_runs,34
ball,1,0.1,Australia,LJ Poulton,S Nitschke,LA Marsh,0,0,"",""
ball,1,0.2,Australia,LJ Poulton,S Nitschke,LA Marsh,4,0,"",""
ball,1,0.3,Australia,LJ Poulton,S Nitschke,LA Marsh,0,0,"",""
ball,1,0.4,Australia,LJ Poulton,S Nitschke,LA Marsh,2,0,"",""
ball,1,0.5,Australia,LJ Poulton,S Nitschke,LA Marsh,4,0,"",""
ball,1,0.6,Australia,LJ Poulton,S Nitschke,LA Marsh,0,0,"",""
ball,1,1.1,Australia,S Nitschke,LJ Poulton,IT Guha,3,0,"",""
ball,1,1.2,Australia,LJ Poulton,S Nitschke,IT Guha,0,0,"",""
ball,1,1.3,Australia,LJ Poulton,S Nitschke,IT Guha,1,0,"",""
ball,1,1.4,Australia,S Nitschke,LJ Poulton,IT Guha,0,0,"",""
ball,1,1.5,Australia,S Nitschke,LJ Poulton,IT Guha,2,0,"",""
ball,1,1.6,Australia,S Nitschke,LJ Poulton,IT Guha,4,0,"",""
ball,1,2.1,Australia,LJ Poulton,S Nitschke,LA Marsh,4,0,"",""
ball,1,2.2,Australia,LJ Poulton,S Nitschke,LA Marsh,0,0,"",""
ball,1,2.3,Australia,LJ Poulton,S Nitschke,LA Marsh,4,0,"",""
ball,1,2.4,Australia,LJ Poulton,S Nitschke,LA Marsh,0,0,"",""
ball,1,2.5,Australia,LJ Poulton,S Nitschke,LA Marsh,1,0,"",""
ball,1,2.6,Australia,S Nitschke,LJ Poulton,LA Marsh,3,0,"",""
ball,1,3.1,Australia,S Nitschke,LJ Poulton,IT Guha,0,0,"",""
ball,1,3.2,Australia,S Nitschke,LJ Poulton,IT Guha,4,0,"",""
ball,1,3.3,Australia,S Nitschke,LJ Poulton,IT Guha,0,0,"",""
ball,1,3.4,Australia,S Nitschke,LJ Poulton,IT Guha,0,0,"",""
ball,1,3.5,Australia,S Nitschke,LJ Poulton,IT Guha,0,0,"",""
ball,1,3.6,Australia,S Nitschke,LJ Poulton,IT Guha,1,0,"",""
ball,1,4.1,Australia,S Nitschke,LJ Poulton,NJ Shaw,0,0,"",""
ball,1,4.2,Australia,S Nitschke,LJ Poulton,NJ Shaw,1,0,"",""
ball,1,4.3,Australia,LJ Poulton,S Nitschke,NJ Shaw,0,0,"",""
ball,1,4.4,Australia,LJ Poulton,S Nitschke,NJ Shaw,4,0,"",""
ball,1,4.5,Australia,LJ Poulton,S Nitschke,NJ Shaw,1,0,"",""
ball,1,4.6,Australia,S Nitschke,LJ Poulton,NJ Shaw,4,0,"",""
ball,1,5.1,Australia,LJ Poulton,S Nitschke,HL Colvin,0,0,"",""
ball,1,5.2,Australia,LJ Poulton,S Nitschke,HL Colvin,0,0,"",""
ball,1,5.3,Australia,LJ Poulton,S Nitschke,HL Colvin,4,0,"",""
ball,1,5.4,Australia,LJ Poulton,S Nitschke,HL Colvin,0,0,"",""
ball,1,5.5,Australia,LJ Poulton,S Nitschke,HL Colvin,4,0,"",""
ball,1,5.6,Australia,LJ Poulton,S Nitschke,HL Colvin,0,0,bowled,LJ Poulton
ball,1,6.1,Australia,S Nitschke,AJ Blackwell,NJ Shaw,1,0,"",""
ball,1,6.2,Australia,AJ Blackwell,S Nitschke,NJ Shaw,0,0,"",""
ball,1,6.3,Australia,AJ Blackwell,S Nitschke,NJ Shaw,0,0,"",""
ball,1,6.4,Australia,AJ Blackwell,S Nitschke,NJ Shaw,1,0,"",""
ball,1,6.5,Australia,S Nitschke,AJ Blackwell,NJ Shaw,2,0,"",""
ball,1,6.6,Australia,S Nitschke,AJ Blackwell,NJ Shaw,0,0,"",""
ball,1,7.1,Australia,AJ Blackwell,S Nitschke,HL Colvin,1,0,"",""
ball,1,7.2,Australia,S Nitschke,AJ Blackwell,HL Colvin,0,0,"",""
ball,1,7.3,Australia,S Nitschke,AJ Blackwell,HL Colvin,1,0,"",""
ball,1,7.4,Australia,AJ Blackwell,S Nitschke,HL Colvin,1,0,"",""
ball,1,7.5,Australia,S Nitschke,AJ Blackwell,HL Colvin,4,0,"",""
ball,1,7.6,Australia,S Nitschke,AJ Blackwell,HL Colvin,1,0,"",""
ball,1,8.1,Australia,S Nitschke,AJ Blackwell,NJ Shaw,0,0,"",""
ball,1,8.2,Australia,S Nitschke,AJ Blackwell,NJ Shaw,0,0,"",""
ball,1,8.3,Australia,S Nitschke,AJ Blackwell,NJ Shaw,1,0,"",""
ball,1,8.4,Australia,AJ Blackwell,S Nitschke,NJ Shaw,1,0,"",""
ball,1,8.5,Australia,S Nitschke,AJ Blackwell,NJ Shaw,0,0,caught,S Nitschke
ball,1,8.6,Australia,AJ Blackwell,KL Rolton,NJ Shaw,0,0,"",""
ball,1,9.1,Australia,KL Rolton,AJ Blackwell,HL Colvin,0,0,"",""
ball,1,9.2,Australia,KL Rolton,AJ Blackwell,HL Colvin,1,0,"",""
ball,1,9.3,Australia,AJ Blackwell,KL Rolton,HL Colvin,1,0,"",""
ball,1,9.4,Australia,KL Rolton,AJ Blackwell,HL Colvin,1,0,"",""
ball,1,9.5,Australia,AJ Blackwell,KL Rolton,HL Colvin,1,0,"",""
ball,1,9.6,Australia,KL Rolton,AJ Blackwell,HL Colvin,1,0,"",""
ball,1,10.1,Australia,KL Rolton,AJ Blackwell,NJ Shaw,1,0,"",""
ball,1,10.2,Australia,AJ Blackwell,KL Rolton,NJ Shaw,4,0,"",""
ball,1,10.3,Australia,AJ Blackwell,KL Rolton,NJ Shaw,1,0,"",""
ball,1,10.4,Australia,KL Rolton,AJ Blackwell,NJ Shaw,1,0,"",""
ball,1,10.5,Australia,AJ Blackwell,KL Rolton,NJ Shaw,2,0,"",""
ball,1,10.6,Australia,AJ Blackwell,KL Rolton,NJ Shaw,0,0,"",""
ball,1,11.1,Australia,KL Rolton,AJ Blackwell,LA Marsh,1,0,"",""
ball,1,11.2,Australia,AJ Blackwell,KL Rolton,LA Marsh,1,0,"",""
ball,1,11.3,Australia,KL Rolton,AJ Blackwell,LA Marsh,0,0,"",""
ball,1,11.4,Australia,KL Rolton,AJ Blackwell,LA Marsh,2,0,"",""
ball,1,11.5,Australia,KL Rolton,AJ Blackwell,LA Marsh,1,0,"",""
ball,1,11.6,Australia,AJ Blackwell,KL Rolton,LA Marsh,1,0,"",""
ball,1,12.1,Australia,AJ Blackwell,KL Rolton,JL Gunn,0,0,"",""
ball,1,12.2,Australia,AJ Blackwell,KL Rolton,JL Gunn,0,0,"",""
ball,1,12.3,Australia,AJ Blackwell,KL Rolton,JL Gunn,1,0,"",""
ball,1,12.4,Australia,KL Rolton,AJ Blackwell,JL Gunn,2,0,"",""
ball,1,12.5,Australia,KL Rolton,AJ Blackwell,JL Gunn,0,0,"",""
ball,1,12.6,Australia,KL Rolton,AJ Blackwell,JL Gunn,2,0,"",""
ball,1,13.1,Australia,AJ Blackwell,KL Rolton,LA Marsh,1,0,"",""
ball,1,13.2,Australia,KL Rolton,AJ Blackwell,LA Marsh,0,0,"",""
ball,1,13.3,Australia,KL Rolton,AJ Blackwell,LA Marsh,0,0,"",""
ball,1,13.4,Australia,KL Rolton,AJ Blackwell,LA Marsh,2,0,"",""
ball,1,13.5,Australia,KL Rolton,AJ Blackwell,LA Marsh,1,0,"",""
ball,1,13.6,Australia,AJ Blackwell,KL Rolton,LA Marsh,0,1,"",""
ball,1,14.1,Australia,AJ Blackwell,KL Rolton,JL Gunn,0,0,"",""
ball,1,14.2,Australia,AJ Blackwell,KL Rolton,JL Gunn,1,0,"",""
ball,1,14.3,Australia,KL Rolton,AJ Blackwell,JL Gunn,1,0,"",""
ball,1,14.4,Australia,AJ Blackwell,KL Rolton,JL Gunn,0,0,caught,AJ Blackwell
ball,1,14.5,Australia,KL Rolton,LK Ebsary,JL Gunn,1,0,"",""
ball,1,14.6,Australia,LK Ebsary,KL Rolton,JL Gunn,2,0,"",""
ball,1,15.1,Australia,KL Rolton,LK Ebsary,IT Guha,1,0,"",""
ball,1,15.2,Australia,LK Ebsary,KL Rolton,IT Guha,0,0,"",""
ball,1,15.3,Australia,LK Ebsary,KL Rolton,IT Guha,2,0,"",""
ball,1,15.4,Australia,LK Ebsary,KL Rolton,IT Guha,2,0,"",""
ball,1,15.5,Australia,LK Ebsary,KL Rolton,IT Guha,1,0,"",""
ball,1,15.6,Australia,KL Rolton,LK Ebsary,IT Guha,2,0,"",""
ball,1,16.1,Australia,LK Ebsary,KL Rolton,JL Gunn,2,0,"",""
ball,1,16.2,Australia,LK Ebsary,KL Rolton,JL Gunn,6,0,"",""
ball,1,16.3,Australia,LK Ebsary,KL Rolton,JL Gunn,1,0,"",""
ball,1,16.4,Australia,KL Rolton,LK Ebsary,JL Gunn,4,0,"",""
ball,1,16.5,Australia,KL Rolton,LK Ebsary,JL Gunn,0,0,"",""
ball,1,16.6,Australia,KL Rolton,LK Ebsary,JL Gunn,1,0,"",""
ball,1,17.1,Australia,KL Rolton,LK Ebsary,HL Colvin,1,0,"",""
ball,1,17.2,Australia,LK Ebsary,KL Rolton,HL Colvin,1,0,"",""
ball,1,17.3,Australia,KL Rolton,LK Ebsary,HL Colvin,1,0,"",""
ball,1,17.4,Australia,LK Ebsary,KL Rolton,HL Colvin,1,0,"",""
ball,1,17.5,Australia,KL Rolton,LK Ebsary,HL Colvin,1,0,"",""
ball,1,17.6,Australia,LK Ebsary,KL Rolton,HL Colvin,4,0,"",""
ball,1,18.1,Australia,KL Rolton,LK Ebsary,CM Edwards,4,0,"",""
ball,1,18.2,Australia,KL Rolton,LK Ebsary,CM Edwards,2,0,"",""
ball,1,18.3,Australia,KL Rolton,LK Ebsary,CM Edwards,1,0,"",""
ball,1,18.4,Australia,LK Ebsary,KL Rolton,CM Edwards,1,0,"",""
ball,1,18.5,Australia,KL Rolton,LK Ebsary,CM Edwards,2,0,"",""
ball,1,18.6,Australia,KL Rolton,LK Ebsary,CM Edwards,0,0,"",""
ball,1,19.1,Australia,LK Ebsary,KL Rolton,IT Guha,1,0,"",""
ball,1,19.2,Australia,KL Rolton,LK Ebsary,IT Guha,2,0,"",""
ball,1,19.3,Australia,KL Rolton,LK Ebsary,IT Guha,0,0,"",""
ball,1,19.4,Australia,KL Rolton,LK Ebsary,IT Guha,0,0,"",""
ball,1,19.5,Australia,KL Rolton,LK Ebsary,IT Guha,2,0,"",""
ball,1,19.6,Australia,KL Rolton,LK Ebsary,IT Guha,1,0,"",""
ball,2,0.1,England,SJ Taylor,CM Edwards,SJ Andrews,1,0,"",""
ball,2,0.2,England,CM Edwards,SJ Taylor,SJ Andrews,0,0,"",""
ball,2,0.3,England,CM Edwards,SJ Taylor,SJ Andrews,0,0,"",""
ball,2,0.4,England,CM Edwards,SJ Taylor,SJ Andrews,0,0,"",""
ball,2,0.5,England,CM Edwards,SJ Taylor,SJ Andrews,0,0,"",""
ball,2,0.6,England,CM Edwards,SJ Taylor,SJ Andrews,4,0,"",""
ball,2,1.1,England,SJ Taylor,CM Edwards,RM Farrell,0,0,"",""
ball,2,1.2,England,SJ Taylor,CM Edwards,RM Farrell,0,0,"",""
ball,2,1.3,England,SJ Taylor,CM Edwards,RM Farrell,0,0,"",""
ball,2,1.4,England,SJ Taylor,CM Edwards,RM Farrell,0,0,"",""
ball,2,1.5,England,SJ Taylor,CM Edwards,RM Farrell,0,0,"",""
ball,2,1.6,England,SJ Taylor,CM Edwards,RM Farrell,0,0,caught,SJ Taylor
ball,2,2.1,England,CM Edwards,SC Taylor,SJ Andrews,0,0,"",""
ball,2,2.2,England,CM Edwards,SC Taylor,SJ Andrews,0,0,"",""
ball,2,2.3,England,CM Edwards,SC Taylor,SJ Andrews,0,0,"",""
ball,2,2.4,England,CM Edwards,SC Taylor,SJ Andrews,1,0,"",""
ball,2,2.5,England,SC Taylor,CM Edwards,SJ Andrews,0,0,"",""
ball,2,2.6,England,SC Taylor,CM Edwards,SJ Andrews,0,0,"",""
ball,2,3.1,England,CM Edwards,SC Taylor,RM Farrell,4,0,"",""
ball,2,3.2,England,CM Edwards,SC Taylor,RM Farrell,0,0,"",""
ball,2,3.3,England,CM Edwards,SC Taylor,RM Farrell,0,0,"",""
ball,2,3.4,England,CM Edwards,SC Taylor,RM Farrell,0,0,"",""
ball,2,3.5,England,CM Edwards,SC Taylor,RM Farrell,1,0,"",""
ball,2,3.6,England,SC Taylor,CM Edwards,RM Farrell,1,0,"",""
ball,2,4.1,England,SC Taylor,CM Edwards,SJ Andrews,4,0,"",""
ball,2,4.2,England,SC Taylor,CM Edwards,SJ Andrews,1,0,"",""
ball,2,4.3,England,CM Edwards,SC Taylor,SJ Andrews,0,0,caught,CM Edwards
ball,2,4.4,England,SC Taylor,BL Morgan,SJ Andrews,0,0,"",""
ball,2,4.5,England,SC Taylor,BL Morgan,SJ Andrews,0,0,"",""
ball,2,4.6,England,SC Taylor,BL Morgan,SJ Andrews,0,0,"",""
ball,2,5.1,England,BL Morgan,SC Taylor,S Nitschke,2,0,"",""
ball,2,5.2,England,BL Morgan,SC Taylor,S Nitschke,0,0,"",""
ball,2,5.3,England,BL Morgan,SC Taylor,S Nitschke,0,0,"",""
ball,2,5.4,England,BL Morgan,SC Taylor,S Nitschke,0,0,"",""
ball,2,5.5,England,BL Morgan,SC Taylor,S Nitschke,0,0,"",""
ball,2,5.6,England,BL Morgan,SC Taylor,S Nitschke,1,0,"",""
ball,2,6.1,England,BL Morgan,SC Taylor,KE Pike,1,0,"",""
ball,2,6.2,England,SC Taylor,BL Morgan,KE Pike,1,0,"",""
ball,2,6.3,England,BL Morgan,SC Taylor,KE Pike,1,0,"",""
ball,2,6.4,England,SC Taylor,BL Morgan,KE Pike,1,0,"",""
ball,2,6.5,England,BL Morgan,SC Taylor,KE Pike,2,0,"",""
ball,2,6.6,England,BL Morgan,SC Taylor,KE Pike,2,0,"",""
ball,2,7.1,England,SC Taylor,BL Morgan,S Nitschke,1,0,"",""
ball,2,7.2,England,BL Morgan,SC Taylor,S Nitschke,1,0,"",""
ball,2,7.3,England,SC Taylor,BL Morgan,S Nitschke,1,0,"",""
ball,2,7.4,England,BL Morgan,SC Taylor,S Nitschke,1,0,"",""
ball,2,7.5,England,SC Taylor,BL Morgan,S Nitschke,2,0,"",""
ball,2,7.6,England,SC Taylor,BL Morgan,S Nitschke,1,0,"",""
ball,2,8.1,England,SC Taylor,BL Morgan,KE Pike,2,0,"",""
ball,2,8.2,England,SC Taylor,BL Morgan,KE Pike,1,0,"",""
ball,2,8.3,England,BL Morgan,SC Taylor,KE Pike,1,0,"",""
ball,2,8.4,England,SC Taylor,BL Morgan,KE Pike,4,0,"",""
ball,2,8.5,England,SC Taylor,BL Morgan,KE Pike,4,0,"",""
ball,2,8.6,England,SC Taylor,BL Morgan,KE Pike,4,0,"",""
ball,2,9.1,England,BL Morgan,SC Taylor,S Nitschke,1,0,"",""
ball,2,9.2,England,SC Taylor,BL Morgan,S Nitschke,1,0,"",""
ball,2,9.3,England,BL Morgan,SC Taylor,S Nitschke,2,0,"",""
ball,2,9.4,England,BL Morgan,SC Taylor,S Nitschke,1,0,"",""
ball,2,9.5,England,SC Taylor,BL Morgan,S Nitschke,1,0,"",""
ball,2,9.6,England,BL Morgan,SC Taylor,S Nitschke,0,0,"",""
ball,2,10.1,England,SC Taylor,BL Morgan,EA Osborne,1,0,"",""
ball,2,10.2,England,BL Morgan,SC Taylor,EA Osborne,0,0,"",""
ball,2,10.3,England,BL Morgan,SC Taylor,EA Osborne,0,0,"",""
ball,2,10.4,England,BL Morgan,SC Taylor,EA Osborne,1,0,"",""
ball,2,10.5,England,SC Taylor,BL Morgan,EA Osborne,0,0,caught,SC Taylor
ball,2,10.6,England,BL Morgan,LS Greenway,EA Osborne,2,0,"",""
ball,2,11.1,England,LS Greenway,BL Morgan,S Nitschke,1,0,"",""
ball,2,11.2,England,BL Morgan,LS Greenway,S Nitschke,1,0,"",""
ball,2,11.3,England,LS Greenway,BL Morgan,S Nitschke,2,0,"",""
ball,2,11.4,England,LS Greenway,BL Morgan,S Nitschke,0,0,"",""
ball,2,11.5,England,LS Greenway,BL Morgan,S Nitschke,1,0,"",""
ball,2,11.6,England,BL Morgan,LS Greenway,S Nitschke,0,0,caught,BL Morgan
ball,2,12.1,England,EJCLRC Rainford-Brent,LS Greenway,EA Osborne,1,0,"",""
ball,2,12.2,England,LS Greenway,EJCLRC Rainford-Brent,EA Osborne,0,0,"",""
ball,2,12.3,England,LS Greenway,EJCLRC Rainford-Brent,EA Osborne,1,0,"",""
ball,2,12.4,England,EJCLRC Rainford-Brent,LS Greenway,EA Osborne,1,0,"",""
ball,2,12.5,England,LS Greenway,EJCLRC Rainford-Brent,EA Osborne,4,0,"",""
ball,2,12.6,England,LS Greenway,EJCLRC Rainford-Brent,EA Osborne,1,0,"",""
ball,2,13.1,England,LS Greenway,EJCLRC Rainford-Brent,KE Pike,0,0,"",""
ball,2,13.2,England,LS Greenway,EJCLRC Rainford-Brent,KE Pike,1,0,"",""
ball,2,13.3,England,EJCLRC Rainford-Brent,LS Greenway,KE Pike,1,0,"",""
ball,2,13.4,England,LS Greenway,EJCLRC Rainford-Brent,KE Pike,1,0,"",""
ball,2,13.5,England,EJCLRC Rainford-Brent,LS Greenway,KE Pike,1,0,"",""
ball,2,13.6,England,LS Greenway,EJCLRC Rainford-Brent,KE Pike,1,0,"",""
ball,2,14.1,England,LS Greenway,EJCLRC Rainford-Brent,EA Osborne,1,0,"",""
ball,2,14.2,England,EJCLRC Rainford-Brent,LS Greenway,EA Osborne,3,0,"",""
ball,2,14.3,England,LS Greenway,EJCLRC Rainford-Brent,EA Osborne,1,0,"",""
ball,2,14.4,England,EJCLRC Rainford-Brent,LS Greenway,EA Osborne,1,0,"",""
ball,2,14.5,England,LS Greenway,EJCLRC Rainford-Brent,EA Osborne,1,0,"",""
ball,2,14.6,England,EJCLRC Rainford-Brent,LS Greenway,EA Osborne,2,0,"",""
ball,2,15.1,England,LS Greenway,EJCLRC Rainford-Brent,KE Pike,1,0,"",""
ball,2,15.2,England,EJCLRC Rainford-Brent,LS Greenway,KE Pike,2,0,"",""
ball,2,15.3,England,EJCLRC Rainford-Brent,LS Greenway,KE Pike,1,0,"",""
ball,2,15.4,England,LS Greenway,EJCLRC Rainford-Brent,KE Pike,1,0,"",""
ball,2,15.5,England,EJCLRC Rainford-Brent,LS Greenway,KE Pike,1,0,"",""
ball,2,15.6,England,LS Greenway,EJCLRC Rainford-Brent,KE Pike,1,0,"",""
ball,2,16.1,England,LS Greenway,EJCLRC Rainford-Brent,EA Osborne,0,0,stumped,LS Greenway
ball,2,16.2,England,JL Gunn,EJCLRC Rainford-Brent,EA Osborne,0,0,"",""
ball,2,16.3,England,JL Gunn,EJCLRC Rainford-Brent,EA Osborne,2,0,"",""
ball,2,16.4,England,JL Gunn,EJCLRC Rainford-Brent,EA Osborne,0,0,"",""
ball,2,16.5,England,JL Gunn,EJCLRC Rainford-Brent,EA Osborne,0,0,"",""
ball,2,16.6,England,JL Gunn,EJCLRC Rainford-Brent,EA Osborne,1,0,"",""
ball,2,17.1,England,JL Gunn,EJCLRC Rainford-Brent,RM Farrell,0,1,"",""
ball,2,17.2,England,JL Gunn,EJCLRC Rainford-Brent,RM Farrell,2,0,"",""
ball,2,17.3,England,JL Gunn,EJCLRC Rainford-Brent,RM Farrell,1,0,"",""
ball,2,17.4,England,EJCLRC Rainford-Brent,JL Gunn,RM Farrell,1,0,"",""
ball,2,17.5,England,JL Gunn,EJCLRC Rainford-Brent,RM Farrell,0,0,"",""
ball,2,17.6,England,JL Gunn,EJCLRC Rainford-Brent,RM Farrell,0,0,"",""
ball,2,17.7,England,JL Gunn,EJCLRC Rainford-Brent,RM Farrell,0,0,caught,JL Gunn
ball,2,18.1,England,NJ Shaw,EJCLRC Rainford-Brent,SJ Andrews,0,0,"",""
ball,2,18.2,England,NJ Shaw,EJCLRC Rainford-Brent,SJ Andrews,1,0,"",""
ball,2,18.3,England,EJCLRC Rainford-Brent,NJ Shaw,SJ Andrews,3,0,"",""
ball,2,18.4,England,NJ Shaw,EJCLRC Rainford-Brent,SJ Andrews,1,0,"",""
ball,2,18.5,England,EJCLRC Rainford-Brent,NJ Shaw,SJ Andrews,4,0,"",""
ball,2,18.6,England,EJCLRC Rainford-Brent,NJ Shaw,SJ Andrews,0,0,"",""
ball,2,19.1,England,NJ Shaw,EJCLRC Rainford-Brent,RM Farrell,2,0,"",""
ball,2,19.2,England,NJ Shaw,EJCLRC Rainford-Brent,RM Farrell,1,0,"",""
ball,2,19.3,England,EJCLRC Rainford-Brent,NJ Shaw,RM Farrell,0,0,"",""
ball,2,19.4,England,EJCLRC Rainford-Brent,NJ Shaw,RM Farrell,1,0,"",""
ball,2,19.5,England,NJ Shaw,EJCLRC Rainford-Brent,RM Farrell,1,0,"",""
ball,2,19.6,England,EJCLRC Rainford-Brent,NJ Shaw,RM Farrell,0,0,"",""
