version,1.3.0
info,team,Sri Lanka
info,team,New Zealand
info,gender,male
info,season,2009
info,date,2009/09/04
info,series,New Zealand in Sri Lanka T20I Series
info,match_number,2
info,venue,R Premadasa Stadium
info,city,Colombo
info,toss_winner,New Zealand
info,toss_decision,bat
info,player_of_match,JD Ryder
info,umpire,MG Silva
info,umpire,TH Wijewardene
info,reserve_umpire,SH Sarathkumara
info,tv_umpire,HDPK Dharmasena
info,match_referee,AJ Pycroft
info,winner,New Zealand
info,winner_runs,22
ball,1,0.1,New Zealand,BB McCullum,JD Ryder,KMDN Kulasekara,3,0,"",""
ball,1,0.2,New Zealand,JD Ryder,BB McCullum,KMDN Kulasekara,0,0,"",""
ball,1,0.3,New Zealand,JD Ryder,BB McCullum,KMDN Kulasekara,2,0,"",""
ball,1,0.4,New Zealand,JD Ryder,BB McCullum,KMDN Kulasekara,4,0,"",""
ball,1,0.5,New Zealand,JD Ryder,BB McCullum,KMDN Kulasekara,0,0,"",""
ball,1,0.6,New Zealand,JD Ryder,BB McCullum,KMDN Kulasekara,0,0,"",""
ball,1,1.1,New Zealand,BB McCullum,JD Ryder,SL Malinga,1,0,"",""
ball,1,1.2,New Zealand,JD Ryder,BB McCullum,SL Malinga,0,1,"",""
ball,1,1.3,New Zealand,JD Ryder,BB McCullum,SL Malinga,0,0,"",""
ball,1,1.4,New Zealand,JD Ryder,BB McCullum,SL Malinga,1,0,"",""
ball,1,1.5,New Zealand,BB McCullum,JD Ryder,SL Malinga,0,0,"",""
ball,1,1.6,New Zealand,BB McCullum,JD Ryder,SL Malinga,1,0,"",""
ball,1,1.7,New Zealand,JD Ryder,BB McCullum,SL Malinga,0,0,"",""
ball,1,2.1,New Zealand,BB McCullum,JD Ryder,KMDN Kulasekara,0,0,"",""
ball,1,2.2,New Zealand,BB McCullum,JD Ryder,KMDN Kulasekara,0,0,"",""
ball,1,2.3,New Zealand,BB McCullum,JD Ryder,KMDN Kulasekara,0,0,"",""
ball,1,2.4,New Zealand,BB McCullum,JD Ryder,KMDN Kulasekara,4,0,"",""
ball,1,2.5,New Zealand,BB McCullum,JD Ryder,KMDN Kulasekara,0,0,"",""
ball,1,2.6,New Zealand,BB McCullum,JD Ryder,KMDN Kulasekara,4,0,"",""
ball,1,3.1,New Zealand,JD Ryder,BB McCullum,SL Malinga,1,0,"",""
ball,1,3.2,New Zealand,BB McCullum,JD Ryder,SL Malinga,1,0,"",""
ball,1,3.3,New Zealand,JD Ryder,BB McCullum,SL Malinga,0,1,"",""
ball,1,3.4,New Zealand,BB McCullum,JD Ryder,SL Malinga,2,0,"",""
ball,1,3.5,New Zealand,BB McCullum,JD Ryder,SL Malinga,6,0,"",""
ball,1,3.6,New Zealand,BB McCullum,JD Ryder,SL Malinga,4,1,"",""
ball,1,3.7,New Zealand,BB McCullum,JD Ryder,SL Malinga,3,0,"",""
ball,1,4.1,New Zealand,BB McCullum,JD Ryder,KMDN Kulasekara,0,0,"",""
ball,1,4.2,New Zealand,BB McCullum,JD Ryder,KMDN Kulasekara,2,0,"",""
ball,1,4.3,New Zealand,BB McCullum,JD Ryder,KMDN Kulasekara,0,0,"",""
ball,1,4.4,New Zealand,BB McCullum,JD Ryder,KMDN Kulasekara,0,0,"",""
ball,1,4.5,New Zealand,BB McCullum,JD Ryder,KMDN Kulasekara,4,0,"",""
ball,1,4.6,New Zealand,BB McCullum,JD Ryder,KMDN Kulasekara,0,0,"",""
ball,1,5.1,New Zealand,JD Ryder,BB McCullum,BAW Mendis,0,0,"",""
ball,1,5.2,New Zealand,JD Ryder,BB McCullum,BAW Mendis,1,0,"",""
ball,1,5.3,New Zealand,BB McCullum,JD Ryder,BAW Mendis,0,0,"",""
ball,1,5.4,New Zealand,BB McCullum,JD Ryder,BAW Mendis,0,0,"",""
ball,1,5.5,New Zealand,BB McCullum,JD Ryder,BAW Mendis,1,0,"",""
ball,1,5.6,New Zealand,JD Ryder,BB McCullum,BAW Mendis,1,0,"",""
ball,1,6.1,New Zealand,JD Ryder,BB McCullum,ST Jayasuriya,2,0,"",""
ball,1,6.2,New Zealand,JD Ryder,BB McCullum,ST Jayasuriya,0,0,"",""
ball,1,6.3,New Zealand,JD Ryder,BB McCullum,ST Jayasuriya,1,0,"",""
ball,1,6.4,New Zealand,BB McCullum,JD Ryder,ST Jayasuriya,1,0,"",""
ball,1,6.5,New Zealand,JD Ryder,BB McCullum,ST Jayasuriya,1,0,"",""
ball,1,6.6,New Zealand,BB McCullum,JD Ryder,ST Jayasuriya,0,0,"",""
ball,1,7.1,New Zealand,JD Ryder,BB McCullum,HMCM Bandara,1,0,"",""
ball,1,7.2,New Zealand,BB McCullum,JD Ryder,HMCM Bandara,1,0,"",""
ball,1,7.3,New Zealand,JD Ryder,BB McCullum,HMCM Bandara,6,0,"",""
ball,1,7.4,New Zealand,JD Ryder,BB McCullum,HMCM Bandara,0,0,"",""
ball,1,7.5,New Zealand,JD Ryder,BB McCullum,HMCM Bandara,1,0,"",""
ball,1,7.6,New Zealand,BB McCullum,JD Ryder,HMCM Bandara,2,0,"",""
ball,1,8.1,New Zealand,JD Ryder,BB McCullum,ST Jayasuriya,1,0,"",""
ball,1,8.2,New Zealand,BB McCullum,JD Ryder,ST Jayasuriya,0,0,"",""
ball,1,8.3,New Zealand,BB McCullum,JD Ryder,ST Jayasuriya,1,0,"",""
ball,1,8.4,New Zealand,JD Ryder,BB McCullum,ST Jayasuriya,4,0,"",""
ball,1,8.5,New Zealand,JD Ryder,BB McCullum,ST Jayasuriya,0,0,"",""
ball,1,8.6,New Zealand,JD Ryder,BB McCullum,ST Jayasuriya,1,0,"",""
ball,1,9.1,New Zealand,JD Ryder,BB McCullum,TM Dilshan,1,0,"",""
ball,1,9.2,New Zealand,BB McCullum,JD Ryder,TM Dilshan,1,0,"",""
ball,1,9.3,New Zealand,JD Ryder,BB McCullum,TM Dilshan,1,0,"",""
ball,1,9.4,New Zealand,BB McCullum,JD Ryder,TM Dilshan,6,0,"",""
ball,1,9.5,New Zealand,BB McCullum,JD Ryder,TM Dilshan,1,0,"",""
ball,1,9.6,New Zealand,JD Ryder,BB McCullum,TM Dilshan,1,0,"",""
ball,1,10.1,New Zealand,JD Ryder,BB McCullum,ST Jayasuriya,1,0,"",""
ball,1,10.2,New Zealand,BB McCullum,JD Ryder,ST Jayasuriya,0,0,caught and bowled,BB McCullum
ball,1,10.3,New Zealand,LRPL Taylor,JD Ryder,ST Jayasuriya,0,0,"",""
ball,1,10.4,New Zealand,LRPL Taylor,JD Ryder,ST Jayasuriya,0,0,"",""
ball,1,10.5,New Zealand,LRPL Taylor,JD Ryder,ST Jayasuriya,1,0,"",""
ball,1,10.6,New Zealand,JD Ryder,LRPL Taylor,ST Jayasuriya,1,0,"",""
ball,1,11.1,New Zealand,JD Ryder,LRPL Taylor,TM Dilshan,6,0,"",""
ball,1,11.2,New Zealand,JD Ryder,LRPL Taylor,TM Dilshan,1,0,"",""
ball,1,11.3,New Zealand,LRPL Taylor,JD Ryder,TM Dilshan,1,0,"",""
ball,1,11.4,New Zealand,JD Ryder,LRPL Taylor,TM Dilshan,4,0,"",""
ball,1,11.5,New Zealand,JD Ryder,LRPL Taylor,TM Dilshan,6,0,"",""
ball,1,11.6,New Zealand,JD Ryder,LRPL Taylor,TM Dilshan,2,0,"",""
ball,1,12.1,New Zealand,LRPL Taylor,JD Ryder,BAW Mendis,0,0,"",""
ball,1,12.2,New Zealand,LRPL Taylor,JD Ryder,BAW Mendis,2,0,"",""
ball,1,12.3,New Zealand,LRPL Taylor,JD Ryder,BAW Mendis,0,0,"",""
ball,1,12.4,New Zealand,LRPL Taylor,JD Ryder,BAW Mendis,1,0,"",""
ball,1,12.5,New Zealand,JD Ryder,LRPL Taylor,BAW Mendis,0,0,"",""
ball,1,12.6,New Zealand,JD Ryder,LRPL Taylor,BAW Mendis,0,0,caught,JD Ryder
ball,1,13.1,New Zealand,LRPL Taylor,MJ Guptill,HMCM Bandara,0,0,"",""
ball,1,13.2,New Zealand,LRPL Taylor,MJ Guptill,HMCM Bandara,1,0,"",""
ball,1,13.3,New Zealand,MJ Guptill,LRPL Taylor,HMCM Bandara,1,0,"",""
ball,1,13.4,New Zealand,LRPL Taylor,MJ Guptill,HMCM Bandara,2,0,"",""
ball,1,13.5,New Zealand,LRPL Taylor,MJ Guptill,HMCM Bandara,4,0,"",""
ball,1,13.6,New Zealand,LRPL Taylor,MJ Guptill,HMCM Bandara,0,1,"",""
ball,1,14.1,New Zealand,LRPL Taylor,MJ Guptill,BAW Mendis,1,0,"",""
ball,1,14.2,New Zealand,MJ Guptill,LRPL Taylor,BAW Mendis,2,0,"",""
ball,1,14.3,New Zealand,MJ Guptill,LRPL Taylor,BAW Mendis,1,0,"",""
ball,1,14.4,New Zealand,LRPL Taylor,MJ Guptill,BAW Mendis,0,0,"",""
ball,1,14.5,New Zealand,LRPL Taylor,MJ Guptill,BAW Mendis,1,0,"",""
ball,1,14.6,New Zealand,MJ Guptill,LRPL Taylor,BAW Mendis,1,0,"",""
ball,1,15.1,New Zealand,MJ Guptill,LRPL Taylor,ST Jayasuriya,1,0,"",""
ball,1,15.2,New Zealand,LRPL Taylor,MJ Guptill,ST Jayasuriya,2,0,"",""
ball,1,15.3,New Zealand,LRPL Taylor,MJ Guptill,ST Jayasuriya,0,0,lbw,LRPL Taylor
ball,1,15.4,New Zealand,JDP Oram,MJ Guptill,ST Jayasuriya,1,0,"",""
ball,1,15.5,New Zealand,MJ Guptill,JDP Oram,ST Jayasuriya,1,0,"",""
ball,1,15.6,New Zealand,JDP Oram,MJ Guptill,ST Jayasuriya,2,0,"",""
ball,1,16.1,New Zealand,MJ Guptill,JDP Oram,KMDN Kulasekara,6,0,"",""
ball,1,16.2,New Zealand,MJ Guptill,JDP Oram,KMDN Kulasekara,4,0,"",""
ball,1,16.3,New Zealand,MJ Guptill,JDP Oram,KMDN Kulasekara,2,0,"",""
ball,1,16.4,New Zealand,MJ Guptill,JDP Oram,KMDN Kulasekara,2,0,"",""
ball,1,16.5,New Zealand,MJ Guptill,JDP Oram,KMDN Kulasekara,1,0,"",""
ball,1,16.6,New Zealand,JDP Oram,MJ Guptill,KMDN Kulasekara,2,0,"",""
ball,1,17.1,New Zealand,MJ Guptill,JDP Oram,SL Malinga,1,0,"",""
ball,1,17.2,New Zealand,JDP Oram,MJ Guptill,SL Malinga,2,0,"",""
ball,1,17.3,New Zealand,JDP Oram,MJ Guptill,SL Malinga,1,0,"",""
ball,1,17.4,New Zealand,MJ Guptill,JDP Oram,SL Malinga,1,0,"",""
ball,1,17.5,New Zealand,JDP Oram,MJ Guptill,SL Malinga,1,0,"",""
ball,1,17.6,New Zealand,MJ Guptill,JDP Oram,SL Malinga,0,0,"",""
ball,1,18.1,New Zealand,JDP Oram,MJ Guptill,BAW Mendis,1,0,"",""
ball,1,18.2,New Zealand,MJ Guptill,JDP Oram,BAW Mendis,4,0,"",""
ball,1,18.3,New Zealand,MJ Guptill,JDP Oram,BAW Mendis,0,0,"",""
ball,1,18.4,New Zealand,MJ Guptill,JDP Oram,BAW Mendis,2,0,"",""
ball,1,18.5,New Zealand,MJ Guptill,JDP Oram,BAW Mendis,1,0,"",""
ball,1,18.6,New Zealand,JDP Oram,MJ Guptill,BAW Mendis,1,0,"",""
ball,1,19.1,New Zealand,JDP Oram,MJ Guptill,SL Malinga,4,0,"",""
ball,1,19.2,New Zealand,JDP Oram,MJ Guptill,SL Malinga,1,0,"",""
ball,1,19.3,New Zealand,MJ Guptill,JDP Oram,SL Malinga,1,0,"",""
ball,1,19.4,New Zealand,JDP Oram,MJ Guptill,SL Malinga,0,0,"",""
ball,1,19.5,New Zealand,JDP Oram,MJ Guptill,SL Malinga,1,0,"",""
ball,1,19.6,New Zealand,MJ Guptill,JDP Oram,SL Malinga,0,0,bowled,MJ Guptill
ball,2,0.1,Sri Lanka,TM Dilshan,ST Jayasuriya,SE Bond,0,0,"",""
ball,2,0.2,Sri Lanka,TM Dilshan,ST Jayasuriya,SE Bond,1,0,"",""
ball,2,0.3,Sri Lanka,ST Jayasuriya,TM Dilshan,SE Bond,0,0,"",""
ball,2,0.4,Sri Lanka,ST Jayasuriya,TM Dilshan,SE Bond,1,0,"",""
ball,2,0.5,Sri Lanka,TM Dilshan,ST Jayasuriya,SE Bond,0,0,caught,TM Dilshan
ball,2,0.6,Sri Lanka,ST Jayasuriya,ML Udawatte,SE Bond,0,0,"",""
ball,2,1.1,Sri Lanka,ML Udawatte,ST Jayasuriya,KD Mills,0,0,caught,ML Udawatte
ball,2,1.2,Sri Lanka,DPMD Jayawardene,ST Jayasuriya,KD Mills,0,0,"",""
ball,2,1.3,Sri Lanka,DPMD Jayawardene,ST Jayasuriya,KD Mills,0,0,"",""
ball,2,1.4,Sri Lanka,DPMD Jayawardene,ST Jayasuriya,KD Mills,1,0,"",""
ball,2,1.5,Sri Lanka,ST Jayasuriya,DPMD Jayawardene,KD Mills,0,0,"",""
ball,2,1.6,Sri Lanka,ST Jayasuriya,DPMD Jayawardene,KD Mills,0,0,"",""
ball,2,2.1,Sri Lanka,DPMD Jayawardene,ST Jayasuriya,SE Bond,0,0,"",""
ball,2,2.2,Sri Lanka,DPMD Jayawardene,ST Jayasuriya,SE Bond,0,0,"",""
ball,2,2.3,Sri Lanka,DPMD Jayawardene,ST Jayasuriya,SE Bond,0,0,"",""
ball,2,2.4,Sri Lanka,DPMD Jayawardene,ST Jayasuriya,SE Bond,1,0,"",""
ball,2,2.5,Sri Lanka,ST Jayasuriya,DPMD Jayawardene,SE Bond,2,0,"",""
ball,2,2.6,Sri Lanka,ST Jayasuriya,DPMD Jayawardene,SE Bond,4,0,"",""
ball,2,3.1,Sri Lanka,DPMD Jayawardene,ST Jayasuriya,KD Mills,1,0,"",""
ball,2,3.2,Sri Lanka,ST Jayasuriya,DPMD Jayawardene,KD Mills,0,0,caught,ST Jayasuriya
ball,2,3.3,Sri Lanka,KC Sangakkara,DPMD Jayawardene,KD Mills,1,0,"",""
ball,2,3.4,Sri Lanka,DPMD Jayawardene,KC Sangakkara,KD Mills,0,0,"",""
ball,2,3.5,Sri Lanka,DPMD Jayawardene,KC Sangakkara,KD Mills,4,0,"",""
ball,2,3.6,Sri Lanka,DPMD Jayawardene,KC Sangakkara,KD Mills,0,0,"",""
ball,2,4.1,Sri Lanka,KC Sangakkara,DPMD Jayawardene,IG Butler,0,0,"",""
ball,2,4.2,Sri Lanka,KC Sangakkara,DPMD Jayawardene,IG Butler,1,0,"",""
ball,2,4.3,Sri Lanka,DPMD Jayawardene,KC Sangakkara,IG Butler,0,1,"",""
ball,2,4.4,Sri Lanka,KC Sangakkara,DPMD Jayawardene,IG Butler,0,0,"",""
ball,2,4.5,Sri Lanka,KC Sangakkara,DPMD Jayawardene,IG Butler,4,0,"",""
ball,2,4.6,Sri Lanka,KC Sangakkara,DPMD Jayawardene,IG Butler,0,0,"",""
ball,2,5.1,Sri Lanka,DPMD Jayawardene,KC Sangakkara,KD Mills,4,0,"",""
ball,2,5.2,Sri Lanka,DPMD Jayawardene,KC Sangakkara,KD Mills,4,0,"",""
ball,2,5.3,Sri Lanka,DPMD Jayawardene,KC Sangakkara,KD Mills,0,1,"",""
ball,2,5.4,Sri Lanka,DPMD Jayawardene,KC Sangakkara,KD Mills,0,0,"",""
ball,2,5.5,Sri Lanka,DPMD Jayawardene,KC Sangakkara,KD Mills,2,0,"",""
ball,2,5.6,Sri Lanka,DPMD Jayawardene,KC Sangakkara,KD Mills,4,0,"",""
ball,2,5.7,Sri Lanka,DPMD Jayawardene,KC Sangakkara,KD Mills,0,0,"",""
ball,2,6.1,Sri Lanka,KC Sangakkara,DPMD Jayawardene,DL Vettori,0,1,"",""
ball,2,6.2,Sri Lanka,KC Sangakkara,DPMD Jayawardene,DL Vettori,0,0,"",""
ball,2,6.3,Sri Lanka,KC Sangakkara,DPMD Jayawardene,DL Vettori,2,0,"",""
ball,2,6.4,Sri Lanka,KC Sangakkara,DPMD Jayawardene,DL Vettori,1,0,"",""
ball,2,6.5,Sri Lanka,DPMD Jayawardene,KC Sangakkara,DL Vettori,1,0,"",""
ball,2,6.6,Sri Lanka,KC Sangakkara,DPMD Jayawardene,DL Vettori,4,0,"",""
ball,2,6.7,Sri Lanka,KC Sangakkara,DPMD Jayawardene,DL Vettori,1,0,"",""
ball,2,7.1,Sri Lanka,KC Sangakkara,DPMD Jayawardene,IG Butler,0,0,"",""
ball,2,7.2,Sri Lanka,KC Sangakkara,DPMD Jayawardene,IG Butler,0,0,"",""
ball,2,7.3,Sri Lanka,KC Sangakkara,DPMD Jayawardene,IG Butler,1,0,"",""
ball,2,7.4,Sri Lanka,DPMD Jayawardene,KC Sangakkara,IG Butler,2,0,"",""
ball,2,7.5,Sri Lanka,DPMD Jayawardene,KC Sangakkara,IG Butler,4,0,"",""
ball,2,7.6,Sri Lanka,DPMD Jayawardene,KC Sangakkara,IG Butler,1,0,"",""
ball,2,8.1,Sri Lanka,DPMD Jayawardene,KC Sangakkara,DL Vettori,1,0,"",""
ball,2,8.2,Sri Lanka,KC Sangakkara,DPMD Jayawardene,DL Vettori,1,0,"",""
ball,2,8.3,Sri Lanka,DPMD Jayawardene,KC Sangakkara,DL Vettori,1,0,"",""
ball,2,8.4,Sri Lanka,KC Sangakkara,DPMD Jayawardene,DL Vettori,1,0,"",""
ball,2,8.5,Sri Lanka,DPMD Jayawardene,KC Sangakkara,DL Vettori,1,0,"",""
ball,2,8.6,Sri Lanka,KC Sangakkara,DPMD Jayawardene,DL Vettori,4,0,"",""
ball,2,9.1,Sri Lanka,DPMD Jayawardene,KC Sangakkara,IG Butler,1,0,"",""
ball,2,9.2,Sri Lanka,KC Sangakkara,DPMD Jayawardene,IG Butler,0,0,"",""
ball,2,9.3,Sri Lanka,KC Sangakkara,DPMD Jayawardene,IG Butler,1,0,"",""
ball,2,9.4,Sri Lanka,DPMD Jayawardene,KC Sangakkara,IG Butler,6,0,"",""
ball,2,9.5,Sri Lanka,DPMD Jayawardene,KC Sangakkara,IG Butler,1,0,"",""
ball,2,9.6,Sri Lanka,KC Sangakkara,DPMD Jayawardene,IG Butler,0,1,"",""
ball,2,9.7,Sri Lanka,KC Sangakkara,DPMD Jayawardene,IG Butler,2,0,"",""
ball,2,10.1,Sri Lanka,DPMD Jayawardene,KC Sangakkara,NL McCullum,1,0,"",""
ball,2,10.2,Sri Lanka,KC Sangakkara,DPMD Jayawardene,NL McCullum,1,0,"",""
ball,2,10.3,Sri Lanka,DPMD Jayawardene,KC Sangakkara,NL McCullum,0,0,caught,DPMD Jayawardene
ball,2,10.4,Sri Lanka,AD Mathews,KC Sangakkara,NL McCullum,1,0,"",""
ball,2,10.5,Sri Lanka,KC Sangakkara,AD Mathews,NL McCullum,1,0,"",""
ball,2,10.6,Sri Lanka,AD Mathews,KC Sangakkara,NL McCullum,0,0,caught,AD Mathews
ball,2,11.1,Sri Lanka,KC Sangakkara,RJMGM Rupasinghe,JDP Oram,0,0,"",""
ball,2,11.2,Sri Lanka,KC Sangakkara,RJMGM Rupasinghe,JDP Oram,1,0,"",""
ball,2,11.3,Sri Lanka,RJMGM Rupasinghe,KC Sangakkara,JDP Oram,1,0,"",""
ball,2,11.4,Sri Lanka,KC Sangakkara,RJMGM Rupasinghe,JDP Oram,1,0,"",""
ball,2,11.5,Sri Lanka,RJMGM Rupasinghe,KC Sangakkara,JDP Oram,0,1,"",""
ball,2,11.6,Sri Lanka,KC Sangakkara,RJMGM Rupasinghe,JDP Oram,4,0,"",""
ball,2,12.1,Sri Lanka,RJMGM Rupasinghe,KC Sangakkara,NL McCullum,1,0,"",""
ball,2,12.2,Sri Lanka,KC Sangakkara,RJMGM Rupasinghe,NL McCullum,1,0,"",""
ball,2,12.3,Sri Lanka,RJMGM Rupasinghe,KC Sangakkara,NL McCullum,0,0,"",""
ball,2,12.4,Sri Lanka,RJMGM Rupasinghe,KC Sangakkara,NL McCullum,1,0,"",""
ball,2,12.5,Sri Lanka,KC Sangakkara,RJMGM Rupasinghe,NL McCullum,1,0,"",""
ball,2,12.6,Sri Lanka,RJMGM Rupasinghe,KC Sangakkara,NL McCullum,1,0,"",""
ball,2,13.1,Sri Lanka,RJMGM Rupasinghe,KC Sangakkara,JDP Oram,0,0,"",""
ball,2,13.2,Sri Lanka,RJMGM Rupasinghe,KC Sangakkara,JDP Oram,1,0,"",""
ball,2,13.3,Sri Lanka,KC Sangakkara,RJMGM Rupasinghe,JDP Oram,1,0,"",""
ball,2,13.4,Sri Lanka,RJMGM Rupasinghe,KC Sangakkara,JDP Oram,1,0,"",""
ball,2,13.5,Sri Lanka,KC Sangakkara,RJMGM Rupasinghe,JDP Oram,4,0,"",""
ball,2,13.6,Sri Lanka,KC Sangakkara,RJMGM Rupasinghe,JDP Oram,1,0,"",""
ball,2,14.1,Sri Lanka,KC Sangakkara,RJMGM Rupasinghe,NL McCullum,1,0,"",""
ball,2,14.2,Sri Lanka,RJMGM Rupasinghe,KC Sangakkara,NL McCullum,4,0,"",""
ball,2,14.3,Sri Lanka,RJMGM Rupasinghe,KC Sangakkara,NL McCullum,0,0,"",""
ball,2,14.4,Sri Lanka,RJMGM Rupasinghe,KC Sangakkara,NL McCullum,1,0,"",""
ball,2,14.5,Sri Lanka,KC Sangakkara,RJMGM Rupasinghe,NL McCullum,2,0,"",""
ball,2,14.6,Sri Lanka,KC Sangakkara,RJMGM Rupasinghe,NL McCullum,1,0,"",""
ball,2,15.1,Sri Lanka,KC Sangakkara,RJMGM Rupasinghe,IG Butler,1,0,"",""
ball,2,15.2,Sri Lanka,RJMGM Rupasinghe,KC Sangakkara,IG Butler,3,0,"",""
ball,2,15.3,Sri Lanka,KC Sangakkara,RJMGM Rupasinghe,IG Butler,2,0,"",""
ball,2,15.4,Sri Lanka,KC Sangakkara,RJMGM Rupasinghe,IG Butler,1,0,"",""
ball,2,15.5,Sri Lanka,RJMGM Rupasinghe,KC Sangakkara,IG Butler,1,0,"",""
ball,2,15.6,Sri Lanka,KC Sangakkara,RJMGM Rupasinghe,IG Butler,1,0,"",""
ball,2,16.1,Sri Lanka,KC Sangakkara,RJMGM Rupasinghe,DL Vettori,0,0,"",""
ball,2,16.2,Sri Lanka,KC Sangakkara,RJMGM Rupasinghe,DL Vettori,2,0,"",""
ball,2,16.3,Sri Lanka,KC Sangakkara,RJMGM Rupasinghe,DL Vettori,2,0,"",""
ball,2,16.4,Sri Lanka,KC Sangakkara,RJMGM Rupasinghe,DL Vettori,2,0,"",""
ball,2,16.5,Sri Lanka,KC Sangakkara,RJMGM Rupasinghe,DL Vettori,1,0,"",""
ball,2,16.6,Sri Lanka,RJMGM Rupasinghe,KC Sangakkara,DL Vettori,1,0,"",""
ball,2,17.1,Sri Lanka,RJMGM Rupasinghe,KC Sangakkara,SE Bond,2,0,"",""
ball,2,17.2,Sri Lanka,RJMGM Rupasinghe,KC Sangakkara,SE Bond,0,0,"",""
ball,2,17.3,Sri Lanka,RJMGM Rupasinghe,KC Sangakkara,SE Bond,0,0,caught,RJMGM Rupasinghe
ball,2,17.4,Sri Lanka,KMDN Kulasekara,KC Sangakkara,SE Bond,0,0,"",""
ball,2,17.5,Sri Lanka,KMDN Kulasekara,KC Sangakkara,SE Bond,1,0,"",""
ball,2,17.6,Sri Lanka,KC Sangakkara,KMDN Kulasekara,SE Bond,1,0,"",""
ball,2,18.1,Sri Lanka,KC Sangakkara,KMDN Kulasekara,JDP Oram,2,0,"",""
ball,2,18.2,Sri Lanka,KC Sangakkara,KMDN Kulasekara,JDP Oram,4,0,"",""
ball,2,18.3,Sri Lanka,KC Sangakkara,KMDN Kulasekara,JDP Oram,2,0,"",""
ball,2,18.4,Sri Lanka,KC Sangakkara,KMDN Kulasekara,JDP Oram,0,0,"",""
ball,2,18.5,Sri Lanka,KC Sangakkara,KMDN Kulasekara,JDP Oram,4,0,"",""
ball,2,18.6,Sri Lanka,KC Sangakkara,KMDN Kulasekara,JDP Oram,0,0,caught and bowled,KC Sangakkara
ball,2,19.1,Sri Lanka,HMCM Bandara,KMDN Kulasekara,SE Bond,2,0,"",""
ball,2,19.2,Sri Lanka,HMCM Bandara,KMDN Kulasekara,SE Bond,1,0,"",""
ball,2,19.3,Sri Lanka,KMDN Kulasekara,HMCM Bandara,SE Bond,1,0,"",""
ball,2,19.4,Sri Lanka,HMCM Bandara,KMDN Kulasekara,SE Bond,1,0,"",""
ball,2,19.5,Sri Lanka,KMDN Kulasekara,HMCM Bandara,SE Bond,0,0,caught,KMDN Kulasekara
ball,2,19.6,Sri Lanka,HMCM Bandara,SL Malinga,SE Bond,0,0,"",""
