version,1.3.0
info,team,England
info,team,South Africa
info,gender,male
info,season,2010
info,date,2010/05/08
info,competition,ICC World Twenty20
info,match_number,18
info,venue,"Kensington Oval, Bridgetown"
info,city,Barbados
info,neutralvenue,true
info,toss_winner,England
info,toss_decision,bat
info,player_of_match,KP Pietersen
info,umpire,Aleem Dar
info,umpire,SJ Davis
info,reserve_umpire,IJ Gould
info,tv_umpire,SJA Taufel
info,match_referee,AG Hurst
info,winner,England
info,winner_runs,39
ball,1,0.1,England,MJ Lumb,C Kieswetter,J Botha,1,0,"",""
ball,1,0.2,England,C Kieswetter,MJ Lumb,J Botha,1,0,"",""
ball,1,0.3,England,MJ Lumb,C Kieswetter,J Botha,0,0,"",""
ball,1,0.4,England,MJ Lumb,C Kieswetter,J Botha,2,0,"",""
ball,1,0.5,England,MJ Lumb,C Kieswetter,J Botha,0,0,lbw,MJ Lumb
ball,1,0.6,England,KP Pietersen,C Kieswetter,J Botha,0,0,"",""
ball,1,1.1,England,C Kieswetter,KP Pietersen,DW Steyn,0,0,"",""
ball,1,1.2,England,C Kieswetter,KP Pietersen,DW Steyn,4,0,"",""
ball,1,1.3,England,C Kieswetter,KP Pietersen,DW Steyn,1,0,"",""
ball,1,1.4,England,KP Pietersen,C Kieswetter,DW Steyn,4,0,"",""
ball,1,1.5,England,KP Pietersen,C Kieswetter,DW Steyn,0,0,"",""
ball,1,1.6,England,KP Pietersen,C Kieswetter,DW Steyn,4,0,"",""
ball,1,2.1,England,C Kieswetter,KP Pietersen,M Morkel,0,1,"",""
ball,1,2.2,England,C Kieswetter,KP Pietersen,M Morkel,1,0,"",""
ball,1,2.3,England,KP Pietersen,C Kieswetter,M Morkel,4,0,"",""
ball,1,2.4,England,KP Pietersen,C Kieswetter,M Morkel,0,0,"",""
ball,1,2.5,England,KP Pietersen,C Kieswetter,M Morkel,0,1,"",""
ball,1,2.6,England,C Kieswetter,KP Pietersen,M Morkel,1,1,"",""
ball,1,2.7,England,KP Pietersen,C Kieswetter,M Morkel,0,0,"",""
ball,1,2.8,England,KP Pietersen,C Kieswetter,M Morkel,4,0,"",""
ball,1,3.1,England,C Kieswetter,KP Pietersen,CK Langeveldt,0,0,"",""
ball,1,3.2,England,C Kieswetter,KP Pietersen,CK Langeveldt,0,0,"",""
ball,1,3.3,England,C Kieswetter,KP Pietersen,CK Langeveldt,1,0,"",""
ball,1,3.4,England,KP Pietersen,C Kieswetter,CK Langeveldt,1,0,"",""
ball,1,3.5,England,C Kieswetter,KP Pietersen,CK Langeveldt,0,5,"",""
ball,1,3.6,England,C Kieswetter,KP Pietersen,CK Langeveldt,0,0,"",""
ball,1,3.7,England,C Kieswetter,KP Pietersen,CK Langeveldt,0,0,"",""
ball,1,4.1,England,KP Pietersen,C Kieswetter,M Morkel,0,0,"",""
ball,1,4.2,England,KP Pietersen,C Kieswetter,M Morkel,4,0,"",""
ball,1,4.3,England,KP Pietersen,C Kieswetter,M Morkel,2,0,"",""
ball,1,4.4,England,KP Pietersen,C Kieswetter,M Morkel,4,0,"",""
ball,1,4.5,England,KP Pietersen,C Kieswetter,M Morkel,1,0,"",""
ball,1,4.6,England,C Kieswetter,KP Pietersen,M Morkel,1,0,"",""
ball,1,5.1,England,C Kieswetter,KP Pietersen,CK Langeveldt,6,0,"",""
ball,1,5.2,England,C Kieswetter,KP Pietersen,CK Langeveldt,0,1,"",""
ball,1,5.3,England,KP Pietersen,C Kieswetter,CK Langeveldt,1,0,"",""
ball,1,5.4,England,C Kieswetter,KP Pietersen,CK Langeveldt,4,0,"",""
ball,1,5.5,England,C Kieswetter,KP Pietersen,CK Langeveldt,0,0,"",""
ball,1,5.6,England,C Kieswetter,KP Pietersen,CK Langeveldt,4,0,"",""
ball,1,6.1,England,KP Pietersen,C Kieswetter,JH Kallis,1,0,"",""
ball,1,6.2,England,C Kieswetter,KP Pietersen,JH Kallis,0,0,"",""
ball,1,6.3,England,C Kieswetter,KP Pietersen,JH Kallis,0,0,"",""
ball,1,6.4,England,C Kieswetter,KP Pietersen,JH Kallis,2,0,"",""
ball,1,6.5,England,C Kieswetter,KP Pietersen,JH Kallis,0,0,"",""
ball,1,6.6,England,C Kieswetter,KP Pietersen,JH Kallis,1,0,"",""
ball,1,7.1,England,C Kieswetter,KP Pietersen,J Botha,0,0,"",""
ball,1,7.2,England,C Kieswetter,KP Pietersen,J Botha,0,0,"",""
ball,1,7.3,England,C Kieswetter,KP Pietersen,J Botha,1,0,"",""
ball,1,7.4,England,KP Pietersen,C Kieswetter,J Botha,2,0,"",""
ball,1,7.5,England,KP Pietersen,C Kieswetter,J Botha,0,0,"",""
ball,1,7.6,England,KP Pietersen,C Kieswetter,J Botha,1,0,"",""
ball,1,8.1,England,KP Pietersen,C Kieswetter,JH Kallis,1,0,"",""
ball,1,8.2,England,C Kieswetter,KP Pietersen,JH Kallis,0,0,"",""
ball,1,8.3,England,C Kieswetter,KP Pietersen,JH Kallis,1,0,"",""
ball,1,8.4,England,KP Pietersen,C Kieswetter,JH Kallis,0,0,"",""
ball,1,8.5,England,KP Pietersen,C Kieswetter,JH Kallis,0,0,"",""
ball,1,8.6,England,KP Pietersen,C Kieswetter,JH Kallis,2,0,"",""
ball,1,9.1,England,C Kieswetter,KP Pietersen,J Botha,1,0,"",""
ball,1,9.2,England,KP Pietersen,C Kieswetter,J Botha,1,0,"",""
ball,1,9.3,England,C Kieswetter,KP Pietersen,J Botha,1,0,"",""
ball,1,9.4,England,KP Pietersen,C Kieswetter,J Botha,1,0,"",""
ball,1,9.5,England,C Kieswetter,KP Pietersen,J Botha,0,0,"",""
ball,1,9.6,England,C Kieswetter,KP Pietersen,J Botha,1,0,"",""
ball,1,10.1,England,C Kieswetter,KP Pietersen,DW Steyn,1,0,"",""
ball,1,10.2,England,KP Pietersen,C Kieswetter,DW Steyn,4,0,"",""
ball,1,10.3,England,KP Pietersen,C Kieswetter,DW Steyn,6,0,"",""
ball,1,10.4,England,KP Pietersen,C Kieswetter,DW Steyn,0,0,"",""
ball,1,10.5,England,KP Pietersen,C Kieswetter,DW Steyn,4,0,"",""
ball,1,10.6,England,KP Pietersen,C Kieswetter,DW Steyn,1,0,"",""
ball,1,11.1,England,KP Pietersen,C Kieswetter,J Botha,0,0,"",""
ball,1,11.2,England,KP Pietersen,C Kieswetter,J Botha,0,0,caught,KP Pietersen
ball,1,11.3,England,PD Collingwood,C Kieswetter,J Botha,1,0,"",""
ball,1,11.4,England,C Kieswetter,PD Collingwood,J Botha,1,0,"",""
ball,1,11.5,England,PD Collingwood,C Kieswetter,J Botha,0,0,"",""
ball,1,11.6,England,PD Collingwood,C Kieswetter,J Botha,0,0,"",""
ball,1,12.1,England,C Kieswetter,PD Collingwood,JH Kallis,0,0,"",""
ball,1,12.2,England,C Kieswetter,PD Collingwood,JH Kallis,0,0,"",""
ball,1,12.3,England,C Kieswetter,PD Collingwood,JH Kallis,0,0,"",""
ball,1,12.4,England,C Kieswetter,PD Collingwood,JH Kallis,0,0,"",""
ball,1,12.5,England,C Kieswetter,PD Collingwood,JH Kallis,1,0,"",""
ball,1,12.6,England,PD Collingwood,C Kieswetter,JH Kallis,6,0,"",""
ball,1,13.1,England,C Kieswetter,PD Collingwood,JP Duminy,6,0,"",""
ball,1,13.2,England,C Kieswetter,PD Collingwood,JP Duminy,0,0,"",""
ball,1,13.3,England,C Kieswetter,PD Collingwood,JP Duminy,0,0,caught,C Kieswetter
ball,1,13.4,England,PD Collingwood,EJG Morgan,JP Duminy,1,0,"",""
ball,1,13.5,England,EJG Morgan,PD Collingwood,JP Duminy,0,0,"",""
ball,1,13.6,England,EJG Morgan,PD Collingwood,JP Duminy,4,0,"",""
ball,1,14.1,England,PD Collingwood,EJG Morgan,M Morkel,0,0,"",""
ball,1,14.2,England,PD Collingwood,EJG Morgan,M Morkel,6,0,"",""
ball,1,14.3,England,PD Collingwood,EJG Morgan,M Morkel,0,0,"",""
ball,1,14.4,England,PD Collingwood,EJG Morgan,M Morkel,0,0,caught,PD Collingwood
ball,1,14.5,England,EJG Morgan,LJ Wright,M Morkel,0,1,"",""
ball,1,14.6,England,LJ Wright,EJG Morgan,M Morkel,0,0,"",""
ball,1,15.1,England,EJG Morgan,LJ Wright,DW Steyn,0,0,"",""
ball,1,15.2,England,EJG Morgan,LJ Wright,DW Steyn,2,0,"",""
ball,1,15.3,England,EJG Morgan,LJ Wright,DW Steyn,2,0,"",""
ball,1,15.4,England,EJG Morgan,LJ Wright,DW Steyn,0,1,"",""
ball,1,15.5,England,EJG Morgan,LJ Wright,DW Steyn,0,1,"",""
ball,1,15.6,England,EJG Morgan,LJ Wright,DW Steyn,0,0,"",""
ball,1,15.7,England,EJG Morgan,LJ Wright,DW Steyn,2,0,"",""
ball,1,15.8,England,EJG Morgan,LJ Wright,DW Steyn,4,0,"",""
ball,1,16.1,England,LJ Wright,EJG Morgan,CK Langeveldt,0,0,bowled,LJ Wright
ball,1,16.2,England,TT Bresnan,EJG Morgan,CK Langeveldt,0,0,"",""
ball,1,16.3,England,TT Bresnan,EJG Morgan,CK Langeveldt,1,0,"",""
ball,1,16.4,England,EJG Morgan,TT Bresnan,CK Langeveldt,1,0,"",""
ball,1,16.5,England,TT Bresnan,EJG Morgan,CK Langeveldt,0,0,"",""
ball,1,16.6,England,TT Bresnan,EJG Morgan,CK Langeveldt,0,0,"",""
ball,1,17.1,England,EJG Morgan,TT Bresnan,DW Steyn,4,0,"",""
ball,1,17.2,England,EJG Morgan,TT Bresnan,DW Steyn,1,0,"",""
ball,1,17.3,England,TT Bresnan,EJG Morgan,DW Steyn,0,0,"",""
ball,1,17.4,England,TT Bresnan,EJG Morgan,DW Steyn,2,0,"",""
ball,1,17.5,England,TT Bresnan,EJG Morgan,DW Steyn,1,0,"",""
ball,1,17.6,England,EJG Morgan,TT Bresnan,DW Steyn,1,0,"",""
ball,1,18.1,England,EJG Morgan,TT Bresnan,CK Langeveldt,0,0,caught,EJG Morgan
ball,1,18.2,England,TT Bresnan,MH Yardy,CK Langeveldt,1,0,"",""
ball,1,18.3,England,MH Yardy,TT Bresnan,CK Langeveldt,1,0,"",""
ball,1,18.4,England,TT Bresnan,MH Yardy,CK Langeveldt,2,0,"",""
ball,1,18.5,England,TT Bresnan,MH Yardy,CK Langeveldt,2,0,"",""
ball,1,18.6,England,TT Bresnan,MH Yardy,CK Langeveldt,4,0,"",""
ball,1,19.1,England,MH Yardy,TT Bresnan,M Morkel,1,0,"",""
ball,1,19.2,England,TT Bresnan,MH Yardy,M Morkel,0,2,"",""
ball,1,19.3,England,MH Yardy,TT Bresnan,M Morkel,1,0,"",""
ball,1,19.4,England,TT Bresnan,MH Yardy,M Morkel,0,0,bowled,TT Bresnan
ball,1,19.5,England,GP Swann,MH Yardy,M Morkel,1,0,"",""
ball,1,19.6,England,MH Yardy,GP Swann,M Morkel,4,0,"",""
ball,1,19.7,England,MH Yardy,GP Swann,M Morkel,1,0,"",""
ball,2,0.1,South Africa,GC Smith,JH Kallis,RJ Sidebottom,2,0,"",""
ball,2,0.2,South Africa,GC Smith,JH Kallis,RJ Sidebottom,2,0,"",""
ball,2,0.3,South Africa,GC Smith,JH Kallis,RJ Sidebottom,1,0,"",""
ball,2,0.4,South Africa,JH Kallis,GC Smith,RJ Sidebottom,0,0,"",""
ball,2,0.5,South Africa,JH Kallis,GC Smith,RJ Sidebottom,0,0,"",""
ball,2,0.6,South Africa,JH Kallis,GC Smith,RJ Sidebottom,0,0,"",""
ball,2,1.1,South Africa,GC Smith,JH Kallis,TT Bresnan,0,0,"",""
ball,2,1.2,South Africa,GC Smith,JH Kallis,TT Bresnan,0,0,"",""
ball,2,1.3,South Africa,GC Smith,JH Kallis,TT Bresnan,0,0,"",""
ball,2,1.4,South Africa,GC Smith,JH Kallis,TT Bresnan,0,0,"",""
ball,2,1.5,South Africa,GC Smith,JH Kallis,TT Bresnan,1,0,"",""
ball,2,1.6,South Africa,JH Kallis,GC Smith,TT Bresnan,1,0,"",""
ball,2,2.1,South Africa,JH Kallis,GC Smith,SCJ Broad,6,0,"",""
ball,2,2.2,South Africa,JH Kallis,GC Smith,SCJ Broad,1,0,"",""
ball,2,2.3,South Africa,GC Smith,JH Kallis,SCJ Broad,0,1,"",""
ball,2,2.4,South Africa,JH Kallis,GC Smith,SCJ Broad,1,0,"",""
ball,2,2.5,South Africa,GC Smith,JH Kallis,SCJ Broad,0,0,"",""
ball,2,2.6,South Africa,GC Smith,JH Kallis,SCJ Broad,0,0,"",""
ball,2,3.1,South Africa,JH Kallis,GC Smith,TT Bresnan,0,0,"",""
ball,2,3.2,South Africa,JH Kallis,GC Smith,TT Bresnan,1,0,"",""
ball,2,3.3,South Africa,GC Smith,JH Kallis,TT Bresnan,1,0,"",""
ball,2,3.4,South Africa,JH Kallis,GC Smith,TT Bresnan,0,0,"",""
ball,2,3.5,South Africa,JH Kallis,GC Smith,TT Bresnan,0,0,"",""
ball,2,3.6,South Africa,JH Kallis,GC Smith,TT Bresnan,1,0,"",""
ball,2,4.1,South Africa,JH Kallis,GC Smith,SCJ Broad,0,0,caught,JH Kallis
ball,2,4.2,South Africa,HH Gibbs,GC Smith,SCJ Broad,0,0,"",""
ball,2,4.3,South Africa,HH Gibbs,GC Smith,SCJ Broad,0,0,"",""
ball,2,4.4,South Africa,HH Gibbs,GC Smith,SCJ Broad,1,0,"",""
ball,2,4.5,South Africa,GC Smith,HH Gibbs,SCJ Broad,0,1,"",""
ball,2,4.6,South Africa,GC Smith,HH Gibbs,SCJ Broad,4,0,"",""
ball,2,4.7,South Africa,GC Smith,HH Gibbs,SCJ Broad,0,0,"",""
ball,2,5.1,South Africa,HH Gibbs,GC Smith,TT Bresnan,4,0,"",""
ball,2,5.2,South Africa,HH Gibbs,GC Smith,TT Bresnan,1,0,"",""
ball,2,5.3,South Africa,GC Smith,HH Gibbs,TT Bresnan,1,0,"",""
ball,2,5.4,South Africa,HH Gibbs,GC Smith,TT Bresnan,1,0,"",""
ball,2,5.5,South Africa,GC Smith,HH Gibbs,TT Bresnan,1,0,"",""
ball,2,5.6,South Africa,HH Gibbs,GC Smith,TT Bresnan,1,0,"",""
ball,2,6.1,South Africa,HH Gibbs,GC Smith,MH Yardy,0,0,caught,HH Gibbs
ball,2,6.2,South Africa,GC Smith,AB de Villiers,MH Yardy,1,0,"",""
ball,2,6.3,South Africa,AB de Villiers,GC Smith,MH Yardy,0,0,"",""
ball,2,6.4,South Africa,AB de Villiers,GC Smith,MH Yardy,1,0,"",""
ball,2,6.5,South Africa,GC Smith,AB de Villiers,MH Yardy,0,1,"",""
ball,2,6.6,South Africa,GC Smith,AB de Villiers,MH Yardy,0,0,"",""
ball,2,6.7,South Africa,GC Smith,AB de Villiers,MH Yardy,1,0,"",""
ball,2,7.1,South Africa,GC Smith,AB de Villiers,GP Swann,4,0,"",""
ball,2,7.2,South Africa,GC Smith,AB de Villiers,GP Swann,0,0,"",""
ball,2,7.3,South Africa,GC Smith,AB de Villiers,GP Swann,0,2,"",""
ball,2,7.4,South Africa,GC Smith,AB de Villiers,GP Swann,0,0,caught,GC Smith
ball,2,7.5,South Africa,AB de Villiers,JA Morkel,GP Swann,0,1,"",""
ball,2,7.6,South Africa,JA Morkel,AB de Villiers,GP Swann,0,0,"",""
ball,2,8.1,South Africa,AB de Villiers,JA Morkel,MH Yardy,1,0,"",""
ball,2,8.2,South Africa,JA Morkel,AB de Villiers,MH Yardy,0,0,bowled,JA Morkel
ball,2,8.3,South Africa,JP Duminy,AB de Villiers,MH Yardy,0,1,"",""
ball,2,8.4,South Africa,JP Duminy,AB de Villiers,MH Yardy,1,0,"",""
ball,2,8.5,South Africa,AB de Villiers,JP Duminy,MH Yardy,1,0,"",""
ball,2,8.6,South Africa,JP Duminy,AB de Villiers,MH Yardy,0,0,"",""
ball,2,8.7,South Africa,JP Duminy,AB de Villiers,MH Yardy,1,0,"",""
ball,2,9.1,South Africa,JP Duminy,AB de Villiers,GP Swann,1,0,"",""
ball,2,9.2,South Africa,AB de Villiers,JP Duminy,GP Swann,0,0,"",""
ball,2,9.3,South Africa,AB de Villiers,JP Duminy,GP Swann,0,0,"",""
ball,2,9.4,South Africa,AB de Villiers,JP Duminy,GP Swann,2,0,"",""
ball,2,9.5,South Africa,AB de Villiers,JP Duminy,GP Swann,0,0,caught,AB de Villiers
ball,2,9.6,South Africa,JP Duminy,MV Boucher,GP Swann,2,0,"",""
ball,2,10.1,South Africa,MV Boucher,JP Duminy,MH Yardy,1,0,"",""
ball,2,10.2,South Africa,JP Duminy,MV Boucher,MH Yardy,6,0,"",""
ball,2,10.3,South Africa,JP Duminy,MV Boucher,MH Yardy,1,0,"",""
ball,2,10.4,South Africa,MV Boucher,JP Duminy,MH Yardy,2,0,"",""
ball,2,10.5,South Africa,MV Boucher,JP Duminy,MH Yardy,1,0,"",""
ball,2,10.6,South Africa,JP Duminy,MV Boucher,MH Yardy,1,0,"",""
ball,2,11.1,South Africa,JP Duminy,MV Boucher,GP Swann,1,0,"",""
ball,2,11.2,South Africa,MV Boucher,JP Duminy,GP Swann,0,1,"",""
ball,2,11.3,South Africa,MV Boucher,JP Duminy,GP Swann,1,0,"",""
ball,2,11.4,South Africa,JP Duminy,MV Boucher,GP Swann,1,0,"",""
ball,2,11.5,South Africa,MV Boucher,JP Duminy,GP Swann,0,0,"",""
ball,2,11.6,South Africa,MV Boucher,JP Duminy,GP Swann,1,0,"",""
ball,2,11.7,South Africa,JP Duminy,MV Boucher,GP Swann,1,0,"",""
ball,2,12.1,South Africa,JP Duminy,MV Boucher,MH Yardy,0,2,"",""
ball,2,12.2,South Africa,MV Boucher,JP Duminy,MH Yardy,1,0,"",""
ball,2,12.3,South Africa,JP Duminy,MV Boucher,MH Yardy,4,0,"",""
ball,2,12.4,South Africa,JP Duminy,MV Boucher,MH Yardy,1,0,"",""
ball,2,12.5,South Africa,MV Boucher,JP Duminy,MH Yardy,0,0,"",""
ball,2,12.6,South Africa,MV Boucher,JP Duminy,MH Yardy,0,0,"",""
ball,2,12.7,South Africa,MV Boucher,JP Duminy,MH Yardy,2,0,"",""
ball,2,13.1,South Africa,JP Duminy,MV Boucher,GP Swann,6,0,"",""
ball,2,13.2,South Africa,JP Duminy,MV Boucher,GP Swann,1,0,"",""
ball,2,13.3,South Africa,MV Boucher,JP Duminy,GP Swann,0,0,caught,MV Boucher
ball,2,13.4,South Africa,JP Duminy,J Botha,GP Swann,1,0,"",""
ball,2,13.5,South Africa,J Botha,JP Duminy,GP Swann,0,0,"",""
ball,2,13.6,South Africa,J Botha,JP Duminy,GP Swann,1,0,"",""
ball,2,14.1,South Africa,J Botha,JP Duminy,RJ Sidebottom,0,0,"",""
ball,2,14.2,South Africa,J Botha,JP Duminy,RJ Sidebottom,1,0,"",""
ball,2,14.3,South Africa,JP Duminy,J Botha,RJ Sidebottom,0,1,"",""
ball,2,14.4,South Africa,J Botha,JP Duminy,RJ Sidebottom,1,0,"",""
ball,2,14.5,South Africa,JP Duminy,J Botha,RJ Sidebottom,2,0,"",""
ball,2,14.6,South Africa,JP Duminy,J Botha,RJ Sidebottom,0,1,"",""
ball,2,15.1,South Africa,JP Duminy,J Botha,SCJ Broad,4,0,"",""
ball,2,15.2,South Africa,JP Duminy,J Botha,SCJ Broad,0,4,"",""
ball,2,15.3,South Africa,JP Duminy,J Botha,SCJ Broad,2,0,"",""
ball,2,15.4,South Africa,JP Duminy,J Botha,SCJ Broad,1,0,"",""
ball,2,15.5,South Africa,J Botha,JP Duminy,SCJ Broad,0,1,"",""
ball,2,15.6,South Africa,JP Duminy,J Botha,SCJ Broad,1,0,"",""
ball,2,16.1,South Africa,JP Duminy,J Botha,RJ Sidebottom,0,0,caught,JP Duminy
ball,2,16.2,South Africa,DW Steyn,J Botha,RJ Sidebottom,1,0,"",""
ball,2,16.3,South Africa,J Botha,DW Steyn,RJ Sidebottom,6,0,"",""
ball,2,16.4,South Africa,J Botha,DW Steyn,RJ Sidebottom,0,0,"",""
ball,2,16.5,South Africa,J Botha,DW Steyn,RJ Sidebottom,1,0,"",""
ball,2,16.6,South Africa,DW Steyn,J Botha,RJ Sidebottom,3,0,"",""
ball,2,17.1,South Africa,DW Steyn,J Botha,SCJ Broad,1,0,"",""
ball,2,17.2,South Africa,J Botha,DW Steyn,SCJ Broad,1,0,"",""
ball,2,17.3,South Africa,DW Steyn,J Botha,SCJ Broad,0,1,"",""
ball,2,17.4,South Africa,DW Steyn,J Botha,SCJ Broad,0,0,"",""
ball,2,17.5,South Africa,DW Steyn,J Botha,SCJ Broad,0,0,"",""
ball,2,17.6,South Africa,DW Steyn,J Botha,SCJ Broad,0,0,caught,DW Steyn
ball,2,17.7,South Africa,J Botha,M Morkel,SCJ Broad,1,0,"",""
ball,2,18.1,South Africa,J Botha,M Morkel,RJ Sidebottom,0,0,caught and bowled,J Botha
ball,2,18.2,South Africa,CK Langeveldt,M Morkel,RJ Sidebottom,1,0,"",""
ball,2,18.3,South Africa,M Morkel,CK Langeveldt,RJ Sidebottom,1,0,"",""
ball,2,18.4,South Africa,CK Langeveldt,M Morkel,RJ Sidebottom,0,0,"",""
ball,2,18.5,South Africa,CK Langeveldt,M Morkel,RJ Sidebottom,1,0,"",""
ball,2,18.6,South Africa,M Morkel,CK Langeveldt,RJ Sidebottom,0,0,bowled,M Morkel
