version,1.3.0
info,team,West Indies
info,team,New Zealand
info,gender,female
info,season,2010
info,date,2010/05/14
info,competition,ICC Women's World Twenty20
info,venue,"Beausejour Stadium, Gros Islet"
info,city,St Lucia
info,toss_winner,West Indies
info,toss_decision,field
info,player_of_match,SJ McGlashan
info,umpire,EAR de Silva
info,umpire,RJ Tucker
info,reserve_umpire,M Erasmus
info,tv_umpire,SK Tarapore
info,match_referee,AJ Pycroft
info,winner,New Zealand
info,winner_runs,56
ball,1,0.1,New Zealand,SW Bates,AL Watkins,SC Selman,0,0,"",""
ball,1,0.2,New Zealand,SW Bates,AL Watkins,SC Selman,0,0,"",""
ball,1,0.3,New Zealand,SW Bates,AL Watkins,SC Selman,1,0,"",""
ball,1,0.4,New Zealand,AL Watkins,SW Bates,SC Selman,2,0,"",""
ball,1,0.5,New Zealand,AL Watkins,SW Bates,SC Selman,0,0,"",""
ball,1,0.6,New Zealand,AL Watkins,SW Bates,SC Selman,4,0,"",""
ball,1,1.1,New Zealand,SW Bates,AL Watkins,PY Lavine,1,0,"",""
ball,1,1.2,New Zealand,AL Watkins,SW Bates,PY Lavine,4,0,"",""
ball,1,1.3,New Zealand,AL Watkins,SW Bates,PY Lavine,1,0,"",""
ball,1,1.4,New Zealand,SW Bates,AL Watkins,PY Lavine,4,0,"",""
ball,1,1.5,New Zealand,SW Bates,AL Watkins,PY Lavine,1,0,"",""
ball,1,1.6,New Zealand,AL Watkins,SW Bates,PY Lavine,0,0,"",""
ball,1,2.1,New Zealand,SW Bates,AL Watkins,SC Selman,0,0,"",""
ball,1,2.2,New Zealand,SW Bates,AL Watkins,SC Selman,0,0,caught,SW Bates
ball,1,2.3,New Zealand,SJ McGlashan,AL Watkins,SC Selman,0,0,"",""
ball,1,2.4,New Zealand,SJ McGlashan,AL Watkins,SC Selman,0,0,"",""
ball,1,2.5,New Zealand,SJ McGlashan,AL Watkins,SC Selman,0,0,"",""
ball,1,2.6,New Zealand,SJ McGlashan,AL Watkins,SC Selman,1,0,"",""
ball,1,3.1,New Zealand,SJ McGlashan,AL Watkins,PY Lavine,2,0,"",""
ball,1,3.2,New Zealand,SJ McGlashan,AL Watkins,PY Lavine,0,0,"",""
ball,1,3.3,New Zealand,SJ McGlashan,AL Watkins,PY Lavine,0,0,"",""
ball,1,3.4,New Zealand,SJ McGlashan,AL Watkins,PY Lavine,4,0,"",""
ball,1,3.5,New Zealand,SJ McGlashan,AL Watkins,PY Lavine,1,0,"",""
ball,1,3.6,New Zealand,AL Watkins,SJ McGlashan,PY Lavine,0,0,"",""
ball,1,4.1,New Zealand,SJ McGlashan,AL Watkins,SR Taylor,1,0,"",""
ball,1,4.2,New Zealand,AL Watkins,SJ McGlashan,SR Taylor,1,0,"",""
ball,1,4.3,New Zealand,SJ McGlashan,AL Watkins,SR Taylor,0,0,"",""
ball,1,4.4,New Zealand,SJ McGlashan,AL Watkins,SR Taylor,0,0,"",""
ball,1,4.5,New Zealand,SJ McGlashan,AL Watkins,SR Taylor,1,0,"",""
ball,1,4.6,New Zealand,AL Watkins,SJ McGlashan,SR Taylor,4,0,"",""
ball,1,5.1,New Zealand,SJ McGlashan,AL Watkins,SF Daley,2,0,"",""
ball,1,5.2,New Zealand,SJ McGlashan,AL Watkins,SF Daley,0,0,"",""
ball,1,5.3,New Zealand,SJ McGlashan,AL Watkins,SF Daley,4,0,"",""
ball,1,5.4,New Zealand,SJ McGlashan,AL Watkins,SF Daley,0,3,"",""
ball,1,5.5,New Zealand,SJ McGlashan,AL Watkins,SF Daley,1,0,"",""
ball,1,5.6,New Zealand,AL Watkins,SJ McGlashan,SF Daley,0,0,"",""
ball,1,5.7,New Zealand,AL Watkins,SJ McGlashan,SF Daley,1,0,"",""
ball,1,6.1,New Zealand,AL Watkins,SJ McGlashan,SR Taylor,0,0,"",""
ball,1,6.2,New Zealand,AL Watkins,SJ McGlashan,SR Taylor,1,0,"",""
ball,1,6.3,New Zealand,SJ McGlashan,AL Watkins,SR Taylor,0,0,"",""
ball,1,6.4,New Zealand,SJ McGlashan,AL Watkins,SR Taylor,0,0,"",""
ball,1,6.5,New Zealand,SJ McGlashan,AL Watkins,SR Taylor,1,0,"",""
ball,1,6.6,New Zealand,AL Watkins,SJ McGlashan,SR Taylor,2,0,"",""
ball,1,7.1,New Zealand,SJ McGlashan,AL Watkins,A Mohammed,1,0,"",""
ball,1,7.2,New Zealand,AL Watkins,SJ McGlashan,A Mohammed,0,0,"",""
ball,1,7.3,New Zealand,AL Watkins,SJ McGlashan,A Mohammed,0,0,"",""
ball,1,7.4,New Zealand,AL Watkins,SJ McGlashan,A Mohammed,0,0,caught,AL Watkins
ball,1,7.5,New Zealand,SJ McGlashan,SFM Devine,A Mohammed,1,0,"",""
ball,1,7.6,New Zealand,SFM Devine,SJ McGlashan,A Mohammed,2,0,"",""
ball,1,8.1,New Zealand,SJ McGlashan,SFM Devine,SF Daley,1,0,"",""
ball,1,8.2,New Zealand,SFM Devine,SJ McGlashan,SF Daley,0,0,"",""
ball,1,8.3,New Zealand,SFM Devine,SJ McGlashan,SF Daley,1,0,"",""
ball,1,8.4,New Zealand,SJ McGlashan,SFM Devine,SF Daley,2,0,"",""
ball,1,8.5,New Zealand,SJ McGlashan,SFM Devine,SF Daley,1,0,"",""
ball,1,8.6,New Zealand,SFM Devine,SJ McGlashan,SF Daley,1,0,"",""
ball,1,9.1,New Zealand,SFM Devine,SJ McGlashan,A Mohammed,0,0,"",""
ball,1,9.2,New Zealand,SFM Devine,SJ McGlashan,A Mohammed,0,0,"",""
ball,1,9.3,New Zealand,SFM Devine,SJ McGlashan,A Mohammed,2,0,"",""
ball,1,9.4,New Zealand,SFM Devine,SJ McGlashan,A Mohammed,1,0,"",""
ball,1,9.5,New Zealand,SJ McGlashan,SFM Devine,A Mohammed,1,0,"",""
ball,1,9.6,New Zealand,SFM Devine,SJ McGlashan,A Mohammed,0,0,"",""
ball,1,10.1,New Zealand,SJ McGlashan,SFM Devine,SF Daley,1,0,"",""
ball,1,10.2,New Zealand,SFM Devine,SJ McGlashan,SF Daley,0,1,"",""
ball,1,10.3,New Zealand,SFM Devine,SJ McGlashan,SF Daley,1,0,"",""
ball,1,10.4,New Zealand,SJ McGlashan,SFM Devine,SF Daley,2,0,"",""
ball,1,10.5,New Zealand,SJ McGlashan,SFM Devine,SF Daley,2,0,"",""
ball,1,10.6,New Zealand,SJ McGlashan,SFM Devine,SF Daley,2,0,"",""
ball,1,10.7,New Zealand,SJ McGlashan,SFM Devine,SF Daley,1,0,"",""
ball,1,11.1,New Zealand,SJ McGlashan,SFM Devine,A Mohammed,2,0,"",""
ball,1,11.2,New Zealand,SJ McGlashan,SFM Devine,A Mohammed,2,0,"",""
ball,1,11.3,New Zealand,SJ McGlashan,SFM Devine,A Mohammed,6,0,"",""
ball,1,11.4,New Zealand,SJ McGlashan,SFM Devine,A Mohammed,1,0,"",""
ball,1,11.5,New Zealand,SFM Devine,SJ McGlashan,A Mohammed,6,0,"",""
ball,1,11.6,New Zealand,SFM Devine,SJ McGlashan,A Mohammed,1,0,"",""
ball,1,12.1,New Zealand,SFM Devine,SJ McGlashan,SA Campbelle,2,0,"",""
ball,1,12.2,New Zealand,SFM Devine,SJ McGlashan,SA Campbelle,0,1,"",""
ball,1,12.3,New Zealand,SJ McGlashan,SFM Devine,SA Campbelle,1,0,"",""
ball,1,12.4,New Zealand,SFM Devine,SJ McGlashan,SA Campbelle,1,0,"",""
ball,1,12.5,New Zealand,SJ McGlashan,SFM Devine,SA Campbelle,0,0,"",""
ball,1,12.6,New Zealand,SJ McGlashan,SFM Devine,SA Campbelle,0,2,"",""
ball,1,13.1,New Zealand,SFM Devine,SJ McGlashan,DJS Dottin,0,3,"",""
ball,1,13.2,New Zealand,SFM Devine,SJ McGlashan,DJS Dottin,1,0,"",""
ball,1,13.3,New Zealand,SJ McGlashan,SFM Devine,DJS Dottin,0,1,"",""
ball,1,13.4,New Zealand,SJ McGlashan,SFM Devine,DJS Dottin,2,0,"",""
ball,1,13.5,New Zealand,SJ McGlashan,SFM Devine,DJS Dottin,4,0,"",""
ball,1,13.6,New Zealand,SJ McGlashan,SFM Devine,DJS Dottin,4,0,"",""
ball,1,13.7,New Zealand,SJ McGlashan,SFM Devine,DJS Dottin,2,0,"",""
ball,1,13.8,New Zealand,SJ McGlashan,SFM Devine,DJS Dottin,2,0,"",""
ball,1,14.1,New Zealand,SFM Devine,SJ McGlashan,SA Campbelle,1,0,"",""
ball,1,14.2,New Zealand,SJ McGlashan,SFM Devine,SA Campbelle,4,0,"",""
ball,1,14.3,New Zealand,SJ McGlashan,SFM Devine,SA Campbelle,6,0,"",""
ball,1,14.4,New Zealand,SJ McGlashan,SFM Devine,SA Campbelle,1,0,"",""
ball,1,14.5,New Zealand,SFM Devine,SJ McGlashan,SA Campbelle,4,0,"",""
ball,1,14.6,New Zealand,SFM Devine,SJ McGlashan,SA Campbelle,0,0,"",""
ball,1,15.1,New Zealand,SJ McGlashan,SFM Devine,SACA King,0,0,"",""
ball,1,15.2,New Zealand,SJ McGlashan,SFM Devine,SACA King,0,1,"",""
ball,1,15.3,New Zealand,SJ McGlashan,SFM Devine,SACA King,2,0,"",""
ball,1,15.4,New Zealand,SJ McGlashan,SFM Devine,SACA King,1,0,"",""
ball,1,15.5,New Zealand,SFM Devine,SJ McGlashan,SACA King,0,1,"",""
ball,1,15.6,New Zealand,SFM Devine,SJ McGlashan,SACA King,2,0,"",""
ball,1,15.7,New Zealand,SFM Devine,SJ McGlashan,SACA King,1,0,"",""
ball,1,15.8,New Zealand,SJ McGlashan,SFM Devine,SACA King,2,0,"",""
ball,1,16.1,New Zealand,SFM Devine,SJ McGlashan,SC Selman,0,0,caught,SFM Devine
ball,1,16.2,New Zealand,SJ McGlashan,NJ Browne,SC Selman,2,0,"",""
ball,1,16.3,New Zealand,SJ McGlashan,NJ Browne,SC Selman,2,0,"",""
ball,1,16.4,New Zealand,SJ McGlashan,NJ Browne,SC Selman,0,1,"",""
ball,1,16.5,New Zealand,SJ McGlashan,NJ Browne,SC Selman,4,0,"",""
ball,1,16.6,New Zealand,SJ McGlashan,NJ Browne,SC Selman,1,0,"",""
ball,1,16.7,New Zealand,NJ Browne,SJ McGlashan,SC Selman,1,0,"",""
ball,1,17.1,New Zealand,NJ Browne,SJ McGlashan,SACA King,0,0,"",""
ball,1,17.2,New Zealand,NJ Browne,SJ McGlashan,SACA King,0,0,"",""
ball,1,17.3,New Zealand,NJ Browne,SJ McGlashan,SACA King,0,0,run out,SJ McGlashan
ball,1,17.4,New Zealand,RH Priest,NJ Browne,SACA King,0,0,"",""
ball,1,17.5,New Zealand,RH Priest,NJ Browne,SACA King,0,0,"",""
ball,1,17.6,New Zealand,RH Priest,NJ Browne,SACA King,1,0,"",""
ball,1,18.1,New Zealand,RH Priest,NJ Browne,SC Selman,1,0,"",""
ball,1,18.2,New Zealand,NJ Browne,RH Priest,SC Selman,2,0,"",""
ball,1,18.3,New Zealand,NJ Browne,RH Priest,SC Selman,1,0,"",""
ball,1,18.4,New Zealand,RH Priest,NJ Browne,SC Selman,1,0,"",""
ball,1,18.5,New Zealand,NJ Browne,RH Priest,SC Selman,1,0,"",""
ball,1,18.6,New Zealand,RH Priest,NJ Browne,SC Selman,2,0,"",""
ball,1,19.1,New Zealand,NJ Browne,RH Priest,SACA King,0,1,"",""
ball,1,19.2,New Zealand,NJ Browne,RH Priest,SACA King,0,2,"",""
ball,1,19.3,New Zealand,RH Priest,NJ Browne,SACA King,1,0,"",""
ball,1,19.4,New Zealand,NJ Browne,RH Priest,SACA King,2,0,"",""
ball,1,19.5,New Zealand,NJ Browne,RH Priest,SACA King,2,0,"",""
ball,1,19.6,New Zealand,NJ Browne,RH Priest,SACA King,6,0,"",""
ball,1,19.7,New Zealand,NJ Browne,RH Priest,SACA King,0,1,"",""
ball,1,19.8,New Zealand,NJ Browne,RH Priest,SACA King,0,1,"",""
ball,1,19.9,New Zealand,NJ Browne,RH Priest,SACA King,0,1,"",""
ball,1,19.1,New Zealand,RH Priest,NJ Browne,SACA King,1,0,run out,RH Priest
ball,2,0.1,West Indies,SR Taylor,PY Lavine,AL Watkins,1,0,"",""
ball,2,0.2,West Indies,PY Lavine,SR Taylor,AL Watkins,1,0,"",""
ball,2,0.3,West Indies,SR Taylor,PY Lavine,AL Watkins,1,0,"",""
ball,2,0.4,West Indies,PY Lavine,SR Taylor,AL Watkins,1,0,"",""
ball,2,0.5,West Indies,SR Taylor,PY Lavine,AL Watkins,0,0,"",""
ball,2,0.6,West Indies,SR Taylor,PY Lavine,AL Watkins,1,0,"",""
ball,2,1.1,West Indies,SR Taylor,PY Lavine,EM Bermingham,2,0,"",""
ball,2,1.2,West Indies,SR Taylor,PY Lavine,EM Bermingham,0,0,"",""
ball,2,1.3,West Indies,SR Taylor,PY Lavine,EM Bermingham,0,1,"",""
ball,2,1.4,West Indies,SR Taylor,PY Lavine,EM Bermingham,0,0,"",""
ball,2,1.5,West Indies,SR Taylor,PY Lavine,EM Bermingham,6,0,"",""
ball,2,1.6,West Indies,SR Taylor,PY Lavine,EM Bermingham,2,0,"",""
ball,2,1.7,West Indies,SR Taylor,PY Lavine,EM Bermingham,0,0,"",""
ball,2,2.1,West Indies,PY Lavine,SR Taylor,AL Watkins,0,0,"",""
ball,2,2.2,West Indies,PY Lavine,SR Taylor,AL Watkins,1,0,"",""
ball,2,2.3,West Indies,SR Taylor,PY Lavine,AL Watkins,1,0,"",""
ball,2,2.4,West Indies,PY Lavine,SR Taylor,AL Watkins,4,0,"",""
ball,2,2.5,West Indies,PY Lavine,SR Taylor,AL Watkins,0,1,"",""
ball,2,2.6,West Indies,PY Lavine,SR Taylor,AL Watkins,0,0,caught,PY Lavine
ball,2,2.7,West Indies,CP Jack,SR Taylor,AL Watkins,0,0,"",""
ball,2,3.1,West Indies,SR Taylor,CP Jack,EM Bermingham,0,0,"",""
ball,2,3.2,West Indies,SR Taylor,CP Jack,EM Bermingham,0,1,"",""
ball,2,3.3,West Indies,SR Taylor,CP Jack,EM Bermingham,0,1,"",""
ball,2,3.4,West Indies,CP Jack,SR Taylor,EM Bermingham,1,0,"",""
ball,2,3.5,West Indies,SR Taylor,CP Jack,EM Bermingham,1,0,"",""
ball,2,3.6,West Indies,CP Jack,SR Taylor,EM Bermingham,1,0,"",""
ball,2,3.7,West Indies,SR Taylor,CP Jack,EM Bermingham,0,0,"",""
ball,2,4.1,West Indies,CP Jack,SR Taylor,KE Broadmore,0,0,"",""
ball,2,4.2,West Indies,CP Jack,SR Taylor,KE Broadmore,1,0,"",""
ball,2,4.3,West Indies,SR Taylor,CP Jack,KE Broadmore,6,0,"",""
ball,2,4.4,West Indies,SR Taylor,CP Jack,KE Broadmore,0,0,"",""
ball,2,4.5,West Indies,SR Taylor,CP Jack,KE Broadmore,4,0,"",""
ball,2,4.6,West Indies,SR Taylor,CP Jack,KE Broadmore,0,0,"",""
ball,2,5.1,West Indies,CP Jack,SR Taylor,EM Bermingham,1,0,"",""
ball,2,5.2,West Indies,SR Taylor,CP Jack,EM Bermingham,1,0,"",""
ball,2,5.3,West Indies,CP Jack,SR Taylor,EM Bermingham,0,0,"",""
ball,2,5.4,West Indies,CP Jack,SR Taylor,EM Bermingham,2,0,"",""
ball,2,5.5,West Indies,CP Jack,SR Taylor,EM Bermingham,2,0,"",""
ball,2,5.6,West Indies,CP Jack,SR Taylor,EM Bermingham,6,0,"",""
ball,2,6.1,West Indies,SR Taylor,CP Jack,SFM Devine,0,0,"",""
ball,2,6.2,West Indies,SR Taylor,CP Jack,SFM Devine,0,0,"",""
ball,2,6.3,West Indies,SR Taylor,CP Jack,SFM Devine,1,0,"",""
ball,2,6.4,West Indies,CP Jack,SR Taylor,SFM Devine,0,0,"",""
ball,2,6.5,West Indies,CP Jack,SR Taylor,SFM Devine,0,0,"",""
ball,2,6.6,West Indies,CP Jack,SR Taylor,SFM Devine,1,0,"",""
ball,2,7.1,West Indies,CP Jack,SR Taylor,NJ Browne,0,1,"",""
ball,2,7.2,West Indies,CP Jack,SR Taylor,NJ Browne,1,0,"",""
ball,2,7.3,West Indies,SR Taylor,CP Jack,NJ Browne,1,0,"",""
ball,2,7.4,West Indies,CP Jack,SR Taylor,NJ Browne,0,0,"",""
ball,2,7.5,West Indies,CP Jack,SR Taylor,NJ Browne,1,0,"",""
ball,2,7.6,West Indies,SR Taylor,CP Jack,NJ Browne,0,0,"",""
ball,2,7.7,West Indies,SR Taylor,CP Jack,NJ Browne,1,0,"",""
ball,2,8.1,West Indies,SR Taylor,CP Jack,SFM Devine,4,0,"",""
ball,2,8.2,West Indies,SR Taylor,CP Jack,SFM Devine,0,0,"",""
ball,2,8.3,West Indies,SR Taylor,CP Jack,SFM Devine,1,0,"",""
ball,2,8.4,West Indies,CP Jack,SR Taylor,SFM Devine,0,0,"",""
ball,2,8.5,West Indies,CP Jack,SR Taylor,SFM Devine,0,0,"",""
ball,2,8.6,West Indies,CP Jack,SR Taylor,SFM Devine,1,0,"",""
ball,2,9.1,West Indies,CP Jack,SR Taylor,NJ Browne,0,0,"",""
ball,2,9.2,West Indies,CP Jack,SR Taylor,NJ Browne,0,0,caught,CP Jack
ball,2,9.3,West Indies,DJS Dottin,SR Taylor,NJ Browne,0,1,"",""
ball,2,9.4,West Indies,SR Taylor,DJS Dottin,NJ Browne,4,0,"",""
ball,2,9.5,West Indies,SR Taylor,DJS Dottin,NJ Browne,0,0,"",""
ball,2,9.6,West Indies,SR Taylor,DJS Dottin,NJ Browne,1,0,"",""
ball,2,10.1,West Indies,SR Taylor,DJS Dottin,LR Doolan,1,0,run out,SR Taylor
ball,2,10.2,West Indies,SF Daley,DJS Dottin,LR Doolan,0,1,"",""
ball,2,10.3,West Indies,SF Daley,DJS Dottin,LR Doolan,0,1,"",""
ball,2,10.4,West Indies,SF Daley,DJS Dottin,LR Doolan,0,0,"",""
ball,2,10.5,West Indies,SF Daley,DJS Dottin,LR Doolan,0,1,"",""
ball,2,10.6,West Indies,SF Daley,DJS Dottin,LR Doolan,1,0,"",""
ball,2,10.7,West Indies,DJS Dottin,SF Daley,LR Doolan,0,0,"",""
ball,2,10.8,West Indies,DJS Dottin,SF Daley,LR Doolan,0,0,"",""
ball,2,10.9,West Indies,DJS Dottin,SF Daley,LR Doolan,1,0,"",""
ball,2,11.1,West Indies,DJS Dottin,SF Daley,NJ Browne,0,0,"",""
ball,2,11.2,West Indies,DJS Dottin,SF Daley,NJ Browne,0,0,caught,DJS Dottin
ball,2,11.3,West Indies,B Cooper,SF Daley,NJ Browne,0,0,"",""
ball,2,11.4,West Indies,B Cooper,SF Daley,NJ Browne,0,0,"",""
ball,2,11.5,West Indies,B Cooper,SF Daley,NJ Browne,0,0,"",""
ball,2,11.6,West Indies,B Cooper,SF Daley,NJ Browne,0,0,"",""
ball,2,12.1,West Indies,SF Daley,B Cooper,LR Doolan,0,0,"",""
ball,2,12.2,West Indies,SF Daley,B Cooper,LR Doolan,0,0,"",""
ball,2,12.3,West Indies,SF Daley,B Cooper,LR Doolan,0,0,"",""
ball,2,12.4,West Indies,SF Daley,B Cooper,LR Doolan,0,0,"",""
ball,2,12.5,West Indies,SF Daley,B Cooper,LR Doolan,1,0,"",""
ball,2,12.6,West Indies,B Cooper,SF Daley,LR Doolan,1,0,"",""
ball,2,13.1,West Indies,B Cooper,SF Daley,NJ Browne,0,0,"",""
ball,2,13.2,West Indies,B Cooper,SF Daley,NJ Browne,6,0,"",""
ball,2,13.3,West Indies,B Cooper,SF Daley,NJ Browne,2,0,"",""
ball,2,13.4,West Indies,B Cooper,SF Daley,NJ Browne,1,0,"",""
ball,2,13.5,West Indies,SF Daley,B Cooper,NJ Browne,0,0,"",""
ball,2,13.6,West Indies,SF Daley,B Cooper,NJ Browne,1,0,"",""
ball,2,14.1,West Indies,SF Daley,B Cooper,LR Doolan,0,1,"",""
ball,2,14.2,West Indies,SF Daley,B Cooper,LR Doolan,1,0,"",""
ball,2,14.3,West Indies,B Cooper,SF Daley,LR Doolan,2,0,"",""
ball,2,14.4,West Indies,B Cooper,SF Daley,LR Doolan,2,0,"",""
ball,2,14.5,West Indies,B Cooper,SF Daley,LR Doolan,0,0,caught,B Cooper
ball,2,14.6,West Indies,SF Daley,SACA King,LR Doolan,1,0,"",""
ball,2,14.7,West Indies,SACA King,SF Daley,LR Doolan,0,0,"",""
ball,2,15.1,West Indies,SF Daley,SACA King,AL Watkins,1,0,"",""
ball,2,15.2,West Indies,SACA King,SF Daley,AL Watkins,4,0,"",""
ball,2,15.3,West Indies,SACA King,SF Daley,AL Watkins,0,0,caught,SACA King
ball,2,15.4,West Indies,SF Daley,MR Aguilleira,AL Watkins,2,0,"",""
ball,2,15.5,West Indies,SF Daley,MR Aguilleira,AL Watkins,1,0,"",""
ball,2,15.6,West Indies,MR Aguilleira,SF Daley,AL Watkins,1,0,"",""
ball,2,16.1,West Indies,MR Aguilleira,SF Daley,LR Doolan,0,0,stumped,MR Aguilleira
ball,2,16.2,West Indies,SA Campbelle,SF Daley,LR Doolan,1,0,"",""
ball,2,16.3,West Indies,SF Daley,SA Campbelle,LR Doolan,0,0,"",""
ball,2,16.4,West Indies,SF Daley,SA Campbelle,LR Doolan,0,0,"",""
ball,2,16.5,West Indies,SF Daley,SA Campbelle,LR Doolan,2,0,"",""
ball,2,16.6,West Indies,SF Daley,SA Campbelle,LR Doolan,2,0,"",""
ball,2,17.1,West Indies,SA Campbelle,SF Daley,AL Watkins,1,0,"",""
ball,2,17.2,West Indies,SF Daley,SA Campbelle,AL Watkins,1,0,"",""
ball,2,17.3,West Indies,SA Campbelle,SF Daley,AL Watkins,1,0,"",""
ball,2,17.4,West Indies,SF Daley,SA Campbelle,AL Watkins,1,0,"",""
ball,2,17.5,West Indies,SA Campbelle,SF Daley,AL Watkins,1,0,"",""
ball,2,17.6,West Indies,SF Daley,SA Campbelle,AL Watkins,0,0,caught,SF Daley
ball,2,18.1,West Indies,A Mohammed,SA Campbelle,SFM Devine,1,0,"",""
ball,2,18.2,West Indies,SA Campbelle,A Mohammed,SFM Devine,1,0,"",""
ball,2,18.3,West Indies,A Mohammed,SA Campbelle,SFM Devine,0,0,"",""
ball,2,18.4,West Indies,A Mohammed,SA Campbelle,SFM Devine,1,0,"",""
ball,2,18.5,West Indies,SA Campbelle,A Mohammed,SFM Devine,1,0,"",""
ball,2,18.6,West Indies,A Mohammed,SA Campbelle,SFM Devine,0,0,"",""
ball,2,19.1,West Indies,SA Campbelle,A Mohammed,SW Bates,1,0,"",""
ball,2,19.2,West Indies,A Mohammed,SA Campbelle,SW Bates,1,0,"",""
ball,2,19.3,West Indies,SA Campbelle,A Mohammed,SW Bates,1,0,"",""
ball,2,19.4,West Indies,A Mohammed,SA Campbelle,SW Bates,0,1,"",""
ball,2,19.5,West Indies,A Mohammed,SA Campbelle,SW Bates,0,0,"",""
ball,2,19.6,West Indies,A Mohammed,SA Campbelle,SW Bates,1,0,"",""
ball,2,19.7,West Indies,SA Campbelle,A Mohammed,SW Bates,1,0,"",""
