version,1.3.0
info,team,Australia
info,team,India
info,gender,female
info,season,2010
info,date,2010/05/13
info,competition,ICC Women's World Twenty20
info,venue,"Beausejour Stadium, Gros Islet"
info,city,St Lucia
info,neutralvenue,true
info,toss_winner,India
info,toss_decision,bat
info,player_of_match,AJ Blackwell
info,umpire,M Erasmus
info,umpire,AL Hill
info,reserve_umpire,RJ Tucker
info,tv_umpire,Asad Rauf
info,match_referee,AJ Pycroft
info,winner,Australia
info,winner_wickets,7
ball,1,0.1,India,S Naik,PG Raut,RM Farrell,0,0,"",""
ball,1,0.2,India,S Naik,PG Raut,RM Farrell,2,0,"",""
ball,1,0.3,India,S Naik,PG Raut,RM Farrell,0,0,caught,S Naik
ball,1,0.4,India,M Raj,PG Raut,RM Farrell,0,0,"",""
ball,1,0.5,India,M Raj,PG Raut,RM Farrell,1,0,"",""
ball,1,0.6,India,PG Raut,M Raj,RM Farrell,0,0,"",""
ball,1,1.1,India,M Raj,PG Raut,CR Smith,2,0,"",""
ball,1,1.2,India,M Raj,PG Raut,CR Smith,1,0,"",""
ball,1,1.3,India,PG Raut,M Raj,CR Smith,0,0,"",""
ball,1,1.4,India,PG Raut,M Raj,CR Smith,0,0,"",""
ball,1,1.5,India,PG Raut,M Raj,CR Smith,0,0,"",""
ball,1,1.6,India,PG Raut,M Raj,CR Smith,0,0,"",""
ball,1,2.1,India,M Raj,PG Raut,RM Farrell,4,0,"",""
ball,1,2.2,India,M Raj,PG Raut,RM Farrell,0,0,"",""
ball,1,2.3,India,M Raj,PG Raut,RM Farrell,0,0,"",""
ball,1,2.4,India,M Raj,PG Raut,RM Farrell,1,0,"",""
ball,1,2.5,India,PG Raut,M Raj,RM Farrell,0,0,"",""
ball,1,2.6,India,PG Raut,M Raj,RM Farrell,0,0,"",""
ball,1,3.1,India,M Raj,PG Raut,CR Smith,0,0,"",""
ball,1,3.2,India,M Raj,PG Raut,CR Smith,1,0,"",""
ball,1,3.3,India,PG Raut,M Raj,CR Smith,1,0,"",""
ball,1,3.4,India,M Raj,PG Raut,CR Smith,1,0,"",""
ball,1,3.5,India,PG Raut,M Raj,CR Smith,1,0,"",""
ball,1,3.6,India,M Raj,PG Raut,CR Smith,0,0,"",""
ball,1,4.1,India,PG Raut,M Raj,EA Perry,0,0,"",""
ball,1,4.2,India,PG Raut,M Raj,EA Perry,0,0,"",""
ball,1,4.3,India,PG Raut,M Raj,EA Perry,0,0,"",""
ball,1,4.4,India,PG Raut,M Raj,EA Perry,0,0,"",""
ball,1,4.5,India,PG Raut,M Raj,EA Perry,1,0,"",""
ball,1,4.6,India,M Raj,PG Raut,EA Perry,0,0,"",""
ball,1,5.1,India,PG Raut,M Raj,CR Smith,0,0,"",""
ball,1,5.2,India,PG Raut,M Raj,CR Smith,1,0,"",""
ball,1,5.3,India,M Raj,PG Raut,CR Smith,4,0,"",""
ball,1,5.4,India,M Raj,PG Raut,CR Smith,0,0,"",""
ball,1,5.5,India,M Raj,PG Raut,CR Smith,1,0,"",""
ball,1,5.6,India,PG Raut,M Raj,CR Smith,1,0,"",""
ball,1,6.1,India,PG Raut,M Raj,EA Perry,0,0,"",""
ball,1,6.2,India,PG Raut,M Raj,EA Perry,4,0,"",""
ball,1,6.3,India,PG Raut,M Raj,EA Perry,2,0,"",""
ball,1,6.4,India,PG Raut,M Raj,EA Perry,0,0,"",""
ball,1,6.5,India,PG Raut,M Raj,EA Perry,0,0,"",""
ball,1,6.6,India,PG Raut,M Raj,EA Perry,1,0,"",""
ball,1,7.1,India,PG Raut,M Raj,LC Sthalekar,1,0,"",""
ball,1,7.2,India,M Raj,PG Raut,LC Sthalekar,0,0,"",""
ball,1,7.3,India,M Raj,PG Raut,LC Sthalekar,0,0,stumped,M Raj
ball,1,7.4,India,H Kaur,PG Raut,LC Sthalekar,1,0,"",""
ball,1,7.5,India,PG Raut,H Kaur,LC Sthalekar,4,0,"",""
ball,1,7.6,India,PG Raut,H Kaur,LC Sthalekar,1,0,"",""
ball,1,8.1,India,PG Raut,H Kaur,S Nitschke,2,0,"",""
ball,1,8.2,India,PG Raut,H Kaur,S Nitschke,1,0,"",""
ball,1,8.3,India,H Kaur,PG Raut,S Nitschke,0,0,"",""
ball,1,8.4,India,H Kaur,PG Raut,S Nitschke,4,0,"",""
ball,1,8.5,India,H Kaur,PG Raut,S Nitschke,0,0,"",""
ball,1,8.6,India,H Kaur,PG Raut,S Nitschke,1,0,"",""
ball,1,9.1,India,H Kaur,PG Raut,LC Sthalekar,0,0,"",""
ball,1,9.2,India,H Kaur,PG Raut,LC Sthalekar,1,0,"",""
ball,1,9.3,India,PG Raut,H Kaur,LC Sthalekar,1,0,"",""
ball,1,9.4,India,H Kaur,PG Raut,LC Sthalekar,0,0,"",""
ball,1,9.5,India,H Kaur,PG Raut,LC Sthalekar,1,0,"",""
ball,1,9.6,India,PG Raut,H Kaur,LC Sthalekar,1,0,"",""
ball,1,10.1,India,PG Raut,H Kaur,S Nitschke,3,0,"",""
ball,1,10.2,India,H Kaur,PG Raut,S Nitschke,1,0,"",""
ball,1,10.3,India,PG Raut,H Kaur,S Nitschke,0,0,"",""
ball,1,10.4,India,PG Raut,H Kaur,S Nitschke,0,0,"",""
ball,1,10.5,India,PG Raut,H Kaur,S Nitschke,1,0,"",""
ball,1,10.6,India,H Kaur,PG Raut,S Nitschke,0,0,"",""
ball,1,11.1,India,PG Raut,H Kaur,LC Sthalekar,0,0,"",""
ball,1,11.2,India,PG Raut,H Kaur,LC Sthalekar,1,0,"",""
ball,1,11.3,India,H Kaur,PG Raut,LC Sthalekar,1,0,"",""
ball,1,11.4,India,PG Raut,H Kaur,LC Sthalekar,1,0,"",""
ball,1,11.5,India,H Kaur,PG Raut,LC Sthalekar,1,0,"",""
ball,1,11.6,India,PG Raut,H Kaur,LC Sthalekar,2,0,"",""
ball,1,12.1,India,H Kaur,PG Raut,S Nitschke,0,0,"",""
ball,1,12.2,India,H Kaur,PG Raut,S Nitschke,1,0,"",""
ball,1,12.3,India,PG Raut,H Kaur,S Nitschke,2,0,"",""
ball,1,12.4,India,PG Raut,H Kaur,S Nitschke,1,0,"",""
ball,1,12.5,India,H Kaur,PG Raut,S Nitschke,1,0,"",""
ball,1,12.6,India,PG Raut,H Kaur,S Nitschke,1,0,"",""
ball,1,13.1,India,PG Raut,H Kaur,LC Sthalekar,1,0,"",""
ball,1,13.2,India,H Kaur,PG Raut,LC Sthalekar,1,0,"",""
ball,1,13.3,India,PG Raut,H Kaur,LC Sthalekar,0,0,"",""
ball,1,13.4,India,PG Raut,H Kaur,LC Sthalekar,1,0,"",""
ball,1,13.5,India,H Kaur,PG Raut,LC Sthalekar,4,0,"",""
ball,1,13.6,India,H Kaur,PG Raut,LC Sthalekar,1,0,"",""
ball,1,14.1,India,H Kaur,PG Raut,S Nitschke,1,0,"",""
ball,1,14.2,India,PG Raut,H Kaur,S Nitschke,0,2,"",""
ball,1,14.3,India,H Kaur,PG Raut,S Nitschke,0,0,"",""
ball,1,14.4,India,H Kaur,PG Raut,S Nitschke,1,0,"",""
ball,1,14.5,India,PG Raut,H Kaur,S Nitschke,1,0,"",""
ball,1,14.6,India,H Kaur,PG Raut,S Nitschke,2,0,"",""
ball,1,14.7,India,H Kaur,PG Raut,S Nitschke,0,0,"",""
ball,1,15.1,India,PG Raut,H Kaur,RM Farrell,4,0,"",""
ball,1,15.2,India,PG Raut,H Kaur,RM Farrell,0,1,"",""
ball,1,15.3,India,H Kaur,PG Raut,RM Farrell,0,0,"",""
ball,1,15.4,India,H Kaur,PG Raut,RM Farrell,1,0,"",""
ball,1,15.5,India,PG Raut,H Kaur,RM Farrell,1,0,"",""
ball,1,15.6,India,H Kaur,PG Raut,RM Farrell,0,0,"",""
ball,1,16.1,India,PG Raut,H Kaur,EA Perry,0,0,run out,H Kaur
ball,1,16.2,India,PG Raut,J Goswami,EA Perry,1,0,"",""
ball,1,16.3,India,J Goswami,PG Raut,EA Perry,0,0,run out,J Goswami
ball,1,16.4,India,PG Raut,A Sharma,EA Perry,0,0,caught,PG Raut
ball,1,16.5,India,A Sharma,R Dhar,EA Perry,2,0,"",""
ball,1,16.6,India,A Sharma,R Dhar,EA Perry,0,0,"",""
ball,1,17.1,India,R Dhar,A Sharma,RM Farrell,0,0,"",""
ball,1,17.2,India,R Dhar,A Sharma,RM Farrell,1,0,"",""
ball,1,17.3,India,A Sharma,R Dhar,RM Farrell,1,0,"",""
ball,1,17.4,India,R Dhar,A Sharma,RM Farrell,4,0,"",""
ball,1,17.5,India,R Dhar,A Sharma,RM Farrell,1,0,"",""
ball,1,17.6,India,A Sharma,R Dhar,RM Farrell,1,0,"",""
ball,1,18.1,India,A Sharma,R Dhar,EA Perry,2,0,"",""
ball,1,18.2,India,A Sharma,R Dhar,EA Perry,2,0,"",""
ball,1,18.3,India,A Sharma,R Dhar,EA Perry,1,0,"",""
ball,1,18.4,India,R Dhar,A Sharma,EA Perry,1,0,"",""
ball,1,18.5,India,A Sharma,R Dhar,EA Perry,1,0,"",""
ball,1,18.6,India,R Dhar,A Sharma,EA Perry,1,0,"",""
ball,1,19.1,India,R Dhar,A Sharma,CR Smith,1,0,"",""
ball,1,19.2,India,A Sharma,R Dhar,CR Smith,1,0,"",""
ball,1,19.3,India,R Dhar,A Sharma,CR Smith,1,0,"",""
ball,1,19.4,India,A Sharma,R Dhar,CR Smith,6,0,"",""
ball,1,19.5,India,A Sharma,R Dhar,CR Smith,0,1,"",""
ball,1,19.6,India,R Dhar,A Sharma,CR Smith,2,0,"",""
ball,2,0.1,Australia,S Nitschke,EJ Villani,J Goswami,0,0,"",""
ball,2,0.2,Australia,S Nitschke,EJ Villani,J Goswami,1,0,"",""
ball,2,0.3,Australia,EJ Villani,S Nitschke,J Goswami,0,0,"",""
ball,2,0.4,Australia,EJ Villani,S Nitschke,J Goswami,0,0,bowled,EJ Villani
ball,2,0.5,Australia,AJ Blackwell,S Nitschke,J Goswami,0,0,"",""
ball,2,0.6,Australia,AJ Blackwell,S Nitschke,J Goswami,1,0,"",""
ball,2,1.1,Australia,AJ Blackwell,S Nitschke,G Sultana,0,0,"",""
ball,2,1.2,Australia,AJ Blackwell,S Nitschke,G Sultana,1,0,"",""
ball,2,1.3,Australia,S Nitschke,AJ Blackwell,G Sultana,0,0,"",""
ball,2,1.4,Australia,S Nitschke,AJ Blackwell,G Sultana,4,0,"",""
ball,2,1.5,Australia,S Nitschke,AJ Blackwell,G Sultana,0,0,"",""
ball,2,1.6,Australia,S Nitschke,AJ Blackwell,G Sultana,4,0,"",""
ball,2,2.1,Australia,AJ Blackwell,S Nitschke,J Goswami,2,0,"",""
ball,2,2.2,Australia,AJ Blackwell,S Nitschke,J Goswami,2,0,"",""
ball,2,2.3,Australia,AJ Blackwell,S Nitschke,J Goswami,0,0,"",""
ball,2,2.4,Australia,AJ Blackwell,S Nitschke,J Goswami,4,0,"",""
ball,2,2.5,Australia,AJ Blackwell,S Nitschke,J Goswami,0,0,"",""
ball,2,2.6,Australia,AJ Blackwell,S Nitschke,J Goswami,1,0,"",""
ball,2,3.1,Australia,AJ Blackwell,S Nitschke,P Roy,4,0,"",""
ball,2,3.2,Australia,AJ Blackwell,S Nitschke,P Roy,4,0,"",""
ball,2,3.3,Australia,AJ Blackwell,S Nitschke,P Roy,4,0,"",""
ball,2,3.4,Australia,AJ Blackwell,S Nitschke,P Roy,0,0,"",""
ball,2,3.5,Australia,AJ Blackwell,S Nitschke,P Roy,3,0,"",""
ball,2,3.6,Australia,S Nitschke,AJ Blackwell,P Roy,0,0,"",""
ball,2,4.1,Australia,AJ Blackwell,S Nitschke,R Dhar,0,0,"",""
ball,2,4.2,Australia,AJ Blackwell,S Nitschke,R Dhar,0,0,"",""
ball,2,4.3,Australia,AJ Blackwell,S Nitschke,R Dhar,2,0,"",""
ball,2,4.4,Australia,AJ Blackwell,S Nitschke,R Dhar,0,0,"",""
ball,2,4.5,Australia,AJ Blackwell,S Nitschke,R Dhar,0,0,"",""
ball,2,4.6,Australia,AJ Blackwell,S Nitschke,R Dhar,0,0,"",""
ball,2,5.1,Australia,S Nitschke,AJ Blackwell,DP David,0,0,"",""
ball,2,5.2,Australia,S Nitschke,AJ Blackwell,DP David,0,1,"",""
ball,2,5.3,Australia,AJ Blackwell,S Nitschke,DP David,0,0,"",""
ball,2,5.4,Australia,AJ Blackwell,S Nitschke,DP David,1,0,"",""
ball,2,5.5,Australia,S Nitschke,AJ Blackwell,DP David,0,0,"",""
ball,2,5.6,Australia,S Nitschke,AJ Blackwell,DP David,1,0,"",""
ball,2,6.1,Australia,S Nitschke,AJ Blackwell,R Dhar,0,2,"",""
ball,2,6.2,Australia,AJ Blackwell,S Nitschke,R Dhar,1,0,"",""
ball,2,6.3,Australia,S Nitschke,AJ Blackwell,R Dhar,0,0,"",""
ball,2,6.4,Australia,S Nitschke,AJ Blackwell,R Dhar,0,0,"",""
ball,2,6.5,Australia,S Nitschke,AJ Blackwell,R Dhar,1,0,"",""
ball,2,6.6,Australia,AJ Blackwell,S Nitschke,R Dhar,4,0,"",""
ball,2,6.7,Australia,AJ Blackwell,S Nitschke,R Dhar,2,0,"",""
ball,2,7.1,Australia,S Nitschke,AJ Blackwell,DP David,1,0,"",""
ball,2,7.2,Australia,AJ Blackwell,S Nitschke,DP David,2,0,"",""
ball,2,7.3,Australia,AJ Blackwell,S Nitschke,DP David,1,0,"",""
ball,2,7.4,Australia,S Nitschke,AJ Blackwell,DP David,1,0,"",""
ball,2,7.5,Australia,AJ Blackwell,S Nitschke,DP David,0,0,"",""
ball,2,7.6,Australia,AJ Blackwell,S Nitschke,DP David,1,0,"",""
ball,2,8.1,Australia,AJ Blackwell,S Nitschke,G Sultana,1,0,"",""
ball,2,8.2,Australia,S Nitschke,AJ Blackwell,G Sultana,0,0,"",""
ball,2,8.3,Australia,S Nitschke,AJ Blackwell,G Sultana,4,0,"",""
ball,2,8.4,Australia,S Nitschke,AJ Blackwell,G Sultana,1,0,"",""
ball,2,8.5,Australia,AJ Blackwell,S Nitschke,G Sultana,0,0,"",""
ball,2,8.6,Australia,AJ Blackwell,S Nitschke,G Sultana,0,0,"",""
ball,2,9.1,Australia,S Nitschke,AJ Blackwell,A Sharma,1,0,"",""
ball,2,9.2,Australia,AJ Blackwell,S Nitschke,A Sharma,0,0,"",""
ball,2,9.3,Australia,AJ Blackwell,S Nitschke,A Sharma,4,0,"",""
ball,2,9.4,Australia,AJ Blackwell,S Nitschke,A Sharma,1,0,"",""
ball,2,9.5,Australia,S Nitschke,AJ Blackwell,A Sharma,1,0,"",""
ball,2,9.6,Australia,AJ Blackwell,S Nitschke,A Sharma,4,0,"",""
ball,2,10.1,Australia,S Nitschke,AJ Blackwell,P Roy,0,0,"",""
ball,2,10.2,Australia,S Nitschke,AJ Blackwell,P Roy,2,0,"",""
ball,2,10.3,Australia,S Nitschke,AJ Blackwell,P Roy,0,0,"",""
ball,2,10.4,Australia,S Nitschke,AJ Blackwell,P Roy,0,0,caught,S Nitschke
ball,2,10.5,Australia,AJ Blackwell,LJ Poulton,P Roy,0,0,"",""
ball,2,10.6,Australia,AJ Blackwell,LJ Poulton,P Roy,1,0,"",""
ball,2,11.1,Australia,AJ Blackwell,LJ Poulton,DP David,0,0,"",""
ball,2,11.2,Australia,AJ Blackwell,LJ Poulton,DP David,1,0,"",""
ball,2,11.3,Australia,LJ Poulton,AJ Blackwell,DP David,0,0,"",""
ball,2,11.4,Australia,LJ Poulton,AJ Blackwell,DP David,1,0,"",""
ball,2,11.5,Australia,AJ Blackwell,LJ Poulton,DP David,1,0,"",""
ball,2,11.6,Australia,LJ Poulton,AJ Blackwell,DP David,1,0,"",""
ball,2,12.1,Australia,LJ Poulton,AJ Blackwell,P Roy,0,0,"",""
ball,2,12.2,Australia,LJ Poulton,AJ Blackwell,P Roy,1,0,"",""
ball,2,12.3,Australia,AJ Blackwell,LJ Poulton,P Roy,1,0,"",""
ball,2,12.4,Australia,LJ Poulton,AJ Blackwell,P Roy,0,0,"",""
ball,2,12.5,Australia,LJ Poulton,AJ Blackwell,P Roy,4,0,"",""
ball,2,12.6,Australia,LJ Poulton,AJ Blackwell,P Roy,1,0,"",""
ball,2,13.1,Australia,LJ Poulton,AJ Blackwell,G Sultana,0,0,"",""
ball,2,13.2,Australia,LJ Poulton,AJ Blackwell,G Sultana,0,0,"",""
ball,2,13.3,Australia,LJ Poulton,AJ Blackwell,G Sultana,1,0,"",""
ball,2,13.4,Australia,AJ Blackwell,LJ Poulton,G Sultana,1,0,"",""
ball,2,13.5,Australia,LJ Poulton,AJ Blackwell,G Sultana,2,0,"",""
ball,2,13.6,Australia,LJ Poulton,AJ Blackwell,G Sultana,2,0,"",""
ball,2,14.1,Australia,AJ Blackwell,LJ Poulton,R Malhotra,4,0,"",""
ball,2,14.2,Australia,AJ Blackwell,LJ Poulton,R Malhotra,0,1,"",""
ball,2,14.3,Australia,AJ Blackwell,LJ Poulton,R Malhotra,1,0,"",""
ball,2,14.4,Australia,LJ Poulton,AJ Blackwell,R Malhotra,1,0,"",""
ball,2,14.5,Australia,AJ Blackwell,LJ Poulton,R Malhotra,1,0,"",""
ball,2,14.6,Australia,LJ Poulton,AJ Blackwell,R Malhotra,0,0,"",""
ball,2,14.7,Australia,LJ Poulton,AJ Blackwell,R Malhotra,2,0,"",""
ball,2,15.1,Australia,AJ Blackwell,LJ Poulton,P Roy,0,0,"",""
ball,2,15.2,Australia,AJ Blackwell,LJ Poulton,P Roy,0,0,stumped,AJ Blackwell
ball,2,15.3,Australia,JE Cameron,LJ Poulton,P Roy,1,0,"",""
ball,2,15.4,Australia,LJ Poulton,JE Cameron,P Roy,1,0,"",""
ball,2,15.5,Australia,JE Cameron,LJ Poulton,P Roy,0,0,"",""
ball,2,15.6,Australia,JE Cameron,LJ Poulton,P Roy,0,0,"",""
ball,2,16.1,Australia,LJ Poulton,JE Cameron,DP David,1,0,"",""
ball,2,16.2,Australia,JE Cameron,LJ Poulton,DP David,0,0,"",""
ball,2,16.3,Australia,JE Cameron,LJ Poulton,DP David,0,0,"",""
ball,2,16.4,Australia,JE Cameron,LJ Poulton,DP David,1,0,"",""
ball,2,16.5,Australia,LJ Poulton,JE Cameron,DP David,1,0,"",""
ball,2,16.6,Australia,JE Cameron,LJ Poulton,DP David,0,0,"",""
ball,2,17.1,Australia,LJ Poulton,JE Cameron,J Goswami,1,0,"",""
ball,2,17.2,Australia,JE Cameron,LJ Poulton,J Goswami,1,0,"",""
ball,2,17.3,Australia,LJ Poulton,JE Cameron,J Goswami,2,0,"",""
ball,2,17.4,Australia,LJ Poulton,JE Cameron,J Goswami,1,0,"",""
ball,2,17.5,Australia,JE Cameron,LJ Poulton,J Goswami,1,0,"",""
ball,2,17.6,Australia,LJ Poulton,JE Cameron,J Goswami,2,0,"",""
ball,2,18.1,Australia,JE Cameron,LJ Poulton,G Sultana,1,0,"",""
ball,2,18.2,Australia,LJ Poulton,JE Cameron,G Sultana,1,0,"",""
ball,2,18.3,Australia,JE Cameron,LJ Poulton,G Sultana,1,0,"",""
ball,2,18.4,Australia,LJ Poulton,JE Cameron,G Sultana,0,0,"",""
ball,2,18.5,Australia,LJ Poulton,JE Cameron,G Sultana,4,0,"",""
