version,1.3.0
info,team,South Africa
info,team,West Indies
info,gender,female
info,season,2009/10
info,date,2009/10/28
info,series,West Indies Women in South Africa T20I Series
info,match_number,3
info,venue,Boland Bank Park
info,city,Paarl
info,toss_winner,South Africa
info,toss_decision,field
info,player_of_match,DJS Dottin
info,umpire,AT Holdstock
info,umpire,CD Isaacs
info,reserve_umpire,IH van Kerwel
info,match_referee,CJ Mitchley
info,winner,West Indies
info,winner_runs,2
ball,1,0.1,West Indies,DJS Dottin,AM Samaroo,S Ismail,4,0,"",""
ball,1,0.2,West Indies,DJS Dottin,AM Samaroo,S Ismail,4,0,"",""
ball,1,0.3,West Indies,DJS Dottin,AM Samaroo,S Ismail,1,0,"",""
ball,1,0.4,West Indies,AM Samaroo,DJS Dottin,S Ismail,4,0,"",""
ball,1,0.5,West Indies,AM Samaroo,DJS Dottin,S Ismail,1,0,"",""
ball,1,0.6,West Indies,DJS Dottin,AM Samaroo,S Ismail,6,0,"",""
ball,1,1.1,West Indies,AM Samaroo,DJS Dottin,D van Niekerk,0,0,"",""
ball,1,1.2,West Indies,AM Samaroo,DJS Dottin,D van Niekerk,0,0,"",""
ball,1,1.3,West Indies,AM Samaroo,DJS Dottin,D van Niekerk,1,0,"",""
ball,1,1.4,West Indies,DJS Dottin,AM Samaroo,D van Niekerk,4,0,"",""
ball,1,1.5,West Indies,DJS Dottin,AM Samaroo,D van Niekerk,4,0,"",""
ball,1,1.6,West Indies,DJS Dottin,AM Samaroo,D van Niekerk,0,0,"",""
ball,1,2.1,West Indies,AM Samaroo,DJS Dottin,APC Kilowan,0,0,caught,AM Samaroo
ball,1,2.2,West Indies,B Cooper,DJS Dottin,APC Kilowan,0,0,"",""
ball,1,2.3,West Indies,B Cooper,DJS Dottin,APC Kilowan,1,0,"",""
ball,1,2.4,West Indies,DJS Dottin,B Cooper,APC Kilowan,0,0,"",""
ball,1,2.5,West Indies,DJS Dottin,B Cooper,APC Kilowan,4,0,"",""
ball,1,2.6,West Indies,DJS Dottin,B Cooper,APC Kilowan,0,0,"",""
ball,1,3.1,West Indies,B Cooper,DJS Dottin,C van der Westhuizen,2,0,"",""
ball,1,3.2,West Indies,B Cooper,DJS Dottin,C van der Westhuizen,4,0,"",""
ball,1,3.3,West Indies,B Cooper,DJS Dottin,C van der Westhuizen,0,0,"",""
ball,1,3.4,West Indies,B Cooper,DJS Dottin,C van der Westhuizen,0,0,bowled,B Cooper
ball,1,3.5,West Indies,SACA King,DJS Dottin,C van der Westhuizen,0,0,"",""
ball,1,3.6,West Indies,SACA King,DJS Dottin,C van der Westhuizen,0,0,"",""
ball,1,4.1,West Indies,DJS Dottin,SACA King,APC Kilowan,0,0,"",""
ball,1,4.2,West Indies,DJS Dottin,SACA King,APC Kilowan,0,0,"",""
ball,1,4.3,West Indies,DJS Dottin,SACA King,APC Kilowan,2,0,"",""
ball,1,4.4,West Indies,DJS Dottin,SACA King,APC Kilowan,4,0,"",""
ball,1,4.5,West Indies,DJS Dottin,SACA King,APC Kilowan,1,0,"",""
ball,1,4.6,West Indies,SACA King,DJS Dottin,APC Kilowan,0,0,lbw,SACA King
ball,1,5.1,West Indies,DJS Dottin,SA Campbelle,C van der Westhuizen,0,0,"",""
ball,1,5.2,West Indies,DJS Dottin,SA Campbelle,C van der Westhuizen,2,0,"",""
ball,1,5.3,West Indies,DJS Dottin,SA Campbelle,C van der Westhuizen,1,0,"",""
ball,1,5.4,West Indies,SA Campbelle,DJS Dottin,C van der Westhuizen,2,0,"",""
ball,1,5.5,West Indies,SA Campbelle,DJS Dottin,C van der Westhuizen,0,0,"",""
ball,1,5.6,West Indies,SA Campbelle,DJS Dottin,C van der Westhuizen,0,0,run out,SA Campbelle
ball,1,6.1,West Indies,MR Aguilleira,DJS Dottin,APC Kilowan,0,0,"",""
ball,1,6.2,West Indies,MR Aguilleira,DJS Dottin,APC Kilowan,0,0,"",""
ball,1,6.3,West Indies,MR Aguilleira,DJS Dottin,APC Kilowan,4,0,"",""
ball,1,6.4,West Indies,MR Aguilleira,DJS Dottin,APC Kilowan,0,0,"",""
ball,1,6.5,West Indies,MR Aguilleira,DJS Dottin,APC Kilowan,1,0,"",""
ball,1,6.6,West Indies,DJS Dottin,MR Aguilleira,APC Kilowan,0,1,"",""
ball,1,6.7,West Indies,DJS Dottin,MR Aguilleira,APC Kilowan,2,0,"",""
ball,1,7.1,West Indies,MR Aguilleira,DJS Dottin,C van der Westhuizen,0,1,"",""
ball,1,7.2,West Indies,MR Aguilleira,DJS Dottin,C van der Westhuizen,0,0,"",""
ball,1,7.3,West Indies,MR Aguilleira,DJS Dottin,C van der Westhuizen,0,0,"",""
ball,1,7.4,West Indies,MR Aguilleira,DJS Dottin,C van der Westhuizen,0,0,"",""
ball,1,7.5,West Indies,MR Aguilleira,DJS Dottin,C van der Westhuizen,0,0,"",""
ball,1,7.6,West Indies,MR Aguilleira,DJS Dottin,C van der Westhuizen,0,0,"",""
ball,1,7.7,West Indies,MR Aguilleira,DJS Dottin,C van der Westhuizen,0,0,"",""
ball,1,8.1,West Indies,DJS Dottin,MR Aguilleira,MM Letsoalo,0,0,"",""
ball,1,8.2,West Indies,DJS Dottin,MR Aguilleira,MM Letsoalo,0,0,"",""
ball,1,8.3,West Indies,DJS Dottin,MR Aguilleira,MM Letsoalo,1,0,"",""
ball,1,8.4,West Indies,MR Aguilleira,DJS Dottin,MM Letsoalo,0,0,caught,MR Aguilleira
ball,1,8.5,West Indies,CN Nation,DJS Dottin,MM Letsoalo,0,0,"",""
ball,1,8.6,West Indies,CN Nation,DJS Dottin,MM Letsoalo,1,0,"",""
ball,1,9.1,West Indies,CN Nation,DJS Dottin,C van der Westhuizen,0,0,"",""
ball,1,9.2,West Indies,CN Nation,DJS Dottin,C van der Westhuizen,0,0,"",""
ball,1,9.3,West Indies,CN Nation,DJS Dottin,C van der Westhuizen,0,0,"",""
ball,1,9.4,West Indies,CN Nation,DJS Dottin,C van der Westhuizen,0,0,"",""
ball,1,9.5,West Indies,CN Nation,DJS Dottin,C van der Westhuizen,0,0,"",""
ball,1,9.6,West Indies,CN Nation,DJS Dottin,C van der Westhuizen,0,0,"",""
ball,1,10.1,West Indies,DJS Dottin,CN Nation,MM Letsoalo,0,0,"",""
ball,1,10.2,West Indies,DJS Dottin,CN Nation,MM Letsoalo,1,0,"",""
ball,1,10.3,West Indies,CN Nation,DJS Dottin,MM Letsoalo,0,0,"",""
ball,1,10.4,West Indies,CN Nation,DJS Dottin,MM Letsoalo,0,0,"",""
ball,1,10.5,West Indies,CN Nation,DJS Dottin,MM Letsoalo,0,0,"",""
ball,1,10.6,West Indies,CN Nation,DJS Dottin,MM Letsoalo,2,0,"",""
ball,1,11.1,West Indies,DJS Dottin,CN Nation,AS Taai,0,0,"",""
ball,1,11.2,West Indies,DJS Dottin,CN Nation,AS Taai,0,0,"",""
ball,1,11.3,West Indies,DJS Dottin,CN Nation,AS Taai,0,0,"",""
ball,1,11.4,West Indies,DJS Dottin,CN Nation,AS Taai,0,0,"",""
ball,1,11.5,West Indies,DJS Dottin,CN Nation,AS Taai,2,0,"",""
ball,1,11.6,West Indies,DJS Dottin,CN Nation,AS Taai,6,0,"",""
ball,1,12.1,West Indies,CN Nation,DJS Dottin,MM Letsoalo,0,0,"",""
ball,1,12.2,West Indies,CN Nation,DJS Dottin,MM Letsoalo,2,0,"",""
ball,1,12.3,West Indies,CN Nation,DJS Dottin,MM Letsoalo,0,0,"",""
ball,1,12.4,West Indies,CN Nation,DJS Dottin,MM Letsoalo,0,0,caught,CN Nation
ball,1,12.5,West Indies,DJS Dottin,SF Daley,MM Letsoalo,2,0,"",""
ball,1,12.6,West Indies,DJS Dottin,SF Daley,MM Letsoalo,1,0,"",""
ball,1,13.1,West Indies,DJS Dottin,SF Daley,AS Taai,0,0,"",""
ball,1,13.2,West Indies,DJS Dottin,SF Daley,AS Taai,0,0,"",""
ball,1,13.3,West Indies,DJS Dottin,SF Daley,AS Taai,0,0,"",""
ball,1,13.4,West Indies,DJS Dottin,SF Daley,AS Taai,0,0,caught,DJS Dottin
ball,1,13.5,West Indies,TD Smartt,SF Daley,AS Taai,0,0,"",""
ball,1,13.6,West Indies,TD Smartt,SF Daley,AS Taai,0,0,"",""
ball,1,14.1,West Indies,SF Daley,TD Smartt,MM Letsoalo,1,0,"",""
ball,1,14.2,West Indies,TD Smartt,SF Daley,MM Letsoalo,3,0,"",""
ball,1,14.3,West Indies,SF Daley,TD Smartt,MM Letsoalo,0,0,"",""
ball,1,14.4,West Indies,SF Daley,TD Smartt,MM Letsoalo,2,0,"",""
ball,1,14.5,West Indies,SF Daley,TD Smartt,MM Letsoalo,0,0,"",""
ball,1,14.6,West Indies,SF Daley,TD Smartt,MM Letsoalo,0,1,"",""
ball,1,15.1,West Indies,SF Daley,TD Smartt,AS Taai,0,0,run out,TD Smartt
ball,1,15.2,West Indies,A Mohammed,SF Daley,AS Taai,0,0,"",""
ball,1,15.3,West Indies,A Mohammed,SF Daley,AS Taai,0,0,"",""
ball,1,15.4,West Indies,A Mohammed,SF Daley,AS Taai,0,0,"",""
ball,1,15.5,West Indies,A Mohammed,SF Daley,AS Taai,0,0,"",""
ball,1,15.6,West Indies,A Mohammed,SF Daley,AS Taai,0,0,"",""
ball,1,16.1,West Indies,SF Daley,A Mohammed,D van Niekerk,0,0,"",""
ball,1,16.2,West Indies,SF Daley,A Mohammed,D van Niekerk,0,0,"",""
ball,1,16.3,West Indies,SF Daley,A Mohammed,D van Niekerk,1,0,"",""
ball,1,16.4,West Indies,A Mohammed,SF Daley,D van Niekerk,0,0,"",""
ball,1,16.5,West Indies,A Mohammed,SF Daley,D van Niekerk,2,0,"",""
ball,1,16.6,West Indies,A Mohammed,SF Daley,D van Niekerk,0,0,caught,A Mohammed
ball,1,17.1,West Indies,SF Daley,SC Selman,AS Taai,1,0,"",""
ball,1,17.2,West Indies,SC Selman,SF Daley,AS Taai,0,0,"",""
ball,1,17.3,West Indies,SC Selman,SF Daley,AS Taai,0,0,"",""
ball,1,17.4,West Indies,SC Selman,SF Daley,AS Taai,0,0,"",""
ball,1,17.5,West Indies,SC Selman,SF Daley,AS Taai,0,0,"",""
ball,1,17.6,West Indies,SC Selman,SF Daley,AS Taai,0,0,"",""
ball,1,18.1,West Indies,SF Daley,SC Selman,D van Niekerk,1,0,"",""
ball,1,18.2,West Indies,SC Selman,SF Daley,D van Niekerk,1,0,"",""
ball,1,18.3,West Indies,SF Daley,SC Selman,D van Niekerk,2,0,"",""
ball,1,18.4,West Indies,SF Daley,SC Selman,D van Niekerk,0,0,"",""
ball,1,18.5,West Indies,SF Daley,SC Selman,D van Niekerk,0,1,"",""
ball,1,18.6,West Indies,SF Daley,SC Selman,D van Niekerk,0,1,"",""
ball,1,18.7,West Indies,SF Daley,SC Selman,D van Niekerk,1,0,"",""
ball,1,18.8,West Indies,SC Selman,SF Daley,D van Niekerk,0,0,"",""
ball,1,19.1,West Indies,SF Daley,SC Selman,APC Kilowan,0,0,"",""
ball,1,19.2,West Indies,SF Daley,SC Selman,APC Kilowan,0,0,bowled,SF Daley
ball,2,0.1,South Africa,SA Fritz,T Chetty,SC Selman,0,0,"",""
ball,2,0.2,South Africa,SA Fritz,T Chetty,SC Selman,0,0,caught,SA Fritz
ball,2,0.3,South Africa,K Thomson,T Chetty,SC Selman,0,0,"",""
ball,2,0.4,South Africa,K Thomson,T Chetty,SC Selman,0,0,"",""
ball,2,0.5,South Africa,K Thomson,T Chetty,SC Selman,1,0,"",""
ball,2,0.6,South Africa,T Chetty,K Thomson,SC Selman,1,0,"",""
ball,2,1.1,South Africa,T Chetty,K Thomson,SF Daley,0,0,"",""
ball,2,1.2,South Africa,T Chetty,K Thomson,SF Daley,0,0,"",""
ball,2,1.3,South Africa,T Chetty,K Thomson,SF Daley,0,0,"",""
ball,2,1.4,South Africa,T Chetty,K Thomson,SF Daley,1,0,"",""
ball,2,1.5,South Africa,K Thomson,T Chetty,SF Daley,1,0,"",""
ball,2,1.6,South Africa,T Chetty,K Thomson,SF Daley,0,0,"",""
ball,2,2.1,South Africa,K Thomson,T Chetty,SC Selman,0,0,"",""
ball,2,2.2,South Africa,K Thomson,T Chetty,SC Selman,4,0,"",""
ball,2,2.3,South Africa,K Thomson,T Chetty,SC Selman,0,0,"",""
ball,2,2.4,South Africa,K Thomson,T Chetty,SC Selman,0,0,"",""
ball,2,2.5,South Africa,K Thomson,T Chetty,SC Selman,4,0,"",""
ball,2,2.6,South Africa,K Thomson,T Chetty,SC Selman,0,0,"",""
ball,2,3.1,South Africa,T Chetty,K Thomson,SF Daley,0,0,"",""
ball,2,3.2,South Africa,T Chetty,K Thomson,SF Daley,0,0,"",""
ball,2,3.3,South Africa,T Chetty,K Thomson,SF Daley,1,0,"",""
ball,2,3.4,South Africa,K Thomson,T Chetty,SF Daley,0,0,"",""
ball,2,3.5,South Africa,K Thomson,T Chetty,SF Daley,2,0,"",""
ball,2,3.6,South Africa,K Thomson,T Chetty,SF Daley,0,3,"",""
ball,2,3.7,South Africa,K Thomson,T Chetty,SF Daley,0,0,"",""
ball,2,4.1,South Africa,T Chetty,K Thomson,CN Nation,0,0,"",""
ball,2,4.2,South Africa,T Chetty,K Thomson,CN Nation,0,0,"",""
ball,2,4.3,South Africa,T Chetty,K Thomson,CN Nation,2,0,"",""
ball,2,4.4,South Africa,T Chetty,K Thomson,CN Nation,0,0,"",""
ball,2,4.5,South Africa,T Chetty,K Thomson,CN Nation,0,0,lbw,T Chetty
ball,2,4.6,South Africa,M du Preez,K Thomson,CN Nation,1,0,"",""
ball,2,5.1,South Africa,M du Preez,K Thomson,SACA King,0,0,"",""
ball,2,5.2,South Africa,M du Preez,K Thomson,SACA King,0,0,"",""
ball,2,5.3,South Africa,M du Preez,K Thomson,SACA King,1,0,"",""
ball,2,5.4,South Africa,K Thomson,M du Preez,SACA King,0,1,"",""
ball,2,5.5,South Africa,K Thomson,M du Preez,SACA King,0,1,"",""
ball,2,5.6,South Africa,K Thomson,M du Preez,SACA King,1,0,"",""
ball,2,5.7,South Africa,M du Preez,K Thomson,SACA King,0,0,"",""
ball,2,5.8,South Africa,M du Preez,K Thomson,SACA King,1,0,"",""
ball,2,6.1,South Africa,M du Preez,K Thomson,CN Nation,0,0,"",""
ball,2,6.2,South Africa,M du Preez,K Thomson,CN Nation,0,0,bowled,M du Preez
ball,2,6.3,South Africa,AE Smith,K Thomson,CN Nation,0,0,"",""
ball,2,6.4,South Africa,AE Smith,K Thomson,CN Nation,0,0,"",""
ball,2,6.5,South Africa,AE Smith,K Thomson,CN Nation,4,0,"",""
ball,2,6.6,South Africa,AE Smith,K Thomson,CN Nation,0,0,"",""
ball,2,7.1,South Africa,K Thomson,AE Smith,TD Smartt,1,0,"",""
ball,2,7.2,South Africa,AE Smith,K Thomson,TD Smartt,0,0,"",""
ball,2,7.3,South Africa,AE Smith,K Thomson,TD Smartt,0,0,"",""
ball,2,7.4,South Africa,AE Smith,K Thomson,TD Smartt,1,0,"",""
ball,2,7.5,South Africa,K Thomson,AE Smith,TD Smartt,0,0,"",""
ball,2,7.6,South Africa,K Thomson,AE Smith,TD Smartt,0,0,"",""
ball,2,8.1,South Africa,AE Smith,K Thomson,CN Nation,1,0,"",""
ball,2,8.2,South Africa,K Thomson,AE Smith,CN Nation,1,0,"",""
ball,2,8.3,South Africa,AE Smith,K Thomson,CN Nation,1,0,"",""
ball,2,8.4,South Africa,K Thomson,AE Smith,CN Nation,0,0,"",""
ball,2,8.5,South Africa,K Thomson,AE Smith,CN Nation,1,0,"",""
ball,2,8.6,South Africa,AE Smith,K Thomson,CN Nation,0,0,"",""
ball,2,9.1,South Africa,K Thomson,AE Smith,TD Smartt,1,0,"",""
ball,2,9.2,South Africa,AE Smith,K Thomson,TD Smartt,1,0,"",""
ball,2,9.3,South Africa,K Thomson,AE Smith,TD Smartt,1,0,"",""
ball,2,9.4,South Africa,AE Smith,K Thomson,TD Smartt,2,0,"",""
ball,2,9.5,South Africa,AE Smith,K Thomson,TD Smartt,0,0,"",""
ball,2,9.6,South Africa,AE Smith,K Thomson,TD Smartt,0,0,"",""
ball,2,10.1,South Africa,K Thomson,AE Smith,SA Campbelle,0,0,"",""
ball,2,10.2,South Africa,K Thomson,AE Smith,SA Campbelle,0,0,"",""
ball,2,10.3,South Africa,K Thomson,AE Smith,SA Campbelle,0,0,"",""
ball,2,10.4,South Africa,K Thomson,AE Smith,SA Campbelle,0,0,"",""
ball,2,10.5,South Africa,K Thomson,AE Smith,SA Campbelle,0,0,"",""
ball,2,10.6,South Africa,K Thomson,AE Smith,SA Campbelle,2,0,"",""
ball,2,11.1,South Africa,AE Smith,K Thomson,CN Nation,0,0,"",""
ball,2,11.2,South Africa,AE Smith,K Thomson,CN Nation,0,0,"",""
ball,2,11.3,South Africa,AE Smith,K Thomson,CN Nation,0,0,"",""
ball,2,11.4,South Africa,AE Smith,K Thomson,CN Nation,2,0,"",""
ball,2,11.5,South Africa,AE Smith,K Thomson,CN Nation,1,0,"",""
ball,2,11.6,South Africa,K Thomson,AE Smith,CN Nation,0,0,"",""
ball,2,12.1,South Africa,AE Smith,K Thomson,SA Campbelle,0,0,"",""
ball,2,12.2,South Africa,AE Smith,K Thomson,SA Campbelle,0,0,"",""
ball,2,12.3,South Africa,AE Smith,K Thomson,SA Campbelle,0,0,"",""
ball,2,12.4,South Africa,AE Smith,K Thomson,SA Campbelle,1,0,"",""
ball,2,12.5,South Africa,K Thomson,AE Smith,SA Campbelle,1,0,"",""
ball,2,12.6,South Africa,AE Smith,K Thomson,SA Campbelle,0,0,"",""
ball,2,13.1,South Africa,K Thomson,AE Smith,SACA King,0,0,"",""
ball,2,13.2,South Africa,K Thomson,AE Smith,SACA King,1,0,"",""
ball,2,13.3,South Africa,AE Smith,K Thomson,SACA King,1,0,"",""
ball,2,13.4,South Africa,K Thomson,AE Smith,SACA King,1,0,"",""
ball,2,13.5,South Africa,AE Smith,K Thomson,SACA King,4,0,"",""
ball,2,13.6,South Africa,AE Smith,K Thomson,SACA King,0,0,"",""
ball,2,14.1,South Africa,K Thomson,AE Smith,SA Campbelle,1,0,"",""
ball,2,14.2,South Africa,AE Smith,K Thomson,SA Campbelle,0,0,"",""
ball,2,14.3,South Africa,AE Smith,K Thomson,SA Campbelle,1,0,"",""
ball,2,14.4,South Africa,K Thomson,AE Smith,SA Campbelle,1,0,"",""
ball,2,14.5,South Africa,AE Smith,K Thomson,SA Campbelle,0,0,"",""
ball,2,14.6,South Africa,AE Smith,K Thomson,SA Campbelle,1,0,"",""
ball,2,15.1,South Africa,AE Smith,K Thomson,SACA King,1,0,"",""
ball,2,15.2,South Africa,K Thomson,AE Smith,SACA King,1,0,"",""
ball,2,15.3,South Africa,AE Smith,K Thomson,SACA King,0,0,"",""
ball,2,15.4,South Africa,AE Smith,K Thomson,SACA King,1,0,"",""
ball,2,15.5,South Africa,K Thomson,AE Smith,SACA King,1,0,"",""
ball,2,15.6,South Africa,AE Smith,K Thomson,SACA King,2,0,"",""
ball,2,16.1,South Africa,K Thomson,AE Smith,A Mohammed,1,0,"",""
ball,2,16.2,South Africa,AE Smith,K Thomson,A Mohammed,1,0,"",""
ball,2,16.3,South Africa,K Thomson,AE Smith,A Mohammed,1,0,"",""
ball,2,16.4,South Africa,AE Smith,K Thomson,A Mohammed,0,0,"",""
ball,2,16.5,South Africa,AE Smith,K Thomson,A Mohammed,1,0,"",""
ball,2,16.6,South Africa,K Thomson,AE Smith,A Mohammed,1,0,"",""
ball,2,17.1,South Africa,K Thomson,AE Smith,SA Campbelle,0,0,"",""
ball,2,17.2,South Africa,K Thomson,AE Smith,SA Campbelle,1,0,"",""
ball,2,17.3,South Africa,AE Smith,K Thomson,SA Campbelle,2,0,"",""
ball,2,17.4,South Africa,AE Smith,K Thomson,SA Campbelle,6,0,"",""
ball,2,17.5,South Africa,AE Smith,K Thomson,SA Campbelle,0,0,"",""
ball,2,17.6,South Africa,AE Smith,K Thomson,SA Campbelle,2,0,"",""
ball,2,18.1,South Africa,K Thomson,AE Smith,A Mohammed,1,0,"",""
ball,2,18.2,South Africa,AE Smith,K Thomson,A Mohammed,1,0,"",""
ball,2,18.3,South Africa,K Thomson,AE Smith,A Mohammed,0,0,caught,K Thomson
ball,2,18.4,South Africa,AE Smith,AS Taai,A Mohammed,1,0,"",""
ball,2,18.5,South Africa,AS Taai,AE Smith,A Mohammed,1,0,"",""
ball,2,18.6,South Africa,AE Smith,AS Taai,A Mohammed,1,0,"",""
ball,2,19.1,South Africa,AE Smith,AS Taai,SACA King,4,0,"",""
ball,2,19.2,South Africa,AE Smith,AS Taai,SACA King,0,0,lbw,AE Smith
ball,2,19.3,South Africa,APC Kilowan,AS Taai,SACA King,1,0,"",""
ball,2,19.4,South Africa,AS Taai,APC Kilowan,SACA King,2,0,"",""
ball,2,19.5,South Africa,AS Taai,APC Kilowan,SACA King,1,0,"",""
ball,2,19.6,South Africa,APC Kilowan,AS Taai,SACA King,1,0,run out,AS Taai
