version,1.3.0
info,team,Australia
info,team,Pakistan
info,gender,male
info,season,2010
info,date,2010/07/05
info,series,MCC Spirit of Cricket T20I Series
info,match_number,1
info,venue,Edgbaston
info,city,Birmingham
info,neutralvenue,true
info,toss_winner,Pakistan
info,toss_decision,bat
info,player_of_match,Umar Akmal
info,umpire,Aleem Dar
info,umpire,Asad Rauf
info,reserve_umpire,Zameer Haider
info,tv_umpire,Ahsan Raza
info,match_referee,J Srinath
info,winner,Pakistan
info,winner_runs,23
ball,1,0.1,Pakistan,Salman Butt,Shahzaib Hasan,DP Nannes,0,0,"",""
ball,1,0.2,Pakistan,Salman Butt,Shahzaib Hasan,DP Nannes,0,0,"",""
ball,1,0.3,Pakistan,Salman Butt,Shahzaib Hasan,DP Nannes,0,1,"",""
ball,1,0.4,Pakistan,Salman Butt,Shahzaib Hasan,DP Nannes,1,0,"",""
ball,1,0.5,Pakistan,Shahzaib Hasan,Salman Butt,DP Nannes,0,0,caught,Shahzaib Hasan
ball,1,0.6,Pakistan,Kamran Akmal,Salman Butt,DP Nannes,0,0,"",""
ball,1,0.7,Pakistan,Kamran Akmal,Salman Butt,DP Nannes,1,0,"",""
ball,1,1.1,Pakistan,Kamran Akmal,Salman Butt,SW Tait,0,1,"",""
ball,1,1.2,Pakistan,Kamran Akmal,Salman Butt,SW Tait,0,0,"",""
ball,1,1.3,Pakistan,Kamran Akmal,Salman Butt,SW Tait,0,1,"",""
ball,1,1.4,Pakistan,Kamran Akmal,Salman Butt,SW Tait,1,0,"",""
ball,1,1.5,Pakistan,Salman Butt,Kamran Akmal,SW Tait,0,0,"",""
ball,1,1.6,Pakistan,Salman Butt,Kamran Akmal,SW Tait,0,0,"",""
ball,1,1.7,Pakistan,Salman Butt,Kamran Akmal,SW Tait,0,0,"",""
ball,1,1.8,Pakistan,Salman Butt,Kamran Akmal,SW Tait,0,0,"",""
ball,1,2.1,Pakistan,Kamran Akmal,Salman Butt,DP Nannes,1,0,"",""
ball,1,2.2,Pakistan,Salman Butt,Kamran Akmal,DP Nannes,0,5,"",""
ball,1,2.3,Pakistan,Salman Butt,Kamran Akmal,DP Nannes,1,0,"",""
ball,1,2.4,Pakistan,Kamran Akmal,Salman Butt,DP Nannes,6,0,"",""
ball,1,2.5,Pakistan,Kamran Akmal,Salman Butt,DP Nannes,0,0,"",""
ball,1,2.6,Pakistan,Kamran Akmal,Salman Butt,DP Nannes,0,0,"",""
ball,1,2.7,Pakistan,Kamran Akmal,Salman Butt,DP Nannes,4,0,"",""
ball,1,3.1,Pakistan,Salman Butt,Kamran Akmal,MG Johnson,1,0,"",""
ball,1,3.2,Pakistan,Kamran Akmal,Salman Butt,MG Johnson,1,0,"",""
ball,1,3.3,Pakistan,Salman Butt,Kamran Akmal,MG Johnson,0,0,"",""
ball,1,3.4,Pakistan,Salman Butt,Kamran Akmal,MG Johnson,1,0,"",""
ball,1,3.5,Pakistan,Kamran Akmal,Salman Butt,MG Johnson,2,0,"",""
ball,1,3.6,Pakistan,Kamran Akmal,Salman Butt,MG Johnson,0,0,"",""
ball,1,4.1,Pakistan,Salman Butt,Kamran Akmal,SW Tait,1,0,"",""
ball,1,4.2,Pakistan,Kamran Akmal,Salman Butt,SW Tait,0,0,"",""
ball,1,4.3,Pakistan,Kamran Akmal,Salman Butt,SW Tait,0,1,"",""
ball,1,4.4,Pakistan,Kamran Akmal,Salman Butt,SW Tait,0,0,"",""
ball,1,4.5,Pakistan,Kamran Akmal,Salman Butt,SW Tait,2,0,"",""
ball,1,4.6,Pakistan,Kamran Akmal,Salman Butt,SW Tait,4,0,"",""
ball,1,4.7,Pakistan,Kamran Akmal,Salman Butt,SW Tait,0,0,"",""
ball,1,5.1,Pakistan,Salman Butt,Kamran Akmal,MG Johnson,0,0,"",""
ball,1,5.2,Pakistan,Salman Butt,Kamran Akmal,MG Johnson,0,0,"",""
ball,1,5.3,Pakistan,Salman Butt,Kamran Akmal,MG Johnson,4,0,"",""
ball,1,5.4,Pakistan,Salman Butt,Kamran Akmal,MG Johnson,0,0,"",""
ball,1,5.5,Pakistan,Salman Butt,Kamran Akmal,MG Johnson,2,0,"",""
ball,1,5.6,Pakistan,Salman Butt,Kamran Akmal,MG Johnson,1,0,"",""
ball,1,6.1,Pakistan,Salman Butt,Kamran Akmal,DJ Hussey,1,0,"",""
ball,1,6.2,Pakistan,Kamran Akmal,Salman Butt,DJ Hussey,0,0,"",""
ball,1,6.3,Pakistan,Kamran Akmal,Salman Butt,DJ Hussey,1,0,"",""
ball,1,6.4,Pakistan,Salman Butt,Kamran Akmal,DJ Hussey,0,0,run out,Kamran Akmal
ball,1,6.5,Pakistan,Salman Butt,Shoaib Malik,DJ Hussey,0,0,caught,Salman Butt
ball,1,6.6,Pakistan,Shoaib Malik,Shahid Afridi,DJ Hussey,1,0,"",""
ball,1,7.1,Pakistan,Shoaib Malik,Shahid Afridi,SPD Smith,0,0,"",""
ball,1,7.2,Pakistan,Shoaib Malik,Shahid Afridi,SPD Smith,0,0,"",""
ball,1,7.3,Pakistan,Shoaib Malik,Shahid Afridi,SPD Smith,1,0,"",""
ball,1,7.4,Pakistan,Shahid Afridi,Shoaib Malik,SPD Smith,0,0,lbw,Shahid Afridi
ball,1,7.5,Pakistan,Umar Akmal,Shoaib Malik,SPD Smith,0,0,"",""
ball,1,7.6,Pakistan,Umar Akmal,Shoaib Malik,SPD Smith,1,0,"",""
ball,1,8.1,Pakistan,Umar Akmal,Shoaib Malik,DJ Hussey,1,0,"",""
ball,1,8.2,Pakistan,Shoaib Malik,Umar Akmal,DJ Hussey,0,0,"",""
ball,1,8.3,Pakistan,Shoaib Malik,Umar Akmal,DJ Hussey,1,0,"",""
ball,1,8.4,Pakistan,Umar Akmal,Shoaib Malik,DJ Hussey,1,0,"",""
ball,1,8.5,Pakistan,Shoaib Malik,Umar Akmal,DJ Hussey,0,0,"",""
ball,1,8.6,Pakistan,Shoaib Malik,Umar Akmal,DJ Hussey,1,0,"",""
ball,1,9.1,Pakistan,Shoaib Malik,Umar Akmal,SPD Smith,1,0,"",""
ball,1,9.2,Pakistan,Umar Akmal,Shoaib Malik,SPD Smith,1,0,"",""
ball,1,9.3,Pakistan,Shoaib Malik,Umar Akmal,SPD Smith,1,0,"",""
ball,1,9.4,Pakistan,Umar Akmal,Shoaib Malik,SPD Smith,6,0,"",""
ball,1,9.5,Pakistan,Umar Akmal,Shoaib Malik,SPD Smith,6,0,"",""
ball,1,9.6,Pakistan,Umar Akmal,Shoaib Malik,SPD Smith,0,0,"",""
ball,1,10.1,Pakistan,Shoaib Malik,Umar Akmal,DJ Hussey,4,0,"",""
ball,1,10.2,Pakistan,Shoaib Malik,Umar Akmal,DJ Hussey,4,0,"",""
ball,1,10.3,Pakistan,Shoaib Malik,Umar Akmal,DJ Hussey,1,0,"",""
ball,1,10.4,Pakistan,Umar Akmal,Shoaib Malik,DJ Hussey,4,0,"",""
ball,1,10.5,Pakistan,Umar Akmal,Shoaib Malik,DJ Hussey,4,0,"",""
ball,1,10.6,Pakistan,Umar Akmal,Shoaib Malik,DJ Hussey,1,1,"",""
ball,1,10.7,Pakistan,Shoaib Malik,Umar Akmal,DJ Hussey,1,0,"",""
ball,1,11.1,Pakistan,Shoaib Malik,Umar Akmal,DP Nannes,0,0,"",""
ball,1,11.2,Pakistan,Shoaib Malik,Umar Akmal,DP Nannes,1,0,"",""
ball,1,11.3,Pakistan,Umar Akmal,Shoaib Malik,DP Nannes,0,1,"",""
ball,1,11.4,Pakistan,Umar Akmal,Shoaib Malik,DP Nannes,4,0,"",""
ball,1,11.5,Pakistan,Umar Akmal,Shoaib Malik,DP Nannes,1,0,"",""
ball,1,11.6,Pakistan,Shoaib Malik,Umar Akmal,DP Nannes,4,0,"",""
ball,1,11.7,Pakistan,Shoaib Malik,Umar Akmal,DP Nannes,0,0,caught,Shoaib Malik
ball,1,12.1,Pakistan,Umar Akmal,Abdul Razzaq,MG Johnson,0,0,"",""
ball,1,12.2,Pakistan,Umar Akmal,Abdul Razzaq,MG Johnson,1,0,"",""
ball,1,12.3,Pakistan,Abdul Razzaq,Umar Akmal,MG Johnson,0,0,"",""
ball,1,12.4,Pakistan,Abdul Razzaq,Umar Akmal,MG Johnson,0,1,"",""
ball,1,12.5,Pakistan,Umar Akmal,Abdul Razzaq,MG Johnson,4,0,"",""
ball,1,12.6,Pakistan,Umar Akmal,Abdul Razzaq,MG Johnson,2,0,"",""
ball,1,13.1,Pakistan,Abdul Razzaq,Umar Akmal,SPD Smith,1,0,"",""
ball,1,13.2,Pakistan,Umar Akmal,Abdul Razzaq,SPD Smith,1,0,"",""
ball,1,13.3,Pakistan,Abdul Razzaq,Umar Akmal,SPD Smith,0,0,"",""
ball,1,13.4,Pakistan,Abdul Razzaq,Umar Akmal,SPD Smith,0,0,"",""
ball,1,13.5,Pakistan,Abdul Razzaq,Umar Akmal,SPD Smith,1,0,"",""
ball,1,13.6,Pakistan,Umar Akmal,Abdul Razzaq,SPD Smith,4,0,"",""
ball,1,14.1,Pakistan,Abdul Razzaq,Umar Akmal,MG Johnson,1,0,"",""
ball,1,14.2,Pakistan,Umar Akmal,Abdul Razzaq,MG Johnson,6,0,"",""
ball,1,14.3,Pakistan,Umar Akmal,Abdul Razzaq,MG Johnson,4,0,"",""
ball,1,14.4,Pakistan,Umar Akmal,Abdul Razzaq,MG Johnson,2,0,"",""
ball,1,14.5,Pakistan,Umar Akmal,Abdul Razzaq,MG Johnson,0,0,"",""
ball,1,14.6,Pakistan,Umar Akmal,Abdul Razzaq,MG Johnson,1,0,"",""
ball,1,15.1,Pakistan,Umar Akmal,Abdul Razzaq,SPD Smith,1,0,"",""
ball,1,15.2,Pakistan,Abdul Razzaq,Umar Akmal,SPD Smith,1,0,"",""
ball,1,15.3,Pakistan,Umar Akmal,Abdul Razzaq,SPD Smith,1,0,"",""
ball,1,15.4,Pakistan,Abdul Razzaq,Umar Akmal,SPD Smith,2,0,"",""
ball,1,15.5,Pakistan,Abdul Razzaq,Umar Akmal,SPD Smith,1,0,"",""
ball,1,15.6,Pakistan,Umar Akmal,Abdul Razzaq,SPD Smith,4,0,"",""
ball,1,16.1,Pakistan,Abdul Razzaq,Umar Akmal,SW Tait,0,0,bowled,Abdul Razzaq
ball,1,16.2,Pakistan,Mohammad Amir,Umar Akmal,SW Tait,0,0,"",""
ball,1,16.3,Pakistan,Mohammad Amir,Umar Akmal,SW Tait,0,0,"",""
ball,1,16.4,Pakistan,Mohammad Amir,Umar Akmal,SW Tait,1,0,"",""
ball,1,16.5,Pakistan,Umar Akmal,Mohammad Amir,SW Tait,0,5,"",""
ball,1,16.6,Pakistan,Umar Akmal,Mohammad Amir,SW Tait,1,0,"",""
ball,1,16.7,Pakistan,Mohammad Amir,Umar Akmal,SW Tait,1,0,"",""
ball,1,17.1,Pakistan,Mohammad Amir,Umar Akmal,DJ Hussey,2,0,"",""
ball,1,17.2,Pakistan,Mohammad Amir,Umar Akmal,DJ Hussey,2,0,"",""
ball,1,17.3,Pakistan,Mohammad Amir,Umar Akmal,DJ Hussey,0,0,"",""
ball,1,17.4,Pakistan,Mohammad Amir,Umar Akmal,DJ Hussey,1,0,"",""
ball,1,17.5,Pakistan,Umar Akmal,Mohammad Amir,DJ Hussey,1,0,"",""
ball,1,17.6,Pakistan,Mohammad Amir,Umar Akmal,DJ Hussey,0,0,"",""
ball,1,18.1,Pakistan,Umar Akmal,Mohammad Amir,SW Tait,1,0,"",""
ball,1,18.2,Pakistan,Mohammad Amir,Umar Akmal,SW Tait,1,0,"",""
ball,1,18.3,Pakistan,Umar Akmal,Mohammad Amir,SW Tait,0,0,bowled,Umar Akmal
ball,1,18.4,Pakistan,Umar Gul,Mohammad Amir,SW Tait,0,1,"",""
ball,1,18.5,Pakistan,Umar Gul,Mohammad Amir,SW Tait,1,0,"",""
ball,1,18.6,Pakistan,Mohammad Amir,Umar Gul,SW Tait,1,0,"",""
ball,1,18.7,Pakistan,Umar Gul,Mohammad Amir,SW Tait,1,0,"",""
ball,1,19.1,Pakistan,Umar Gul,Mohammad Amir,DP Nannes,1,0,"",""
ball,1,19.2,Pakistan,Mohammad Amir,Umar Gul,DP Nannes,1,0,"",""
ball,1,19.3,Pakistan,Umar Gul,Mohammad Amir,DP Nannes,6,0,"",""
ball,1,19.4,Pakistan,Umar Gul,Mohammad Amir,DP Nannes,0,0,"",""
ball,1,19.5,Pakistan,Umar Gul,Mohammad Amir,DP Nannes,1,0,"",""
ball,1,19.6,Pakistan,Mohammad Amir,Umar Gul,DP Nannes,1,0,run out,Umar Gul
ball,2,0.1,Australia,DA Warner,SR Watson,Mohammad Amir,0,0,"",""
ball,2,0.2,Australia,DA Warner,SR Watson,Mohammad Amir,0,0,"",""
ball,2,0.3,Australia,DA Warner,SR Watson,Mohammad Amir,0,0,"",""
ball,2,0.4,Australia,DA Warner,SR Watson,Mohammad Amir,1,0,"",""
ball,2,0.5,Australia,SR Watson,DA Warner,Mohammad Amir,0,1,"",""
ball,2,0.6,Australia,SR Watson,DA Warner,Mohammad Amir,0,0,"",""
ball,2,0.7,Australia,SR Watson,DA Warner,Mohammad Amir,0,0,lbw,SR Watson
ball,2,1.1,Australia,DA Warner,MJ Clarke,Shoaib Akhtar,4,0,"",""
ball,2,1.2,Australia,DA Warner,MJ Clarke,Shoaib Akhtar,4,0,"",""
ball,2,1.3,Australia,DA Warner,MJ Clarke,Shoaib Akhtar,4,0,"",""
ball,2,1.4,Australia,DA Warner,MJ Clarke,Shoaib Akhtar,4,0,"",""
ball,2,1.5,Australia,DA Warner,MJ Clarke,Shoaib Akhtar,4,0,"",""
ball,2,1.6,Australia,DA Warner,MJ Clarke,Shoaib Akhtar,0,0,"",""
ball,2,2.1,Australia,MJ Clarke,DA Warner,Mohammad Amir,1,0,"",""
ball,2,2.2,Australia,DA Warner,MJ Clarke,Mohammad Amir,1,0,"",""
ball,2,2.3,Australia,MJ Clarke,DA Warner,Mohammad Amir,0,0,"",""
ball,2,2.4,Australia,MJ Clarke,DA Warner,Mohammad Amir,1,0,"",""
ball,2,2.5,Australia,DA Warner,MJ Clarke,Mohammad Amir,1,0,"",""
ball,2,2.6,Australia,MJ Clarke,DA Warner,Mohammad Amir,1,0,"",""
ball,2,3.1,Australia,MJ Clarke,DA Warner,Abdul Razzaq,2,0,"",""
ball,2,3.2,Australia,MJ Clarke,DA Warner,Abdul Razzaq,0,0,caught,MJ Clarke
ball,2,3.3,Australia,DJ Hussey,DA Warner,Abdul Razzaq,0,0,"",""
ball,2,3.4,Australia,DJ Hussey,DA Warner,Abdul Razzaq,0,0,"",""
ball,2,3.5,Australia,DJ Hussey,DA Warner,Abdul Razzaq,0,0,"",""
ball,2,3.6,Australia,DJ Hussey,DA Warner,Abdul Razzaq,1,0,"",""
ball,2,4.1,Australia,DJ Hussey,DA Warner,Shoaib Akhtar,4,0,"",""
ball,2,4.2,Australia,DJ Hussey,DA Warner,Shoaib Akhtar,0,0,"",""
ball,2,4.3,Australia,DJ Hussey,DA Warner,Shoaib Akhtar,0,0,"",""
ball,2,4.4,Australia,DJ Hussey,DA Warner,Shoaib Akhtar,2,0,"",""
ball,2,4.5,Australia,DJ Hussey,DA Warner,Shoaib Akhtar,4,0,"",""
ball,2,4.6,Australia,DJ Hussey,DA Warner,Shoaib Akhtar,4,0,"",""
ball,2,5.1,Australia,DA Warner,DJ Hussey,Abdul Razzaq,1,0,"",""
ball,2,5.2,Australia,DJ Hussey,DA Warner,Abdul Razzaq,4,0,"",""
ball,2,5.3,Australia,DJ Hussey,DA Warner,Abdul Razzaq,0,0,"",""
ball,2,5.4,Australia,DJ Hussey,DA Warner,Abdul Razzaq,0,0,"",""
ball,2,5.5,Australia,DJ Hussey,DA Warner,Abdul Razzaq,6,0,"",""
ball,2,5.6,Australia,DJ Hussey,DA Warner,Abdul Razzaq,1,0,"",""
ball,2,6.1,Australia,DJ Hussey,DA Warner,Shahid Afridi,1,0,"",""
ball,2,6.2,Australia,DA Warner,DJ Hussey,Shahid Afridi,0,0,"",""
ball,2,6.3,Australia,DA Warner,DJ Hussey,Shahid Afridi,0,0,"",""
ball,2,6.4,Australia,DA Warner,DJ Hussey,Shahid Afridi,0,0,"",""
ball,2,6.5,Australia,DA Warner,DJ Hussey,Shahid Afridi,1,0,"",""
ball,2,6.6,Australia,DJ Hussey,DA Warner,Shahid Afridi,0,0,"",""
ball,2,7.1,Australia,DA Warner,DJ Hussey,Umar Gul,1,0,"",""
ball,2,7.2,Australia,DJ Hussey,DA Warner,Umar Gul,0,0,"",""
ball,2,7.3,Australia,DJ Hussey,DA Warner,Umar Gul,1,0,"",""
ball,2,7.4,Australia,DA Warner,DJ Hussey,Umar Gul,2,0,"",""
ball,2,7.5,Australia,DA Warner,DJ Hussey,Umar Gul,1,0,"",""
ball,2,7.6,Australia,DJ Hussey,DA Warner,Umar Gul,0,0,"",""
ball,2,8.1,Australia,DA Warner,DJ Hussey,Shahid Afridi,0,1,"",""
ball,2,8.2,Australia,DA Warner,DJ Hussey,Shahid Afridi,0,0,"",""
ball,2,8.3,Australia,DA Warner,DJ Hussey,Shahid Afridi,2,0,"",""
ball,2,8.4,Australia,DA Warner,DJ Hussey,Shahid Afridi,1,0,"",""
ball,2,8.5,Australia,DJ Hussey,DA Warner,Shahid Afridi,0,0,"",""
ball,2,8.6,Australia,DJ Hussey,DA Warner,Shahid Afridi,1,0,"",""
ball,2,8.7,Australia,DA Warner,DJ Hussey,Shahid Afridi,4,0,"",""
ball,2,9.1,Australia,DJ Hussey,DA Warner,Umar Gul,1,0,"",""
ball,2,9.2,Australia,DA Warner,DJ Hussey,Umar Gul,1,0,"",""
ball,2,9.3,Australia,DJ Hussey,DA Warner,Umar Gul,0,0,"",""
ball,2,9.4,Australia,DJ Hussey,DA Warner,Umar Gul,1,0,"",""
ball,2,9.5,Australia,DA Warner,DJ Hussey,Umar Gul,0,0,"",""
ball,2,9.6,Australia,DA Warner,DJ Hussey,Umar Gul,2,0,"",""
ball,2,10.1,Australia,DJ Hussey,DA Warner,Shahid Afridi,1,0,"",""
ball,2,10.2,Australia,DA Warner,DJ Hussey,Shahid Afridi,1,0,"",""
ball,2,10.3,Australia,DJ Hussey,DA Warner,Shahid Afridi,2,0,"",""
ball,2,10.4,Australia,DJ Hussey,DA Warner,Shahid Afridi,0,0,caught,DJ Hussey
ball,2,10.5,Australia,DA Warner,CL White,Shahid Afridi,0,0,"",""
ball,2,10.6,Australia,DA Warner,CL White,Shahid Afridi,1,1,"",""
ball,2,10.7,Australia,CL White,DA Warner,Shahid Afridi,1,0,"",""
ball,2,11.1,Australia,CL White,DA Warner,Saeed Ajmal,1,0,"",""
ball,2,11.2,Australia,DA Warner,CL White,Saeed Ajmal,0,0,bowled,DA Warner
ball,2,11.3,Australia,MEK Hussey,CL White,Saeed Ajmal,1,0,"",""
ball,2,11.4,Australia,CL White,MEK Hussey,Saeed Ajmal,0,0,"",""
ball,2,11.5,Australia,CL White,MEK Hussey,Saeed Ajmal,1,0,"",""
ball,2,11.6,Australia,MEK Hussey,CL White,Saeed Ajmal,0,0,"",""
ball,2,12.1,Australia,CL White,MEK Hussey,Shahid Afridi,1,0,"",""
ball,2,12.2,Australia,MEK Hussey,CL White,Shahid Afridi,4,0,"",""
ball,2,12.3,Australia,MEK Hussey,CL White,Shahid Afridi,1,0,"",""
ball,2,12.4,Australia,CL White,MEK Hussey,Shahid Afridi,0,0,"",""
ball,2,12.5,Australia,CL White,MEK Hussey,Shahid Afridi,1,0,"",""
ball,2,12.6,Australia,MEK Hussey,CL White,Shahid Afridi,1,0,"",""
ball,2,13.1,Australia,MEK Hussey,CL White,Saeed Ajmal,1,0,"",""
ball,2,13.2,Australia,CL White,MEK Hussey,Saeed Ajmal,0,0,"",""
ball,2,13.3,Australia,CL White,MEK Hussey,Saeed Ajmal,2,0,"",""
ball,2,13.4,Australia,CL White,MEK Hussey,Saeed Ajmal,0,0,"",""
ball,2,13.5,Australia,CL White,MEK Hussey,Saeed Ajmal,4,0,"",""
ball,2,13.6,Australia,CL White,MEK Hussey,Saeed Ajmal,6,0,"",""
ball,2,14.1,Australia,MEK Hussey,CL White,Mohammad Amir,0,1,"",""
ball,2,14.2,Australia,CL White,MEK Hussey,Mohammad Amir,0,0,caught,CL White
ball,2,14.3,Australia,MEK Hussey,SPD Smith,Mohammad Amir,4,0,"",""
ball,2,14.4,Australia,MEK Hussey,SPD Smith,Mohammad Amir,0,0,"",""
ball,2,14.5,Australia,MEK Hussey,SPD Smith,Mohammad Amir,1,0,"",""
ball,2,14.6,Australia,SPD Smith,MEK Hussey,Mohammad Amir,4,0,"",""
ball,2,15.1,Australia,MEK Hussey,SPD Smith,Saeed Ajmal,0,0,"",""
ball,2,15.2,Australia,MEK Hussey,SPD Smith,Saeed Ajmal,0,1,"",""
ball,2,15.3,Australia,SPD Smith,MEK Hussey,Saeed Ajmal,0,0,"",""
ball,2,15.4,Australia,SPD Smith,MEK Hussey,Saeed Ajmal,2,0,"",""
ball,2,15.5,Australia,SPD Smith,MEK Hussey,Saeed Ajmal,0,0,"",""
ball,2,15.6,Australia,SPD Smith,MEK Hussey,Saeed Ajmal,1,0,"",""
ball,2,16.1,Australia,SPD Smith,MEK Hussey,Mohammad Amir,4,0,"",""
ball,2,16.2,Australia,SPD Smith,MEK Hussey,Mohammad Amir,1,0,"",""
ball,2,16.3,Australia,MEK Hussey,SPD Smith,Mohammad Amir,4,0,"",""
ball,2,16.4,Australia,MEK Hussey,SPD Smith,Mohammad Amir,1,0,"",""
ball,2,16.5,Australia,SPD Smith,MEK Hussey,Mohammad Amir,0,0,bowled,SPD Smith
ball,2,16.6,Australia,TD Paine,MEK Hussey,Mohammad Amir,1,0,"",""
ball,2,17.1,Australia,TD Paine,MEK Hussey,Umar Gul,0,1,"",""
ball,2,17.2,Australia,MEK Hussey,TD Paine,Umar Gul,0,0,bowled,MEK Hussey
ball,2,17.3,Australia,MG Johnson,TD Paine,Umar Gul,2,0,"",""
ball,2,17.4,Australia,MG Johnson,TD Paine,Umar Gul,1,0,"",""
ball,2,17.5,Australia,TD Paine,MG Johnson,Umar Gul,0,0,"",""
ball,2,17.6,Australia,TD Paine,MG Johnson,Umar Gul,0,0,bowled,TD Paine
ball,2,18.1,Australia,MG Johnson,DP Nannes,Saeed Ajmal,0,1,"",""
ball,2,18.2,Australia,MG Johnson,DP Nannes,Saeed Ajmal,0,0,stumped,MG Johnson
ball,2,18.3,Australia,SW Tait,DP Nannes,Saeed Ajmal,0,0,"",""
ball,2,18.4,Australia,SW Tait,DP Nannes,Saeed Ajmal,6,0,"",""
ball,2,18.5,Australia,SW Tait,DP Nannes,Saeed Ajmal,0,0,stumped,SW Tait
