version,1.3.0
info,team,India
info,team,Sri Lanka
info,gender,male
info,season,2009/10
info,date,2009/12/12
info,series,Sri Lanka in India T20I Series
info,match_number,2
info,venue,"Punjab Cricket Association Stadium, Mohali"
info,city,Chandigarh
info,toss_winner,Sri Lanka
info,toss_decision,bat
info,player_of_match,Yuvraj Singh
info,umpire,SS Hazare
info,umpire,SK Tarapore
info,reserve_umpire,SN Bandekar
info,tv_umpire,S Asnani
info,match_referee,JJ Crowe
info,winner,India
info,winner_wickets,6
ball,1,0.1,Sri Lanka,TM Dilshan,ST Jayasuriya,A Nehra,1,0,"",""
ball,1,0.2,Sri Lanka,ST Jayasuriya,TM Dilshan,A Nehra,4,0,"",""
ball,1,0.3,Sri Lanka,ST Jayasuriya,TM Dilshan,A Nehra,0,1,"",""
ball,1,0.4,Sri Lanka,ST Jayasuriya,TM Dilshan,A Nehra,0,0,"",""
ball,1,0.5,Sri Lanka,ST Jayasuriya,TM Dilshan,A Nehra,4,0,"",""
ball,1,0.6,Sri Lanka,ST Jayasuriya,TM Dilshan,A Nehra,0,0,"",""
ball,1,0.7,Sri Lanka,ST Jayasuriya,TM Dilshan,A Nehra,0,0,"",""
ball,1,1.1,Sri Lanka,TM Dilshan,ST Jayasuriya,I Sharma,0,0,"",""
ball,1,1.2,Sri Lanka,TM Dilshan,ST Jayasuriya,I Sharma,0,0,bowled,TM Dilshan
ball,1,1.3,Sri Lanka,KC Sangakkara,ST Jayasuriya,I Sharma,4,0,"",""
ball,1,1.4,Sri Lanka,KC Sangakkara,ST Jayasuriya,I Sharma,1,0,"",""
ball,1,1.5,Sri Lanka,ST Jayasuriya,KC Sangakkara,I Sharma,0,1,"",""
ball,1,1.6,Sri Lanka,ST Jayasuriya,KC Sangakkara,I Sharma,0,0,"",""
ball,1,1.7,Sri Lanka,ST Jayasuriya,KC Sangakkara,I Sharma,2,0,"",""
ball,1,2.1,Sri Lanka,KC Sangakkara,ST Jayasuriya,S Tyagi,0,0,"",""
ball,1,2.2,Sri Lanka,KC Sangakkara,ST Jayasuriya,S Tyagi,0,1,"",""
ball,1,2.3,Sri Lanka,KC Sangakkara,ST Jayasuriya,S Tyagi,0,0,"",""
ball,1,2.4,Sri Lanka,KC Sangakkara,ST Jayasuriya,S Tyagi,0,0,"",""
ball,1,2.5,Sri Lanka,KC Sangakkara,ST Jayasuriya,S Tyagi,6,0,"",""
ball,1,2.6,Sri Lanka,KC Sangakkara,ST Jayasuriya,S Tyagi,4,0,"",""
ball,1,2.7,Sri Lanka,KC Sangakkara,ST Jayasuriya,S Tyagi,0,0,"",""
ball,1,3.1,Sri Lanka,ST Jayasuriya,KC Sangakkara,I Sharma,0,0,"",""
ball,1,3.2,Sri Lanka,ST Jayasuriya,KC Sangakkara,I Sharma,1,0,"",""
ball,1,3.3,Sri Lanka,KC Sangakkara,ST Jayasuriya,I Sharma,4,0,"",""
ball,1,3.4,Sri Lanka,KC Sangakkara,ST Jayasuriya,I Sharma,4,0,"",""
ball,1,3.5,Sri Lanka,KC Sangakkara,ST Jayasuriya,I Sharma,4,0,"",""
ball,1,3.6,Sri Lanka,KC Sangakkara,ST Jayasuriya,I Sharma,0,1,"",""
ball,1,3.7,Sri Lanka,KC Sangakkara,ST Jayasuriya,I Sharma,0,0,"",""
ball,1,4.1,Sri Lanka,ST Jayasuriya,KC Sangakkara,A Nehra,0,0,"",""
ball,1,4.2,Sri Lanka,ST Jayasuriya,KC Sangakkara,A Nehra,4,0,"",""
ball,1,4.3,Sri Lanka,ST Jayasuriya,KC Sangakkara,A Nehra,4,0,"",""
ball,1,4.4,Sri Lanka,ST Jayasuriya,KC Sangakkara,A Nehra,6,0,"",""
ball,1,4.5,Sri Lanka,ST Jayasuriya,KC Sangakkara,A Nehra,4,0,"",""
ball,1,4.6,Sri Lanka,ST Jayasuriya,KC Sangakkara,A Nehra,0,0,"",""
ball,1,5.1,Sri Lanka,KC Sangakkara,ST Jayasuriya,YK Pathan,0,0,"",""
ball,1,5.2,Sri Lanka,KC Sangakkara,ST Jayasuriya,YK Pathan,1,0,"",""
ball,1,5.3,Sri Lanka,ST Jayasuriya,KC Sangakkara,YK Pathan,0,1,"",""
ball,1,5.4,Sri Lanka,ST Jayasuriya,KC Sangakkara,YK Pathan,0,0,"",""
ball,1,5.5,Sri Lanka,ST Jayasuriya,KC Sangakkara,YK Pathan,0,1,"",""
ball,1,5.6,Sri Lanka,KC Sangakkara,ST Jayasuriya,YK Pathan,0,5,"",""
ball,1,5.7,Sri Lanka,KC Sangakkara,ST Jayasuriya,YK Pathan,0,0,"",""
ball,1,5.8,Sri Lanka,KC Sangakkara,ST Jayasuriya,YK Pathan,4,0,"",""
ball,1,6.1,Sri Lanka,ST Jayasuriya,KC Sangakkara,SK Raina,0,1,"",""
ball,1,6.2,Sri Lanka,ST Jayasuriya,KC Sangakkara,SK Raina,0,2,"",""
ball,1,6.3,Sri Lanka,KC Sangakkara,ST Jayasuriya,SK Raina,2,0,"",""
ball,1,6.4,Sri Lanka,KC Sangakkara,ST Jayasuriya,SK Raina,0,0,"",""
ball,1,6.5,Sri Lanka,KC Sangakkara,ST Jayasuriya,SK Raina,1,0,"",""
ball,1,6.6,Sri Lanka,ST Jayasuriya,KC Sangakkara,SK Raina,1,0,"",""
ball,1,6.7,Sri Lanka,KC Sangakkara,ST Jayasuriya,SK Raina,0,1,"",""
ball,1,6.8,Sri Lanka,KC Sangakkara,ST Jayasuriya,SK Raina,1,0,"",""
ball,1,6.9,Sri Lanka,ST Jayasuriya,KC Sangakkara,SK Raina,1,0,"",""
ball,1,7.1,Sri Lanka,ST Jayasuriya,KC Sangakkara,YK Pathan,0,1,"",""
ball,1,7.2,Sri Lanka,KC Sangakkara,ST Jayasuriya,YK Pathan,2,0,"",""
ball,1,7.3,Sri Lanka,KC Sangakkara,ST Jayasuriya,YK Pathan,4,0,"",""
ball,1,7.4,Sri Lanka,KC Sangakkara,ST Jayasuriya,YK Pathan,1,0,"",""
ball,1,7.5,Sri Lanka,ST Jayasuriya,KC Sangakkara,YK Pathan,0,0,lbw,ST Jayasuriya
ball,1,7.6,Sri Lanka,CU Jayasinghe,KC Sangakkara,YK Pathan,1,0,"",""
ball,1,8.1,Sri Lanka,CU Jayasinghe,KC Sangakkara,RA Jadeja,1,0,"",""
ball,1,8.2,Sri Lanka,KC Sangakkara,CU Jayasinghe,RA Jadeja,1,0,"",""
ball,1,8.3,Sri Lanka,CU Jayasinghe,KC Sangakkara,RA Jadeja,1,0,"",""
ball,1,8.4,Sri Lanka,KC Sangakkara,CU Jayasinghe,RA Jadeja,1,0,"",""
ball,1,8.5,Sri Lanka,CU Jayasinghe,KC Sangakkara,RA Jadeja,0,0,"",""
ball,1,8.6,Sri Lanka,CU Jayasinghe,KC Sangakkara,RA Jadeja,1,0,"",""
ball,1,9.1,Sri Lanka,CU Jayasinghe,KC Sangakkara,S Tyagi,2,0,"",""
ball,1,9.2,Sri Lanka,CU Jayasinghe,KC Sangakkara,S Tyagi,1,0,"",""
ball,1,9.3,Sri Lanka,KC Sangakkara,CU Jayasinghe,S Tyagi,1,0,"",""
ball,1,9.4,Sri Lanka,CU Jayasinghe,KC Sangakkara,S Tyagi,4,0,"",""
ball,1,9.5,Sri Lanka,CU Jayasinghe,KC Sangakkara,S Tyagi,2,0,"",""
ball,1,9.6,Sri Lanka,CU Jayasinghe,KC Sangakkara,S Tyagi,0,0,"",""
ball,1,10.1,Sri Lanka,KC Sangakkara,CU Jayasinghe,Yuvraj Singh,1,0,"",""
ball,1,10.2,Sri Lanka,CU Jayasinghe,KC Sangakkara,Yuvraj Singh,1,0,"",""
ball,1,10.3,Sri Lanka,KC Sangakkara,CU Jayasinghe,Yuvraj Singh,2,0,"",""
ball,1,10.4,Sri Lanka,KC Sangakkara,CU Jayasinghe,Yuvraj Singh,6,0,"",""
ball,1,10.5,Sri Lanka,KC Sangakkara,CU Jayasinghe,Yuvraj Singh,4,0,"",""
ball,1,10.6,Sri Lanka,KC Sangakkara,CU Jayasinghe,Yuvraj Singh,0,0,caught,KC Sangakkara
ball,1,11.1,Sri Lanka,DPMD Jayawardene,CU Jayasinghe,RA Jadeja,4,0,"",""
ball,1,11.2,Sri Lanka,DPMD Jayawardene,CU Jayasinghe,RA Jadeja,1,0,"",""
ball,1,11.3,Sri Lanka,CU Jayasinghe,DPMD Jayawardene,RA Jadeja,0,0,"",""
ball,1,11.4,Sri Lanka,CU Jayasinghe,DPMD Jayawardene,RA Jadeja,2,0,"",""
ball,1,11.5,Sri Lanka,CU Jayasinghe,DPMD Jayawardene,RA Jadeja,0,0,"",""
ball,1,11.6,Sri Lanka,CU Jayasinghe,DPMD Jayawardene,RA Jadeja,4,0,"",""
ball,1,12.1,Sri Lanka,DPMD Jayawardene,CU Jayasinghe,I Sharma,0,1,"",""
ball,1,12.2,Sri Lanka,DPMD Jayawardene,CU Jayasinghe,I Sharma,0,0,"",""
ball,1,12.3,Sri Lanka,DPMD Jayawardene,CU Jayasinghe,I Sharma,1,0,"",""
ball,1,12.4,Sri Lanka,CU Jayasinghe,DPMD Jayawardene,I Sharma,0,1,"",""
ball,1,12.5,Sri Lanka,DPMD Jayawardene,CU Jayasinghe,I Sharma,6,0,"",""
ball,1,12.6,Sri Lanka,DPMD Jayawardene,CU Jayasinghe,I Sharma,0,0,caught,DPMD Jayawardene
ball,1,12.7,Sri Lanka,CU Jayasinghe,CK Kapugedera,I Sharma,0,1,"",""
ball,1,13.1,Sri Lanka,CU Jayasinghe,CK Kapugedera,RA Jadeja,6,0,"",""
ball,1,13.2,Sri Lanka,CU Jayasinghe,CK Kapugedera,RA Jadeja,0,0,"",""
ball,1,13.3,Sri Lanka,CU Jayasinghe,CK Kapugedera,RA Jadeja,0,1,"",""
ball,1,13.4,Sri Lanka,CK Kapugedera,CU Jayasinghe,RA Jadeja,0,0,"",""
ball,1,13.5,Sri Lanka,CK Kapugedera,CU Jayasinghe,RA Jadeja,1,0,"",""
ball,1,13.6,Sri Lanka,CU Jayasinghe,CK Kapugedera,RA Jadeja,2,0,"",""
ball,1,14.1,Sri Lanka,CK Kapugedera,CU Jayasinghe,Yuvraj Singh,1,0,"",""
ball,1,14.2,Sri Lanka,CU Jayasinghe,CK Kapugedera,Yuvraj Singh,1,0,"",""
ball,1,14.3,Sri Lanka,CK Kapugedera,CU Jayasinghe,Yuvraj Singh,0,1,"",""
ball,1,14.4,Sri Lanka,CK Kapugedera,CU Jayasinghe,Yuvraj Singh,0,0,caught,CK Kapugedera
ball,1,14.5,Sri Lanka,CU Jayasinghe,K Weeraratne,Yuvraj Singh,1,0,"",""
ball,1,14.6,Sri Lanka,K Weeraratne,CU Jayasinghe,Yuvraj Singh,0,0,"",""
ball,1,14.7,Sri Lanka,K Weeraratne,CU Jayasinghe,Yuvraj Singh,1,0,"",""
ball,1,15.1,Sri Lanka,K Weeraratne,CU Jayasinghe,YK Pathan,1,0,"",""
ball,1,15.2,Sri Lanka,CU Jayasinghe,K Weeraratne,YK Pathan,2,0,"",""
ball,1,15.3,Sri Lanka,CU Jayasinghe,K Weeraratne,YK Pathan,4,0,"",""
ball,1,15.4,Sri Lanka,CU Jayasinghe,K Weeraratne,YK Pathan,1,0,"",""
ball,1,15.5,Sri Lanka,K Weeraratne,CU Jayasinghe,YK Pathan,1,0,"",""
ball,1,15.6,Sri Lanka,CU Jayasinghe,K Weeraratne,YK Pathan,1,0,"",""
ball,1,16.1,Sri Lanka,CU Jayasinghe,K Weeraratne,Yuvraj Singh,0,0,caught,CU Jayasinghe
ball,1,16.2,Sri Lanka,AD Mathews,K Weeraratne,Yuvraj Singh,0,0,run out,K Weeraratne
ball,1,16.3,Sri Lanka,KMDN Kulasekara,AD Mathews,Yuvraj Singh,1,0,"",""
ball,1,16.4,Sri Lanka,AD Mathews,KMDN Kulasekara,Yuvraj Singh,1,0,"",""
ball,1,16.5,Sri Lanka,KMDN Kulasekara,AD Mathews,Yuvraj Singh,0,0,"",""
ball,1,16.6,Sri Lanka,KMDN Kulasekara,AD Mathews,Yuvraj Singh,2,0,"",""
ball,1,17.1,Sri Lanka,AD Mathews,KMDN Kulasekara,RA Jadeja,0,1,"",""
ball,1,17.2,Sri Lanka,KMDN Kulasekara,AD Mathews,RA Jadeja,1,0,"",""
ball,1,17.3,Sri Lanka,AD Mathews,KMDN Kulasekara,RA Jadeja,0,1,"",""
ball,1,17.4,Sri Lanka,KMDN Kulasekara,AD Mathews,RA Jadeja,2,0,"",""
ball,1,17.5,Sri Lanka,KMDN Kulasekara,AD Mathews,RA Jadeja,1,0,"",""
ball,1,17.6,Sri Lanka,AD Mathews,KMDN Kulasekara,RA Jadeja,1,0,"",""
ball,1,18.1,Sri Lanka,AD Mathews,KMDN Kulasekara,I Sharma,2,0,"",""
ball,1,18.2,Sri Lanka,AD Mathews,KMDN Kulasekara,I Sharma,6,0,"",""
ball,1,18.3,Sri Lanka,AD Mathews,KMDN Kulasekara,I Sharma,1,0,"",""
ball,1,18.4,Sri Lanka,KMDN Kulasekara,AD Mathews,I Sharma,0,0,"",""
ball,1,18.5,Sri Lanka,KMDN Kulasekara,AD Mathews,I Sharma,1,0,"",""
ball,1,18.6,Sri Lanka,AD Mathews,KMDN Kulasekara,I Sharma,2,0,"",""
ball,1,19.1,Sri Lanka,KMDN Kulasekara,AD Mathews,A Nehra,1,0,"",""
ball,1,19.2,Sri Lanka,AD Mathews,KMDN Kulasekara,A Nehra,1,0,"",""
ball,1,19.3,Sri Lanka,KMDN Kulasekara,AD Mathews,A Nehra,0,1,"",""
ball,1,19.4,Sri Lanka,KMDN Kulasekara,AD Mathews,A Nehra,1,0,"",""
ball,1,19.5,Sri Lanka,AD Mathews,KMDN Kulasekara,A Nehra,4,0,"",""
ball,1,19.6,Sri Lanka,AD Mathews,KMDN Kulasekara,A Nehra,2,0,"",""
ball,1,19.7,Sri Lanka,AD Mathews,KMDN Kulasekara,A Nehra,6,0,"",""
ball,2,0.1,India,G Gambhir,V Sehwag,K Weeraratne,0,0,"",""
ball,2,0.2,India,G Gambhir,V Sehwag,K Weeraratne,1,0,"",""
ball,2,0.3,India,V Sehwag,G Gambhir,K Weeraratne,1,0,"",""
ball,2,0.4,India,G Gambhir,V Sehwag,K Weeraratne,1,0,"",""
ball,2,0.5,India,V Sehwag,G Gambhir,K Weeraratne,0,0,"",""
ball,2,0.6,India,V Sehwag,G Gambhir,K Weeraratne,6,0,"",""
ball,2,1.1,India,G Gambhir,V Sehwag,KMDN Kulasekara,0,0,"",""
ball,2,1.2,India,G Gambhir,V Sehwag,KMDN Kulasekara,4,0,"",""
ball,2,1.3,India,G Gambhir,V Sehwag,KMDN Kulasekara,0,0,"",""
ball,2,1.4,India,G Gambhir,V Sehwag,KMDN Kulasekara,1,0,"",""
ball,2,1.5,India,V Sehwag,G Gambhir,KMDN Kulasekara,1,0,"",""
ball,2,1.6,India,G Gambhir,V Sehwag,KMDN Kulasekara,1,0,"",""
ball,2,2.1,India,G Gambhir,V Sehwag,K Weeraratne,2,0,"",""
ball,2,2.2,India,G Gambhir,V Sehwag,K Weeraratne,0,0,"",""
ball,2,2.3,India,G Gambhir,V Sehwag,K Weeraratne,1,0,"",""
ball,2,2.4,India,V Sehwag,G Gambhir,K Weeraratne,0,1,"",""
ball,2,2.5,India,V Sehwag,G Gambhir,K Weeraratne,6,0,"",""
ball,2,2.6,India,V Sehwag,G Gambhir,K Weeraratne,2,0,"",""
ball,2,2.7,India,V Sehwag,G Gambhir,K Weeraratne,1,0,"",""
ball,2,3.1,India,V Sehwag,G Gambhir,KMDN Kulasekara,1,0,"",""
ball,2,3.2,India,G Gambhir,V Sehwag,KMDN Kulasekara,2,0,"",""
ball,2,3.3,India,G Gambhir,V Sehwag,KMDN Kulasekara,1,0,"",""
ball,2,3.4,India,V Sehwag,G Gambhir,KMDN Kulasekara,0,0,"",""
ball,2,3.5,India,V Sehwag,G Gambhir,KMDN Kulasekara,4,0,"",""
ball,2,3.6,India,V Sehwag,G Gambhir,KMDN Kulasekara,1,0,"",""
ball,2,4.1,India,V Sehwag,G Gambhir,SL Malinga,0,0,"",""
ball,2,4.2,India,V Sehwag,G Gambhir,SL Malinga,0,1,"",""
ball,2,4.3,India,V Sehwag,G Gambhir,SL Malinga,1,0,"",""
ball,2,4.4,India,G Gambhir,V Sehwag,SL Malinga,1,0,"",""
ball,2,4.5,India,V Sehwag,G Gambhir,SL Malinga,4,0,"",""
ball,2,4.6,India,V Sehwag,G Gambhir,SL Malinga,0,0,"",""
ball,2,4.7,India,V Sehwag,G Gambhir,SL Malinga,0,1,"",""
ball,2,4.8,India,V Sehwag,G Gambhir,SL Malinga,1,0,"",""
ball,2,5.1,India,V Sehwag,G Gambhir,KMDN Kulasekara,4,0,"",""
ball,2,5.2,India,V Sehwag,G Gambhir,KMDN Kulasekara,1,0,"",""
ball,2,5.3,India,G Gambhir,V Sehwag,KMDN Kulasekara,2,0,"",""
ball,2,5.4,India,G Gambhir,V Sehwag,KMDN Kulasekara,2,0,"",""
ball,2,5.5,India,G Gambhir,V Sehwag,KMDN Kulasekara,0,0,"",""
ball,2,5.6,India,G Gambhir,V Sehwag,KMDN Kulasekara,2,0,run out,G Gambhir
ball,2,6.1,India,V Sehwag,MS Dhoni,CRD Fernando,0,1,"",""
ball,2,6.2,India,MS Dhoni,V Sehwag,CRD Fernando,0,0,"",""
ball,2,6.3,India,MS Dhoni,V Sehwag,CRD Fernando,1,0,"",""
ball,2,6.4,India,V Sehwag,MS Dhoni,CRD Fernando,2,0,"",""
ball,2,6.5,India,V Sehwag,MS Dhoni,CRD Fernando,4,0,"",""
ball,2,6.6,India,V Sehwag,MS Dhoni,CRD Fernando,0,0,"",""
ball,2,7.1,India,MS Dhoni,V Sehwag,AD Mathews,4,0,"",""
ball,2,7.2,India,MS Dhoni,V Sehwag,AD Mathews,6,0,"",""
ball,2,7.3,India,MS Dhoni,V Sehwag,AD Mathews,0,0,"",""
ball,2,7.4,India,MS Dhoni,V Sehwag,AD Mathews,1,0,"",""
ball,2,7.5,India,V Sehwag,MS Dhoni,AD Mathews,4,0,"",""
ball,2,7.6,India,V Sehwag,MS Dhoni,AD Mathews,1,0,"",""
ball,2,8.1,India,V Sehwag,MS Dhoni,CRD Fernando,2,0,"",""
ball,2,8.2,India,V Sehwag,MS Dhoni,CRD Fernando,0,0,"",""
ball,2,8.3,India,V Sehwag,MS Dhoni,CRD Fernando,4,0,"",""
ball,2,8.4,India,V Sehwag,MS Dhoni,CRD Fernando,1,0,"",""
ball,2,8.5,India,MS Dhoni,V Sehwag,CRD Fernando,0,0,"",""
ball,2,8.6,India,MS Dhoni,V Sehwag,CRD Fernando,1,0,"",""
ball,2,9.1,India,MS Dhoni,V Sehwag,AD Mathews,1,0,"",""
ball,2,9.2,India,V Sehwag,MS Dhoni,AD Mathews,6,0,"",""
ball,2,9.3,India,V Sehwag,MS Dhoni,AD Mathews,0,0,"",""
ball,2,9.4,India,V Sehwag,MS Dhoni,AD Mathews,4,0,"",""
ball,2,9.5,India,V Sehwag,MS Dhoni,AD Mathews,1,0,"",""
ball,2,9.6,India,MS Dhoni,V Sehwag,AD Mathews,2,0,"",""
ball,2,10.1,India,V Sehwag,MS Dhoni,SL Malinga,0,1,"",""
ball,2,10.2,India,MS Dhoni,V Sehwag,SL Malinga,1,0,"",""
ball,2,10.3,India,V Sehwag,MS Dhoni,SL Malinga,0,0,"",""
ball,2,10.4,India,V Sehwag,MS Dhoni,SL Malinga,1,0,"",""
ball,2,10.5,India,MS Dhoni,V Sehwag,SL Malinga,1,0,"",""
ball,2,10.6,India,V Sehwag,MS Dhoni,SL Malinga,0,0,caught,V Sehwag
ball,2,11.1,India,Yuvraj Singh,MS Dhoni,AD Mathews,1,0,"",""
ball,2,11.2,India,MS Dhoni,Yuvraj Singh,AD Mathews,2,0,"",""
ball,2,11.3,India,MS Dhoni,Yuvraj Singh,AD Mathews,6,0,"",""
ball,2,11.4,India,MS Dhoni,Yuvraj Singh,AD Mathews,1,0,"",""
ball,2,11.5,India,Yuvraj Singh,MS Dhoni,AD Mathews,2,0,"",""
ball,2,11.6,India,Yuvraj Singh,MS Dhoni,AD Mathews,1,0,"",""
ball,2,12.1,India,Yuvraj Singh,MS Dhoni,K Weeraratne,2,0,"",""
ball,2,12.2,India,Yuvraj Singh,MS Dhoni,K Weeraratne,4,0,"",""
ball,2,12.3,India,Yuvraj Singh,MS Dhoni,K Weeraratne,6,0,"",""
ball,2,12.4,India,Yuvraj Singh,MS Dhoni,K Weeraratne,1,0,"",""
ball,2,12.5,India,MS Dhoni,Yuvraj Singh,K Weeraratne,1,0,"",""
ball,2,12.6,India,Yuvraj Singh,MS Dhoni,K Weeraratne,0,1,"",""
ball,2,12.7,India,Yuvraj Singh,MS Dhoni,K Weeraratne,6,0,"",""
ball,2,13.1,India,MS Dhoni,Yuvraj Singh,SL Malinga,2,0,"",""
ball,2,13.2,India,MS Dhoni,Yuvraj Singh,SL Malinga,1,0,"",""
ball,2,13.3,India,Yuvraj Singh,MS Dhoni,SL Malinga,1,0,"",""
ball,2,13.4,India,MS Dhoni,Yuvraj Singh,SL Malinga,4,0,"",""
ball,2,13.5,India,MS Dhoni,Yuvraj Singh,SL Malinga,1,0,"",""
ball,2,13.6,India,Yuvraj Singh,MS Dhoni,SL Malinga,0,0,"",""
ball,2,14.1,India,MS Dhoni,Yuvraj Singh,CRD Fernando,0,0,"",""
ball,2,14.2,India,MS Dhoni,Yuvraj Singh,CRD Fernando,1,0,"",""
ball,2,14.3,India,Yuvraj Singh,MS Dhoni,CRD Fernando,1,0,"",""
ball,2,14.4,India,MS Dhoni,Yuvraj Singh,CRD Fernando,4,0,"",""
ball,2,14.5,India,MS Dhoni,Yuvraj Singh,CRD Fernando,1,0,"",""
ball,2,14.6,India,Yuvraj Singh,MS Dhoni,CRD Fernando,1,0,"",""
ball,2,15.1,India,Yuvraj Singh,MS Dhoni,KMDN Kulasekara,0,1,"",""
ball,2,15.2,India,Yuvraj Singh,MS Dhoni,KMDN Kulasekara,6,0,"",""
ball,2,15.3,India,Yuvraj Singh,MS Dhoni,KMDN Kulasekara,2,0,"",""
ball,2,15.4,India,Yuvraj Singh,MS Dhoni,KMDN Kulasekara,6,0,"",""
ball,2,15.5,India,Yuvraj Singh,MS Dhoni,KMDN Kulasekara,4,0,"",""
ball,2,15.6,India,Yuvraj Singh,MS Dhoni,KMDN Kulasekara,0,0,"",""
ball,2,15.7,India,Yuvraj Singh,MS Dhoni,KMDN Kulasekara,4,0,"",""
ball,2,16.1,India,MS Dhoni,Yuvraj Singh,CRD Fernando,1,0,"",""
ball,2,16.2,India,Yuvraj Singh,MS Dhoni,CRD Fernando,1,0,"",""
ball,2,16.3,India,MS Dhoni,Yuvraj Singh,CRD Fernando,1,0,"",""
ball,2,16.4,India,Yuvraj Singh,MS Dhoni,CRD Fernando,1,0,"",""
ball,2,16.5,India,MS Dhoni,Yuvraj Singh,CRD Fernando,2,0,"",""
ball,2,16.6,India,MS Dhoni,Yuvraj Singh,CRD Fernando,0,0,bowled,MS Dhoni
ball,2,17.1,India,Yuvraj Singh,SK Raina,SL Malinga,1,0,"",""
ball,2,17.2,India,SK Raina,Yuvraj Singh,SL Malinga,4,0,"",""
ball,2,17.3,India,SK Raina,Yuvraj Singh,SL Malinga,1,0,"",""
ball,2,17.4,India,Yuvraj Singh,SK Raina,SL Malinga,1,0,"",""
ball,2,17.5,India,SK Raina,Yuvraj Singh,SL Malinga,0,0,"",""
ball,2,17.6,India,SK Raina,Yuvraj Singh,SL Malinga,0,0,"",""
ball,2,18.1,India,Yuvraj Singh,SK Raina,TM Dilshan,1,0,"",""
ball,2,18.2,India,SK Raina,Yuvraj Singh,TM Dilshan,4,0,"",""
ball,2,18.3,India,SK Raina,Yuvraj Singh,TM Dilshan,0,0,"",""
ball,2,18.4,India,SK Raina,Yuvraj Singh,TM Dilshan,0,0,run out,SK Raina
ball,2,18.5,India,Yuvraj Singh,KD Karthik,TM Dilshan,1,0,"",""
ball,2,18.6,India,KD Karthik,Yuvraj Singh,TM Dilshan,4,0,"",""
ball,2,19.1,India,Yuvraj Singh,KD Karthik,AD Mathews,6,0,"",""
