version,1.3.0
info,team,West Indies
info,team,South Africa
info,gender,male
info,season,2010
info,date,2010/05/19
info,series,South Africa in West Indies T20I Series
info,match_number,1
info,venue,"Sir Vivian Richards Stadium, North Sound"
info,city,Antigua
info,toss_winner,West Indies
info,toss_decision,field
info,player_of_match,R McLaren
info,umpire,CR Duncan
info,umpire,NA Malcolm
info,reserve_umpire,GE Greaves
info,tv_umpire,CE Mack
info,match_referee,RS Mahanama
info,winner,South Africa
info,winner_runs,13
ball,1,0.1,South Africa,GC Smith,LE Bosman,KAJ Roach,0,0,"",""
ball,1,0.2,South Africa,GC Smith,LE Bosman,KAJ Roach,1,0,"",""
ball,1,0.3,South Africa,LE Bosman,GC Smith,KAJ Roach,0,5,"",""
ball,1,0.4,South Africa,LE Bosman,GC Smith,KAJ Roach,2,0,"",""
ball,1,0.5,South Africa,LE Bosman,GC Smith,KAJ Roach,0,0,"",""
ball,1,0.6,South Africa,LE Bosman,GC Smith,KAJ Roach,2,0,"",""
ball,1,0.7,South Africa,LE Bosman,GC Smith,KAJ Roach,0,0,"",""
ball,1,1.1,South Africa,GC Smith,LE Bosman,JE Taylor,0,0,"",""
ball,1,1.2,South Africa,GC Smith,LE Bosman,JE Taylor,0,0,"",""
ball,1,1.3,South Africa,GC Smith,LE Bosman,JE Taylor,0,0,"",""
ball,1,1.4,South Africa,GC Smith,LE Bosman,JE Taylor,0,0,"",""
ball,1,1.5,South Africa,GC Smith,LE Bosman,JE Taylor,0,0,"",""
ball,1,1.6,South Africa,GC Smith,LE Bosman,JE Taylor,2,0,"",""
ball,1,2.1,South Africa,LE Bosman,GC Smith,KAJ Roach,0,0,"",""
ball,1,2.2,South Africa,LE Bosman,GC Smith,KAJ Roach,2,0,"",""
ball,1,2.3,South Africa,LE Bosman,GC Smith,KAJ Roach,0,0,"",""
ball,1,2.4,South Africa,LE Bosman,GC Smith,KAJ Roach,0,0,"",""
ball,1,2.5,South Africa,LE Bosman,GC Smith,KAJ Roach,0,0,"",""
ball,1,2.6,South Africa,LE Bosman,GC Smith,KAJ Roach,1,0,"",""
ball,1,3.1,South Africa,LE Bosman,GC Smith,JE Taylor,0,0,caught,LE Bosman
ball,1,3.2,South Africa,JH Kallis,GC Smith,JE Taylor,0,1,"",""
ball,1,3.3,South Africa,GC Smith,JH Kallis,JE Taylor,1,0,"",""
ball,1,3.4,South Africa,JH Kallis,GC Smith,JE Taylor,0,0,"",""
ball,1,3.5,South Africa,JH Kallis,GC Smith,JE Taylor,0,0,"",""
ball,1,3.6,South Africa,JH Kallis,GC Smith,JE Taylor,0,0,"",""
ball,1,4.1,South Africa,GC Smith,JH Kallis,SJ Benn,1,0,"",""
ball,1,4.2,South Africa,JH Kallis,GC Smith,SJ Benn,0,0,"",""
ball,1,4.3,South Africa,JH Kallis,GC Smith,SJ Benn,1,0,"",""
ball,1,4.4,South Africa,GC Smith,JH Kallis,SJ Benn,0,0,"",""
ball,1,4.5,South Africa,GC Smith,JH Kallis,SJ Benn,1,0,"",""
ball,1,4.6,South Africa,JH Kallis,GC Smith,SJ Benn,0,0,"",""
ball,1,5.1,South Africa,GC Smith,JH Kallis,JE Taylor,0,0,"",""
ball,1,5.2,South Africa,GC Smith,JH Kallis,JE Taylor,4,0,"",""
ball,1,5.3,South Africa,GC Smith,JH Kallis,JE Taylor,4,0,"",""
ball,1,5.4,South Africa,GC Smith,JH Kallis,JE Taylor,1,0,"",""
ball,1,5.5,South Africa,JH Kallis,GC Smith,JE Taylor,0,0,"",""
ball,1,5.6,South Africa,JH Kallis,GC Smith,JE Taylor,4,0,"",""
ball,1,6.1,South Africa,GC Smith,JH Kallis,SJ Benn,1,0,"",""
ball,1,6.2,South Africa,JH Kallis,GC Smith,SJ Benn,2,0,"",""
ball,1,6.3,South Africa,JH Kallis,GC Smith,SJ Benn,0,0,"",""
ball,1,6.4,South Africa,JH Kallis,GC Smith,SJ Benn,2,0,"",""
ball,1,6.5,South Africa,JH Kallis,GC Smith,SJ Benn,0,0,"",""
ball,1,6.6,South Africa,JH Kallis,GC Smith,SJ Benn,1,0,"",""
ball,1,7.1,South Africa,JH Kallis,GC Smith,DJG Sammy,1,0,"",""
ball,1,7.2,South Africa,GC Smith,JH Kallis,DJG Sammy,1,0,"",""
ball,1,7.3,South Africa,JH Kallis,GC Smith,DJG Sammy,0,0,"",""
ball,1,7.4,South Africa,JH Kallis,GC Smith,DJG Sammy,1,0,"",""
ball,1,7.5,South Africa,GC Smith,JH Kallis,DJG Sammy,0,0,"",""
ball,1,7.6,South Africa,GC Smith,JH Kallis,DJG Sammy,4,0,"",""
ball,1,8.1,South Africa,JH Kallis,GC Smith,SJ Benn,2,0,"",""
ball,1,8.2,South Africa,JH Kallis,GC Smith,SJ Benn,0,0,"",""
ball,1,8.3,South Africa,JH Kallis,GC Smith,SJ Benn,6,0,"",""
ball,1,8.4,South Africa,JH Kallis,GC Smith,SJ Benn,1,0,"",""
ball,1,8.5,South Africa,GC Smith,JH Kallis,SJ Benn,1,0,"",""
ball,1,8.6,South Africa,JH Kallis,GC Smith,SJ Benn,1,0,"",""
ball,1,9.1,South Africa,JH Kallis,GC Smith,DJG Sammy,1,0,"",""
ball,1,9.2,South Africa,GC Smith,JH Kallis,DJG Sammy,1,0,"",""
ball,1,9.3,South Africa,JH Kallis,GC Smith,DJG Sammy,0,0,"",""
ball,1,9.4,South Africa,JH Kallis,GC Smith,DJG Sammy,0,0,"",""
ball,1,9.5,South Africa,JH Kallis,GC Smith,DJG Sammy,1,0,"",""
ball,1,9.6,South Africa,GC Smith,JH Kallis,DJG Sammy,1,0,"",""
ball,1,10.1,South Africa,GC Smith,JH Kallis,DJ Bravo,2,0,"",""
ball,1,10.2,South Africa,GC Smith,JH Kallis,DJ Bravo,1,0,"",""
ball,1,10.3,South Africa,JH Kallis,GC Smith,DJ Bravo,6,0,"",""
ball,1,10.4,South Africa,JH Kallis,GC Smith,DJ Bravo,3,0,"",""
ball,1,10.5,South Africa,GC Smith,JH Kallis,DJ Bravo,0,1,"",""
ball,1,10.6,South Africa,JH Kallis,GC Smith,DJ Bravo,0,1,"",""
ball,1,10.7,South Africa,JH Kallis,GC Smith,DJ Bravo,1,0,"",""
ball,1,11.1,South Africa,JH Kallis,GC Smith,CH Gayle,1,0,"",""
ball,1,11.2,South Africa,GC Smith,JH Kallis,CH Gayle,6,0,"",""
ball,1,11.3,South Africa,GC Smith,JH Kallis,CH Gayle,2,0,"",""
ball,1,11.4,South Africa,GC Smith,JH Kallis,CH Gayle,1,0,"",""
ball,1,11.5,South Africa,JH Kallis,GC Smith,CH Gayle,1,0,"",""
ball,1,11.6,South Africa,GC Smith,JH Kallis,CH Gayle,1,0,"",""
ball,1,12.1,South Africa,GC Smith,JH Kallis,NO Miller,0,0,stumped,GC Smith
ball,1,12.2,South Africa,AB de Villiers,JH Kallis,NO Miller,0,0,"",""
ball,1,12.3,South Africa,AB de Villiers,JH Kallis,NO Miller,0,0,"",""
ball,1,12.4,South Africa,AB de Villiers,JH Kallis,NO Miller,1,0,"",""
ball,1,12.5,South Africa,JH Kallis,AB de Villiers,NO Miller,1,0,"",""
ball,1,12.6,South Africa,AB de Villiers,JH Kallis,NO Miller,0,0,"",""
ball,1,13.1,South Africa,JH Kallis,AB de Villiers,KA Pollard,1,0,"",""
ball,1,13.2,South Africa,AB de Villiers,JH Kallis,KA Pollard,1,0,"",""
ball,1,13.3,South Africa,JH Kallis,AB de Villiers,KA Pollard,1,0,"",""
ball,1,13.4,South Africa,AB de Villiers,JH Kallis,KA Pollard,0,1,"",""
ball,1,13.5,South Africa,AB de Villiers,JH Kallis,KA Pollard,1,0,"",""
ball,1,13.6,South Africa,JH Kallis,AB de Villiers,KA Pollard,0,0,"",""
ball,1,13.7,South Africa,JH Kallis,AB de Villiers,KA Pollard,1,0,"",""
ball,1,14.1,South Africa,JH Kallis,AB de Villiers,NO Miller,0,0,"",""
ball,1,14.2,South Africa,JH Kallis,AB de Villiers,NO Miller,1,0,"",""
ball,1,14.3,South Africa,AB de Villiers,JH Kallis,NO Miller,1,0,"",""
ball,1,14.4,South Africa,JH Kallis,AB de Villiers,NO Miller,6,0,"",""
ball,1,14.5,South Africa,JH Kallis,AB de Villiers,NO Miller,2,0,"",""
ball,1,14.6,South Africa,JH Kallis,AB de Villiers,NO Miller,1,0,"",""
ball,1,15.1,South Africa,JH Kallis,AB de Villiers,KA Pollard,0,0,"",""
ball,1,15.2,South Africa,JH Kallis,AB de Villiers,KA Pollard,2,0,"",""
ball,1,15.3,South Africa,JH Kallis,AB de Villiers,KA Pollard,1,0,"",""
ball,1,15.4,South Africa,AB de Villiers,JH Kallis,KA Pollard,1,0,"",""
ball,1,15.5,South Africa,JH Kallis,AB de Villiers,KA Pollard,0,0,caught,JH Kallis
ball,1,15.6,South Africa,AB de Villiers,JP Duminy,KA Pollard,0,1,"",""
ball,1,15.7,South Africa,AB de Villiers,JP Duminy,KA Pollard,2,0,"",""
ball,1,16.1,South Africa,JP Duminy,AB de Villiers,KAJ Roach,0,1,"",""
ball,1,16.2,South Africa,JP Duminy,AB de Villiers,KAJ Roach,0,0,bowled,JP Duminy
ball,1,16.3,South Africa,J Botha,AB de Villiers,KAJ Roach,0,0,"",""
ball,1,16.4,South Africa,J Botha,AB de Villiers,KAJ Roach,0,0,caught,J Botha
ball,1,16.5,South Africa,AB de Villiers,AN Petersen,KAJ Roach,1,0,"",""
ball,1,16.6,South Africa,AN Petersen,AB de Villiers,KAJ Roach,0,1,"",""
ball,1,16.7,South Africa,AB de Villiers,AN Petersen,KAJ Roach,2,0,"",""
ball,1,17.1,South Africa,AN Petersen,AB de Villiers,KA Pollard,0,0,"",""
ball,1,17.2,South Africa,AN Petersen,AB de Villiers,KA Pollard,1,0,"",""
ball,1,17.3,South Africa,AB de Villiers,AN Petersen,KA Pollard,1,0,"",""
ball,1,17.4,South Africa,AN Petersen,AB de Villiers,KA Pollard,1,0,"",""
ball,1,17.5,South Africa,AB de Villiers,AN Petersen,KA Pollard,0,0,"",""
ball,1,17.6,South Africa,AB de Villiers,AN Petersen,KA Pollard,0,0,caught,AB de Villiers
ball,1,18.1,South Africa,R McLaren,AN Petersen,KAJ Roach,1,0,"",""
ball,1,18.2,South Africa,AN Petersen,R McLaren,KAJ Roach,0,0,"",""
ball,1,18.3,South Africa,AN Petersen,R McLaren,KAJ Roach,4,0,"",""
ball,1,18.4,South Africa,AN Petersen,R McLaren,KAJ Roach,0,0,run out,AN Petersen
ball,1,18.5,South Africa,RE van der Merwe,R McLaren,KAJ Roach,1,0,"",""
ball,1,18.6,South Africa,R McLaren,RE van der Merwe,KAJ Roach,2,0,"",""
ball,1,19.1,South Africa,RE van der Merwe,R McLaren,KA Pollard,1,0,"",""
ball,1,19.2,South Africa,R McLaren,RE van der Merwe,KA Pollard,0,0,"",""
ball,1,19.3,South Africa,R McLaren,RE van der Merwe,KA Pollard,0,0,"",""
ball,1,19.4,South Africa,R McLaren,RE van der Merwe,KA Pollard,2,0,"",""
ball,1,19.5,South Africa,R McLaren,RE van der Merwe,KA Pollard,1,0,"",""
ball,1,19.6,South Africa,RE van der Merwe,R McLaren,KA Pollard,2,0,"",""
ball,2,0.1,West Indies,CH Gayle,ADS Fletcher,RE van der Merwe,0,0,"",""
ball,2,0.2,West Indies,CH Gayle,ADS Fletcher,RE van der Merwe,2,0,"",""
ball,2,0.3,West Indies,CH Gayle,ADS Fletcher,RE van der Merwe,0,1,"",""
ball,2,0.4,West Indies,CH Gayle,ADS Fletcher,RE van der Merwe,0,0,"",""
ball,2,0.5,West Indies,CH Gayle,ADS Fletcher,RE van der Merwe,4,0,"",""
ball,2,0.6,West Indies,CH Gayle,ADS Fletcher,RE van der Merwe,4,0,"",""
ball,2,0.7,West Indies,CH Gayle,ADS Fletcher,RE van der Merwe,1,0,"",""
ball,2,1.1,West Indies,CH Gayle,ADS Fletcher,DW Steyn,0,0,"",""
ball,2,1.2,West Indies,CH Gayle,ADS Fletcher,DW Steyn,0,0,"",""
ball,2,1.3,West Indies,CH Gayle,ADS Fletcher,DW Steyn,0,0,"",""
ball,2,1.4,West Indies,CH Gayle,ADS Fletcher,DW Steyn,2,0,"",""
ball,2,1.5,West Indies,CH Gayle,ADS Fletcher,DW Steyn,0,0,"",""
ball,2,1.6,West Indies,CH Gayle,ADS Fletcher,DW Steyn,0,0,"",""
ball,2,2.1,West Indies,ADS Fletcher,CH Gayle,R McLaren,0,0,"",""
ball,2,2.2,West Indies,ADS Fletcher,CH Gayle,R McLaren,0,0,"",""
ball,2,2.3,West Indies,ADS Fletcher,CH Gayle,R McLaren,0,0,caught,ADS Fletcher
ball,2,2.4,West Indies,DJ Bravo,CH Gayle,R McLaren,0,0,"",""
ball,2,2.5,West Indies,DJ Bravo,CH Gayle,R McLaren,1,0,"",""
ball,2,2.6,West Indies,CH Gayle,DJ Bravo,R McLaren,0,0,"",""
ball,2,3.1,West Indies,DJ Bravo,CH Gayle,CK Langeveldt,0,0,"",""
ball,2,3.2,West Indies,DJ Bravo,CH Gayle,CK Langeveldt,0,0,"",""
ball,2,3.3,West Indies,DJ Bravo,CH Gayle,CK Langeveldt,4,0,"",""
ball,2,3.4,West Indies,DJ Bravo,CH Gayle,CK Langeveldt,4,0,"",""
ball,2,3.5,West Indies,DJ Bravo,CH Gayle,CK Langeveldt,1,0,"",""
ball,2,3.6,West Indies,CH Gayle,DJ Bravo,CK Langeveldt,0,0,"",""
ball,2,4.1,West Indies,DJ Bravo,CH Gayle,DW Steyn,2,0,"",""
ball,2,4.2,West Indies,DJ Bravo,CH Gayle,DW Steyn,0,0,"",""
ball,2,4.3,West Indies,DJ Bravo,CH Gayle,DW Steyn,1,0,"",""
ball,2,4.4,West Indies,CH Gayle,DJ Bravo,DW Steyn,1,0,"",""
ball,2,4.5,West Indies,DJ Bravo,CH Gayle,DW Steyn,0,0,"",""
ball,2,4.6,West Indies,DJ Bravo,CH Gayle,DW Steyn,0,0,"",""
ball,2,5.1,West Indies,CH Gayle,DJ Bravo,R McLaren,0,0,caught,CH Gayle
ball,2,5.2,West Indies,RR Sarwan,DJ Bravo,R McLaren,0,0,"",""
ball,2,5.3,West Indies,RR Sarwan,DJ Bravo,R McLaren,0,0,"",""
ball,2,5.4,West Indies,RR Sarwan,DJ Bravo,R McLaren,0,1,"",""
ball,2,5.5,West Indies,RR Sarwan,DJ Bravo,R McLaren,0,0,"",""
ball,2,5.6,West Indies,RR Sarwan,DJ Bravo,R McLaren,1,0,"",""
ball,2,5.7,West Indies,DJ Bravo,RR Sarwan,R McLaren,1,0,"",""
ball,2,6.1,West Indies,DJ Bravo,RR Sarwan,JH Kallis,1,0,"",""
ball,2,6.2,West Indies,RR Sarwan,DJ Bravo,JH Kallis,0,0,"",""
ball,2,6.3,West Indies,RR Sarwan,DJ Bravo,JH Kallis,1,0,"",""
ball,2,6.4,West Indies,DJ Bravo,RR Sarwan,JH Kallis,1,0,"",""
ball,2,6.5,West Indies,RR Sarwan,DJ Bravo,JH Kallis,0,0,"",""
ball,2,6.6,West Indies,RR Sarwan,DJ Bravo,JH Kallis,1,0,"",""
ball,2,7.1,West Indies,RR Sarwan,DJ Bravo,J Botha,1,0,"",""
ball,2,7.2,West Indies,DJ Bravo,RR Sarwan,J Botha,0,0,"",""
ball,2,7.3,West Indies,DJ Bravo,RR Sarwan,J Botha,0,0,"",""
ball,2,7.4,West Indies,DJ Bravo,RR Sarwan,J Botha,1,0,"",""
ball,2,7.5,West Indies,RR Sarwan,DJ Bravo,J Botha,1,0,"",""
ball,2,7.6,West Indies,DJ Bravo,RR Sarwan,J Botha,0,0,"",""
ball,2,8.1,West Indies,RR Sarwan,DJ Bravo,JH Kallis,4,0,"",""
ball,2,8.2,West Indies,RR Sarwan,DJ Bravo,JH Kallis,0,0,"",""
ball,2,8.3,West Indies,RR Sarwan,DJ Bravo,JH Kallis,1,0,"",""
ball,2,8.4,West Indies,DJ Bravo,RR Sarwan,JH Kallis,1,0,"",""
ball,2,8.5,West Indies,RR Sarwan,DJ Bravo,JH Kallis,1,0,"",""
ball,2,8.6,West Indies,DJ Bravo,RR Sarwan,JH Kallis,2,0,"",""
ball,2,9.1,West Indies,RR Sarwan,DJ Bravo,J Botha,0,0,"",""
ball,2,9.2,West Indies,RR Sarwan,DJ Bravo,J Botha,1,0,"",""
ball,2,9.3,West Indies,DJ Bravo,RR Sarwan,J Botha,0,0,caught,DJ Bravo
ball,2,9.4,West Indies,RR Sarwan,N Deonarine,J Botha,0,0,"",""
ball,2,9.5,West Indies,RR Sarwan,N Deonarine,J Botha,1,0,"",""
ball,2,9.6,West Indies,N Deonarine,RR Sarwan,J Botha,0,1,stumped,N Deonarine
ball,2,9.7,West Indies,KA Pollard,RR Sarwan,J Botha,1,0,"",""
ball,2,10.1,West Indies,KA Pollard,RR Sarwan,RE van der Merwe,0,0,"",""
ball,2,10.2,West Indies,KA Pollard,RR Sarwan,RE van der Merwe,1,0,"",""
ball,2,10.3,West Indies,RR Sarwan,KA Pollard,RE van der Merwe,0,0,"",""
ball,2,10.4,West Indies,RR Sarwan,KA Pollard,RE van der Merwe,0,0,caught,RR Sarwan
ball,2,10.5,West Indies,DJG Sammy,KA Pollard,RE van der Merwe,1,0,"",""
ball,2,10.6,West Indies,KA Pollard,DJG Sammy,RE van der Merwe,2,0,"",""
ball,2,11.1,West Indies,DJG Sammy,KA Pollard,J Botha,0,0,"",""
ball,2,11.2,West Indies,DJG Sammy,KA Pollard,J Botha,1,0,"",""
ball,2,11.3,West Indies,KA Pollard,DJG Sammy,J Botha,1,0,"",""
ball,2,11.4,West Indies,DJG Sammy,KA Pollard,J Botha,0,0,"",""
ball,2,11.5,West Indies,DJG Sammy,KA Pollard,J Botha,0,0,"",""
ball,2,11.6,West Indies,DJG Sammy,KA Pollard,J Botha,0,0,"",""
ball,2,12.1,West Indies,KA Pollard,DJG Sammy,RE van der Merwe,0,1,"",""
ball,2,12.2,West Indies,DJG Sammy,KA Pollard,RE van der Merwe,0,0,"",""
ball,2,12.3,West Indies,DJG Sammy,KA Pollard,RE van der Merwe,0,0,"",""
ball,2,12.4,West Indies,DJG Sammy,KA Pollard,RE van der Merwe,0,0,"",""
ball,2,12.5,West Indies,DJG Sammy,KA Pollard,RE van der Merwe,0,0,"",""
ball,2,12.6,West Indies,DJG Sammy,KA Pollard,RE van der Merwe,1,0,"",""
ball,2,13.1,West Indies,DJG Sammy,KA Pollard,J Botha,1,0,"",""
ball,2,13.2,West Indies,KA Pollard,DJG Sammy,J Botha,1,0,"",""
ball,2,13.3,West Indies,DJG Sammy,KA Pollard,J Botha,1,0,"",""
ball,2,13.4,West Indies,KA Pollard,DJG Sammy,J Botha,2,0,"",""
ball,2,13.5,West Indies,KA Pollard,DJG Sammy,J Botha,1,0,"",""
ball,2,13.6,West Indies,DJG Sammy,KA Pollard,J Botha,4,0,"",""
ball,2,14.1,West Indies,KA Pollard,DJG Sammy,CK Langeveldt,0,0,"",""
ball,2,14.2,West Indies,KA Pollard,DJG Sammy,CK Langeveldt,0,0,"",""
ball,2,14.3,West Indies,KA Pollard,DJG Sammy,CK Langeveldt,4,0,"",""
ball,2,14.4,West Indies,KA Pollard,DJG Sammy,CK Langeveldt,2,0,"",""
ball,2,14.5,West Indies,KA Pollard,DJG Sammy,CK Langeveldt,4,0,"",""
ball,2,14.6,West Indies,KA Pollard,DJG Sammy,CK Langeveldt,2,0,"",""
ball,2,15.1,West Indies,DJG Sammy,KA Pollard,R McLaren,0,0,"",""
ball,2,15.2,West Indies,DJG Sammy,KA Pollard,R McLaren,1,0,"",""
ball,2,15.3,West Indies,KA Pollard,DJG Sammy,R McLaren,6,0,"",""
ball,2,15.4,West Indies,KA Pollard,DJG Sammy,R McLaren,0,0,bowled,KA Pollard
ball,2,15.5,West Indies,NO Miller,DJG Sammy,R McLaren,0,0,"",""
ball,2,15.6,West Indies,NO Miller,DJG Sammy,R McLaren,2,0,"",""
ball,2,16.1,West Indies,DJG Sammy,NO Miller,DW Steyn,2,0,"",""
ball,2,16.2,West Indies,DJG Sammy,NO Miller,DW Steyn,0,1,"",""
ball,2,16.3,West Indies,DJG Sammy,NO Miller,DW Steyn,0,1,"",""
ball,2,16.4,West Indies,DJG Sammy,NO Miller,DW Steyn,0,0,"",""
ball,2,16.5,West Indies,DJG Sammy,NO Miller,DW Steyn,0,0,"",""
ball,2,16.6,West Indies,DJG Sammy,NO Miller,DW Steyn,0,1,"",""
ball,2,16.7,West Indies,DJG Sammy,NO Miller,DW Steyn,1,0,"",""
ball,2,16.8,West Indies,NO Miller,DJG Sammy,DW Steyn,1,0,"",""
ball,2,16.9,West Indies,DJG Sammy,NO Miller,DW Steyn,0,0,"",""
ball,2,17.1,West Indies,NO Miller,DJG Sammy,CK Langeveldt,0,0,"",""
ball,2,17.2,West Indies,NO Miller,DJG Sammy,CK Langeveldt,2,0,"",""
ball,2,17.3,West Indies,NO Miller,DJG Sammy,CK Langeveldt,0,0,caught,NO Miller
ball,2,17.4,West Indies,JE Taylor,DJG Sammy,CK Langeveldt,1,0,"",""
ball,2,17.5,West Indies,DJG Sammy,JE Taylor,CK Langeveldt,1,0,"",""
ball,2,17.6,West Indies,JE Taylor,DJG Sammy,CK Langeveldt,6,0,"",""
ball,2,18.1,West Indies,DJG Sammy,JE Taylor,DW Steyn,0,0,"",""
ball,2,18.2,West Indies,DJG Sammy,JE Taylor,DW Steyn,0,1,"",""
ball,2,18.3,West Indies,DJG Sammy,JE Taylor,DW Steyn,0,0,"",""
ball,2,18.4,West Indies,DJG Sammy,JE Taylor,DW Steyn,0,1,"",""
ball,2,18.5,West Indies,DJG Sammy,JE Taylor,DW Steyn,0,0,"",""
ball,2,18.6,West Indies,DJG Sammy,JE Taylor,DW Steyn,0,1,"",""
ball,2,18.7,West Indies,DJG Sammy,JE Taylor,DW Steyn,0,1,run out,JE Taylor
ball,2,18.8,West Indies,DJG Sammy,SJ Benn,DW Steyn,0,1,"",""
ball,2,18.9,West Indies,DJG Sammy,SJ Benn,DW Steyn,1,0,"",""
ball,2,18.1,West Indies,SJ Benn,DJG Sammy,DW Steyn,4,0,"",""
ball,2,18.11,West Indies,SJ Benn,DJG Sammy,DW Steyn,0,0,"",""
ball,2,19.1,West Indies,DJG Sammy,SJ Benn,R McLaren,2,0,"",""
ball,2,19.2,West Indies,DJG Sammy,SJ Benn,R McLaren,0,1,stumped,DJG Sammy
ball,2,19.3,West Indies,KAJ Roach,SJ Benn,R McLaren,2,0,"",""
ball,2,19.4,West Indies,KAJ Roach,SJ Benn,R McLaren,1,0,"",""
ball,2,19.5,West Indies,SJ Benn,KAJ Roach,R McLaren,0,0,"",""
ball,2,19.6,West Indies,SJ Benn,KAJ Roach,R McLaren,0,0,caught,SJ Benn
