version,1.3.0
info,team,South Africa
info,team,Zimbabwe
info,gender,male
info,season,2010/11
info,date,2010/10/08
info,series,Zimbabwe in South Africa T20I Series
info,match_number,1
info,venue,OUTsurance Oval
info,city,Bloemfontein
info,toss_winner,Zimbabwe
info,toss_decision,bat
info,player_of_match,GC Smith
info,umpire,JD Cloete
info,umpire,BG Jerling
info,reserve_umpire,BDA Westraadt
info,tv_umpire,S George
info,match_referee,RS Mahanama
info,winner,South Africa
info,winner_wickets,7
ball,1,0.1,Zimbabwe,H Masakadza,BRM Taylor,M Morkel,0,0,"",""
ball,1,0.2,Zimbabwe,H Masakadza,BRM Taylor,M Morkel,0,0,"",""
ball,1,0.3,Zimbabwe,H Masakadza,BRM Taylor,M Morkel,0,0,"",""
ball,1,0.4,Zimbabwe,H Masakadza,BRM Taylor,M Morkel,0,0,"",""
ball,1,0.5,Zimbabwe,H Masakadza,BRM Taylor,M Morkel,0,0,"",""
ball,1,0.6,Zimbabwe,H Masakadza,BRM Taylor,M Morkel,0,1,"",""
ball,1,0.7,Zimbabwe,H Masakadza,BRM Taylor,M Morkel,1,0,"",""
ball,1,1.1,Zimbabwe,H Masakadza,BRM Taylor,WD Parnell,0,0,"",""
ball,1,1.2,Zimbabwe,H Masakadza,BRM Taylor,WD Parnell,0,0,"",""
ball,1,1.3,Zimbabwe,H Masakadza,BRM Taylor,WD Parnell,0,0,"",""
ball,1,1.4,Zimbabwe,H Masakadza,BRM Taylor,WD Parnell,4,0,"",""
ball,1,1.5,Zimbabwe,H Masakadza,BRM Taylor,WD Parnell,1,0,"",""
ball,1,1.6,Zimbabwe,BRM Taylor,H Masakadza,WD Parnell,0,0,"",""
ball,1,2.1,Zimbabwe,H Masakadza,BRM Taylor,M Morkel,0,0,"",""
ball,1,2.2,Zimbabwe,H Masakadza,BRM Taylor,M Morkel,0,0,"",""
ball,1,2.3,Zimbabwe,H Masakadza,BRM Taylor,M Morkel,0,0,"",""
ball,1,2.4,Zimbabwe,H Masakadza,BRM Taylor,M Morkel,4,0,"",""
ball,1,2.5,Zimbabwe,H Masakadza,BRM Taylor,M Morkel,3,0,"",""
ball,1,2.6,Zimbabwe,BRM Taylor,H Masakadza,M Morkel,0,0,"",""
ball,1,3.1,Zimbabwe,H Masakadza,BRM Taylor,J Theron,4,0,"",""
ball,1,3.2,Zimbabwe,H Masakadza,BRM Taylor,J Theron,0,0,"",""
ball,1,3.3,Zimbabwe,H Masakadza,BRM Taylor,J Theron,0,0,"",""
ball,1,3.4,Zimbabwe,H Masakadza,BRM Taylor,J Theron,0,0,"",""
ball,1,3.5,Zimbabwe,H Masakadza,BRM Taylor,J Theron,1,0,"",""
ball,1,3.6,Zimbabwe,BRM Taylor,H Masakadza,J Theron,0,0,"",""
ball,1,4.1,Zimbabwe,H Masakadza,BRM Taylor,WD Parnell,0,0,"",""
ball,1,4.2,Zimbabwe,H Masakadza,BRM Taylor,WD Parnell,1,0,"",""
ball,1,4.3,Zimbabwe,BRM Taylor,H Masakadza,WD Parnell,0,0,"",""
ball,1,4.4,Zimbabwe,BRM Taylor,H Masakadza,WD Parnell,0,0,lbw,BRM Taylor
ball,1,4.5,Zimbabwe,CJ Chibhabha,H Masakadza,WD Parnell,2,0,"",""
ball,1,4.6,Zimbabwe,CJ Chibhabha,H Masakadza,WD Parnell,0,0,"",""
ball,1,5.1,Zimbabwe,H Masakadza,CJ Chibhabha,R McLaren,4,0,"",""
ball,1,5.2,Zimbabwe,H Masakadza,CJ Chibhabha,R McLaren,0,1,"",""
ball,1,5.3,Zimbabwe,H Masakadza,CJ Chibhabha,R McLaren,0,0,"",""
ball,1,5.4,Zimbabwe,H Masakadza,CJ Chibhabha,R McLaren,1,0,"",""
ball,1,5.5,Zimbabwe,CJ Chibhabha,H Masakadza,R McLaren,0,0,"",""
ball,1,5.6,Zimbabwe,CJ Chibhabha,H Masakadza,R McLaren,0,1,"",""
ball,1,5.7,Zimbabwe,H Masakadza,CJ Chibhabha,R McLaren,1,0,"",""
ball,1,6.1,Zimbabwe,H Masakadza,CJ Chibhabha,J Theron,1,0,"",""
ball,1,6.2,Zimbabwe,CJ Chibhabha,H Masakadza,J Theron,0,0,"",""
ball,1,6.3,Zimbabwe,CJ Chibhabha,H Masakadza,J Theron,1,0,"",""
ball,1,6.4,Zimbabwe,H Masakadza,CJ Chibhabha,J Theron,1,0,"",""
ball,1,6.5,Zimbabwe,CJ Chibhabha,H Masakadza,J Theron,2,0,"",""
ball,1,6.6,Zimbabwe,CJ Chibhabha,H Masakadza,J Theron,0,1,"",""
ball,1,7.1,Zimbabwe,CJ Chibhabha,H Masakadza,J Botha,1,0,"",""
ball,1,7.2,Zimbabwe,H Masakadza,CJ Chibhabha,J Botha,1,0,"",""
ball,1,7.3,Zimbabwe,CJ Chibhabha,H Masakadza,J Botha,2,0,"",""
ball,1,7.4,Zimbabwe,CJ Chibhabha,H Masakadza,J Botha,2,0,"",""
ball,1,7.5,Zimbabwe,CJ Chibhabha,H Masakadza,J Botha,1,0,"",""
ball,1,7.6,Zimbabwe,H Masakadza,CJ Chibhabha,J Botha,1,0,"",""
ball,1,8.1,Zimbabwe,H Masakadza,CJ Chibhabha,R McLaren,1,0,"",""
ball,1,8.2,Zimbabwe,CJ Chibhabha,H Masakadza,R McLaren,4,0,"",""
ball,1,8.3,Zimbabwe,CJ Chibhabha,H Masakadza,R McLaren,4,0,"",""
ball,1,8.4,Zimbabwe,CJ Chibhabha,H Masakadza,R McLaren,1,0,"",""
ball,1,8.5,Zimbabwe,H Masakadza,CJ Chibhabha,R McLaren,1,0,"",""
ball,1,8.6,Zimbabwe,CJ Chibhabha,H Masakadza,R McLaren,4,0,"",""
ball,1,9.1,Zimbabwe,H Masakadza,CJ Chibhabha,J Botha,1,0,"",""
ball,1,9.2,Zimbabwe,CJ Chibhabha,H Masakadza,J Botha,0,0,"",""
ball,1,9.3,Zimbabwe,CJ Chibhabha,H Masakadza,J Botha,0,1,"",""
ball,1,9.4,Zimbabwe,H Masakadza,CJ Chibhabha,J Botha,0,0,"",""
ball,1,9.5,Zimbabwe,H Masakadza,CJ Chibhabha,J Botha,0,0,"",""
ball,1,9.6,Zimbabwe,H Masakadza,CJ Chibhabha,J Botha,2,0,"",""
ball,1,10.1,Zimbabwe,CJ Chibhabha,H Masakadza,JP Duminy,4,0,"",""
ball,1,10.2,Zimbabwe,CJ Chibhabha,H Masakadza,JP Duminy,4,0,"",""
ball,1,10.3,Zimbabwe,CJ Chibhabha,H Masakadza,JP Duminy,1,0,"",""
ball,1,10.4,Zimbabwe,H Masakadza,CJ Chibhabha,JP Duminy,0,0,"",""
ball,1,10.5,Zimbabwe,H Masakadza,CJ Chibhabha,JP Duminy,0,0,"",""
ball,1,10.6,Zimbabwe,H Masakadza,CJ Chibhabha,JP Duminy,2,0,"",""
ball,1,11.1,Zimbabwe,CJ Chibhabha,H Masakadza,J Botha,1,0,"",""
ball,1,11.2,Zimbabwe,H Masakadza,CJ Chibhabha,J Botha,1,0,"",""
ball,1,11.3,Zimbabwe,CJ Chibhabha,H Masakadza,J Botha,6,0,"",""
ball,1,11.4,Zimbabwe,CJ Chibhabha,H Masakadza,J Botha,0,0,"",""
ball,1,11.5,Zimbabwe,CJ Chibhabha,H Masakadza,J Botha,0,0,"",""
ball,1,11.6,Zimbabwe,CJ Chibhabha,H Masakadza,J Botha,1,0,"",""
ball,1,12.1,Zimbabwe,CJ Chibhabha,H Masakadza,JP Duminy,0,1,"",""
ball,1,12.2,Zimbabwe,H Masakadza,CJ Chibhabha,JP Duminy,1,0,"",""
ball,1,12.3,Zimbabwe,CJ Chibhabha,H Masakadza,JP Duminy,6,0,"",""
ball,1,12.4,Zimbabwe,CJ Chibhabha,H Masakadza,JP Duminy,4,0,"",""
ball,1,12.5,Zimbabwe,CJ Chibhabha,H Masakadza,JP Duminy,0,0,"",""
ball,1,12.6,Zimbabwe,CJ Chibhabha,H Masakadza,JP Duminy,1,0,"",""
ball,1,13.1,Zimbabwe,CJ Chibhabha,H Masakadza,WD Parnell,0,0,caught,CJ Chibhabha
ball,1,13.2,Zimbabwe,H Masakadza,E Chigumbura,WD Parnell,1,0,"",""
ball,1,13.3,Zimbabwe,E Chigumbura,H Masakadza,WD Parnell,1,0,"",""
ball,1,13.4,Zimbabwe,H Masakadza,E Chigumbura,WD Parnell,1,0,"",""
ball,1,13.5,Zimbabwe,E Chigumbura,H Masakadza,WD Parnell,0,0,"",""
ball,1,13.6,Zimbabwe,E Chigumbura,H Masakadza,WD Parnell,1,0,"",""
ball,1,14.1,Zimbabwe,E Chigumbura,H Masakadza,J Botha,4,0,"",""
ball,1,14.2,Zimbabwe,E Chigumbura,H Masakadza,J Botha,1,0,"",""
ball,1,14.3,Zimbabwe,H Masakadza,E Chigumbura,J Botha,0,0,"",""
ball,1,14.4,Zimbabwe,H Masakadza,E Chigumbura,J Botha,4,0,"",""
ball,1,14.5,Zimbabwe,H Masakadza,E Chigumbura,J Botha,0,0,"",""
ball,1,14.6,Zimbabwe,H Masakadza,E Chigumbura,J Botha,1,0,"",""
ball,1,15.1,Zimbabwe,H Masakadza,E Chigumbura,R McLaren,0,0,"",""
ball,1,15.2,Zimbabwe,H Masakadza,E Chigumbura,R McLaren,0,0,"",""
ball,1,15.3,Zimbabwe,H Masakadza,E Chigumbura,R McLaren,0,0,"",""
ball,1,15.4,Zimbabwe,H Masakadza,E Chigumbura,R McLaren,1,0,"",""
ball,1,15.5,Zimbabwe,E Chigumbura,H Masakadza,R McLaren,1,0,"",""
ball,1,15.6,Zimbabwe,H Masakadza,E Chigumbura,R McLaren,1,0,"",""
ball,1,16.1,Zimbabwe,H Masakadza,E Chigumbura,J Theron,1,0,"",""
ball,1,16.2,Zimbabwe,E Chigumbura,H Masakadza,J Theron,2,0,"",""
ball,1,16.3,Zimbabwe,E Chigumbura,H Masakadza,J Theron,0,1,"",""
ball,1,16.4,Zimbabwe,E Chigumbura,H Masakadza,J Theron,0,0,bowled,E Chigumbura
ball,1,16.5,Zimbabwe,CK Coventry,H Masakadza,J Theron,0,0,"",""
ball,1,16.6,Zimbabwe,CK Coventry,H Masakadza,J Theron,6,0,"",""
ball,1,16.7,Zimbabwe,CK Coventry,H Masakadza,J Theron,1,0,"",""
ball,1,17.1,Zimbabwe,CK Coventry,H Masakadza,WD Parnell,0,1,"",""
ball,1,17.2,Zimbabwe,H Masakadza,CK Coventry,WD Parnell,4,0,"",""
ball,1,17.3,Zimbabwe,H Masakadza,CK Coventry,WD Parnell,2,0,"",""
ball,1,17.4,Zimbabwe,H Masakadza,CK Coventry,WD Parnell,4,0,"",""
ball,1,17.5,Zimbabwe,H Masakadza,CK Coventry,WD Parnell,6,0,"",""
ball,1,17.6,Zimbabwe,H Masakadza,CK Coventry,WD Parnell,1,0,"",""
ball,1,18.1,Zimbabwe,H Masakadza,CK Coventry,J Theron,0,0,"",""
ball,1,18.2,Zimbabwe,H Masakadza,CK Coventry,J Theron,6,0,"",""
ball,1,18.3,Zimbabwe,H Masakadza,CK Coventry,J Theron,0,0,"",""
ball,1,18.4,Zimbabwe,H Masakadza,CK Coventry,J Theron,1,0,"",""
ball,1,18.5,Zimbabwe,CK Coventry,H Masakadza,J Theron,1,0,run out,H Masakadza
ball,1,18.6,Zimbabwe,CK Coventry,KM Dabengwa,J Theron,4,0,"",""
ball,1,19.1,Zimbabwe,KM Dabengwa,CK Coventry,R McLaren,0,0,"",""
ball,1,19.2,Zimbabwe,KM Dabengwa,CK Coventry,R McLaren,4,0,"",""
ball,1,19.3,Zimbabwe,KM Dabengwa,CK Coventry,R McLaren,6,0,"",""
ball,1,19.4,Zimbabwe,KM Dabengwa,CK Coventry,R McLaren,0,1,"",""
ball,1,19.5,Zimbabwe,CK Coventry,KM Dabengwa,R McLaren,0,1,"",""
ball,1,19.6,Zimbabwe,KM Dabengwa,CK Coventry,R McLaren,2,0,"",""
ball,2,0.1,South Africa,GC Smith,LE Bosman,CB Mpofu,0,0,"",""
ball,2,0.2,South Africa,GC Smith,LE Bosman,CB Mpofu,4,0,"",""
ball,2,0.3,South Africa,GC Smith,LE Bosman,CB Mpofu,0,0,"",""
ball,2,0.4,South Africa,GC Smith,LE Bosman,CB Mpofu,0,0,"",""
ball,2,0.5,South Africa,GC Smith,LE Bosman,CB Mpofu,1,0,"",""
ball,2,0.6,South Africa,LE Bosman,GC Smith,CB Mpofu,0,0,"",""
ball,2,1.1,South Africa,GC Smith,LE Bosman,EC Rainsford,1,0,"",""
ball,2,1.2,South Africa,LE Bosman,GC Smith,EC Rainsford,1,0,"",""
ball,2,1.3,South Africa,GC Smith,LE Bosman,EC Rainsford,1,0,"",""
ball,2,1.4,South Africa,LE Bosman,GC Smith,EC Rainsford,6,0,"",""
ball,2,1.5,South Africa,LE Bosman,GC Smith,EC Rainsford,4,0,"",""
ball,2,1.6,South Africa,LE Bosman,GC Smith,EC Rainsford,0,0,"",""
ball,2,2.1,South Africa,GC Smith,LE Bosman,CB Mpofu,2,0,"",""
ball,2,2.2,South Africa,GC Smith,LE Bosman,CB Mpofu,4,0,"",""
ball,2,2.3,South Africa,GC Smith,LE Bosman,CB Mpofu,0,0,"",""
ball,2,2.4,South Africa,GC Smith,LE Bosman,CB Mpofu,4,0,"",""
ball,2,2.5,South Africa,GC Smith,LE Bosman,CB Mpofu,0,1,"",""
ball,2,2.6,South Africa,GC Smith,LE Bosman,CB Mpofu,0,0,"",""
ball,2,2.7,South Africa,GC Smith,LE Bosman,CB Mpofu,4,0,"",""
ball,2,3.1,South Africa,LE Bosman,GC Smith,EC Rainsford,0,0,"",""
ball,2,3.2,South Africa,LE Bosman,GC Smith,EC Rainsford,1,0,"",""
ball,2,3.3,South Africa,GC Smith,LE Bosman,EC Rainsford,2,0,"",""
ball,2,3.4,South Africa,GC Smith,LE Bosman,EC Rainsford,1,0,"",""
ball,2,3.5,South Africa,LE Bosman,GC Smith,EC Rainsford,6,0,"",""
ball,2,3.6,South Africa,LE Bosman,GC Smith,EC Rainsford,6,0,"",""
ball,2,4.1,South Africa,GC Smith,LE Bosman,P Utseya,0,2,"",""
ball,2,4.2,South Africa,GC Smith,LE Bosman,P Utseya,4,0,"",""
ball,2,4.3,South Africa,GC Smith,LE Bosman,P Utseya,4,0,"",""
ball,2,4.4,South Africa,GC Smith,LE Bosman,P Utseya,1,0,"",""
ball,2,4.5,South Africa,LE Bosman,GC Smith,P Utseya,0,0,"",""
ball,2,4.6,South Africa,LE Bosman,GC Smith,P Utseya,4,0,"",""
ball,2,5.1,South Africa,GC Smith,LE Bosman,H Masakadza,4,0,"",""
ball,2,5.2,South Africa,GC Smith,LE Bosman,H Masakadza,4,0,"",""
ball,2,5.3,South Africa,GC Smith,LE Bosman,H Masakadza,6,0,"",""
ball,2,5.4,South Africa,GC Smith,LE Bosman,H Masakadza,0,0,"",""
ball,2,5.5,South Africa,GC Smith,LE Bosman,H Masakadza,0,0,"",""
ball,2,5.6,South Africa,GC Smith,LE Bosman,H Masakadza,0,0,"",""
ball,2,6.1,South Africa,LE Bosman,GC Smith,P Utseya,2,0,"",""
ball,2,6.2,South Africa,LE Bosman,GC Smith,P Utseya,2,0,"",""
ball,2,6.3,South Africa,LE Bosman,GC Smith,P Utseya,1,0,"",""
ball,2,6.4,South Africa,GC Smith,LE Bosman,P Utseya,6,0,"",""
ball,2,6.5,South Africa,GC Smith,LE Bosman,P Utseya,1,0,"",""
ball,2,6.6,South Africa,LE Bosman,GC Smith,P Utseya,0,0,caught,LE Bosman
ball,2,7.1,South Africa,CA Ingram,GC Smith,AG Cremer,1,0,"",""
ball,2,7.2,South Africa,GC Smith,CA Ingram,AG Cremer,4,0,"",""
ball,2,7.3,South Africa,GC Smith,CA Ingram,AG Cremer,0,0,lbw,GC Smith
ball,2,7.4,South Africa,JP Duminy,CA Ingram,AG Cremer,1,0,"",""
ball,2,7.5,South Africa,CA Ingram,JP Duminy,AG Cremer,0,0,"",""
ball,2,7.6,South Africa,CA Ingram,JP Duminy,AG Cremer,1,0,"",""
ball,2,8.1,South Africa,CA Ingram,JP Duminy,P Utseya,1,0,"",""
ball,2,8.2,South Africa,JP Duminy,CA Ingram,P Utseya,0,0,"",""
ball,2,8.3,South Africa,JP Duminy,CA Ingram,P Utseya,1,0,"",""
ball,2,8.4,South Africa,CA Ingram,JP Duminy,P Utseya,0,0,caught,CA Ingram
ball,2,8.5,South Africa,DA Miller,JP Duminy,P Utseya,0,0,"",""
ball,2,8.6,South Africa,DA Miller,JP Duminy,P Utseya,0,0,"",""
ball,2,9.1,South Africa,JP Duminy,DA Miller,AG Cremer,0,0,"",""
ball,2,9.2,South Africa,JP Duminy,DA Miller,AG Cremer,1,0,"",""
ball,2,9.3,South Africa,DA Miller,JP Duminy,AG Cremer,0,0,"",""
ball,2,9.4,South Africa,DA Miller,JP Duminy,AG Cremer,0,0,"",""
ball,2,9.5,South Africa,DA Miller,JP Duminy,AG Cremer,2,0,"",""
ball,2,9.6,South Africa,DA Miller,JP Duminy,AG Cremer,4,0,"",""
ball,2,10.1,South Africa,JP Duminy,DA Miller,KM Dabengwa,1,0,"",""
ball,2,10.2,South Africa,DA Miller,JP Duminy,KM Dabengwa,4,0,"",""
ball,2,10.3,South Africa,DA Miller,JP Duminy,KM Dabengwa,1,0,"",""
ball,2,10.4,South Africa,JP Duminy,DA Miller,KM Dabengwa,1,0,"",""
ball,2,10.5,South Africa,DA Miller,JP Duminy,KM Dabengwa,1,0,"",""
ball,2,10.6,South Africa,JP Duminy,DA Miller,KM Dabengwa,4,0,"",""
ball,2,11.1,South Africa,DA Miller,JP Duminy,AG Cremer,1,0,"",""
ball,2,11.2,South Africa,JP Duminy,DA Miller,AG Cremer,6,0,"",""
ball,2,11.3,South Africa,JP Duminy,DA Miller,AG Cremer,1,0,"",""
ball,2,11.4,South Africa,DA Miller,JP Duminy,AG Cremer,6,0,"",""
ball,2,11.5,South Africa,DA Miller,JP Duminy,AG Cremer,0,0,"",""
ball,2,11.6,South Africa,DA Miller,JP Duminy,AG Cremer,4,0,"",""
ball,2,12.1,South Africa,JP Duminy,DA Miller,CB Mpofu,0,0,"",""
ball,2,12.2,South Africa,JP Duminy,DA Miller,CB Mpofu,0,0,"",""
ball,2,12.3,South Africa,JP Duminy,DA Miller,CB Mpofu,1,0,"",""
ball,2,12.4,South Africa,DA Miller,JP Duminy,CB Mpofu,0,0,"",""
ball,2,12.5,South Africa,DA Miller,JP Duminy,CB Mpofu,1,0,"",""
ball,2,12.6,South Africa,JP Duminy,DA Miller,CB Mpofu,0,0,"",""
ball,2,13.1,South Africa,DA Miller,JP Duminy,EC Rainsford,1,0,"",""
ball,2,13.2,South Africa,JP Duminy,DA Miller,EC Rainsford,2,0,"",""
ball,2,13.3,South Africa,JP Duminy,DA Miller,EC Rainsford,1,0,"",""
ball,2,13.4,South Africa,DA Miller,JP Duminy,EC Rainsford,4,0,"",""
ball,2,13.5,South Africa,DA Miller,JP Duminy,EC Rainsford,4,0,"",""
ball,2,13.6,South Africa,DA Miller,JP Duminy,EC Rainsford,1,0,"",""
ball,2,14.1,South Africa,DA Miller,JP Duminy,CB Mpofu,0,0,"",""
ball,2,14.2,South Africa,DA Miller,JP Duminy,CB Mpofu,0,0,"",""
ball,2,14.3,South Africa,DA Miller,JP Duminy,CB Mpofu,1,0,"",""
ball,2,14.4,South Africa,JP Duminy,DA Miller,CB Mpofu,1,0,"",""
ball,2,14.5,South Africa,DA Miller,JP Duminy,CB Mpofu,0,1,"",""
ball,2,14.6,South Africa,JP Duminy,DA Miller,CB Mpofu,1,0,"",""
ball,2,15.1,South Africa,JP Duminy,DA Miller,P Utseya,2,0,"",""
ball,2,15.2,South Africa,JP Duminy,DA Miller,P Utseya,1,0,"",""
ball,2,15.3,South Africa,DA Miller,JP Duminy,P Utseya,1,0,"",""
ball,2,15.4,South Africa,JP Duminy,DA Miller,P Utseya,4,0,"",""
ball,2,15.5,South Africa,JP Duminy,DA Miller,P Utseya,6,0,"",""
