version,1.3.0
info,team,New Zealand
info,team,Zimbabwe
info,gender,male
info,season,2011/12
info,date,2012/02/11
info,series,Zimbabwe in New Zealand T20I Series
info,match_number,1
info,venue,Eden Park
info,city,Auckland
info,toss_winner,Zimbabwe
info,toss_decision,bat
info,player_of_match,MJ Guptill
info,umpire,GAV Baxter
info,umpire,BG Frost
info,reserve_umpire,BF Bowden
info,tv_umpire,CB Gaffaney
info,match_referee,DC Boon
info,winner,New Zealand
info,winner_wickets,7
ball,1,0.1,Zimbabwe,BRM Taylor,H Masakadza,KD Mills,1,0,"",""
ball,1,0.2,Zimbabwe,H Masakadza,BRM Taylor,KD Mills,0,0,"",""
ball,1,0.3,Zimbabwe,H Masakadza,BRM Taylor,KD Mills,1,0,"",""
ball,1,0.4,Zimbabwe,BRM Taylor,H Masakadza,KD Mills,0,0,"",""
ball,1,0.5,Zimbabwe,BRM Taylor,H Masakadza,KD Mills,1,0,"",""
ball,1,0.6,Zimbabwe,H Masakadza,BRM Taylor,KD Mills,0,0,"",""
ball,1,1.1,Zimbabwe,BRM Taylor,H Masakadza,MD Bates,0,0,"",""
ball,1,1.2,Zimbabwe,BRM Taylor,H Masakadza,MD Bates,1,0,"",""
ball,1,1.3,Zimbabwe,H Masakadza,BRM Taylor,MD Bates,1,0,"",""
ball,1,1.4,Zimbabwe,BRM Taylor,H Masakadza,MD Bates,0,0,bowled,BRM Taylor
ball,1,1.5,Zimbabwe,F Mutizwa,H Masakadza,MD Bates,0,0,"",""
ball,1,1.6,Zimbabwe,F Mutizwa,H Masakadza,MD Bates,0,0,"",""
ball,1,2.1,Zimbabwe,H Masakadza,F Mutizwa,KD Mills,6,0,"",""
ball,1,2.2,Zimbabwe,H Masakadza,F Mutizwa,KD Mills,0,0,"",""
ball,1,2.3,Zimbabwe,H Masakadza,F Mutizwa,KD Mills,4,0,"",""
ball,1,2.4,Zimbabwe,H Masakadza,F Mutizwa,KD Mills,1,0,"",""
ball,1,2.5,Zimbabwe,F Mutizwa,H Masakadza,KD Mills,0,0,caught,F Mutizwa
ball,1,2.6,Zimbabwe,T Taibu,H Masakadza,KD Mills,1,0,"",""
ball,1,3.1,Zimbabwe,T Taibu,H Masakadza,MD Bates,1,0,"",""
ball,1,3.2,Zimbabwe,H Masakadza,T Taibu,MD Bates,0,0,"",""
ball,1,3.3,Zimbabwe,H Masakadza,T Taibu,MD Bates,1,0,"",""
ball,1,3.4,Zimbabwe,T Taibu,H Masakadza,MD Bates,1,0,"",""
ball,1,3.5,Zimbabwe,H Masakadza,T Taibu,MD Bates,2,0,"",""
ball,1,3.6,Zimbabwe,H Masakadza,T Taibu,MD Bates,0,0,"",""
ball,1,4.1,Zimbabwe,T Taibu,H Masakadza,DAJ Bracewell,1,0,"",""
ball,1,4.2,Zimbabwe,H Masakadza,T Taibu,DAJ Bracewell,6,1,"",""
ball,1,4.3,Zimbabwe,H Masakadza,T Taibu,DAJ Bracewell,0,0,"",""
ball,1,4.4,Zimbabwe,H Masakadza,T Taibu,DAJ Bracewell,1,0,"",""
ball,1,4.5,Zimbabwe,T Taibu,H Masakadza,DAJ Bracewell,1,0,"",""
ball,1,4.6,Zimbabwe,H Masakadza,T Taibu,DAJ Bracewell,4,0,"",""
ball,1,4.7,Zimbabwe,H Masakadza,T Taibu,DAJ Bracewell,1,0,"",""
ball,1,5.1,Zimbabwe,H Masakadza,T Taibu,MD Bates,2,0,"",""
ball,1,5.2,Zimbabwe,H Masakadza,T Taibu,MD Bates,1,0,"",""
ball,1,5.3,Zimbabwe,T Taibu,H Masakadza,MD Bates,0,0,"",""
ball,1,5.4,Zimbabwe,T Taibu,H Masakadza,MD Bates,1,0,"",""
ball,1,5.5,Zimbabwe,H Masakadza,T Taibu,MD Bates,1,0,"",""
ball,1,5.6,Zimbabwe,T Taibu,H Masakadza,MD Bates,4,0,"",""
ball,1,6.1,Zimbabwe,H Masakadza,T Taibu,NL McCullum,1,0,"",""
ball,1,6.2,Zimbabwe,T Taibu,H Masakadza,NL McCullum,0,0,"",""
ball,1,6.3,Zimbabwe,T Taibu,H Masakadza,NL McCullum,4,0,"",""
ball,1,6.4,Zimbabwe,T Taibu,H Masakadza,NL McCullum,0,0,"",""
ball,1,6.5,Zimbabwe,T Taibu,H Masakadza,NL McCullum,1,0,"",""
ball,1,6.6,Zimbabwe,H Masakadza,T Taibu,NL McCullum,2,0,"",""
ball,1,7.1,Zimbabwe,T Taibu,H Masakadza,RM Hira,2,0,"",""
ball,1,7.2,Zimbabwe,T Taibu,H Masakadza,RM Hira,1,0,"",""
ball,1,7.3,Zimbabwe,H Masakadza,T Taibu,RM Hira,1,0,"",""
ball,1,7.4,Zimbabwe,T Taibu,H Masakadza,RM Hira,1,0,"",""
ball,1,7.5,Zimbabwe,H Masakadza,T Taibu,RM Hira,0,0,"",""
ball,1,7.6,Zimbabwe,H Masakadza,T Taibu,RM Hira,1,0,"",""
ball,1,8.1,Zimbabwe,H Masakadza,T Taibu,RJ Nicol,0,0,"",""
ball,1,8.2,Zimbabwe,H Masakadza,T Taibu,RJ Nicol,6,0,"",""
ball,1,8.3,Zimbabwe,H Masakadza,T Taibu,RJ Nicol,0,0,"",""
ball,1,8.4,Zimbabwe,H Masakadza,T Taibu,RJ Nicol,1,0,"",""
ball,1,8.5,Zimbabwe,T Taibu,H Masakadza,RJ Nicol,1,0,"",""
ball,1,8.6,Zimbabwe,H Masakadza,T Taibu,RJ Nicol,1,0,"",""
ball,1,9.1,Zimbabwe,H Masakadza,T Taibu,RM Hira,4,0,"",""
ball,1,9.2,Zimbabwe,H Masakadza,T Taibu,RM Hira,0,0,"",""
ball,1,9.3,Zimbabwe,H Masakadza,T Taibu,RM Hira,1,0,"",""
ball,1,9.4,Zimbabwe,T Taibu,H Masakadza,RM Hira,1,0,"",""
ball,1,9.5,Zimbabwe,H Masakadza,T Taibu,RM Hira,1,0,"",""
ball,1,9.6,Zimbabwe,T Taibu,H Masakadza,RM Hira,0,0,"",""
ball,1,10.1,Zimbabwe,H Masakadza,T Taibu,KS Williamson,2,0,"",""
ball,1,10.2,Zimbabwe,H Masakadza,T Taibu,KS Williamson,0,0,caught,H Masakadza
ball,1,10.3,Zimbabwe,T Taibu,MN Waller,KS Williamson,1,0,"",""
ball,1,10.4,Zimbabwe,MN Waller,T Taibu,KS Williamson,1,0,"",""
ball,1,10.5,Zimbabwe,T Taibu,MN Waller,KS Williamson,1,0,"",""
ball,1,10.6,Zimbabwe,MN Waller,T Taibu,KS Williamson,1,0,"",""
ball,1,11.1,Zimbabwe,MN Waller,T Taibu,DAJ Bracewell,0,0,"",""
ball,1,11.2,Zimbabwe,MN Waller,T Taibu,DAJ Bracewell,0,0,"",""
ball,1,11.3,Zimbabwe,MN Waller,T Taibu,DAJ Bracewell,1,0,"",""
ball,1,11.4,Zimbabwe,T Taibu,MN Waller,DAJ Bracewell,4,0,"",""
ball,1,11.5,Zimbabwe,T Taibu,MN Waller,DAJ Bracewell,0,0,"",""
ball,1,11.6,Zimbabwe,T Taibu,MN Waller,DAJ Bracewell,0,0,"",""
ball,1,12.1,Zimbabwe,MN Waller,T Taibu,NL McCullum,1,0,"",""
ball,1,12.2,Zimbabwe,T Taibu,MN Waller,NL McCullum,0,0,caught,T Taibu
ball,1,12.3,Zimbabwe,MN Waller,E Chigumbura,NL McCullum,1,0,"",""
ball,1,12.4,Zimbabwe,E Chigumbura,MN Waller,NL McCullum,0,0,"",""
ball,1,12.5,Zimbabwe,E Chigumbura,MN Waller,NL McCullum,1,0,"",""
ball,1,12.6,Zimbabwe,MN Waller,E Chigumbura,NL McCullum,0,0,"",""
ball,1,13.1,Zimbabwe,E Chigumbura,MN Waller,DAJ Bracewell,1,0,"",""
ball,1,13.2,Zimbabwe,MN Waller,E Chigumbura,DAJ Bracewell,1,0,"",""
ball,1,13.3,Zimbabwe,E Chigumbura,MN Waller,DAJ Bracewell,1,0,"",""
ball,1,13.4,Zimbabwe,MN Waller,E Chigumbura,DAJ Bracewell,0,0,"",""
ball,1,13.5,Zimbabwe,MN Waller,E Chigumbura,DAJ Bracewell,4,0,"",""
ball,1,13.6,Zimbabwe,MN Waller,E Chigumbura,DAJ Bracewell,0,0,"",""
ball,1,14.1,Zimbabwe,E Chigumbura,MN Waller,KD Mills,6,0,"",""
ball,1,14.2,Zimbabwe,E Chigumbura,MN Waller,KD Mills,1,0,"",""
ball,1,14.3,Zimbabwe,MN Waller,E Chigumbura,KD Mills,1,0,"",""
ball,1,14.4,Zimbabwe,E Chigumbura,MN Waller,KD Mills,1,0,"",""
ball,1,14.5,Zimbabwe,MN Waller,E Chigumbura,KD Mills,0,0,caught,MN Waller
ball,1,14.6,Zimbabwe,E Chigumbura,SW Masakadza,KD Mills,0,0,"",""
ball,1,15.1,Zimbabwe,SW Masakadza,E Chigumbura,RM Hira,1,0,"",""
ball,1,15.2,Zimbabwe,E Chigumbura,SW Masakadza,RM Hira,1,0,"",""
ball,1,15.3,Zimbabwe,SW Masakadza,E Chigumbura,RM Hira,0,1,"",""
ball,1,15.4,Zimbabwe,E Chigumbura,SW Masakadza,RM Hira,1,0,"",""
ball,1,15.5,Zimbabwe,SW Masakadza,E Chigumbura,RM Hira,1,0,"",""
ball,1,15.6,Zimbabwe,E Chigumbura,SW Masakadza,RM Hira,1,0,"",""
ball,1,16.1,Zimbabwe,E Chigumbura,SW Masakadza,DAJ Bracewell,1,0,"",""
ball,1,16.2,Zimbabwe,SW Masakadza,E Chigumbura,DAJ Bracewell,4,0,"",""
ball,1,16.3,Zimbabwe,SW Masakadza,E Chigumbura,DAJ Bracewell,1,0,"",""
ball,1,16.4,Zimbabwe,E Chigumbura,SW Masakadza,DAJ Bracewell,6,0,"",""
ball,1,16.5,Zimbabwe,E Chigumbura,SW Masakadza,DAJ Bracewell,4,0,"",""
ball,1,16.6,Zimbabwe,E Chigumbura,SW Masakadza,DAJ Bracewell,4,0,"",""
ball,1,17.1,Zimbabwe,SW Masakadza,E Chigumbura,RM Hira,1,0,"",""
ball,1,17.2,Zimbabwe,E Chigumbura,SW Masakadza,RM Hira,0,1,"",""
ball,1,17.3,Zimbabwe,E Chigumbura,SW Masakadza,RM Hira,0,0,"",""
ball,1,17.4,Zimbabwe,E Chigumbura,SW Masakadza,RM Hira,1,0,"",""
ball,1,17.5,Zimbabwe,SW Masakadza,E Chigumbura,RM Hira,0,0,bowled,SW Masakadza
ball,1,17.6,Zimbabwe,KO Meth,E Chigumbura,RM Hira,1,0,"",""
ball,1,17.7,Zimbabwe,E Chigumbura,KO Meth,RM Hira,0,0,"",""
ball,1,18.1,Zimbabwe,KO Meth,E Chigumbura,KD Mills,1,0,"",""
ball,1,18.2,Zimbabwe,E Chigumbura,KO Meth,KD Mills,1,0,"",""
ball,1,18.3,Zimbabwe,KO Meth,E Chigumbura,KD Mills,0,0,"",""
ball,1,18.4,Zimbabwe,KO Meth,E Chigumbura,KD Mills,1,0,"",""
ball,1,18.5,Zimbabwe,E Chigumbura,KO Meth,KD Mills,4,0,"",""
ball,1,18.6,Zimbabwe,E Chigumbura,KO Meth,KD Mills,1,0,"",""
ball,1,19.1,Zimbabwe,E Chigumbura,KO Meth,MD Bates,6,0,"",""
ball,1,19.2,Zimbabwe,E Chigumbura,KO Meth,MD Bates,6,0,"",""
ball,1,19.3,Zimbabwe,E Chigumbura,KO Meth,MD Bates,0,0,caught,E Chigumbura
ball,1,19.4,Zimbabwe,KO Meth,P Utseya,MD Bates,1,0,"",""
ball,1,19.5,Zimbabwe,P Utseya,KO Meth,MD Bates,0,0,caught,P Utseya
ball,1,19.6,Zimbabwe,KO Meth,RW Price,MD Bates,2,0,"",""
ball,2,0.1,New Zealand,RJ Nicol,MJ Guptill,KO Meth,1,0,"",""
ball,2,0.2,New Zealand,MJ Guptill,RJ Nicol,KO Meth,1,0,"",""
ball,2,0.3,New Zealand,RJ Nicol,MJ Guptill,KO Meth,0,1,"",""
ball,2,0.4,New Zealand,RJ Nicol,MJ Guptill,KO Meth,2,0,"",""
ball,2,0.5,New Zealand,RJ Nicol,MJ Guptill,KO Meth,0,0,"",""
ball,2,0.6,New Zealand,RJ Nicol,MJ Guptill,KO Meth,0,0,"",""
ball,2,0.7,New Zealand,RJ Nicol,MJ Guptill,KO Meth,1,0,"",""
ball,2,1.1,New Zealand,RJ Nicol,MJ Guptill,KM Jarvis,4,0,"",""
ball,2,1.2,New Zealand,RJ Nicol,MJ Guptill,KM Jarvis,4,0,"",""
ball,2,1.3,New Zealand,RJ Nicol,MJ Guptill,KM Jarvis,0,0,bowled,RJ Nicol
ball,2,1.4,New Zealand,BB McCullum,MJ Guptill,KM Jarvis,0,1,"",""
ball,2,1.5,New Zealand,BB McCullum,MJ Guptill,KM Jarvis,0,0,caught,BB McCullum
ball,2,1.6,New Zealand,MJ Guptill,KS Williamson,KM Jarvis,0,1,"",""
ball,2,1.7,New Zealand,MJ Guptill,KS Williamson,KM Jarvis,0,0,"",""
ball,2,1.8,New Zealand,MJ Guptill,KS Williamson,KM Jarvis,1,0,"",""
ball,2,2.1,New Zealand,MJ Guptill,KS Williamson,KO Meth,4,0,"",""
ball,2,2.2,New Zealand,MJ Guptill,KS Williamson,KO Meth,0,0,"",""
ball,2,2.3,New Zealand,MJ Guptill,KS Williamson,KO Meth,0,0,"",""
ball,2,2.4,New Zealand,MJ Guptill,KS Williamson,KO Meth,0,1,"",""
ball,2,2.5,New Zealand,MJ Guptill,KS Williamson,KO Meth,1,0,"",""
ball,2,2.6,New Zealand,KS Williamson,MJ Guptill,KO Meth,0,0,"",""
ball,2,2.7,New Zealand,KS Williamson,MJ Guptill,KO Meth,1,0,"",""
ball,2,3.1,New Zealand,KS Williamson,MJ Guptill,KM Jarvis,0,0,"",""
ball,2,3.2,New Zealand,KS Williamson,MJ Guptill,KM Jarvis,1,0,"",""
ball,2,3.3,New Zealand,MJ Guptill,KS Williamson,KM Jarvis,6,0,"",""
ball,2,3.4,New Zealand,MJ Guptill,KS Williamson,KM Jarvis,0,1,"",""
ball,2,3.5,New Zealand,MJ Guptill,KS Williamson,KM Jarvis,1,0,"",""
ball,2,3.6,New Zealand,KS Williamson,MJ Guptill,KM Jarvis,1,0,"",""
ball,2,3.7,New Zealand,MJ Guptill,KS Williamson,KM Jarvis,4,0,"",""
ball,2,4.1,New Zealand,KS Williamson,MJ Guptill,SW Masakadza,0,0,"",""
ball,2,4.2,New Zealand,KS Williamson,MJ Guptill,SW Masakadza,3,0,"",""
ball,2,4.3,New Zealand,MJ Guptill,KS Williamson,SW Masakadza,2,0,"",""
ball,2,4.4,New Zealand,MJ Guptill,KS Williamson,SW Masakadza,0,0,"",""
ball,2,4.5,New Zealand,MJ Guptill,KS Williamson,SW Masakadza,2,0,"",""
ball,2,4.6,New Zealand,MJ Guptill,KS Williamson,SW Masakadza,0,0,"",""
ball,2,5.1,New Zealand,KS Williamson,MJ Guptill,RW Price,1,0,"",""
ball,2,5.2,New Zealand,MJ Guptill,KS Williamson,RW Price,4,0,"",""
ball,2,5.3,New Zealand,MJ Guptill,KS Williamson,RW Price,1,0,"",""
ball,2,5.4,New Zealand,KS Williamson,MJ Guptill,RW Price,0,0,"",""
ball,2,5.5,New Zealand,KS Williamson,MJ Guptill,RW Price,1,0,"",""
ball,2,5.6,New Zealand,MJ Guptill,KS Williamson,RW Price,1,0,"",""
ball,2,6.1,New Zealand,MJ Guptill,KS Williamson,P Utseya,1,0,"",""
ball,2,6.2,New Zealand,KS Williamson,MJ Guptill,P Utseya,4,0,"",""
ball,2,6.3,New Zealand,KS Williamson,MJ Guptill,P Utseya,1,0,"",""
ball,2,6.4,New Zealand,MJ Guptill,KS Williamson,P Utseya,0,0,"",""
ball,2,6.5,New Zealand,MJ Guptill,KS Williamson,P Utseya,6,0,"",""
ball,2,6.6,New Zealand,MJ Guptill,KS Williamson,P Utseya,0,0,"",""
ball,2,7.1,New Zealand,KS Williamson,MJ Guptill,RW Price,0,0,"",""
ball,2,7.2,New Zealand,KS Williamson,MJ Guptill,RW Price,1,0,"",""
ball,2,7.3,New Zealand,MJ Guptill,KS Williamson,RW Price,0,0,"",""
ball,2,7.4,New Zealand,MJ Guptill,KS Williamson,RW Price,6,0,"",""
ball,2,7.5,New Zealand,MJ Guptill,KS Williamson,RW Price,4,0,"",""
ball,2,7.6,New Zealand,MJ Guptill,KS Williamson,RW Price,2,0,"",""
ball,2,8.1,New Zealand,KS Williamson,MJ Guptill,SW Masakadza,1,0,"",""
ball,2,8.2,New Zealand,MJ Guptill,KS Williamson,SW Masakadza,1,0,"",""
ball,2,8.3,New Zealand,KS Williamson,MJ Guptill,SW Masakadza,1,0,"",""
ball,2,8.4,New Zealand,MJ Guptill,KS Williamson,SW Masakadza,0,1,"",""
ball,2,8.5,New Zealand,MJ Guptill,KS Williamson,SW Masakadza,0,1,"",""
ball,2,8.6,New Zealand,MJ Guptill,KS Williamson,SW Masakadza,2,0,"",""
ball,2,8.7,New Zealand,MJ Guptill,KS Williamson,SW Masakadza,0,0,"",""
ball,2,8.8,New Zealand,MJ Guptill,KS Williamson,SW Masakadza,0,0,"",""
ball,2,9.1,New Zealand,KS Williamson,MJ Guptill,E Chigumbura,1,0,"",""
ball,2,9.2,New Zealand,MJ Guptill,KS Williamson,E Chigumbura,6,0,"",""
ball,2,9.3,New Zealand,MJ Guptill,KS Williamson,E Chigumbura,0,0,"",""
ball,2,9.4,New Zealand,MJ Guptill,KS Williamson,E Chigumbura,1,0,"",""
ball,2,9.5,New Zealand,KS Williamson,MJ Guptill,E Chigumbura,4,0,"",""
ball,2,9.6,New Zealand,KS Williamson,MJ Guptill,E Chigumbura,4,0,"",""
ball,2,10.1,New Zealand,MJ Guptill,KS Williamson,P Utseya,0,1,"",""
ball,2,10.2,New Zealand,MJ Guptill,KS Williamson,P Utseya,2,0,"",""
ball,2,10.3,New Zealand,MJ Guptill,KS Williamson,P Utseya,1,0,"",""
ball,2,10.4,New Zealand,KS Williamson,MJ Guptill,P Utseya,1,0,"",""
ball,2,10.5,New Zealand,MJ Guptill,KS Williamson,P Utseya,0,0,"",""
ball,2,10.6,New Zealand,MJ Guptill,KS Williamson,P Utseya,0,0,"",""
ball,2,10.7,New Zealand,MJ Guptill,KS Williamson,P Utseya,1,0,"",""
ball,2,11.1,New Zealand,MJ Guptill,KS Williamson,KM Jarvis,1,0,"",""
ball,2,11.2,New Zealand,KS Williamson,MJ Guptill,KM Jarvis,2,0,"",""
ball,2,11.3,New Zealand,KS Williamson,MJ Guptill,KM Jarvis,1,0,"",""
ball,2,11.4,New Zealand,MJ Guptill,KS Williamson,KM Jarvis,1,0,"",""
ball,2,11.5,New Zealand,KS Williamson,MJ Guptill,KM Jarvis,0,0,"",""
ball,2,11.6,New Zealand,KS Williamson,MJ Guptill,KM Jarvis,0,1,"",""
ball,2,11.7,New Zealand,KS Williamson,MJ Guptill,KM Jarvis,1,0,"",""
ball,2,12.1,New Zealand,KS Williamson,MJ Guptill,KO Meth,1,0,"",""
ball,2,12.2,New Zealand,MJ Guptill,KS Williamson,KO Meth,2,0,"",""
ball,2,12.3,New Zealand,MJ Guptill,KS Williamson,KO Meth,1,0,"",""
ball,2,12.4,New Zealand,KS Williamson,MJ Guptill,KO Meth,4,0,"",""
ball,2,12.5,New Zealand,KS Williamson,MJ Guptill,KO Meth,1,0,"",""
ball,2,12.6,New Zealand,MJ Guptill,KS Williamson,KO Meth,0,0,"",""
ball,2,13.1,New Zealand,KS Williamson,MJ Guptill,RW Price,1,0,"",""
ball,2,13.2,New Zealand,MJ Guptill,KS Williamson,RW Price,0,0,"",""
ball,2,13.3,New Zealand,MJ Guptill,KS Williamson,RW Price,2,0,"",""
ball,2,13.4,New Zealand,MJ Guptill,KS Williamson,RW Price,1,0,"",""
ball,2,13.5,New Zealand,KS Williamson,MJ Guptill,RW Price,1,0,"",""
ball,2,13.6,New Zealand,MJ Guptill,KS Williamson,RW Price,1,0,"",""
ball,2,14.1,New Zealand,MJ Guptill,KS Williamson,KO Meth,0,0,"",""
ball,2,14.2,New Zealand,MJ Guptill,KS Williamson,KO Meth,6,0,"",""
ball,2,14.3,New Zealand,MJ Guptill,KS Williamson,KO Meth,1,0,"",""
ball,2,14.4,New Zealand,KS Williamson,MJ Guptill,KO Meth,0,0,"",""
ball,2,14.5,New Zealand,KS Williamson,MJ Guptill,KO Meth,1,0,"",""
ball,2,14.6,New Zealand,MJ Guptill,KS Williamson,KO Meth,4,0,"",""
ball,2,15.1,New Zealand,KS Williamson,MJ Guptill,RW Price,3,0,"",""
ball,2,15.2,New Zealand,MJ Guptill,KS Williamson,RW Price,1,0,"",""
ball,2,15.3,New Zealand,KS Williamson,MJ Guptill,RW Price,1,0,"",""
ball,2,15.4,New Zealand,MJ Guptill,KS Williamson,RW Price,1,0,"",""
ball,2,15.5,New Zealand,KS Williamson,MJ Guptill,RW Price,0,0,"",""
ball,2,15.6,New Zealand,KS Williamson,MJ Guptill,RW Price,1,0,"",""
ball,2,16.1,New Zealand,KS Williamson,MJ Guptill,SW Masakadza,0,0,"",""
ball,2,16.2,New Zealand,KS Williamson,MJ Guptill,SW Masakadza,4,0,"",""
ball,2,16.3,New Zealand,KS Williamson,MJ Guptill,SW Masakadza,0,0,run out,KS Williamson
ball,2,16.4,New Zealand,MJ Guptill,C de Grandhomme,SW Masakadza,6,0,"",""
ball,2,16.5,New Zealand,MJ Guptill,C de Grandhomme,SW Masakadza,2,0,"",""
