version,1.3.0
info,team,New Zealand
info,team,Zimbabwe
info,gender,male
info,season,2011/12
info,date,2012/02/14
info,series,Zimbabwe in New Zealand T20I Series
info,match_number,2
info,venue,Seddon Park
info,city,Hamilton
info,toss_winner,Zimbabwe
info,toss_decision,bat
info,player_of_match,JEC Franklin
info,umpire,CB Gaffaney
info,umpire,AL Hill
info,reserve_umpire,EA Watkin
info,tv_umpire,BG Frost
info,match_referee,RS Mahanama
info,winner,New Zealand
info,winner_wickets,5
ball,1,0.1,Zimbabwe,H Masakadza,S Matsikenyeri,KD Mills,0,0,"",""
ball,1,0.2,Zimbabwe,H Masakadza,S Matsikenyeri,KD Mills,2,0,"",""
ball,1,0.3,Zimbabwe,H Masakadza,S Matsikenyeri,KD Mills,4,0,"",""
ball,1,0.4,Zimbabwe,H Masakadza,S Matsikenyeri,KD Mills,0,0,"",""
ball,1,0.5,Zimbabwe,H Masakadza,S Matsikenyeri,KD Mills,1,0,"",""
ball,1,0.6,Zimbabwe,S Matsikenyeri,H Masakadza,KD Mills,0,0,"",""
ball,1,1.1,Zimbabwe,H Masakadza,S Matsikenyeri,MD Bates,0,0,"",""
ball,1,1.2,Zimbabwe,H Masakadza,S Matsikenyeri,MD Bates,0,0,"",""
ball,1,1.3,Zimbabwe,H Masakadza,S Matsikenyeri,MD Bates,1,0,"",""
ball,1,1.4,Zimbabwe,S Matsikenyeri,H Masakadza,MD Bates,0,0,"",""
ball,1,1.5,Zimbabwe,S Matsikenyeri,H Masakadza,MD Bates,0,1,"",""
ball,1,1.6,Zimbabwe,S Matsikenyeri,H Masakadza,MD Bates,1,0,"",""
ball,1,1.7,Zimbabwe,H Masakadza,S Matsikenyeri,MD Bates,0,0,"",""
ball,1,2.1,Zimbabwe,S Matsikenyeri,H Masakadza,KD Mills,1,0,"",""
ball,1,2.2,Zimbabwe,H Masakadza,S Matsikenyeri,KD Mills,0,0,"",""
ball,1,2.3,Zimbabwe,H Masakadza,S Matsikenyeri,KD Mills,4,0,"",""
ball,1,2.4,Zimbabwe,H Masakadza,S Matsikenyeri,KD Mills,6,0,"",""
ball,1,2.5,Zimbabwe,H Masakadza,S Matsikenyeri,KD Mills,3,0,"",""
ball,1,2.6,Zimbabwe,S Matsikenyeri,H Masakadza,KD Mills,0,0,"",""
ball,1,3.1,Zimbabwe,H Masakadza,S Matsikenyeri,MD Bates,1,0,"",""
ball,1,3.2,Zimbabwe,S Matsikenyeri,H Masakadza,MD Bates,6,0,"",""
ball,1,3.3,Zimbabwe,S Matsikenyeri,H Masakadza,MD Bates,6,0,"",""
ball,1,3.4,Zimbabwe,S Matsikenyeri,H Masakadza,MD Bates,1,0,"",""
ball,1,3.5,Zimbabwe,H Masakadza,S Matsikenyeri,MD Bates,1,0,"",""
ball,1,3.6,Zimbabwe,S Matsikenyeri,H Masakadza,MD Bates,1,0,"",""
ball,1,4.1,Zimbabwe,S Matsikenyeri,H Masakadza,TG Southee,4,0,"",""
ball,1,4.2,Zimbabwe,S Matsikenyeri,H Masakadza,TG Southee,0,0,"",""
ball,1,4.3,Zimbabwe,S Matsikenyeri,H Masakadza,TG Southee,1,0,"",""
ball,1,4.4,Zimbabwe,H Masakadza,S Matsikenyeri,TG Southee,4,0,"",""
ball,1,4.5,Zimbabwe,H Masakadza,S Matsikenyeri,TG Southee,1,0,"",""
ball,1,4.6,Zimbabwe,S Matsikenyeri,H Masakadza,TG Southee,0,0,"",""
ball,1,5.1,Zimbabwe,H Masakadza,S Matsikenyeri,NL McCullum,1,0,"",""
ball,1,5.2,Zimbabwe,S Matsikenyeri,H Masakadza,NL McCullum,1,0,"",""
ball,1,5.3,Zimbabwe,H Masakadza,S Matsikenyeri,NL McCullum,6,0,"",""
ball,1,5.4,Zimbabwe,H Masakadza,S Matsikenyeri,NL McCullum,0,0,"",""
ball,1,5.5,Zimbabwe,H Masakadza,S Matsikenyeri,NL McCullum,6,0,"",""
ball,1,5.6,Zimbabwe,H Masakadza,S Matsikenyeri,NL McCullum,1,0,"",""
ball,1,6.1,Zimbabwe,H Masakadza,S Matsikenyeri,RM Hira,1,0,"",""
ball,1,6.2,Zimbabwe,S Matsikenyeri,H Masakadza,RM Hira,4,0,"",""
ball,1,6.3,Zimbabwe,S Matsikenyeri,H Masakadza,RM Hira,6,0,"",""
ball,1,6.4,Zimbabwe,S Matsikenyeri,H Masakadza,RM Hira,0,0,"",""
ball,1,6.5,Zimbabwe,S Matsikenyeri,H Masakadza,RM Hira,0,0,"",""
ball,1,6.6,Zimbabwe,S Matsikenyeri,H Masakadza,RM Hira,0,0,caught,S Matsikenyeri
ball,1,7.1,Zimbabwe,BRM Taylor,H Masakadza,AM Ellis,1,0,"",""
ball,1,7.2,Zimbabwe,H Masakadza,BRM Taylor,AM Ellis,0,0,"",""
ball,1,7.3,Zimbabwe,H Masakadza,BRM Taylor,AM Ellis,2,0,"",""
ball,1,7.4,Zimbabwe,H Masakadza,BRM Taylor,AM Ellis,6,0,"",""
ball,1,7.5,Zimbabwe,H Masakadza,BRM Taylor,AM Ellis,1,0,"",""
ball,1,7.6,Zimbabwe,BRM Taylor,H Masakadza,AM Ellis,0,0,"",""
ball,1,8.1,Zimbabwe,H Masakadza,BRM Taylor,TG Southee,0,0,"",""
ball,1,8.2,Zimbabwe,H Masakadza,BRM Taylor,TG Southee,1,0,"",""
ball,1,8.3,Zimbabwe,BRM Taylor,H Masakadza,TG Southee,0,0,"",""
ball,1,8.4,Zimbabwe,BRM Taylor,H Masakadza,TG Southee,1,0,"",""
ball,1,8.5,Zimbabwe,H Masakadza,BRM Taylor,TG Southee,0,1,"",""
ball,1,8.6,Zimbabwe,BRM Taylor,H Masakadza,TG Southee,1,0,"",""
ball,1,9.1,Zimbabwe,BRM Taylor,H Masakadza,RM Hira,4,0,"",""
ball,1,9.2,Zimbabwe,BRM Taylor,H Masakadza,RM Hira,1,0,"",""
ball,1,9.3,Zimbabwe,H Masakadza,BRM Taylor,RM Hira,1,0,"",""
ball,1,9.4,Zimbabwe,BRM Taylor,H Masakadza,RM Hira,1,0,"",""
ball,1,9.5,Zimbabwe,H Masakadza,BRM Taylor,RM Hira,0,0,"",""
ball,1,9.6,Zimbabwe,H Masakadza,BRM Taylor,RM Hira,1,0,"",""
ball,1,10.1,Zimbabwe,H Masakadza,BRM Taylor,KS Williamson,1,0,"",""
ball,1,10.2,Zimbabwe,BRM Taylor,H Masakadza,KS Williamson,2,0,"",""
ball,1,10.3,Zimbabwe,BRM Taylor,H Masakadza,KS Williamson,1,0,"",""
ball,1,10.4,Zimbabwe,H Masakadza,BRM Taylor,KS Williamson,1,0,"",""
ball,1,10.5,Zimbabwe,BRM Taylor,H Masakadza,KS Williamson,1,0,"",""
ball,1,10.6,Zimbabwe,H Masakadza,BRM Taylor,KS Williamson,0,0,"",""
ball,1,11.1,Zimbabwe,BRM Taylor,H Masakadza,RM Hira,0,0,"",""
ball,1,11.2,Zimbabwe,BRM Taylor,H Masakadza,RM Hira,6,0,"",""
ball,1,11.3,Zimbabwe,BRM Taylor,H Masakadza,RM Hira,4,0,"",""
ball,1,11.4,Zimbabwe,BRM Taylor,H Masakadza,RM Hira,0,0,"",""
ball,1,11.5,Zimbabwe,BRM Taylor,H Masakadza,RM Hira,1,0,"",""
ball,1,11.6,Zimbabwe,H Masakadza,BRM Taylor,RM Hira,1,0,"",""
ball,1,12.1,Zimbabwe,H Masakadza,BRM Taylor,RJ Nicol,2,0,"",""
ball,1,12.2,Zimbabwe,H Masakadza,BRM Taylor,RJ Nicol,1,0,"",""
ball,1,12.3,Zimbabwe,BRM Taylor,H Masakadza,RJ Nicol,1,0,"",""
ball,1,12.4,Zimbabwe,H Masakadza,BRM Taylor,RJ Nicol,0,0,"",""
ball,1,12.5,Zimbabwe,H Masakadza,BRM Taylor,RJ Nicol,1,0,"",""
ball,1,12.6,Zimbabwe,BRM Taylor,H Masakadza,RJ Nicol,0,0,"",""
ball,1,13.1,Zimbabwe,H Masakadza,BRM Taylor,MD Bates,0,0,caught,H Masakadza
ball,1,13.2,Zimbabwe,BRM Taylor,E Chigumbura,MD Bates,1,0,"",""
ball,1,13.3,Zimbabwe,E Chigumbura,BRM Taylor,MD Bates,1,0,"",""
ball,1,13.4,Zimbabwe,BRM Taylor,E Chigumbura,MD Bates,1,0,"",""
ball,1,13.5,Zimbabwe,E Chigumbura,BRM Taylor,MD Bates,4,0,"",""
ball,1,13.6,Zimbabwe,E Chigumbura,BRM Taylor,MD Bates,4,0,"",""
ball,1,14.1,Zimbabwe,BRM Taylor,E Chigumbura,KS Williamson,0,0,"",""
ball,1,14.2,Zimbabwe,BRM Taylor,E Chigumbura,KS Williamson,1,0,"",""
ball,1,14.3,Zimbabwe,E Chigumbura,BRM Taylor,KS Williamson,1,0,"",""
ball,1,14.4,Zimbabwe,BRM Taylor,E Chigumbura,KS Williamson,2,0,"",""
ball,1,14.5,Zimbabwe,BRM Taylor,E Chigumbura,KS Williamson,2,0,"",""
ball,1,14.6,Zimbabwe,BRM Taylor,E Chigumbura,KS Williamson,4,0,"",""
ball,1,15.1,Zimbabwe,E Chigumbura,BRM Taylor,TG Southee,1,0,"",""
ball,1,15.2,Zimbabwe,BRM Taylor,E Chigumbura,TG Southee,0,0,"",""
ball,1,15.3,Zimbabwe,BRM Taylor,E Chigumbura,TG Southee,1,0,"",""
ball,1,15.4,Zimbabwe,E Chigumbura,BRM Taylor,TG Southee,1,0,"",""
ball,1,15.5,Zimbabwe,BRM Taylor,E Chigumbura,TG Southee,2,0,"",""
ball,1,15.6,Zimbabwe,BRM Taylor,E Chigumbura,TG Southee,6,0,"",""
ball,1,16.1,Zimbabwe,E Chigumbura,BRM Taylor,KD Mills,0,0,"",""
ball,1,16.2,Zimbabwe,E Chigumbura,BRM Taylor,KD Mills,4,0,"",""
ball,1,16.3,Zimbabwe,E Chigumbura,BRM Taylor,KD Mills,4,0,"",""
ball,1,16.4,Zimbabwe,E Chigumbura,BRM Taylor,KD Mills,1,0,"",""
ball,1,16.5,Zimbabwe,BRM Taylor,E Chigumbura,KD Mills,1,0,"",""
ball,1,16.6,Zimbabwe,E Chigumbura,BRM Taylor,KD Mills,4,0,"",""
ball,1,17.1,Zimbabwe,BRM Taylor,E Chigumbura,MD Bates,6,0,"",""
ball,1,17.2,Zimbabwe,BRM Taylor,E Chigumbura,MD Bates,4,0,"",""
ball,1,17.3,Zimbabwe,BRM Taylor,E Chigumbura,MD Bates,1,0,"",""
ball,1,17.4,Zimbabwe,E Chigumbura,BRM Taylor,MD Bates,1,0,"",""
ball,1,17.5,Zimbabwe,BRM Taylor,E Chigumbura,MD Bates,2,0,"",""
ball,1,17.6,Zimbabwe,BRM Taylor,E Chigumbura,MD Bates,3,0,"",""
ball,1,18.1,Zimbabwe,BRM Taylor,E Chigumbura,TG Southee,1,0,"",""
ball,1,18.2,Zimbabwe,E Chigumbura,BRM Taylor,TG Southee,1,0,"",""
ball,1,18.3,Zimbabwe,BRM Taylor,E Chigumbura,TG Southee,4,0,"",""
ball,1,18.4,Zimbabwe,BRM Taylor,E Chigumbura,TG Southee,0,0,"",""
ball,1,18.5,Zimbabwe,BRM Taylor,E Chigumbura,TG Southee,4,0,"",""
ball,1,18.6,Zimbabwe,BRM Taylor,E Chigumbura,TG Southee,1,0,"",""
ball,1,19.1,Zimbabwe,BRM Taylor,E Chigumbura,KD Mills,1,0,"",""
ball,1,19.2,Zimbabwe,E Chigumbura,BRM Taylor,KD Mills,0,0,"",""
ball,1,19.3,Zimbabwe,E Chigumbura,BRM Taylor,KD Mills,1,0,"",""
ball,1,19.4,Zimbabwe,BRM Taylor,E Chigumbura,KD Mills,1,0,"",""
ball,1,19.5,Zimbabwe,E Chigumbura,BRM Taylor,KD Mills,1,0,"",""
ball,1,19.6,Zimbabwe,BRM Taylor,E Chigumbura,KD Mills,1,0,"",""
ball,2,0.1,New Zealand,RJ Nicol,JEC Franklin,KO Meth,0,1,"",""
ball,2,0.2,New Zealand,RJ Nicol,JEC Franklin,KO Meth,0,0,"",""
ball,2,0.3,New Zealand,RJ Nicol,JEC Franklin,KO Meth,0,0,"",""
ball,2,0.4,New Zealand,RJ Nicol,JEC Franklin,KO Meth,0,0,"",""
ball,2,0.5,New Zealand,RJ Nicol,JEC Franklin,KO Meth,0,1,"",""
ball,2,0.6,New Zealand,RJ Nicol,JEC Franklin,KO Meth,0,0,"",""
ball,2,0.7,New Zealand,RJ Nicol,JEC Franklin,KO Meth,1,0,"",""
ball,2,0.8,New Zealand,JEC Franklin,RJ Nicol,KO Meth,0,0,"",""
ball,2,1.1,New Zealand,RJ Nicol,JEC Franklin,KM Jarvis,0,0,"",""
ball,2,1.2,New Zealand,RJ Nicol,JEC Franklin,KM Jarvis,6,0,"",""
ball,2,1.3,New Zealand,RJ Nicol,JEC Franklin,KM Jarvis,0,0,"",""
ball,2,1.4,New Zealand,RJ Nicol,JEC Franklin,KM Jarvis,2,0,"",""
ball,2,1.5,New Zealand,RJ Nicol,JEC Franklin,KM Jarvis,2,0,"",""
ball,2,1.6,New Zealand,RJ Nicol,JEC Franklin,KM Jarvis,2,0,"",""
ball,2,2.1,New Zealand,JEC Franklin,RJ Nicol,KO Meth,2,0,"",""
ball,2,2.2,New Zealand,JEC Franklin,RJ Nicol,KO Meth,1,0,"",""
ball,2,2.3,New Zealand,RJ Nicol,JEC Franklin,KO Meth,0,0,"",""
ball,2,2.4,New Zealand,RJ Nicol,JEC Franklin,KO Meth,4,0,"",""
ball,2,2.5,New Zealand,RJ Nicol,JEC Franklin,KO Meth,0,0,"",""
ball,2,2.6,New Zealand,RJ Nicol,JEC Franklin,KO Meth,4,0,"",""
ball,2,3.1,New Zealand,JEC Franklin,RJ Nicol,KM Jarvis,0,0,"",""
ball,2,3.2,New Zealand,JEC Franklin,RJ Nicol,KM Jarvis,0,0,"",""
ball,2,3.3,New Zealand,JEC Franklin,RJ Nicol,KM Jarvis,0,0,"",""
ball,2,3.4,New Zealand,JEC Franklin,RJ Nicol,KM Jarvis,0,0,"",""
ball,2,3.5,New Zealand,JEC Franklin,RJ Nicol,KM Jarvis,0,0,"",""
ball,2,3.6,New Zealand,JEC Franklin,RJ Nicol,KM Jarvis,4,0,"",""
ball,2,4.1,New Zealand,RJ Nicol,JEC Franklin,KO Meth,0,1,"",""
ball,2,4.2,New Zealand,RJ Nicol,JEC Franklin,KO Meth,4,0,"",""
ball,2,4.3,New Zealand,RJ Nicol,JEC Franklin,KO Meth,0,0,"",""
ball,2,4.4,New Zealand,RJ Nicol,JEC Franklin,KO Meth,6,0,"",""
ball,2,4.5,New Zealand,RJ Nicol,JEC Franklin,KO Meth,1,0,"",""
ball,2,4.6,New Zealand,JEC Franklin,RJ Nicol,KO Meth,0,0,"",""
ball,2,4.7,New Zealand,JEC Franklin,RJ Nicol,KO Meth,4,0,"",""
ball,2,5.1,New Zealand,RJ Nicol,JEC Franklin,P Utseya,0,0,"",""
ball,2,5.2,New Zealand,RJ Nicol,JEC Franklin,P Utseya,1,0,"",""
ball,2,5.3,New Zealand,JEC Franklin,RJ Nicol,P Utseya,0,0,"",""
ball,2,5.4,New Zealand,JEC Franklin,RJ Nicol,P Utseya,0,0,"",""
ball,2,5.5,New Zealand,JEC Franklin,RJ Nicol,P Utseya,1,0,"",""
ball,2,5.6,New Zealand,RJ Nicol,JEC Franklin,P Utseya,1,0,"",""
ball,2,6.1,New Zealand,RJ Nicol,JEC Franklin,RW Price,0,1,"",""
ball,2,6.2,New Zealand,RJ Nicol,JEC Franklin,RW Price,0,0,"",""
ball,2,6.3,New Zealand,RJ Nicol,JEC Franklin,RW Price,1,0,"",""
ball,2,6.4,New Zealand,JEC Franklin,RJ Nicol,RW Price,0,0,"",""
ball,2,6.5,New Zealand,JEC Franklin,RJ Nicol,RW Price,1,0,"",""
ball,2,6.6,New Zealand,RJ Nicol,JEC Franklin,RW Price,1,0,"",""
ball,2,6.7,New Zealand,JEC Franklin,RJ Nicol,RW Price,1,0,"",""
ball,2,7.1,New Zealand,JEC Franklin,RJ Nicol,SW Masakadza,1,0,"",""
ball,2,7.2,New Zealand,RJ Nicol,JEC Franklin,SW Masakadza,0,1,"",""
ball,2,7.3,New Zealand,JEC Franklin,RJ Nicol,SW Masakadza,1,0,"",""
ball,2,7.4,New Zealand,RJ Nicol,JEC Franklin,SW Masakadza,1,0,"",""
ball,2,7.5,New Zealand,JEC Franklin,RJ Nicol,SW Masakadza,6,0,"",""
ball,2,7.6,New Zealand,JEC Franklin,RJ Nicol,SW Masakadza,6,0,"",""
ball,2,8.1,New Zealand,RJ Nicol,JEC Franklin,RW Price,4,0,"",""
ball,2,8.2,New Zealand,RJ Nicol,JEC Franklin,RW Price,6,0,"",""
ball,2,8.3,New Zealand,RJ Nicol,JEC Franklin,RW Price,0,1,"",""
ball,2,8.4,New Zealand,RJ Nicol,JEC Franklin,RW Price,0,0,"",""
ball,2,8.5,New Zealand,RJ Nicol,JEC Franklin,RW Price,0,0,"",""
ball,2,8.6,New Zealand,RJ Nicol,JEC Franklin,RW Price,1,0,"",""
ball,2,8.7,New Zealand,JEC Franklin,RJ Nicol,RW Price,6,0,"",""
ball,2,9.1,New Zealand,RJ Nicol,JEC Franklin,P Utseya,0,0,"",""
ball,2,9.2,New Zealand,RJ Nicol,JEC Franklin,P Utseya,6,0,"",""
ball,2,9.3,New Zealand,RJ Nicol,JEC Franklin,P Utseya,1,0,"",""
ball,2,9.4,New Zealand,JEC Franklin,RJ Nicol,P Utseya,6,0,"",""
ball,2,9.5,New Zealand,JEC Franklin,RJ Nicol,P Utseya,1,0,"",""
ball,2,9.6,New Zealand,RJ Nicol,JEC Franklin,P Utseya,1,0,"",""
ball,2,10.1,New Zealand,RJ Nicol,JEC Franklin,E Chigumbura,0,0,caught,RJ Nicol
ball,2,10.2,New Zealand,JEC Franklin,BB McCullum,E Chigumbura,1,0,"",""
ball,2,10.3,New Zealand,BB McCullum,JEC Franklin,E Chigumbura,1,0,"",""
ball,2,10.4,New Zealand,JEC Franklin,BB McCullum,E Chigumbura,0,0,"",""
ball,2,10.5,New Zealand,JEC Franklin,BB McCullum,E Chigumbura,0,0,"",""
ball,2,10.6,New Zealand,JEC Franklin,BB McCullum,E Chigumbura,1,0,"",""
ball,2,11.1,New Zealand,JEC Franklin,BB McCullum,KM Jarvis,1,0,"",""
ball,2,11.2,New Zealand,BB McCullum,JEC Franklin,KM Jarvis,0,0,"",""
ball,2,11.3,New Zealand,BB McCullum,JEC Franklin,KM Jarvis,4,0,"",""
ball,2,11.4,New Zealand,BB McCullum,JEC Franklin,KM Jarvis,0,0,"",""
ball,2,11.5,New Zealand,BB McCullum,JEC Franklin,KM Jarvis,1,0,"",""
ball,2,11.6,New Zealand,JEC Franklin,BB McCullum,KM Jarvis,0,0,"",""
ball,2,12.1,New Zealand,BB McCullum,JEC Franklin,RW Price,1,0,"",""
ball,2,12.2,New Zealand,JEC Franklin,BB McCullum,RW Price,1,0,"",""
ball,2,12.3,New Zealand,BB McCullum,JEC Franklin,RW Price,1,0,"",""
ball,2,12.4,New Zealand,JEC Franklin,BB McCullum,RW Price,4,0,"",""
ball,2,12.5,New Zealand,JEC Franklin,BB McCullum,RW Price,1,0,"",""
ball,2,12.6,New Zealand,BB McCullum,JEC Franklin,RW Price,0,1,"",""
ball,2,13.1,New Zealand,BB McCullum,JEC Franklin,P Utseya,2,0,"",""
ball,2,13.2,New Zealand,BB McCullum,JEC Franklin,P Utseya,4,0,"",""
ball,2,13.3,New Zealand,BB McCullum,JEC Franklin,P Utseya,4,0,"",""
ball,2,13.4,New Zealand,BB McCullum,JEC Franklin,P Utseya,1,0,"",""
ball,2,13.5,New Zealand,JEC Franklin,BB McCullum,P Utseya,2,0,"",""
ball,2,13.6,New Zealand,JEC Franklin,BB McCullum,P Utseya,1,0,"",""
ball,2,14.1,New Zealand,JEC Franklin,BB McCullum,E Chigumbura,6,0,"",""
ball,2,14.2,New Zealand,JEC Franklin,BB McCullum,E Chigumbura,1,0,run out,JEC Franklin
ball,2,14.3,New Zealand,C de Grandhomme,BB McCullum,E Chigumbura,0,0,"",""
ball,2,14.4,New Zealand,C de Grandhomme,BB McCullum,E Chigumbura,1,0,"",""
ball,2,14.5,New Zealand,BB McCullum,C de Grandhomme,E Chigumbura,1,0,"",""
ball,2,14.6,New Zealand,C de Grandhomme,BB McCullum,E Chigumbura,4,0,"",""
ball,2,15.1,New Zealand,BB McCullum,C de Grandhomme,RW Price,1,0,"",""
ball,2,15.2,New Zealand,C de Grandhomme,BB McCullum,RW Price,2,0,"",""
ball,2,15.3,New Zealand,C de Grandhomme,BB McCullum,RW Price,0,0,"",""
ball,2,15.4,New Zealand,C de Grandhomme,BB McCullum,RW Price,1,0,"",""
ball,2,15.5,New Zealand,BB McCullum,C de Grandhomme,RW Price,4,0,"",""
ball,2,15.6,New Zealand,BB McCullum,C de Grandhomme,RW Price,0,1,"",""
ball,2,16.1,New Zealand,BB McCullum,C de Grandhomme,E Chigumbura,2,0,"",""
ball,2,16.2,New Zealand,BB McCullum,C de Grandhomme,E Chigumbura,0,0,"",""
ball,2,16.3,New Zealand,BB McCullum,C de Grandhomme,E Chigumbura,1,0,"",""
ball,2,16.4,New Zealand,C de Grandhomme,BB McCullum,E Chigumbura,0,0,bowled,C de Grandhomme
ball,2,16.5,New Zealand,NL McCullum,BB McCullum,E Chigumbura,2,0,"",""
ball,2,16.6,New Zealand,NL McCullum,BB McCullum,E Chigumbura,2,0,"",""
ball,2,17.1,New Zealand,BB McCullum,NL McCullum,P Utseya,1,0,"",""
ball,2,17.2,New Zealand,NL McCullum,BB McCullum,P Utseya,0,4,"",""
ball,2,17.3,New Zealand,NL McCullum,BB McCullum,P Utseya,0,1,"",""
ball,2,17.4,New Zealand,NL McCullum,BB McCullum,P Utseya,0,0,"",""
ball,2,17.5,New Zealand,NL McCullum,BB McCullum,P Utseya,1,0,"",""
ball,2,17.6,New Zealand,BB McCullum,NL McCullum,P Utseya,2,0,"",""
ball,2,17.7,New Zealand,BB McCullum,NL McCullum,P Utseya,1,0,"",""
ball,2,18.1,New Zealand,BB McCullum,NL McCullum,KM Jarvis,6,0,"",""
ball,2,18.2,New Zealand,BB McCullum,NL McCullum,KM Jarvis,0,0,caught,BB McCullum
ball,2,18.3,New Zealand,NL McCullum,AM Ellis,KM Jarvis,0,0,caught,NL McCullum
ball,2,18.4,New Zealand,AM Ellis,KS Williamson,KM Jarvis,1,0,"",""
ball,2,18.5,New Zealand,KS Williamson,AM Ellis,KM Jarvis,4,0,"",""
ball,2,18.6,New Zealand,KS Williamson,AM Ellis,KM Jarvis,2,0,"",""
ball,2,19.1,New Zealand,AM Ellis,KS Williamson,SW Masakadza,1,0,"",""
ball,2,19.2,New Zealand,KS Williamson,AM Ellis,SW Masakadza,4,0,"",""
ball,2,19.3,New Zealand,KS Williamson,AM Ellis,SW Masakadza,6,0,"",""
ball,2,19.4,New Zealand,KS Williamson,AM Ellis,SW Masakadza,4,0,"",""
