version,1.3.0
info,team,New Zealand
info,team,England
info,gender,female
info,season,2011/12
info,date,2012/02/19
info,series,England Women in New Zealand T20I Series
info,match_number,2
info,venue,Seddon Park
info,city,Hamilton
info,toss_winner,New Zealand
info,toss_decision,field
info,player_of_match,LA Marsh
info,umpire,BG Frost
info,umpire,PD Jones
info,tv_umpire,EA Watkin
info,winner,England
info,winner_runs,48
ball,1,0.1,England,CM Edwards,LA Marsh,KE Broadmore,0,0,"",""
ball,1,0.2,England,CM Edwards,LA Marsh,KE Broadmore,0,0,"",""
ball,1,0.3,England,CM Edwards,LA Marsh,KE Broadmore,1,0,"",""
ball,1,0.4,England,LA Marsh,CM Edwards,KE Broadmore,0,0,"",""
ball,1,0.5,England,LA Marsh,CM Edwards,KE Broadmore,4,0,"",""
ball,1,0.6,England,LA Marsh,CM Edwards,KE Broadmore,0,0,"",""
ball,1,1.1,England,CM Edwards,LA Marsh,FL Mackay,0,0,"",""
ball,1,1.2,England,CM Edwards,LA Marsh,FL Mackay,0,0,"",""
ball,1,1.3,England,CM Edwards,LA Marsh,FL Mackay,1,0,"",""
ball,1,1.4,England,LA Marsh,CM Edwards,FL Mackay,0,0,"",""
ball,1,1.5,England,LA Marsh,CM Edwards,FL Mackay,4,0,"",""
ball,1,1.6,England,LA Marsh,CM Edwards,FL Mackay,0,0,"",""
ball,1,2.1,England,CM Edwards,LA Marsh,MJG Nielsen,0,0,"",""
ball,1,2.2,England,CM Edwards,LA Marsh,MJG Nielsen,6,0,"",""
ball,1,2.3,England,CM Edwards,LA Marsh,MJG Nielsen,1,0,"",""
ball,1,2.4,England,LA Marsh,CM Edwards,MJG Nielsen,0,0,"",""
ball,1,2.5,England,LA Marsh,CM Edwards,MJG Nielsen,0,0,"",""
ball,1,2.6,England,LA Marsh,CM Edwards,MJG Nielsen,0,1,"",""
ball,1,3.1,England,LA Marsh,CM Edwards,FL Mackay,0,0,"",""
ball,1,3.2,England,LA Marsh,CM Edwards,FL Mackay,1,0,"",""
ball,1,3.3,England,CM Edwards,LA Marsh,FL Mackay,6,0,"",""
ball,1,3.4,England,CM Edwards,LA Marsh,FL Mackay,0,0,"",""
ball,1,3.5,England,CM Edwards,LA Marsh,FL Mackay,1,0,"",""
ball,1,3.6,England,LA Marsh,CM Edwards,FL Mackay,1,0,"",""
ball,1,4.1,England,LA Marsh,CM Edwards,KE Broadmore,0,0,"",""
ball,1,4.2,England,LA Marsh,CM Edwards,KE Broadmore,4,0,"",""
ball,1,4.3,England,LA Marsh,CM Edwards,KE Broadmore,4,0,"",""
ball,1,4.4,England,LA Marsh,CM Edwards,KE Broadmore,0,0,"",""
ball,1,4.5,England,LA Marsh,CM Edwards,KE Broadmore,1,0,"",""
ball,1,4.6,England,CM Edwards,LA Marsh,KE Broadmore,1,0,"",""
ball,1,5.1,England,CM Edwards,LA Marsh,LR Doolan,1,0,"",""
ball,1,5.2,England,LA Marsh,CM Edwards,LR Doolan,0,0,"",""
ball,1,5.3,England,LA Marsh,CM Edwards,LR Doolan,4,0,"",""
ball,1,5.4,England,LA Marsh,CM Edwards,LR Doolan,0,0,"",""
ball,1,5.5,England,LA Marsh,CM Edwards,LR Doolan,4,0,"",""
ball,1,5.6,England,LA Marsh,CM Edwards,LR Doolan,4,0,"",""
ball,1,6.1,England,CM Edwards,LA Marsh,LMM Tahuhu,0,0,"",""
ball,1,6.2,England,CM Edwards,LA Marsh,LMM Tahuhu,0,0,"",""
ball,1,6.3,England,CM Edwards,LA Marsh,LMM Tahuhu,0,0,"",""
ball,1,6.4,England,CM Edwards,LA Marsh,LMM Tahuhu,0,0,"",""
ball,1,6.5,England,CM Edwards,LA Marsh,LMM Tahuhu,1,0,"",""
ball,1,6.6,England,LA Marsh,CM Edwards,LMM Tahuhu,0,0,"",""
ball,1,7.1,England,CM Edwards,LA Marsh,SW Bates,4,0,"",""
ball,1,7.2,England,CM Edwards,LA Marsh,SW Bates,1,0,"",""
ball,1,7.3,England,LA Marsh,CM Edwards,SW Bates,1,0,"",""
ball,1,7.4,England,CM Edwards,LA Marsh,SW Bates,4,0,"",""
ball,1,7.5,England,CM Edwards,LA Marsh,SW Bates,0,0,"",""
ball,1,7.6,England,CM Edwards,LA Marsh,SW Bates,4,0,"",""
ball,1,8.1,England,LA Marsh,CM Edwards,LMM Tahuhu,4,0,"",""
ball,1,8.2,England,LA Marsh,CM Edwards,LMM Tahuhu,4,0,"",""
ball,1,8.3,England,LA Marsh,CM Edwards,LMM Tahuhu,4,1,"",""
ball,1,8.4,England,LA Marsh,CM Edwards,LMM Tahuhu,4,0,"",""
ball,1,8.5,England,LA Marsh,CM Edwards,LMM Tahuhu,0,0,bowled,LA Marsh
ball,1,8.6,England,SJ Taylor,CM Edwards,LMM Tahuhu,0,0,"",""
ball,1,8.7,England,SJ Taylor,CM Edwards,LMM Tahuhu,1,0,"",""
ball,1,9.1,England,SJ Taylor,CM Edwards,LR Doolan,1,0,"",""
ball,1,9.2,England,CM Edwards,SJ Taylor,LR Doolan,1,0,"",""
ball,1,9.3,England,SJ Taylor,CM Edwards,LR Doolan,0,0,"",""
ball,1,9.4,England,SJ Taylor,CM Edwards,LR Doolan,1,0,"",""
ball,1,9.5,England,CM Edwards,SJ Taylor,LR Doolan,0,0,caught,CM Edwards
ball,1,9.6,England,SJ Taylor,LS Greenway,LR Doolan,4,0,"",""
ball,1,10.1,England,LS Greenway,SJ Taylor,AE Satterthwaite,0,0,"",""
ball,1,10.2,England,LS Greenway,SJ Taylor,AE Satterthwaite,0,1,"",""
ball,1,10.3,England,LS Greenway,SJ Taylor,AE Satterthwaite,1,0,"",""
ball,1,10.4,England,SJ Taylor,LS Greenway,AE Satterthwaite,4,0,"",""
ball,1,10.5,England,SJ Taylor,LS Greenway,AE Satterthwaite,1,0,"",""
ball,1,10.6,England,LS Greenway,SJ Taylor,AE Satterthwaite,0,0,"",""
ball,1,10.7,England,LS Greenway,SJ Taylor,AE Satterthwaite,1,0,"",""
ball,1,11.1,England,LS Greenway,SJ Taylor,LR Doolan,0,0,"",""
ball,1,11.2,England,LS Greenway,SJ Taylor,LR Doolan,1,0,"",""
ball,1,11.3,England,SJ Taylor,LS Greenway,LR Doolan,1,0,"",""
ball,1,11.4,England,LS Greenway,SJ Taylor,LR Doolan,1,0,"",""
ball,1,11.5,England,SJ Taylor,LS Greenway,LR Doolan,1,0,"",""
ball,1,11.6,England,LS Greenway,SJ Taylor,LR Doolan,1,0,"",""
ball,1,12.1,England,LS Greenway,SJ Taylor,AE Satterthwaite,4,0,"",""
ball,1,12.2,England,LS Greenway,SJ Taylor,AE Satterthwaite,1,0,"",""
ball,1,12.3,England,SJ Taylor,LS Greenway,AE Satterthwaite,1,0,"",""
ball,1,12.4,England,LS Greenway,SJ Taylor,AE Satterthwaite,1,0,"",""
ball,1,12.5,England,SJ Taylor,LS Greenway,AE Satterthwaite,0,0,"",""
ball,1,12.6,England,SJ Taylor,LS Greenway,AE Satterthwaite,0,0,"",""
ball,1,13.1,England,LS Greenway,SJ Taylor,LR Doolan,1,0,"",""
ball,1,13.2,England,SJ Taylor,LS Greenway,LR Doolan,1,0,"",""
ball,1,13.3,England,LS Greenway,SJ Taylor,LR Doolan,1,0,"",""
ball,1,13.4,England,SJ Taylor,LS Greenway,LR Doolan,1,0,"",""
ball,1,13.5,England,LS Greenway,SJ Taylor,LR Doolan,0,1,"",""
ball,1,13.6,England,LS Greenway,SJ Taylor,LR Doolan,0,0,bowled,LS Greenway
ball,1,13.7,England,A Brindle,SJ Taylor,LR Doolan,0,0,"",""
ball,1,14.1,England,SJ Taylor,A Brindle,KE Broadmore,4,0,"",""
ball,1,14.2,England,SJ Taylor,A Brindle,KE Broadmore,4,0,"",""
ball,1,14.3,England,SJ Taylor,A Brindle,KE Broadmore,1,0,"",""
ball,1,14.4,England,A Brindle,SJ Taylor,KE Broadmore,1,0,"",""
ball,1,14.5,England,SJ Taylor,A Brindle,KE Broadmore,1,0,"",""
ball,1,14.6,England,A Brindle,SJ Taylor,KE Broadmore,1,0,"",""
ball,1,15.1,England,A Brindle,SJ Taylor,MJG Nielsen,1,0,"",""
ball,1,15.2,England,SJ Taylor,A Brindle,MJG Nielsen,1,0,"",""
ball,1,15.3,England,A Brindle,SJ Taylor,MJG Nielsen,1,0,"",""
ball,1,15.4,England,SJ Taylor,A Brindle,MJG Nielsen,4,0,"",""
ball,1,15.5,England,SJ Taylor,A Brindle,MJG Nielsen,1,0,"",""
ball,1,15.6,England,A Brindle,SJ Taylor,MJG Nielsen,0,0,caught,A Brindle
ball,1,16.1,England,JL Gunn,SJ Taylor,AE Satterthwaite,1,0,"",""
ball,1,16.2,England,SJ Taylor,JL Gunn,AE Satterthwaite,1,0,"",""
ball,1,16.3,England,JL Gunn,SJ Taylor,AE Satterthwaite,0,1,"",""
ball,1,16.4,England,JL Gunn,SJ Taylor,AE Satterthwaite,1,0,"",""
ball,1,16.5,England,SJ Taylor,JL Gunn,AE Satterthwaite,1,0,"",""
ball,1,16.6,England,JL Gunn,SJ Taylor,AE Satterthwaite,1,0,"",""
ball,1,16.7,England,SJ Taylor,JL Gunn,AE Satterthwaite,1,0,"",""
ball,1,17.1,England,SJ Taylor,JL Gunn,FL Mackay,0,0,"",""
ball,1,17.2,England,SJ Taylor,JL Gunn,FL Mackay,1,0,"",""
ball,1,17.3,England,JL Gunn,SJ Taylor,FL Mackay,1,0,"",""
ball,1,17.4,England,SJ Taylor,JL Gunn,FL Mackay,1,0,"",""
ball,1,17.5,England,JL Gunn,SJ Taylor,FL Mackay,2,0,"",""
ball,1,17.6,England,JL Gunn,SJ Taylor,FL Mackay,4,0,"",""
ball,1,18.1,England,SJ Taylor,JL Gunn,AE Satterthwaite,4,0,"",""
ball,1,18.2,England,SJ Taylor,JL Gunn,AE Satterthwaite,1,0,"",""
ball,1,18.3,England,JL Gunn,SJ Taylor,AE Satterthwaite,1,0,"",""
ball,1,18.4,England,SJ Taylor,JL Gunn,AE Satterthwaite,1,0,"",""
ball,1,18.5,England,JL Gunn,SJ Taylor,AE Satterthwaite,0,2,"",""
ball,1,18.6,England,SJ Taylor,JL Gunn,AE Satterthwaite,1,0,"",""
ball,1,18.7,England,JL Gunn,SJ Taylor,AE Satterthwaite,0,0,caught,JL Gunn
ball,1,19.1,England,SE Rowe,SJ Taylor,FL Mackay,0,0,"",""
ball,1,19.2,England,SE Rowe,SJ Taylor,FL Mackay,1,0,"",""
ball,1,19.3,England,SJ Taylor,SE Rowe,FL Mackay,0,0,caught,SJ Taylor
ball,1,19.4,England,SE Rowe,TT Beaumont,FL Mackay,2,0,"",""
ball,1,19.5,England,SE Rowe,TT Beaumont,FL Mackay,1,0,"",""
ball,1,19.6,England,TT Beaumont,SE Rowe,FL Mackay,1,0,run out,TT Beaumont
ball,2,0.1,New Zealand,SW Bates,FL Mackay,DN Wyatt,0,0,"",""
ball,2,0.2,New Zealand,SW Bates,FL Mackay,DN Wyatt,0,0,"",""
ball,2,0.3,New Zealand,SW Bates,FL Mackay,DN Wyatt,0,0,"",""
ball,2,0.4,New Zealand,SW Bates,FL Mackay,DN Wyatt,1,0,"",""
ball,2,0.5,New Zealand,FL Mackay,SW Bates,DN Wyatt,0,0,"",""
ball,2,0.6,New Zealand,FL Mackay,SW Bates,DN Wyatt,1,0,"",""
ball,2,1.1,New Zealand,FL Mackay,SW Bates,A Shrubsole,0,0,"",""
ball,2,1.2,New Zealand,FL Mackay,SW Bates,A Shrubsole,0,0,"",""
ball,2,1.3,New Zealand,FL Mackay,SW Bates,A Shrubsole,0,0,"",""
ball,2,1.4,New Zealand,FL Mackay,SW Bates,A Shrubsole,0,0,"",""
ball,2,1.5,New Zealand,FL Mackay,SW Bates,A Shrubsole,0,0,bowled,FL Mackay
ball,2,1.6,New Zealand,SJ McGlashan,SW Bates,A Shrubsole,0,0,"",""
ball,2,2.1,New Zealand,SW Bates,SJ McGlashan,A Brindle,0,0,"",""
ball,2,2.2,New Zealand,SW Bates,SJ McGlashan,A Brindle,1,0,"",""
ball,2,2.3,New Zealand,SJ McGlashan,SW Bates,A Brindle,0,0,"",""
ball,2,2.4,New Zealand,SJ McGlashan,SW Bates,A Brindle,0,0,"",""
ball,2,2.5,New Zealand,SJ McGlashan,SW Bates,A Brindle,0,0,"",""
ball,2,2.6,New Zealand,SJ McGlashan,SW Bates,A Brindle,1,0,"",""
ball,2,3.1,New Zealand,SJ McGlashan,SW Bates,A Shrubsole,0,0,"",""
ball,2,3.2,New Zealand,SJ McGlashan,SW Bates,A Shrubsole,0,0,"",""
ball,2,3.3,New Zealand,SJ McGlashan,SW Bates,A Shrubsole,0,0,"",""
ball,2,3.4,New Zealand,SJ McGlashan,SW Bates,A Shrubsole,4,0,"",""
ball,2,3.5,New Zealand,SJ McGlashan,SW Bates,A Shrubsole,1,0,"",""
ball,2,3.6,New Zealand,SW Bates,SJ McGlashan,A Shrubsole,0,0,"",""
ball,2,4.1,New Zealand,SJ McGlashan,SW Bates,A Brindle,0,0,"",""
ball,2,4.2,New Zealand,SJ McGlashan,SW Bates,A Brindle,6,0,"",""
ball,2,4.3,New Zealand,SJ McGlashan,SW Bates,A Brindle,0,0,"",""
ball,2,4.4,New Zealand,SJ McGlashan,SW Bates,A Brindle,1,0,"",""
ball,2,4.5,New Zealand,SW Bates,SJ McGlashan,A Brindle,1,0,"",""
ball,2,4.6,New Zealand,SJ McGlashan,SW Bates,A Brindle,0,1,"",""
ball,2,4.7,New Zealand,SJ McGlashan,SW Bates,A Brindle,0,0,"",""
ball,2,5.1,New Zealand,SW Bates,SJ McGlashan,A Shrubsole,1,0,"",""
ball,2,5.2,New Zealand,SJ McGlashan,SW Bates,A Shrubsole,1,0,"",""
ball,2,5.3,New Zealand,SW Bates,SJ McGlashan,A Shrubsole,2,0,"",""
ball,2,5.4,New Zealand,SW Bates,SJ McGlashan,A Shrubsole,1,0,"",""
ball,2,5.5,New Zealand,SJ McGlashan,SW Bates,A Shrubsole,4,0,"",""
ball,2,5.6,New Zealand,SJ McGlashan,SW Bates,A Shrubsole,4,0,"",""
ball,2,6.1,New Zealand,SW Bates,SJ McGlashan,D Hazell,4,0,"",""
ball,2,6.2,New Zealand,SW Bates,SJ McGlashan,D Hazell,1,0,"",""
ball,2,6.3,New Zealand,SJ McGlashan,SW Bates,D Hazell,1,0,"",""
ball,2,6.4,New Zealand,SW Bates,SJ McGlashan,D Hazell,1,0,"",""
ball,2,6.5,New Zealand,SJ McGlashan,SW Bates,D Hazell,1,0,"",""
ball,2,6.6,New Zealand,SW Bates,SJ McGlashan,D Hazell,2,0,"",""
ball,2,7.1,New Zealand,SJ McGlashan,SW Bates,LA Marsh,1,0,"",""
ball,2,7.2,New Zealand,SW Bates,SJ McGlashan,LA Marsh,0,0,"",""
ball,2,7.3,New Zealand,SW Bates,SJ McGlashan,LA Marsh,0,0,"",""
ball,2,7.4,New Zealand,SW Bates,SJ McGlashan,LA Marsh,1,0,"",""
ball,2,7.5,New Zealand,SJ McGlashan,SW Bates,LA Marsh,1,0,"",""
ball,2,7.6,New Zealand,SW Bates,SJ McGlashan,LA Marsh,1,0,"",""
ball,2,8.1,New Zealand,SW Bates,SJ McGlashan,DN Wyatt,1,1,"",""
ball,2,8.2,New Zealand,SJ McGlashan,SW Bates,DN Wyatt,1,0,"",""
ball,2,8.3,New Zealand,SW Bates,SJ McGlashan,DN Wyatt,1,0,"",""
ball,2,8.4,New Zealand,SJ McGlashan,SW Bates,DN Wyatt,0,0,"",""
ball,2,8.5,New Zealand,SJ McGlashan,SW Bates,DN Wyatt,0,0,"",""
ball,2,8.6,New Zealand,SJ McGlashan,SW Bates,DN Wyatt,1,0,"",""
ball,2,8.7,New Zealand,SW Bates,SJ McGlashan,DN Wyatt,1,0,"",""
ball,2,9.1,New Zealand,SW Bates,SJ McGlashan,LA Marsh,6,0,"",""
ball,2,9.2,New Zealand,SW Bates,SJ McGlashan,LA Marsh,1,0,"",""
ball,2,9.3,New Zealand,SJ McGlashan,SW Bates,LA Marsh,0,0,bowled,SJ McGlashan
ball,2,9.4,New Zealand,AE Satterthwaite,SW Bates,LA Marsh,0,1,"",""
ball,2,9.5,New Zealand,AE Satterthwaite,SW Bates,LA Marsh,1,0,"",""
ball,2,9.6,New Zealand,SW Bates,AE Satterthwaite,LA Marsh,1,0,"",""
ball,2,9.7,New Zealand,AE Satterthwaite,SW Bates,LA Marsh,1,0,"",""
ball,2,10.1,New Zealand,AE Satterthwaite,SW Bates,D Hazell,2,0,"",""
ball,2,10.2,New Zealand,AE Satterthwaite,SW Bates,D Hazell,1,0,"",""
ball,2,10.3,New Zealand,SW Bates,AE Satterthwaite,D Hazell,1,0,"",""
ball,2,10.4,New Zealand,AE Satterthwaite,SW Bates,D Hazell,1,0,"",""
ball,2,10.5,New Zealand,SW Bates,AE Satterthwaite,D Hazell,1,0,"",""
ball,2,10.6,New Zealand,AE Satterthwaite,SW Bates,D Hazell,1,0,"",""
ball,2,11.1,New Zealand,AE Satterthwaite,SW Bates,LA Marsh,0,0,"",""
ball,2,11.2,New Zealand,AE Satterthwaite,SW Bates,LA Marsh,1,0,"",""
ball,2,11.3,New Zealand,SW Bates,AE Satterthwaite,LA Marsh,0,0,"",""
ball,2,11.4,New Zealand,SW Bates,AE Satterthwaite,LA Marsh,0,2,"",""
ball,2,11.5,New Zealand,AE Satterthwaite,SW Bates,LA Marsh,1,0,"",""
ball,2,11.6,New Zealand,SW Bates,AE Satterthwaite,LA Marsh,0,1,"",""
ball,2,11.7,New Zealand,AE Satterthwaite,SW Bates,LA Marsh,0,0,"",""
ball,2,12.1,New Zealand,SW Bates,AE Satterthwaite,A Brindle,1,0,"",""
ball,2,12.2,New Zealand,AE Satterthwaite,SW Bates,A Brindle,1,0,"",""
ball,2,12.3,New Zealand,SW Bates,AE Satterthwaite,A Brindle,1,0,"",""
ball,2,12.4,New Zealand,AE Satterthwaite,SW Bates,A Brindle,4,0,"",""
ball,2,12.5,New Zealand,AE Satterthwaite,SW Bates,A Brindle,1,0,"",""
ball,2,12.6,New Zealand,SW Bates,AE Satterthwaite,A Brindle,1,0,"",""
ball,2,13.1,New Zealand,SW Bates,AE Satterthwaite,D Hazell,0,0,"",""
ball,2,13.2,New Zealand,SW Bates,AE Satterthwaite,D Hazell,1,0,"",""
ball,2,13.3,New Zealand,AE Satterthwaite,SW Bates,D Hazell,1,0,"",""
ball,2,13.4,New Zealand,SW Bates,AE Satterthwaite,D Hazell,1,0,"",""
ball,2,13.5,New Zealand,AE Satterthwaite,SW Bates,D Hazell,1,0,"",""
ball,2,13.6,New Zealand,SW Bates,AE Satterthwaite,D Hazell,1,0,"",""
ball,2,14.1,New Zealand,SW Bates,AE Satterthwaite,DN Wyatt,1,0,"",""
ball,2,14.2,New Zealand,AE Satterthwaite,SW Bates,DN Wyatt,0,0,caught,AE Satterthwaite
ball,2,14.3,New Zealand,SW Bates,EC Perry,DN Wyatt,0,0,stumped,SW Bates
ball,2,14.4,New Zealand,KT Perkins,EC Perry,DN Wyatt,1,0,"",""
ball,2,14.5,New Zealand,EC Perry,KT Perkins,DN Wyatt,1,0,"",""
ball,2,14.6,New Zealand,KT Perkins,EC Perry,DN Wyatt,4,0,"",""
ball,2,15.1,New Zealand,EC Perry,KT Perkins,D Hazell,0,0,bowled,EC Perry
ball,2,15.2,New Zealand,KE Broadmore,KT Perkins,D Hazell,0,1,"",""
ball,2,15.3,New Zealand,KE Broadmore,KT Perkins,D Hazell,4,0,"",""
ball,2,15.4,New Zealand,KE Broadmore,KT Perkins,D Hazell,1,0,"",""
ball,2,15.5,New Zealand,KT Perkins,KE Broadmore,D Hazell,0,0,lbw,KT Perkins
ball,2,15.6,New Zealand,KJ Martin,KE Broadmore,D Hazell,1,0,"",""
ball,2,15.7,New Zealand,KE Broadmore,KJ Martin,D Hazell,0,0,"",""
ball,2,16.1,New Zealand,KJ Martin,KE Broadmore,A Brindle,1,0,"",""
ball,2,16.2,New Zealand,KE Broadmore,KJ Martin,A Brindle,0,0,"",""
ball,2,16.3,New Zealand,KE Broadmore,KJ Martin,A Brindle,1,0,"",""
ball,2,16.4,New Zealand,KJ Martin,KE Broadmore,A Brindle,1,0,"",""
ball,2,16.5,New Zealand,KE Broadmore,KJ Martin,A Brindle,0,0,"",""
ball,2,16.6,New Zealand,KE Broadmore,KJ Martin,A Brindle,2,0,"",""
ball,2,17.1,New Zealand,KJ Martin,KE Broadmore,LA Marsh,0,0,"",""
ball,2,17.2,New Zealand,KJ Martin,KE Broadmore,LA Marsh,1,0,"",""
ball,2,17.3,New Zealand,KE Broadmore,KJ Martin,LA Marsh,1,0,"",""
ball,2,17.4,New Zealand,KJ Martin,KE Broadmore,LA Marsh,0,0,run out,KJ Martin
ball,2,17.5,New Zealand,KE Broadmore,MJG Nielsen,LA Marsh,0,0,caught,KE Broadmore
ball,2,17.6,New Zealand,LR Doolan,MJG Nielsen,LA Marsh,0,0,"",""
ball,2,18.1,New Zealand,MJG Nielsen,LR Doolan,DN Wyatt,1,0,"",""
ball,2,18.2,New Zealand,LR Doolan,MJG Nielsen,DN Wyatt,1,0,"",""
ball,2,18.3,New Zealand,MJG Nielsen,LR Doolan,DN Wyatt,4,0,"",""
ball,2,18.4,New Zealand,MJG Nielsen,LR Doolan,DN Wyatt,2,0,"",""
ball,2,18.5,New Zealand,MJG Nielsen,LR Doolan,DN Wyatt,1,0,"",""
ball,2,18.6,New Zealand,LR Doolan,MJG Nielsen,DN Wyatt,0,0,caught,LR Doolan
ball,2,19.1,New Zealand,LMM Tahuhu,MJG Nielsen,A Shrubsole,0,0,"",""
ball,2,19.2,New Zealand,LMM Tahuhu,MJG Nielsen,A Shrubsole,0,0,caught,LMM Tahuhu
