version,1.3.0
info,team,New Zealand
info,team,England
info,gender,female
info,season,2011/12
info,date,2012/02/17
info,series,England Women in New Zealand T20I Series
info,match_number,1
info,venue,Westpac Stadium
info,city,Wellington
info,toss_winner,England
info,toss_decision,field
info,player_of_match,A Shrubsole
info,umpire,CB Gaffaney
info,umpire,PD Jones
info,tv_umpire,EA Watkin
info,winner,England
info,winner_wickets,6
ball,1,0.1,New Zealand,SW Bates,SJ McGlashan,DN Wyatt,0,0,"",""
ball,1,0.2,New Zealand,SW Bates,SJ McGlashan,DN Wyatt,0,0,"",""
ball,1,0.3,New Zealand,SW Bates,SJ McGlashan,DN Wyatt,0,0,"",""
ball,1,0.4,New Zealand,SW Bates,SJ McGlashan,DN Wyatt,1,0,"",""
ball,1,0.5,New Zealand,SJ McGlashan,SW Bates,DN Wyatt,0,0,"",""
ball,1,0.6,New Zealand,SJ McGlashan,SW Bates,DN Wyatt,1,0,"",""
ball,1,1.1,New Zealand,SJ McGlashan,SW Bates,LA Marsh,1,0,"",""
ball,1,1.2,New Zealand,SW Bates,SJ McGlashan,LA Marsh,1,0,"",""
ball,1,1.3,New Zealand,SJ McGlashan,SW Bates,LA Marsh,1,0,"",""
ball,1,1.4,New Zealand,SW Bates,SJ McGlashan,LA Marsh,0,0,"",""
ball,1,1.5,New Zealand,SW Bates,SJ McGlashan,LA Marsh,6,0,"",""
ball,1,1.6,New Zealand,SW Bates,SJ McGlashan,LA Marsh,0,0,"",""
ball,1,2.1,New Zealand,SJ McGlashan,SW Bates,A Brindle,2,0,"",""
ball,1,2.2,New Zealand,SJ McGlashan,SW Bates,A Brindle,0,0,"",""
ball,1,2.3,New Zealand,SJ McGlashan,SW Bates,A Brindle,0,0,"",""
ball,1,2.4,New Zealand,SJ McGlashan,SW Bates,A Brindle,2,0,"",""
ball,1,2.5,New Zealand,SJ McGlashan,SW Bates,A Brindle,1,0,"",""
ball,1,2.6,New Zealand,SW Bates,SJ McGlashan,A Brindle,0,0,"",""
ball,1,3.1,New Zealand,SJ McGlashan,SW Bates,A Shrubsole,0,0,"",""
ball,1,3.2,New Zealand,SJ McGlashan,SW Bates,A Shrubsole,0,0,"",""
ball,1,3.3,New Zealand,SJ McGlashan,SW Bates,A Shrubsole,1,0,"",""
ball,1,3.4,New Zealand,SW Bates,SJ McGlashan,A Shrubsole,1,0,"",""
ball,1,3.5,New Zealand,SJ McGlashan,SW Bates,A Shrubsole,0,0,bowled,SJ McGlashan
ball,1,3.6,New Zealand,AE Satterthwaite,SW Bates,A Shrubsole,0,0,"",""
ball,1,4.1,New Zealand,SW Bates,AE Satterthwaite,A Brindle,0,0,"",""
ball,1,4.2,New Zealand,SW Bates,AE Satterthwaite,A Brindle,1,0,"",""
ball,1,4.3,New Zealand,AE Satterthwaite,SW Bates,A Brindle,0,0,"",""
ball,1,4.4,New Zealand,AE Satterthwaite,SW Bates,A Brindle,0,0,"",""
ball,1,4.5,New Zealand,AE Satterthwaite,SW Bates,A Brindle,0,0,"",""
ball,1,4.6,New Zealand,AE Satterthwaite,SW Bates,A Brindle,0,0,"",""
ball,1,5.1,New Zealand,SW Bates,AE Satterthwaite,A Shrubsole,0,0,bowled,SW Bates
ball,1,5.2,New Zealand,KT Perkins,AE Satterthwaite,A Shrubsole,1,0,"",""
ball,1,5.3,New Zealand,AE Satterthwaite,KT Perkins,A Shrubsole,0,1,"",""
ball,1,5.4,New Zealand,KT Perkins,AE Satterthwaite,A Shrubsole,0,0,"",""
ball,1,5.5,New Zealand,KT Perkins,AE Satterthwaite,A Shrubsole,0,0,bowled,KT Perkins
ball,1,5.6,New Zealand,EC Perry,AE Satterthwaite,A Shrubsole,0,0,"",""
ball,1,6.1,New Zealand,AE Satterthwaite,EC Perry,D Hazell,0,0,"",""
ball,1,6.2,New Zealand,AE Satterthwaite,EC Perry,D Hazell,0,0,"",""
ball,1,6.3,New Zealand,AE Satterthwaite,EC Perry,D Hazell,1,0,"",""
ball,1,6.4,New Zealand,EC Perry,AE Satterthwaite,D Hazell,1,0,"",""
ball,1,6.5,New Zealand,AE Satterthwaite,EC Perry,D Hazell,2,0,"",""
ball,1,6.6,New Zealand,AE Satterthwaite,EC Perry,D Hazell,1,0,"",""
ball,1,7.1,New Zealand,AE Satterthwaite,EC Perry,A Shrubsole,1,0,"",""
ball,1,7.2,New Zealand,EC Perry,AE Satterthwaite,A Shrubsole,0,0,"",""
ball,1,7.3,New Zealand,EC Perry,AE Satterthwaite,A Shrubsole,1,0,"",""
ball,1,7.4,New Zealand,AE Satterthwaite,EC Perry,A Shrubsole,1,0,"",""
ball,1,7.5,New Zealand,EC Perry,AE Satterthwaite,A Shrubsole,0,0,"",""
ball,1,7.6,New Zealand,EC Perry,AE Satterthwaite,A Shrubsole,2,0,"",""
ball,1,8.1,New Zealand,AE Satterthwaite,EC Perry,D Hazell,2,0,"",""
ball,1,8.2,New Zealand,AE Satterthwaite,EC Perry,D Hazell,0,0,caught,AE Satterthwaite
ball,1,8.3,New Zealand,EC Perry,FL Mackay,D Hazell,0,0,"",""
ball,1,8.4,New Zealand,EC Perry,FL Mackay,D Hazell,0,0,"",""
ball,1,8.5,New Zealand,EC Perry,FL Mackay,D Hazell,0,0,lbw,EC Perry
ball,1,8.6,New Zealand,KJ Martin,FL Mackay,D Hazell,1,0,"",""
ball,1,9.1,New Zealand,KJ Martin,FL Mackay,LA Marsh,1,0,"",""
ball,1,9.2,New Zealand,FL Mackay,KJ Martin,LA Marsh,0,0,lbw,FL Mackay
ball,1,9.3,New Zealand,KE Broadmore,KJ Martin,LA Marsh,0,0,"",""
ball,1,9.4,New Zealand,KE Broadmore,KJ Martin,LA Marsh,0,0,"",""
ball,1,9.5,New Zealand,KE Broadmore,KJ Martin,LA Marsh,1,0,"",""
ball,1,9.6,New Zealand,KJ Martin,KE Broadmore,LA Marsh,1,0,"",""
ball,1,10.1,New Zealand,KJ Martin,KE Broadmore,D Hazell,0,0,"",""
ball,1,10.2,New Zealand,KJ Martin,KE Broadmore,D Hazell,1,0,"",""
ball,1,10.3,New Zealand,KE Broadmore,KJ Martin,D Hazell,2,0,"",""
ball,1,10.4,New Zealand,KE Broadmore,KJ Martin,D Hazell,0,0,"",""
ball,1,10.5,New Zealand,KE Broadmore,KJ Martin,D Hazell,0,0,"",""
ball,1,10.6,New Zealand,KE Broadmore,KJ Martin,D Hazell,1,0,"",""
ball,1,11.1,New Zealand,KE Broadmore,KJ Martin,LA Marsh,1,0,"",""
ball,1,11.2,New Zealand,KJ Martin,KE Broadmore,LA Marsh,1,0,"",""
ball,1,11.3,New Zealand,KE Broadmore,KJ Martin,LA Marsh,1,0,"",""
ball,1,11.4,New Zealand,KJ Martin,KE Broadmore,LA Marsh,4,0,"",""
ball,1,11.5,New Zealand,KJ Martin,KE Broadmore,LA Marsh,1,0,"",""
ball,1,11.6,New Zealand,KE Broadmore,KJ Martin,LA Marsh,1,0,"",""
ball,1,12.1,New Zealand,KE Broadmore,KJ Martin,A Brindle,1,0,"",""
ball,1,12.2,New Zealand,KJ Martin,KE Broadmore,A Brindle,1,0,"",""
ball,1,12.3,New Zealand,KE Broadmore,KJ Martin,A Brindle,1,0,"",""
ball,1,12.4,New Zealand,KJ Martin,KE Broadmore,A Brindle,1,0,"",""
ball,1,12.5,New Zealand,KE Broadmore,KJ Martin,A Brindle,1,0,"",""
ball,1,12.6,New Zealand,KJ Martin,KE Broadmore,A Brindle,0,0,"",""
ball,1,13.1,New Zealand,KE Broadmore,KJ Martin,A Shrubsole,1,0,"",""
ball,1,13.2,New Zealand,KJ Martin,KE Broadmore,A Shrubsole,0,0,lbw,KJ Martin
ball,1,13.3,New Zealand,MJG Nielsen,KE Broadmore,A Shrubsole,0,1,"",""
ball,1,13.4,New Zealand,MJG Nielsen,KE Broadmore,A Shrubsole,0,0,bowled,MJG Nielsen
ball,1,13.5,New Zealand,LMM Tahuhu,KE Broadmore,A Shrubsole,0,0,"",""
ball,1,13.6,New Zealand,LMM Tahuhu,KE Broadmore,A Shrubsole,1,0,"",""
ball,1,13.7,New Zealand,KE Broadmore,LMM Tahuhu,A Shrubsole,0,0,"",""
ball,1,14.1,New Zealand,LMM Tahuhu,KE Broadmore,DN Wyatt,0,0,"",""
ball,1,14.2,New Zealand,LMM Tahuhu,KE Broadmore,DN Wyatt,1,0,"",""
ball,1,14.3,New Zealand,KE Broadmore,LMM Tahuhu,DN Wyatt,0,0,"",""
ball,1,14.4,New Zealand,KE Broadmore,LMM Tahuhu,DN Wyatt,1,0,"",""
ball,1,14.5,New Zealand,LMM Tahuhu,KE Broadmore,DN Wyatt,0,0,"",""
ball,1,14.6,New Zealand,LMM Tahuhu,KE Broadmore,DN Wyatt,0,0,"",""
ball,1,15.1,New Zealand,KE Broadmore,LMM Tahuhu,LA Marsh,0,0,"",""
ball,1,15.2,New Zealand,KE Broadmore,LMM Tahuhu,LA Marsh,4,0,"",""
ball,1,15.3,New Zealand,KE Broadmore,LMM Tahuhu,LA Marsh,0,0,"",""
ball,1,15.4,New Zealand,KE Broadmore,LMM Tahuhu,LA Marsh,0,0,"",""
ball,1,15.5,New Zealand,KE Broadmore,LMM Tahuhu,LA Marsh,0,0,"",""
ball,1,15.6,New Zealand,KE Broadmore,LMM Tahuhu,LA Marsh,1,0,"",""
ball,1,16.1,New Zealand,KE Broadmore,LMM Tahuhu,D Hazell,1,0,"",""
ball,1,16.2,New Zealand,LMM Tahuhu,KE Broadmore,D Hazell,1,0,"",""
ball,1,16.3,New Zealand,KE Broadmore,LMM Tahuhu,D Hazell,1,0,"",""
ball,1,16.4,New Zealand,LMM Tahuhu,KE Broadmore,D Hazell,0,0,bowled,LMM Tahuhu
ball,1,16.5,New Zealand,SEA Ruck,KE Broadmore,D Hazell,0,0,"",""
ball,1,16.6,New Zealand,SEA Ruck,KE Broadmore,D Hazell,0,0,"",""
ball,1,17.1,New Zealand,KE Broadmore,SEA Ruck,DN Wyatt,1,0,"",""
ball,1,17.2,New Zealand,SEA Ruck,KE Broadmore,DN Wyatt,0,0,"",""
ball,1,17.3,New Zealand,SEA Ruck,KE Broadmore,DN Wyatt,0,0,"",""
ball,1,17.4,New Zealand,SEA Ruck,KE Broadmore,DN Wyatt,1,0,"",""
ball,1,17.5,New Zealand,KE Broadmore,SEA Ruck,DN Wyatt,1,0,"",""
ball,1,17.6,New Zealand,SEA Ruck,KE Broadmore,DN Wyatt,0,0,"",""
ball,1,18.1,New Zealand,KE Broadmore,SEA Ruck,A Brindle,0,0,"",""
ball,1,18.2,New Zealand,KE Broadmore,SEA Ruck,A Brindle,1,0,"",""
ball,1,18.3,New Zealand,SEA Ruck,KE Broadmore,A Brindle,0,0,"",""
ball,1,18.4,New Zealand,SEA Ruck,KE Broadmore,A Brindle,0,0,"",""
ball,1,18.5,New Zealand,SEA Ruck,KE Broadmore,A Brindle,1,0,"",""
ball,1,18.6,New Zealand,KE Broadmore,SEA Ruck,A Brindle,1,0,"",""
ball,1,19.1,New Zealand,KE Broadmore,SEA Ruck,DN Wyatt,2,0,"",""
ball,1,19.2,New Zealand,KE Broadmore,SEA Ruck,DN Wyatt,0,0,"",""
ball,1,19.3,New Zealand,KE Broadmore,SEA Ruck,DN Wyatt,1,0,"",""
ball,1,19.4,New Zealand,SEA Ruck,KE Broadmore,DN Wyatt,1,0,"",""
ball,1,19.5,New Zealand,KE Broadmore,SEA Ruck,DN Wyatt,1,0,"",""
ball,1,19.6,New Zealand,SEA Ruck,KE Broadmore,DN Wyatt,1,0,"",""
ball,2,0.1,England,CM Edwards,LA Marsh,FL Mackay,0,0,"",""
ball,2,0.2,England,CM Edwards,LA Marsh,FL Mackay,2,0,"",""
ball,2,0.3,England,CM Edwards,LA Marsh,FL Mackay,0,0,"",""
ball,2,0.4,England,CM Edwards,LA Marsh,FL Mackay,2,0,"",""
ball,2,0.5,England,CM Edwards,LA Marsh,FL Mackay,0,1,"",""
ball,2,0.6,England,LA Marsh,CM Edwards,FL Mackay,0,0,"",""
ball,2,1.1,England,CM Edwards,LA Marsh,MJG Nielsen,4,0,"",""
ball,2,1.2,England,CM Edwards,LA Marsh,MJG Nielsen,0,0,"",""
ball,2,1.3,England,CM Edwards,LA Marsh,MJG Nielsen,1,0,"",""
ball,2,1.4,England,LA Marsh,CM Edwards,MJG Nielsen,2,0,"",""
ball,2,1.5,England,LA Marsh,CM Edwards,MJG Nielsen,0,0,"",""
ball,2,1.6,England,LA Marsh,CM Edwards,MJG Nielsen,0,0,"",""
ball,2,2.1,England,CM Edwards,LA Marsh,FL Mackay,0,0,"",""
ball,2,2.2,England,CM Edwards,LA Marsh,FL Mackay,4,0,"",""
ball,2,2.3,England,CM Edwards,LA Marsh,FL Mackay,1,0,"",""
ball,2,2.4,England,LA Marsh,CM Edwards,FL Mackay,2,0,"",""
ball,2,2.5,England,LA Marsh,CM Edwards,FL Mackay,0,0,"",""
ball,2,2.6,England,LA Marsh,CM Edwards,FL Mackay,0,0,"",""
ball,2,3.1,England,CM Edwards,LA Marsh,SEA Ruck,0,0,"",""
ball,2,3.2,England,CM Edwards,LA Marsh,SEA Ruck,4,0,"",""
ball,2,3.3,England,CM Edwards,LA Marsh,SEA Ruck,0,0,"",""
ball,2,3.4,England,CM Edwards,LA Marsh,SEA Ruck,1,0,"",""
ball,2,3.5,England,LA Marsh,CM Edwards,SEA Ruck,0,0,"",""
ball,2,3.6,England,LA Marsh,CM Edwards,SEA Ruck,0,0,"",""
ball,2,4.1,England,CM Edwards,LA Marsh,LMM Tahuhu,0,0,caught,CM Edwards
ball,2,4.2,England,SJ Taylor,LA Marsh,LMM Tahuhu,0,0,"",""
ball,2,4.3,England,SJ Taylor,LA Marsh,LMM Tahuhu,0,0,"",""
ball,2,4.4,England,SJ Taylor,LA Marsh,LMM Tahuhu,4,0,"",""
ball,2,4.5,England,SJ Taylor,LA Marsh,LMM Tahuhu,0,1,"",""
ball,2,4.6,England,SJ Taylor,LA Marsh,LMM Tahuhu,0,0,"",""
ball,2,4.7,England,SJ Taylor,LA Marsh,LMM Tahuhu,1,0,"",""
ball,2,5.1,England,SJ Taylor,LA Marsh,SEA Ruck,1,0,"",""
ball,2,5.2,England,LA Marsh,SJ Taylor,SEA Ruck,0,0,bowled,LA Marsh
ball,2,5.3,England,LS Greenway,SJ Taylor,SEA Ruck,0,0,lbw,LS Greenway
ball,2,5.4,England,A Brindle,SJ Taylor,SEA Ruck,0,0,"",""
ball,2,5.5,England,A Brindle,SJ Taylor,SEA Ruck,0,0,"",""
ball,2,5.6,England,A Brindle,SJ Taylor,SEA Ruck,0,0,"",""
ball,2,6.1,England,SJ Taylor,A Brindle,LMM Tahuhu,1,0,"",""
ball,2,6.2,England,A Brindle,SJ Taylor,LMM Tahuhu,0,0,"",""
ball,2,6.3,England,A Brindle,SJ Taylor,LMM Tahuhu,1,0,"",""
ball,2,6.4,England,SJ Taylor,A Brindle,LMM Tahuhu,1,0,"",""
ball,2,6.5,England,A Brindle,SJ Taylor,LMM Tahuhu,0,0,"",""
ball,2,6.6,England,A Brindle,SJ Taylor,LMM Tahuhu,1,0,"",""
ball,2,7.1,England,A Brindle,SJ Taylor,SEA Ruck,0,0,"",""
ball,2,7.2,England,A Brindle,SJ Taylor,SEA Ruck,1,0,"",""
ball,2,7.3,England,SJ Taylor,A Brindle,SEA Ruck,0,0,"",""
ball,2,7.4,England,SJ Taylor,A Brindle,SEA Ruck,1,0,"",""
ball,2,7.5,England,A Brindle,SJ Taylor,SEA Ruck,0,0,"",""
ball,2,7.6,England,A Brindle,SJ Taylor,SEA Ruck,0,0,"",""
ball,2,8.1,England,SJ Taylor,A Brindle,KE Broadmore,0,0,"",""
ball,2,8.2,England,SJ Taylor,A Brindle,KE Broadmore,0,0,"",""
ball,2,8.3,England,SJ Taylor,A Brindle,KE Broadmore,0,0,"",""
ball,2,8.4,England,SJ Taylor,A Brindle,KE Broadmore,0,0,"",""
ball,2,8.5,England,SJ Taylor,A Brindle,KE Broadmore,0,0,"",""
ball,2,8.6,England,SJ Taylor,A Brindle,KE Broadmore,0,0,"",""
ball,2,9.1,England,A Brindle,SJ Taylor,SEA Ruck,0,0,"",""
ball,2,9.2,England,A Brindle,SJ Taylor,SEA Ruck,0,0,"",""
ball,2,9.3,England,A Brindle,SJ Taylor,SEA Ruck,2,0,"",""
ball,2,9.4,England,A Brindle,SJ Taylor,SEA Ruck,1,0,"",""
ball,2,9.5,England,SJ Taylor,A Brindle,SEA Ruck,4,0,"",""
ball,2,9.6,England,SJ Taylor,A Brindle,SEA Ruck,0,0,"",""
ball,2,10.1,England,A Brindle,SJ Taylor,KE Broadmore,0,0,"",""
ball,2,10.2,England,A Brindle,SJ Taylor,KE Broadmore,0,0,bowled,A Brindle
ball,2,10.3,England,TT Beaumont,SJ Taylor,KE Broadmore,0,0,"",""
ball,2,10.4,England,TT Beaumont,SJ Taylor,KE Broadmore,0,0,"",""
ball,2,10.5,England,TT Beaumont,SJ Taylor,KE Broadmore,0,0,"",""
ball,2,10.6,England,TT Beaumont,SJ Taylor,KE Broadmore,0,0,"",""
ball,2,11.1,England,SJ Taylor,TT Beaumont,AE Satterthwaite,1,0,"",""
ball,2,11.2,England,TT Beaumont,SJ Taylor,AE Satterthwaite,0,0,"",""
ball,2,11.3,England,TT Beaumont,SJ Taylor,AE Satterthwaite,1,0,"",""
ball,2,11.4,England,SJ Taylor,TT Beaumont,AE Satterthwaite,1,0,"",""
ball,2,11.5,England,TT Beaumont,SJ Taylor,AE Satterthwaite,1,0,"",""
ball,2,11.6,England,SJ Taylor,TT Beaumont,AE Satterthwaite,0,0,"",""
ball,2,12.1,England,TT Beaumont,SJ Taylor,KE Broadmore,0,0,"",""
ball,2,12.2,England,TT Beaumont,SJ Taylor,KE Broadmore,0,0,"",""
ball,2,12.3,England,TT Beaumont,SJ Taylor,KE Broadmore,2,0,"",""
ball,2,12.4,England,TT Beaumont,SJ Taylor,KE Broadmore,0,0,"",""
ball,2,12.5,England,TT Beaumont,SJ Taylor,KE Broadmore,2,0,"",""
ball,2,12.6,England,TT Beaumont,SJ Taylor,KE Broadmore,0,0,"",""
ball,2,13.1,England,SJ Taylor,TT Beaumont,AE Satterthwaite,1,0,"",""
ball,2,13.2,England,TT Beaumont,SJ Taylor,AE Satterthwaite,0,0,"",""
ball,2,13.3,England,TT Beaumont,SJ Taylor,AE Satterthwaite,1,0,"",""
ball,2,13.4,England,SJ Taylor,TT Beaumont,AE Satterthwaite,0,0,"",""
ball,2,13.5,England,SJ Taylor,TT Beaumont,AE Satterthwaite,2,0,"",""
ball,2,13.6,England,SJ Taylor,TT Beaumont,AE Satterthwaite,1,0,"",""
ball,2,14.1,England,SJ Taylor,TT Beaumont,KE Broadmore,0,0,"",""
ball,2,14.2,England,SJ Taylor,TT Beaumont,KE Broadmore,1,0,"",""
ball,2,14.3,England,TT Beaumont,SJ Taylor,KE Broadmore,0,1,"",""
ball,2,14.4,England,SJ Taylor,TT Beaumont,KE Broadmore,4,0,"",""
ball,2,14.5,England,SJ Taylor,TT Beaumont,KE Broadmore,1,0,"",""
ball,2,14.6,England,TT Beaumont,SJ Taylor,KE Broadmore,1,0,"",""
ball,2,15.1,England,TT Beaumont,SJ Taylor,FL Mackay,1,0,"",""
ball,2,15.2,England,SJ Taylor,TT Beaumont,FL Mackay,0,0,"",""
ball,2,15.3,England,SJ Taylor,TT Beaumont,FL Mackay,1,0,"",""
ball,2,15.4,England,TT Beaumont,SJ Taylor,FL Mackay,0,0,"",""
ball,2,15.5,England,TT Beaumont,SJ Taylor,FL Mackay,4,0,"",""
ball,2,15.6,England,TT Beaumont,SJ Taylor,FL Mackay,1,0,"",""
ball,2,16.1,England,TT Beaumont,SJ Taylor,MJG Nielsen,0,0,"",""
ball,2,16.2,England,TT Beaumont,SJ Taylor,MJG Nielsen,0,0,"",""
ball,2,16.3,England,TT Beaumont,SJ Taylor,MJG Nielsen,0,0,"",""
ball,2,16.4,England,TT Beaumont,SJ Taylor,MJG Nielsen,1,0,"",""
ball,2,16.5,England,SJ Taylor,TT Beaumont,MJG Nielsen,1,0,"",""
ball,2,16.6,England,TT Beaumont,SJ Taylor,MJG Nielsen,0,1,"",""
ball,2,16.7,England,TT Beaumont,SJ Taylor,MJG Nielsen,1,0,"",""
ball,2,17.1,England,TT Beaumont,SJ Taylor,FL Mackay,0,0,"",""
ball,2,17.2,England,TT Beaumont,SJ Taylor,FL Mackay,1,0,"",""
ball,2,17.3,England,SJ Taylor,TT Beaumont,FL Mackay,0,0,"",""
ball,2,17.4,England,SJ Taylor,TT Beaumont,FL Mackay,4,0,"",""
