version,1.3.0
info,team,England
info,team,Pakistan
info,gender,male
info,season,2011/12
info,date,2012/02/25
info,series,Pakistan v England T20I Series
info,match_number,2
info,venue,Dubai International Cricket Stadium
info,city,
info,neutralvenue,true
info,toss_winner,England
info,toss_decision,bat
info,player_of_match,JM Bairstow
info,umpire,Ahsan Raza
info,umpire,Zameer Haider
info,tv_umpire,Shozab Raza
info,match_referee,JJ Crowe
info,winner,England
info,winner_runs,38
ball,1,0.1,England,KP Pietersen,C Kieswetter,Mohammad Hafeez,4,0,"",""
ball,1,0.2,England,KP Pietersen,C Kieswetter,Mohammad Hafeez,1,0,"",""
ball,1,0.3,England,C Kieswetter,KP Pietersen,Mohammad Hafeez,0,0,"",""
ball,1,0.4,England,C Kieswetter,KP Pietersen,Mohammad Hafeez,2,0,"",""
ball,1,0.5,England,C Kieswetter,KP Pietersen,Mohammad Hafeez,0,0,"",""
ball,1,0.6,England,C Kieswetter,KP Pietersen,Mohammad Hafeez,0,0,"",""
ball,1,1.1,England,KP Pietersen,C Kieswetter,Aizaz Cheema,0,0,"",""
ball,1,1.2,England,KP Pietersen,C Kieswetter,Aizaz Cheema,0,0,"",""
ball,1,1.3,England,KP Pietersen,C Kieswetter,Aizaz Cheema,4,0,"",""
ball,1,1.4,England,KP Pietersen,C Kieswetter,Aizaz Cheema,1,0,"",""
ball,1,1.5,England,C Kieswetter,KP Pietersen,Aizaz Cheema,0,0,"",""
ball,1,1.6,England,C Kieswetter,KP Pietersen,Aizaz Cheema,0,0,"",""
ball,1,2.1,England,KP Pietersen,C Kieswetter,Mohammad Hafeez,0,0,"",""
ball,1,2.2,England,KP Pietersen,C Kieswetter,Mohammad Hafeez,1,0,"",""
ball,1,2.3,England,C Kieswetter,KP Pietersen,Mohammad Hafeez,1,0,"",""
ball,1,2.4,England,KP Pietersen,C Kieswetter,Mohammad Hafeez,0,1,"",""
ball,1,2.5,England,KP Pietersen,C Kieswetter,Mohammad Hafeez,1,0,"",""
ball,1,2.6,England,C Kieswetter,KP Pietersen,Mohammad Hafeez,2,0,"",""
ball,1,2.7,England,C Kieswetter,KP Pietersen,Mohammad Hafeez,1,0,"",""
ball,1,3.1,England,C Kieswetter,KP Pietersen,Aizaz Cheema,1,0,"",""
ball,1,3.2,England,KP Pietersen,C Kieswetter,Aizaz Cheema,4,0,"",""
ball,1,3.3,England,KP Pietersen,C Kieswetter,Aizaz Cheema,1,0,"",""
ball,1,3.4,England,C Kieswetter,KP Pietersen,Aizaz Cheema,2,0,"",""
ball,1,3.5,England,C Kieswetter,KP Pietersen,Aizaz Cheema,4,0,"",""
ball,1,3.6,England,C Kieswetter,KP Pietersen,Aizaz Cheema,4,0,"",""
ball,1,4.1,England,KP Pietersen,C Kieswetter,Saeed Ajmal,0,0,"",""
ball,1,4.2,England,KP Pietersen,C Kieswetter,Saeed Ajmal,0,0,caught,KP Pietersen
ball,1,4.3,England,RS Bopara,C Kieswetter,Saeed Ajmal,0,0,"",""
ball,1,4.4,England,RS Bopara,C Kieswetter,Saeed Ajmal,0,0,"",""
ball,1,4.5,England,RS Bopara,C Kieswetter,Saeed Ajmal,1,0,"",""
ball,1,4.6,England,C Kieswetter,RS Bopara,Saeed Ajmal,1,0,"",""
ball,1,5.1,England,C Kieswetter,RS Bopara,Umar Gul,1,0,"",""
ball,1,5.2,England,RS Bopara,C Kieswetter,Umar Gul,0,0,lbw,RS Bopara
ball,1,5.3,England,EJG Morgan,C Kieswetter,Umar Gul,0,0,"",""
ball,1,5.4,England,EJG Morgan,C Kieswetter,Umar Gul,4,0,"",""
ball,1,5.5,England,EJG Morgan,C Kieswetter,Umar Gul,4,0,"",""
ball,1,5.6,England,EJG Morgan,C Kieswetter,Umar Gul,0,0,"",""
ball,1,6.1,England,C Kieswetter,EJG Morgan,Mohammad Hafeez,1,0,"",""
ball,1,6.2,England,EJG Morgan,C Kieswetter,Mohammad Hafeez,1,0,"",""
ball,1,6.3,England,C Kieswetter,EJG Morgan,Mohammad Hafeez,1,0,"",""
ball,1,6.4,England,EJG Morgan,C Kieswetter,Mohammad Hafeez,0,0,"",""
ball,1,6.5,England,EJG Morgan,C Kieswetter,Mohammad Hafeez,0,0,lbw,EJG Morgan
ball,1,6.6,England,JM Bairstow,C Kieswetter,Mohammad Hafeez,1,0,"",""
ball,1,7.1,England,JM Bairstow,C Kieswetter,Shahid Afridi,0,0,"",""
ball,1,7.2,England,JM Bairstow,C Kieswetter,Shahid Afridi,2,0,"",""
ball,1,7.3,England,JM Bairstow,C Kieswetter,Shahid Afridi,4,0,"",""
ball,1,7.4,England,JM Bairstow,C Kieswetter,Shahid Afridi,0,1,"",""
ball,1,7.5,England,C Kieswetter,JM Bairstow,Shahid Afridi,1,0,"",""
ball,1,7.6,England,JM Bairstow,C Kieswetter,Shahid Afridi,0,0,"",""
ball,1,8.1,England,C Kieswetter,JM Bairstow,Mohammad Hafeez,0,0,"",""
ball,1,8.2,England,C Kieswetter,JM Bairstow,Mohammad Hafeez,1,0,"",""
ball,1,8.3,England,JM Bairstow,C Kieswetter,Mohammad Hafeez,0,0,"",""
ball,1,8.4,England,JM Bairstow,C Kieswetter,Mohammad Hafeez,4,0,"",""
ball,1,8.5,England,JM Bairstow,C Kieswetter,Mohammad Hafeez,1,0,"",""
ball,1,8.6,England,C Kieswetter,JM Bairstow,Mohammad Hafeez,1,0,"",""
ball,1,9.1,England,C Kieswetter,JM Bairstow,Shahid Afridi,1,0,"",""
ball,1,9.2,England,JM Bairstow,C Kieswetter,Shahid Afridi,6,0,"",""
ball,1,9.3,England,JM Bairstow,C Kieswetter,Shahid Afridi,1,0,"",""
ball,1,9.4,England,C Kieswetter,JM Bairstow,Shahid Afridi,6,0,"",""
ball,1,9.5,England,C Kieswetter,JM Bairstow,Shahid Afridi,0,0,caught,C Kieswetter
ball,1,9.6,England,SR Patel,JM Bairstow,Shahid Afridi,0,0,"",""
ball,1,10.1,England,JM Bairstow,SR Patel,Shoaib Malik,2,0,"",""
ball,1,10.2,England,JM Bairstow,SR Patel,Shoaib Malik,1,0,"",""
ball,1,10.3,England,SR Patel,JM Bairstow,Shoaib Malik,1,0,"",""
ball,1,10.4,England,JM Bairstow,SR Patel,Shoaib Malik,4,0,"",""
ball,1,10.5,England,JM Bairstow,SR Patel,Shoaib Malik,1,0,"",""
ball,1,10.6,England,SR Patel,JM Bairstow,Shoaib Malik,1,0,"",""
ball,1,11.1,England,SR Patel,JM Bairstow,Aizaz Cheema,1,0,"",""
ball,1,11.2,England,JM Bairstow,SR Patel,Aizaz Cheema,0,0,"",""
ball,1,11.3,England,JM Bairstow,SR Patel,Aizaz Cheema,0,0,"",""
ball,1,11.4,England,JM Bairstow,SR Patel,Aizaz Cheema,0,1,"",""
ball,1,11.5,England,SR Patel,JM Bairstow,Aizaz Cheema,0,1,"",""
ball,1,11.6,England,SR Patel,JM Bairstow,Aizaz Cheema,0,0,"",""
ball,1,11.7,England,SR Patel,JM Bairstow,Aizaz Cheema,0,1,"",""
ball,1,11.8,England,SR Patel,JM Bairstow,Aizaz Cheema,1,0,"",""
ball,1,12.1,England,SR Patel,JM Bairstow,Saeed Ajmal,1,0,"",""
ball,1,12.2,England,JM Bairstow,SR Patel,Saeed Ajmal,1,0,"",""
ball,1,12.3,England,SR Patel,JM Bairstow,Saeed Ajmal,1,0,"",""
ball,1,12.4,England,JM Bairstow,SR Patel,Saeed Ajmal,0,0,"",""
ball,1,12.5,England,JM Bairstow,SR Patel,Saeed Ajmal,2,0,"",""
ball,1,12.6,England,JM Bairstow,SR Patel,Saeed Ajmal,0,0,"",""
ball,1,13.1,England,SR Patel,JM Bairstow,Shahid Afridi,1,0,"",""
ball,1,13.2,England,JM Bairstow,SR Patel,Shahid Afridi,0,0,"",""
ball,1,13.3,England,JM Bairstow,SR Patel,Shahid Afridi,4,0,"",""
ball,1,13.4,England,JM Bairstow,SR Patel,Shahid Afridi,0,0,"",""
ball,1,13.5,England,JM Bairstow,SR Patel,Shahid Afridi,2,0,"",""
ball,1,13.6,England,JM Bairstow,SR Patel,Shahid Afridi,0,0,"",""
ball,1,14.1,England,SR Patel,JM Bairstow,Saeed Ajmal,1,0,"",""
ball,1,14.2,England,JM Bairstow,SR Patel,Saeed Ajmal,4,0,"",""
ball,1,14.3,England,JM Bairstow,SR Patel,Saeed Ajmal,0,0,"",""
ball,1,14.4,England,JM Bairstow,SR Patel,Saeed Ajmal,1,0,"",""
ball,1,14.5,England,SR Patel,JM Bairstow,Saeed Ajmal,4,0,"",""
ball,1,14.6,England,SR Patel,JM Bairstow,Saeed Ajmal,0,0,"",""
ball,1,15.1,England,JM Bairstow,SR Patel,Umar Gul,0,1,"",""
ball,1,15.2,England,SR Patel,JM Bairstow,Umar Gul,1,0,run out,SR Patel
ball,1,15.3,England,JC Buttler,JM Bairstow,Umar Gul,0,0,"",""
ball,1,15.4,England,JC Buttler,JM Bairstow,Umar Gul,1,0,"",""
ball,1,15.5,England,JM Bairstow,JC Buttler,Umar Gul,1,0,"",""
ball,1,15.6,England,JC Buttler,JM Bairstow,Umar Gul,4,0,"",""
ball,1,16.1,England,JM Bairstow,JC Buttler,Saeed Ajmal,0,0,"",""
ball,1,16.2,England,JM Bairstow,JC Buttler,Saeed Ajmal,1,0,"",""
ball,1,16.3,England,JC Buttler,JM Bairstow,Saeed Ajmal,0,0,"",""
ball,1,16.4,England,JC Buttler,JM Bairstow,Saeed Ajmal,0,2,"",""
ball,1,16.5,England,JC Buttler,JM Bairstow,Saeed Ajmal,1,0,"",""
ball,1,16.6,England,JM Bairstow,JC Buttler,Saeed Ajmal,1,0,"",""
ball,1,17.1,England,JM Bairstow,JC Buttler,Umar Gul,0,0,"",""
ball,1,17.2,England,JM Bairstow,JC Buttler,Umar Gul,1,0,"",""
ball,1,17.3,England,JC Buttler,JM Bairstow,Umar Gul,1,0,"",""
ball,1,17.4,England,JM Bairstow,JC Buttler,Umar Gul,0,0,"",""
ball,1,17.5,England,JM Bairstow,JC Buttler,Umar Gul,1,0,"",""
ball,1,17.6,England,JC Buttler,JM Bairstow,Umar Gul,0,0,bowled,JC Buttler
ball,1,18.1,England,JM Bairstow,SCJ Broad,Aizaz Cheema,2,0,"",""
ball,1,18.2,England,JM Bairstow,SCJ Broad,Aizaz Cheema,1,0,"",""
ball,1,18.3,England,SCJ Broad,JM Bairstow,Aizaz Cheema,2,0,"",""
ball,1,18.4,England,SCJ Broad,JM Bairstow,Aizaz Cheema,0,0,bowled,SCJ Broad
ball,1,18.5,England,GP Swann,JM Bairstow,Aizaz Cheema,0,0,"",""
ball,1,18.6,England,GP Swann,JM Bairstow,Aizaz Cheema,1,0,"",""
ball,1,19.1,England,GP Swann,JM Bairstow,Umar Gul,1,0,"",""
ball,1,19.2,England,JM Bairstow,GP Swann,Umar Gul,2,0,"",""
ball,1,19.3,England,JM Bairstow,GP Swann,Umar Gul,2,0,"",""
ball,1,19.4,England,JM Bairstow,GP Swann,Umar Gul,0,0,"",""
ball,1,19.5,England,JM Bairstow,GP Swann,Umar Gul,6,0,"",""
ball,1,19.6,England,JM Bairstow,GP Swann,Umar Gul,1,0,"",""
ball,2,0.1,Pakistan,Mohammad Hafeez,Awais Zia,ST Finn,0,0,"",""
ball,2,0.2,Pakistan,Mohammad Hafeez,Awais Zia,ST Finn,0,0,caught,Mohammad Hafeez
ball,2,0.3,Pakistan,Asad Shafiq,Awais Zia,ST Finn,0,0,"",""
ball,2,0.4,Pakistan,Asad Shafiq,Awais Zia,ST Finn,0,0,"",""
ball,2,0.5,Pakistan,Asad Shafiq,Awais Zia,ST Finn,1,0,"",""
ball,2,0.6,Pakistan,Awais Zia,Asad Shafiq,ST Finn,0,0,"",""
ball,2,1.1,Pakistan,Asad Shafiq,Awais Zia,JW Dernbach,0,0,"",""
ball,2,1.2,Pakistan,Asad Shafiq,Awais Zia,JW Dernbach,0,1,"",""
ball,2,1.3,Pakistan,Asad Shafiq,Awais Zia,JW Dernbach,0,0,caught and bowled,Asad Shafiq
ball,2,1.4,Pakistan,Umar Akmal,Awais Zia,JW Dernbach,2,0,"",""
ball,2,1.5,Pakistan,Umar Akmal,Awais Zia,JW Dernbach,0,0,"",""
ball,2,1.6,Pakistan,Umar Akmal,Awais Zia,JW Dernbach,1,0,"",""
ball,2,1.7,Pakistan,Awais Zia,Umar Akmal,JW Dernbach,0,1,"",""
ball,2,1.8,Pakistan,Awais Zia,Umar Akmal,JW Dernbach,0,1,"",""
ball,2,1.9,Pakistan,Awais Zia,Umar Akmal,JW Dernbach,0,0,"",""
ball,2,2.1,Pakistan,Umar Akmal,Awais Zia,ST Finn,0,0,"",""
ball,2,2.2,Pakistan,Umar Akmal,Awais Zia,ST Finn,4,0,"",""
ball,2,2.3,Pakistan,Umar Akmal,Awais Zia,ST Finn,1,0,"",""
ball,2,2.4,Pakistan,Awais Zia,Umar Akmal,ST Finn,0,0,"",""
ball,2,2.5,Pakistan,Awais Zia,Umar Akmal,ST Finn,0,0,"",""
ball,2,2.6,Pakistan,Awais Zia,Umar Akmal,ST Finn,6,0,"",""
ball,2,3.1,Pakistan,Umar Akmal,Awais Zia,JW Dernbach,0,0,"",""
ball,2,3.2,Pakistan,Umar Akmal,Awais Zia,JW Dernbach,0,0,"",""
ball,2,3.3,Pakistan,Umar Akmal,Awais Zia,JW Dernbach,4,0,"",""
ball,2,3.4,Pakistan,Umar Akmal,Awais Zia,JW Dernbach,1,0,"",""
ball,2,3.5,Pakistan,Awais Zia,Umar Akmal,JW Dernbach,0,0,"",""
ball,2,3.6,Pakistan,Awais Zia,Umar Akmal,JW Dernbach,0,1,"",""
ball,2,3.7,Pakistan,Awais Zia,Umar Akmal,JW Dernbach,0,0,"",""
ball,2,4.1,Pakistan,Umar Akmal,Awais Zia,ST Finn,6,0,"",""
ball,2,4.2,Pakistan,Umar Akmal,Awais Zia,ST Finn,0,0,caught,Umar Akmal
ball,2,4.3,Pakistan,Shoaib Malik,Awais Zia,ST Finn,0,0,"",""
ball,2,4.4,Pakistan,Shoaib Malik,Awais Zia,ST Finn,0,0,"",""
ball,2,4.5,Pakistan,Shoaib Malik,Awais Zia,ST Finn,1,0,"",""
ball,2,4.6,Pakistan,Awais Zia,Shoaib Malik,ST Finn,0,0,"",""
ball,2,5.1,Pakistan,Shoaib Malik,Awais Zia,SCJ Broad,1,0,"",""
ball,2,5.2,Pakistan,Awais Zia,Shoaib Malik,SCJ Broad,0,0,"",""
ball,2,5.3,Pakistan,Awais Zia,Shoaib Malik,SCJ Broad,0,0,"",""
ball,2,5.4,Pakistan,Awais Zia,Shoaib Malik,SCJ Broad,0,0,"",""
ball,2,5.5,Pakistan,Awais Zia,Shoaib Malik,SCJ Broad,0,0,caught,Awais Zia
ball,2,5.6,Pakistan,Misbah-ul-Haq,Shoaib Malik,SCJ Broad,1,0,"",""
ball,2,6.1,Pakistan,Misbah-ul-Haq,Shoaib Malik,GP Swann,0,0,"",""
ball,2,6.2,Pakistan,Misbah-ul-Haq,Shoaib Malik,GP Swann,0,0,"",""
ball,2,6.3,Pakistan,Misbah-ul-Haq,Shoaib Malik,GP Swann,1,0,"",""
ball,2,6.4,Pakistan,Shoaib Malik,Misbah-ul-Haq,GP Swann,1,0,"",""
ball,2,6.5,Pakistan,Misbah-ul-Haq,Shoaib Malik,GP Swann,1,0,"",""
ball,2,6.6,Pakistan,Shoaib Malik,Misbah-ul-Haq,GP Swann,1,0,"",""
ball,2,7.1,Pakistan,Shoaib Malik,Misbah-ul-Haq,RS Bopara,2,0,"",""
ball,2,7.2,Pakistan,Shoaib Malik,Misbah-ul-Haq,RS Bopara,3,0,"",""
ball,2,7.3,Pakistan,Misbah-ul-Haq,Shoaib Malik,RS Bopara,0,0,"",""
ball,2,7.4,Pakistan,Misbah-ul-Haq,Shoaib Malik,RS Bopara,0,0,"",""
ball,2,7.5,Pakistan,Misbah-ul-Haq,Shoaib Malik,RS Bopara,0,0,"",""
ball,2,7.6,Pakistan,Misbah-ul-Haq,Shoaib Malik,RS Bopara,4,0,"",""
ball,2,8.1,Pakistan,Shoaib Malik,Misbah-ul-Haq,GP Swann,1,0,"",""
ball,2,8.2,Pakistan,Misbah-ul-Haq,Shoaib Malik,GP Swann,1,0,"",""
ball,2,8.3,Pakistan,Shoaib Malik,Misbah-ul-Haq,GP Swann,2,0,"",""
ball,2,8.4,Pakistan,Shoaib Malik,Misbah-ul-Haq,GP Swann,0,0,caught,Shoaib Malik
ball,2,8.5,Pakistan,Misbah-ul-Haq,Shahid Afridi,GP Swann,0,0,"",""
ball,2,8.6,Pakistan,Misbah-ul-Haq,Shahid Afridi,GP Swann,1,0,"",""
ball,2,9.1,Pakistan,Misbah-ul-Haq,Shahid Afridi,SCJ Broad,0,0,"",""
ball,2,9.2,Pakistan,Misbah-ul-Haq,Shahid Afridi,SCJ Broad,0,0,"",""
ball,2,9.3,Pakistan,Misbah-ul-Haq,Shahid Afridi,SCJ Broad,0,0,"",""
ball,2,9.4,Pakistan,Misbah-ul-Haq,Shahid Afridi,SCJ Broad,0,0,"",""
ball,2,9.5,Pakistan,Misbah-ul-Haq,Shahid Afridi,SCJ Broad,1,0,"",""
ball,2,9.6,Pakistan,Shahid Afridi,Misbah-ul-Haq,SCJ Broad,1,0,"",""
ball,2,10.1,Pakistan,Shahid Afridi,Misbah-ul-Haq,GP Swann,2,0,"",""
ball,2,10.2,Pakistan,Shahid Afridi,Misbah-ul-Haq,GP Swann,1,0,"",""
ball,2,10.3,Pakistan,Misbah-ul-Haq,Shahid Afridi,GP Swann,0,0,"",""
ball,2,10.4,Pakistan,Misbah-ul-Haq,Shahid Afridi,GP Swann,0,0,"",""
ball,2,10.5,Pakistan,Misbah-ul-Haq,Shahid Afridi,GP Swann,0,0,"",""
ball,2,10.6,Pakistan,Misbah-ul-Haq,Shahid Afridi,GP Swann,1,0,"",""
ball,2,11.1,Pakistan,Misbah-ul-Haq,Shahid Afridi,SR Patel,1,0,"",""
ball,2,11.2,Pakistan,Shahid Afridi,Misbah-ul-Haq,SR Patel,6,0,"",""
ball,2,11.3,Pakistan,Shahid Afridi,Misbah-ul-Haq,SR Patel,1,0,"",""
ball,2,11.4,Pakistan,Misbah-ul-Haq,Shahid Afridi,SR Patel,1,0,"",""
ball,2,11.5,Pakistan,Shahid Afridi,Misbah-ul-Haq,SR Patel,4,0,"",""
ball,2,11.6,Pakistan,Shahid Afridi,Misbah-ul-Haq,SR Patel,4,0,"",""
ball,2,12.1,Pakistan,Misbah-ul-Haq,Shahid Afridi,GP Swann,0,0,caught,Misbah-ul-Haq
ball,2,12.2,Pakistan,Shahid Afridi,Hammad Azam,GP Swann,1,0,"",""
ball,2,12.3,Pakistan,Hammad Azam,Shahid Afridi,GP Swann,0,0,"",""
ball,2,12.4,Pakistan,Hammad Azam,Shahid Afridi,GP Swann,1,0,"",""
ball,2,12.5,Pakistan,Shahid Afridi,Hammad Azam,GP Swann,1,0,"",""
ball,2,12.6,Pakistan,Hammad Azam,Shahid Afridi,GP Swann,1,0,"",""
ball,2,13.1,Pakistan,Hammad Azam,Shahid Afridi,RS Bopara,0,0,"",""
ball,2,13.2,Pakistan,Hammad Azam,Shahid Afridi,RS Bopara,0,0,"",""
ball,2,13.3,Pakistan,Hammad Azam,Shahid Afridi,RS Bopara,4,0,"",""
ball,2,13.4,Pakistan,Hammad Azam,Shahid Afridi,RS Bopara,6,0,"",""
ball,2,13.5,Pakistan,Hammad Azam,Shahid Afridi,RS Bopara,1,0,"",""
ball,2,13.6,Pakistan,Shahid Afridi,Hammad Azam,RS Bopara,0,0,"",""
ball,2,14.1,Pakistan,Hammad Azam,Shahid Afridi,SCJ Broad,4,0,"",""
ball,2,14.2,Pakistan,Hammad Azam,Shahid Afridi,SCJ Broad,0,0,"",""
ball,2,14.3,Pakistan,Hammad Azam,Shahid Afridi,SCJ Broad,0,0,"",""
ball,2,14.4,Pakistan,Hammad Azam,Shahid Afridi,SCJ Broad,4,0,"",""
ball,2,14.5,Pakistan,Hammad Azam,Shahid Afridi,SCJ Broad,0,0,"",""
ball,2,14.6,Pakistan,Hammad Azam,Shahid Afridi,SCJ Broad,0,0,"",""
ball,2,15.1,Pakistan,Shahid Afridi,Hammad Azam,RS Bopara,0,0,"",""
ball,2,15.2,Pakistan,Shahid Afridi,Hammad Azam,RS Bopara,1,0,"",""
ball,2,15.3,Pakistan,Hammad Azam,Shahid Afridi,RS Bopara,0,0,caught,Hammad Azam
ball,2,15.4,Pakistan,Shahid Afridi,Umar Gul,RS Bopara,0,0,"",""
ball,2,15.5,Pakistan,Shahid Afridi,Umar Gul,RS Bopara,0,0,"",""
ball,2,15.6,Pakistan,Shahid Afridi,Umar Gul,RS Bopara,1,1,"",""
ball,2,15.7,Pakistan,Umar Gul,Shahid Afridi,RS Bopara,0,0,"",""
ball,2,16.1,Pakistan,Shahid Afridi,Umar Gul,ST Finn,1,0,"",""
ball,2,16.2,Pakistan,Umar Gul,Shahid Afridi,ST Finn,4,0,"",""
ball,2,16.3,Pakistan,Umar Gul,Shahid Afridi,ST Finn,6,0,"",""
ball,2,16.4,Pakistan,Umar Gul,Shahid Afridi,ST Finn,0,0,caught,Umar Gul
ball,2,16.5,Pakistan,Shahid Afridi,Saeed Ajmal,ST Finn,0,0,"",""
ball,2,16.6,Pakistan,Shahid Afridi,Saeed Ajmal,ST Finn,0,0,run out,Saeed Ajmal
ball,2,17.1,Pakistan,Shahid Afridi,Aizaz Cheema,JW Dernbach,0,0,"",""
ball,2,17.2,Pakistan,Shahid Afridi,Aizaz Cheema,JW Dernbach,0,0,"",""
ball,2,17.3,Pakistan,Shahid Afridi,Aizaz Cheema,JW Dernbach,1,0,"",""
ball,2,17.4,Pakistan,Aizaz Cheema,Shahid Afridi,JW Dernbach,0,0,"",""
ball,2,17.5,Pakistan,Aizaz Cheema,Shahid Afridi,JW Dernbach,0,0,"",""
ball,2,17.6,Pakistan,Aizaz Cheema,Shahid Afridi,JW Dernbach,0,0,"",""
ball,2,18.1,Pakistan,Shahid Afridi,Aizaz Cheema,SCJ Broad,0,0,"",""
ball,2,18.2,Pakistan,Shahid Afridi,Aizaz Cheema,SCJ Broad,0,0,caught,Shahid Afridi
