version,1.3.0
info,team,Sri Lanka
info,team,South Africa
info,gender,female
info,season,2012/13
info,date,2012/09/26
info,competition,ICC Women's World Twenty20
info,match_number,1
info,venue,Galle International Stadium
info,city,
info,toss_winner,South Africa
info,toss_decision,field
info,player_of_match,T Chetty
info,umpire,BF Bowden
info,umpire,AL Hill
info,reserve_umpire,NJ Llong
info,match_referee,GF Labrooy
info,winner,South Africa
info,winner_wickets,6
ball,1,0.1,Sri Lanka,AC Jayangani,SI Galagedara,M Kapp,0,0,"",""
ball,1,0.2,Sri Lanka,AC Jayangani,SI Galagedara,M Kapp,0,0,"",""
ball,1,0.3,Sri Lanka,AC Jayangani,SI Galagedara,M Kapp,0,0,"",""
ball,1,0.4,Sri Lanka,AC Jayangani,SI Galagedara,M Kapp,1,0,"",""
ball,1,0.5,Sri Lanka,SI Galagedara,AC Jayangani,M Kapp,0,1,"",""
ball,1,0.6,Sri Lanka,SI Galagedara,AC Jayangani,M Kapp,0,0,"",""
ball,1,0.7,Sri Lanka,SI Galagedara,AC Jayangani,M Kapp,0,0,"",""
ball,1,1.1,Sri Lanka,AC Jayangani,SI Galagedara,SM Benade,0,0,"",""
ball,1,1.2,Sri Lanka,AC Jayangani,SI Galagedara,SM Benade,0,0,"",""
ball,1,1.3,Sri Lanka,AC Jayangani,SI Galagedara,SM Benade,0,0,"",""
ball,1,1.4,Sri Lanka,AC Jayangani,SI Galagedara,SM Benade,0,0,"",""
ball,1,1.5,Sri Lanka,AC Jayangani,SI Galagedara,SM Benade,0,1,"",""
ball,1,1.6,Sri Lanka,AC Jayangani,SI Galagedara,SM Benade,0,0,caught,AC Jayangani
ball,1,1.7,Sri Lanka,HASD Siriwardene,SI Galagedara,SM Benade,0,0,"",""
ball,1,2.1,Sri Lanka,SI Galagedara,HASD Siriwardene,S Ismail,1,0,"",""
ball,1,2.2,Sri Lanka,HASD Siriwardene,SI Galagedara,S Ismail,0,0,"",""
ball,1,2.3,Sri Lanka,HASD Siriwardene,SI Galagedara,S Ismail,4,0,"",""
ball,1,2.4,Sri Lanka,HASD Siriwardene,SI Galagedara,S Ismail,0,0,"",""
ball,1,2.5,Sri Lanka,HASD Siriwardene,SI Galagedara,S Ismail,2,0,"",""
ball,1,2.6,Sri Lanka,HASD Siriwardene,SI Galagedara,S Ismail,0,0,"",""
ball,1,3.1,Sri Lanka,SI Galagedara,HASD Siriwardene,SM Benade,0,0,"",""
ball,1,3.2,Sri Lanka,SI Galagedara,HASD Siriwardene,SM Benade,0,1,"",""
ball,1,3.3,Sri Lanka,HASD Siriwardene,SI Galagedara,SM Benade,0,1,"",""
ball,1,3.4,Sri Lanka,HASD Siriwardene,SI Galagedara,SM Benade,0,0,"",""
ball,1,3.5,Sri Lanka,HASD Siriwardene,SI Galagedara,SM Benade,1,0,"",""
ball,1,3.6,Sri Lanka,SI Galagedara,HASD Siriwardene,SM Benade,0,0,"",""
ball,1,3.7,Sri Lanka,SI Galagedara,HASD Siriwardene,SM Benade,0,0,"",""
ball,1,4.1,Sri Lanka,HASD Siriwardene,SI Galagedara,D van Niekerk,0,0,"",""
ball,1,4.2,Sri Lanka,HASD Siriwardene,SI Galagedara,D van Niekerk,0,0,"",""
ball,1,4.3,Sri Lanka,HASD Siriwardene,SI Galagedara,D van Niekerk,0,0,caught,HASD Siriwardene
ball,1,4.4,Sri Lanka,SI Galagedara,SK Dolawatte,D van Niekerk,0,0,"",""
ball,1,4.5,Sri Lanka,SI Galagedara,SK Dolawatte,D van Niekerk,0,0,"",""
ball,1,4.6,Sri Lanka,SI Galagedara,SK Dolawatte,D van Niekerk,0,0,"",""
ball,1,5.1,Sri Lanka,SK Dolawatte,SI Galagedara,SM Benade,0,0,"",""
ball,1,5.2,Sri Lanka,SK Dolawatte,SI Galagedara,SM Benade,0,0,"",""
ball,1,5.3,Sri Lanka,SK Dolawatte,SI Galagedara,SM Benade,0,0,"",""
ball,1,5.4,Sri Lanka,SK Dolawatte,SI Galagedara,SM Benade,0,0,"",""
ball,1,5.5,Sri Lanka,SK Dolawatte,SI Galagedara,SM Benade,0,0,"",""
ball,1,5.6,Sri Lanka,SK Dolawatte,SI Galagedara,SM Benade,1,0,"",""
ball,1,6.1,Sri Lanka,SK Dolawatte,SI Galagedara,D van Niekerk,0,0,"",""
ball,1,6.2,Sri Lanka,SK Dolawatte,SI Galagedara,D van Niekerk,0,0,"",""
ball,1,6.3,Sri Lanka,SK Dolawatte,SI Galagedara,D van Niekerk,1,0,"",""
ball,1,6.4,Sri Lanka,SI Galagedara,SK Dolawatte,D van Niekerk,0,0,"",""
ball,1,6.5,Sri Lanka,SI Galagedara,SK Dolawatte,D van Niekerk,0,0,stumped,SI Galagedara
ball,1,6.6,Sri Lanka,SS Weerakkody,SK Dolawatte,D van Niekerk,1,0,"",""
ball,1,7.1,Sri Lanka,SS Weerakkody,SK Dolawatte,SM Benade,0,0,"",""
ball,1,7.2,Sri Lanka,SS Weerakkody,SK Dolawatte,SM Benade,0,0,"",""
ball,1,7.3,Sri Lanka,SS Weerakkody,SK Dolawatte,SM Benade,1,0,"",""
ball,1,7.4,Sri Lanka,SK Dolawatte,SS Weerakkody,SM Benade,0,0,caught,SK Dolawatte
ball,1,7.5,Sri Lanka,MADD Surangika,SS Weerakkody,SM Benade,0,0,"",""
ball,1,7.6,Sri Lanka,MADD Surangika,SS Weerakkody,SM Benade,2,0,"",""
ball,1,8.1,Sri Lanka,SS Weerakkody,MADD Surangika,D van Niekerk,1,0,"",""
ball,1,8.2,Sri Lanka,MADD Surangika,SS Weerakkody,D van Niekerk,0,0,"",""
ball,1,8.3,Sri Lanka,MADD Surangika,SS Weerakkody,D van Niekerk,0,0,"",""
ball,1,8.4,Sri Lanka,MADD Surangika,SS Weerakkody,D van Niekerk,0,0,"",""
ball,1,8.5,Sri Lanka,MADD Surangika,SS Weerakkody,D van Niekerk,1,0,"",""
ball,1,8.6,Sri Lanka,SS Weerakkody,MADD Surangika,D van Niekerk,1,0,"",""
ball,1,9.1,Sri Lanka,SS Weerakkody,MADD Surangika,S Ismail,2,0,"",""
ball,1,9.2,Sri Lanka,SS Weerakkody,MADD Surangika,S Ismail,0,0,run out,SS Weerakkody
ball,1,9.3,Sri Lanka,MADD Surangika,HMD Rasangika,S Ismail,1,0,"",""
ball,1,9.4,Sri Lanka,HMD Rasangika,MADD Surangika,S Ismail,0,0,"",""
ball,1,9.5,Sri Lanka,HMD Rasangika,MADD Surangika,S Ismail,0,0,"",""
ball,1,9.6,Sri Lanka,HMD Rasangika,MADD Surangika,S Ismail,0,0,"",""
ball,1,10.1,Sri Lanka,MADD Surangika,HMD Rasangika,D Devnarain,1,0,"",""
ball,1,10.2,Sri Lanka,HMD Rasangika,MADD Surangika,D Devnarain,4,0,"",""
ball,1,10.3,Sri Lanka,HMD Rasangika,MADD Surangika,D Devnarain,1,0,"",""
ball,1,10.4,Sri Lanka,MADD Surangika,HMD Rasangika,D Devnarain,1,0,"",""
ball,1,10.5,Sri Lanka,HMD Rasangika,MADD Surangika,D Devnarain,1,0,"",""
ball,1,10.6,Sri Lanka,MADD Surangika,HMD Rasangika,D Devnarain,0,0,"",""
ball,1,11.1,Sri Lanka,HMD Rasangika,MADD Surangika,S Loubser,1,0,"",""
ball,1,11.2,Sri Lanka,MADD Surangika,HMD Rasangika,S Loubser,0,0,"",""
ball,1,11.3,Sri Lanka,MADD Surangika,HMD Rasangika,S Loubser,0,0,"",""
ball,1,11.4,Sri Lanka,MADD Surangika,HMD Rasangika,S Loubser,0,0,"",""
ball,1,11.5,Sri Lanka,MADD Surangika,HMD Rasangika,S Loubser,0,0,run out,HMD Rasangika
ball,1,11.6,Sri Lanka,CR Seneviratna,MADD Surangika,S Loubser,0,0,"",""
ball,1,12.1,Sri Lanka,MADD Surangika,CR Seneviratna,M Kapp,0,0,"",""
ball,1,12.2,Sri Lanka,MADD Surangika,CR Seneviratna,M Kapp,0,0,"",""
ball,1,12.3,Sri Lanka,MADD Surangika,CR Seneviratna,M Kapp,0,1,"",""
ball,1,12.4,Sri Lanka,MADD Surangika,CR Seneviratna,M Kapp,1,0,"",""
ball,1,12.5,Sri Lanka,CR Seneviratna,MADD Surangika,M Kapp,0,0,"",""
ball,1,12.6,Sri Lanka,CR Seneviratna,MADD Surangika,M Kapp,1,0,"",""
ball,1,12.7,Sri Lanka,MADD Surangika,CR Seneviratna,M Kapp,0,0,"",""
ball,1,13.1,Sri Lanka,CR Seneviratna,MADD Surangika,S Loubser,1,0,"",""
ball,1,13.2,Sri Lanka,MADD Surangika,CR Seneviratna,S Loubser,0,1,"",""
ball,1,13.3,Sri Lanka,CR Seneviratna,MADD Surangika,S Loubser,0,3,"",""
ball,1,13.4,Sri Lanka,CR Seneviratna,MADD Surangika,S Loubser,1,0,"",""
ball,1,13.5,Sri Lanka,MADD Surangika,CR Seneviratna,S Loubser,0,0,"",""
ball,1,13.6,Sri Lanka,MADD Surangika,CR Seneviratna,S Loubser,1,0,"",""
ball,1,13.7,Sri Lanka,CR Seneviratna,MADD Surangika,S Loubser,0,0,"",""
ball,1,14.1,Sri Lanka,MADD Surangika,CR Seneviratna,S Luus,1,0,"",""
ball,1,14.2,Sri Lanka,CR Seneviratna,MADD Surangika,S Luus,1,0,"",""
ball,1,14.3,Sri Lanka,MADD Surangika,CR Seneviratna,S Luus,1,0,"",""
ball,1,14.4,Sri Lanka,CR Seneviratna,MADD Surangika,S Luus,0,0,"",""
ball,1,14.5,Sri Lanka,CR Seneviratna,MADD Surangika,S Luus,0,0,"",""
ball,1,14.6,Sri Lanka,CR Seneviratna,MADD Surangika,S Luus,1,0,"",""
ball,1,15.1,Sri Lanka,CR Seneviratna,MADD Surangika,S Loubser,4,0,"",""
ball,1,15.2,Sri Lanka,CR Seneviratna,MADD Surangika,S Loubser,1,0,"",""
ball,1,15.3,Sri Lanka,MADD Surangika,CR Seneviratna,S Loubser,1,0,"",""
ball,1,15.4,Sri Lanka,CR Seneviratna,MADD Surangika,S Loubser,2,0,"",""
ball,1,15.5,Sri Lanka,CR Seneviratna,MADD Surangika,S Loubser,1,0,"",""
ball,1,15.6,Sri Lanka,MADD Surangika,CR Seneviratna,S Loubser,4,0,"",""
ball,1,16.1,Sri Lanka,CR Seneviratna,MADD Surangika,D van Niekerk,1,0,"",""
ball,1,16.2,Sri Lanka,MADD Surangika,CR Seneviratna,D van Niekerk,2,0,"",""
ball,1,16.3,Sri Lanka,MADD Surangika,CR Seneviratna,D van Niekerk,0,1,"",""
ball,1,16.4,Sri Lanka,MADD Surangika,CR Seneviratna,D van Niekerk,0,0,"",""
ball,1,16.5,Sri Lanka,MADD Surangika,CR Seneviratna,D van Niekerk,0,0,run out,CR Seneviratna
ball,1,16.6,Sri Lanka,LE Kaushalya,MADD Surangika,D van Niekerk,0,0,"",""
ball,1,16.7,Sri Lanka,LE Kaushalya,MADD Surangika,D van Niekerk,0,0,"",""
ball,1,17.1,Sri Lanka,MADD Surangika,LE Kaushalya,M Kapp,1,0,"",""
ball,1,17.2,Sri Lanka,LE Kaushalya,MADD Surangika,M Kapp,0,0,run out,LE Kaushalya
ball,1,17.3,Sri Lanka,KDU Prabodhani,MADD Surangika,M Kapp,0,0,"",""
ball,1,17.4,Sri Lanka,KDU Prabodhani,MADD Surangika,M Kapp,0,0,"",""
ball,1,17.5,Sri Lanka,KDU Prabodhani,MADD Surangika,M Kapp,4,0,"",""
ball,1,17.6,Sri Lanka,KDU Prabodhani,MADD Surangika,M Kapp,0,0,"",""
ball,1,18.1,Sri Lanka,MADD Surangika,KDU Prabodhani,S Ismail,0,0,"",""
ball,1,18.2,Sri Lanka,MADD Surangika,KDU Prabodhani,S Ismail,0,0,"",""
ball,1,18.3,Sri Lanka,MADD Surangika,KDU Prabodhani,S Ismail,4,0,"",""
ball,1,18.4,Sri Lanka,MADD Surangika,KDU Prabodhani,S Ismail,1,0,"",""
ball,1,18.5,Sri Lanka,KDU Prabodhani,MADD Surangika,S Ismail,1,0,"",""
ball,1,18.6,Sri Lanka,MADD Surangika,KDU Prabodhani,S Ismail,0,1,"",""
ball,1,18.7,Sri Lanka,MADD Surangika,KDU Prabodhani,S Ismail,1,0,"",""
ball,1,19.1,Sri Lanka,MADD Surangika,KDU Prabodhani,M Kapp,0,0,caught,MADD Surangika
ball,1,19.2,Sri Lanka,KDU Prabodhani,I Ranaweera,M Kapp,1,0,"",""
ball,1,19.3,Sri Lanka,I Ranaweera,KDU Prabodhani,M Kapp,0,0,"",""
ball,1,19.4,Sri Lanka,I Ranaweera,KDU Prabodhani,M Kapp,0,0,"",""
ball,1,19.5,Sri Lanka,I Ranaweera,KDU Prabodhani,M Kapp,0,0,"",""
ball,1,19.6,Sri Lanka,I Ranaweera,KDU Prabodhani,M Kapp,0,0,run out,I Ranaweera
ball,2,0.1,South Africa,SA Fritz,T Chetty,KDU Prabodhani,0,0,"",""
ball,2,0.2,South Africa,SA Fritz,T Chetty,KDU Prabodhani,0,0,"",""
ball,2,0.3,South Africa,SA Fritz,T Chetty,KDU Prabodhani,1,0,"",""
ball,2,0.4,South Africa,T Chetty,SA Fritz,KDU Prabodhani,0,0,"",""
ball,2,0.5,South Africa,T Chetty,SA Fritz,KDU Prabodhani,0,0,"",""
ball,2,0.6,South Africa,T Chetty,SA Fritz,KDU Prabodhani,1,0,"",""
ball,2,1.1,South Africa,T Chetty,SA Fritz,SS Weerakkody,0,0,"",""
ball,2,1.2,South Africa,T Chetty,SA Fritz,SS Weerakkody,4,0,"",""
ball,2,1.3,South Africa,T Chetty,SA Fritz,SS Weerakkody,1,0,"",""
ball,2,1.4,South Africa,SA Fritz,T Chetty,SS Weerakkody,2,0,"",""
ball,2,1.5,South Africa,SA Fritz,T Chetty,SS Weerakkody,0,0,"",""
ball,2,1.6,South Africa,SA Fritz,T Chetty,SS Weerakkody,0,0,"",""
ball,2,2.1,South Africa,T Chetty,SA Fritz,KDU Prabodhani,0,0,"",""
ball,2,2.2,South Africa,T Chetty,SA Fritz,KDU Prabodhani,1,0,"",""
ball,2,2.3,South Africa,SA Fritz,T Chetty,KDU Prabodhani,0,0,"",""
ball,2,2.4,South Africa,SA Fritz,T Chetty,KDU Prabodhani,4,0,"",""
ball,2,2.5,South Africa,SA Fritz,T Chetty,KDU Prabodhani,0,0,"",""
ball,2,2.6,South Africa,SA Fritz,T Chetty,KDU Prabodhani,0,0,"",""
ball,2,3.1,South Africa,T Chetty,SA Fritz,SK Dolawatte,4,0,"",""
ball,2,3.2,South Africa,T Chetty,SA Fritz,SK Dolawatte,1,0,"",""
ball,2,3.3,South Africa,SA Fritz,T Chetty,SK Dolawatte,4,0,"",""
ball,2,3.4,South Africa,SA Fritz,T Chetty,SK Dolawatte,0,0,"",""
ball,2,3.5,South Africa,SA Fritz,T Chetty,SK Dolawatte,0,0,"",""
ball,2,3.6,South Africa,SA Fritz,T Chetty,SK Dolawatte,0,0,"",""
ball,2,4.1,South Africa,T Chetty,SA Fritz,HASD Siriwardene,2,0,"",""
ball,2,4.2,South Africa,T Chetty,SA Fritz,HASD Siriwardene,1,0,"",""
ball,2,4.3,South Africa,SA Fritz,T Chetty,HASD Siriwardene,0,0,"",""
ball,2,4.4,South Africa,SA Fritz,T Chetty,HASD Siriwardene,0,0,"",""
ball,2,4.5,South Africa,SA Fritz,T Chetty,HASD Siriwardene,2,0,"",""
ball,2,4.6,South Africa,SA Fritz,T Chetty,HASD Siriwardene,1,0,"",""
ball,2,5.1,South Africa,SA Fritz,T Chetty,I Ranaweera,0,0,"",""
ball,2,5.2,South Africa,SA Fritz,T Chetty,I Ranaweera,0,0,bowled,SA Fritz
ball,2,5.3,South Africa,SM Benade,T Chetty,I Ranaweera,1,0,"",""
ball,2,5.4,South Africa,T Chetty,SM Benade,I Ranaweera,0,1,"",""
ball,2,5.5,South Africa,T Chetty,SM Benade,I Ranaweera,0,0,"",""
ball,2,5.6,South Africa,T Chetty,SM Benade,I Ranaweera,4,0,"",""
ball,2,5.7,South Africa,T Chetty,SM Benade,I Ranaweera,0,0,"",""
ball,2,6.1,South Africa,SM Benade,T Chetty,CR Seneviratna,0,0,"",""
ball,2,6.2,South Africa,SM Benade,T Chetty,CR Seneviratna,0,0,"",""
ball,2,6.3,South Africa,SM Benade,T Chetty,CR Seneviratna,1,0,"",""
ball,2,6.4,South Africa,T Chetty,SM Benade,CR Seneviratna,0,0,"",""
ball,2,6.5,South Africa,T Chetty,SM Benade,CR Seneviratna,0,0,"",""
ball,2,6.6,South Africa,T Chetty,SM Benade,CR Seneviratna,2,0,"",""
ball,2,7.1,South Africa,SM Benade,T Chetty,I Ranaweera,0,0,"",""
ball,2,7.2,South Africa,SM Benade,T Chetty,I Ranaweera,1,0,"",""
ball,2,7.3,South Africa,T Chetty,SM Benade,I Ranaweera,1,0,"",""
ball,2,7.4,South Africa,SM Benade,T Chetty,I Ranaweera,1,0,"",""
ball,2,7.5,South Africa,T Chetty,SM Benade,I Ranaweera,1,0,"",""
ball,2,7.6,South Africa,SM Benade,T Chetty,I Ranaweera,1,0,"",""
ball,2,8.1,South Africa,SM Benade,T Chetty,CR Seneviratna,0,0,"",""
ball,2,8.2,South Africa,SM Benade,T Chetty,CR Seneviratna,1,0,"",""
ball,2,8.3,South Africa,T Chetty,SM Benade,CR Seneviratna,0,0,"",""
ball,2,8.4,South Africa,T Chetty,SM Benade,CR Seneviratna,1,0,"",""
ball,2,8.5,South Africa,SM Benade,T Chetty,CR Seneviratna,0,0,"",""
ball,2,8.6,South Africa,SM Benade,T Chetty,CR Seneviratna,0,0,"",""
ball,2,9.1,South Africa,T Chetty,SM Benade,HMD Rasangika,1,0,"",""
ball,2,9.2,South Africa,SM Benade,T Chetty,HMD Rasangika,1,0,"",""
ball,2,9.3,South Africa,T Chetty,SM Benade,HMD Rasangika,1,0,"",""
ball,2,9.4,South Africa,SM Benade,T Chetty,HMD Rasangika,0,0,caught,SM Benade
ball,2,9.5,South Africa,M du Preez,T Chetty,HMD Rasangika,4,0,"",""
ball,2,9.6,South Africa,M du Preez,T Chetty,HMD Rasangika,1,0,run out,M du Preez
ball,2,10.1,South Africa,T Chetty,D van Niekerk,HASD Siriwardene,0,0,"",""
ball,2,10.2,South Africa,T Chetty,D van Niekerk,HASD Siriwardene,1,0,"",""
ball,2,10.3,South Africa,D van Niekerk,T Chetty,HASD Siriwardene,2,0,"",""
ball,2,10.4,South Africa,D van Niekerk,T Chetty,HASD Siriwardene,0,0,"",""
ball,2,10.5,South Africa,D van Niekerk,T Chetty,HASD Siriwardene,0,1,"",""
ball,2,10.6,South Africa,D van Niekerk,T Chetty,HASD Siriwardene,0,0,"",""
ball,2,10.7,South Africa,D van Niekerk,T Chetty,HASD Siriwardene,0,0,"",""
ball,2,11.1,South Africa,T Chetty,D van Niekerk,HMD Rasangika,0,0,"",""
ball,2,11.2,South Africa,T Chetty,D van Niekerk,HMD Rasangika,1,0,"",""
ball,2,11.3,South Africa,D van Niekerk,T Chetty,HMD Rasangika,0,0,"",""
ball,2,11.4,South Africa,D van Niekerk,T Chetty,HMD Rasangika,1,0,"",""
ball,2,11.5,South Africa,T Chetty,D van Niekerk,HMD Rasangika,0,0,"",""
ball,2,11.6,South Africa,T Chetty,D van Niekerk,HMD Rasangika,1,1,"",""
ball,2,11.7,South Africa,D van Niekerk,T Chetty,HMD Rasangika,2,0,"",""
ball,2,12.1,South Africa,T Chetty,D van Niekerk,HASD Siriwardene,0,0,"",""
ball,2,12.2,South Africa,T Chetty,D van Niekerk,HASD Siriwardene,0,0,"",""
ball,2,12.3,South Africa,T Chetty,D van Niekerk,HASD Siriwardene,1,0,"",""
ball,2,12.4,South Africa,D van Niekerk,T Chetty,HASD Siriwardene,1,0,"",""
ball,2,12.5,South Africa,T Chetty,D van Niekerk,HASD Siriwardene,0,0,"",""
ball,2,12.6,South Africa,T Chetty,D van Niekerk,HASD Siriwardene,1,0,"",""
ball,2,13.1,South Africa,T Chetty,D van Niekerk,I Ranaweera,1,0,"",""
ball,2,13.2,South Africa,D van Niekerk,T Chetty,I Ranaweera,0,0,"",""
ball,2,13.3,South Africa,D van Niekerk,T Chetty,I Ranaweera,0,0,"",""
ball,2,13.4,South Africa,D van Niekerk,T Chetty,I Ranaweera,0,0,"",""
ball,2,13.5,South Africa,D van Niekerk,T Chetty,I Ranaweera,0,0,"",""
ball,2,13.6,South Africa,D van Niekerk,T Chetty,I Ranaweera,1,0,"",""
ball,2,14.1,South Africa,D van Niekerk,T Chetty,KDU Prabodhani,0,0,"",""
ball,2,14.2,South Africa,D van Niekerk,T Chetty,KDU Prabodhani,1,0,"",""
ball,2,14.3,South Africa,T Chetty,D van Niekerk,KDU Prabodhani,0,0,"",""
ball,2,14.4,South Africa,T Chetty,D van Niekerk,KDU Prabodhani,1,0,"",""
ball,2,14.5,South Africa,D van Niekerk,T Chetty,KDU Prabodhani,0,0,"",""
ball,2,14.6,South Africa,D van Niekerk,T Chetty,KDU Prabodhani,0,0,"",""
ball,2,15.1,South Africa,T Chetty,D van Niekerk,I Ranaweera,0,0,"",""
ball,2,15.2,South Africa,T Chetty,D van Niekerk,I Ranaweera,0,0,caught,T Chetty
ball,2,15.3,South Africa,D van Niekerk,M Kapp,I Ranaweera,0,0,"",""
ball,2,15.4,South Africa,D van Niekerk,M Kapp,I Ranaweera,1,0,"",""
ball,2,15.5,South Africa,M Kapp,D van Niekerk,I Ranaweera,0,0,"",""
ball,2,15.6,South Africa,M Kapp,D van Niekerk,I Ranaweera,1,0,"",""
ball,2,16.1,South Africa,M Kapp,D van Niekerk,HASD Siriwardene,1,0,"",""
ball,2,16.2,South Africa,D van Niekerk,M Kapp,HASD Siriwardene,2,0,"",""
ball,2,16.3,South Africa,D van Niekerk,M Kapp,HASD Siriwardene,0,0,"",""
ball,2,16.4,South Africa,D van Niekerk,M Kapp,HASD Siriwardene,0,0,"",""
ball,2,16.5,South Africa,D van Niekerk,M Kapp,HASD Siriwardene,0,0,"",""
ball,2,16.6,South Africa,D van Niekerk,M Kapp,HASD Siriwardene,1,0,"",""
ball,2,17.1,South Africa,D van Niekerk,M Kapp,KDU Prabodhani,3,0,"",""
ball,2,17.2,South Africa,M Kapp,D van Niekerk,KDU Prabodhani,0,0,"",""
ball,2,17.3,South Africa,M Kapp,D van Niekerk,KDU Prabodhani,0,1,"",""
