version,1.3.0
info,team,Australia
info,team,South Africa
info,gender,male
info,season,2012/13
info,date,2012/09/30
info,competition,ICC World Twenty20
info,match_number,19
info,venue,R Premadasa Stadium
info,city,Colombo
info,neutralvenue,true
info,toss_winner,Australia
info,toss_decision,field
info,player_of_match,SR Watson
info,umpire,HDPK Dharmasena
info,umpire,IJ Gould
info,reserve_umpire,RJ Tucker
info,tv_umpire,RA Kettleborough
info,match_referee,JJ Crowe
info,winner,Australia
info,winner_wickets,8
ball,1,0.1,South Africa,RE Levi,HM Amla,XJ Doherty,0,0,"",""
ball,1,0.2,South Africa,RE Levi,HM Amla,XJ Doherty,0,0,"",""
ball,1,0.3,South Africa,RE Levi,HM Amla,XJ Doherty,0,0,bowled,RE Levi
ball,1,0.4,South Africa,JH Kallis,HM Amla,XJ Doherty,1,0,"",""
ball,1,0.5,South Africa,HM Amla,JH Kallis,XJ Doherty,1,0,"",""
ball,1,0.6,South Africa,JH Kallis,HM Amla,XJ Doherty,0,0,"",""
ball,1,1.1,South Africa,HM Amla,JH Kallis,MA Starc,0,0,"",""
ball,1,1.2,South Africa,HM Amla,JH Kallis,MA Starc,1,0,"",""
ball,1,1.3,South Africa,JH Kallis,HM Amla,MA Starc,0,0,"",""
ball,1,1.4,South Africa,JH Kallis,HM Amla,MA Starc,0,0,"",""
ball,1,1.5,South Africa,JH Kallis,HM Amla,MA Starc,4,0,"",""
ball,1,1.6,South Africa,JH Kallis,HM Amla,MA Starc,1,0,"",""
ball,1,2.1,South Africa,JH Kallis,HM Amla,XJ Doherty,0,0,caught,JH Kallis
ball,1,2.2,South Africa,JP Duminy,HM Amla,XJ Doherty,0,0,"",""
ball,1,2.3,South Africa,JP Duminy,HM Amla,XJ Doherty,1,0,"",""
ball,1,2.4,South Africa,HM Amla,JP Duminy,XJ Doherty,6,0,"",""
ball,1,2.5,South Africa,HM Amla,JP Duminy,XJ Doherty,0,0,"",""
ball,1,2.6,South Africa,HM Amla,JP Duminy,XJ Doherty,1,0,"",""
ball,1,3.1,South Africa,HM Amla,JP Duminy,MA Starc,0,0,"",""
ball,1,3.2,South Africa,HM Amla,JP Duminy,MA Starc,0,0,"",""
ball,1,3.3,South Africa,HM Amla,JP Duminy,MA Starc,1,0,"",""
ball,1,3.4,South Africa,JP Duminy,HM Amla,MA Starc,0,1,"",""
ball,1,3.5,South Africa,JP Duminy,HM Amla,MA Starc,0,0,"",""
ball,1,3.6,South Africa,JP Duminy,HM Amla,MA Starc,0,0,"",""
ball,1,3.7,South Africa,JP Duminy,HM Amla,MA Starc,4,0,"",""
ball,1,4.1,South Africa,HM Amla,JP Duminy,PJ Cummins,1,0,"",""
ball,1,4.2,South Africa,JP Duminy,HM Amla,PJ Cummins,0,0,"",""
ball,1,4.3,South Africa,JP Duminy,HM Amla,PJ Cummins,1,0,"",""
ball,1,4.4,South Africa,HM Amla,JP Duminy,PJ Cummins,4,0,"",""
ball,1,4.5,South Africa,HM Amla,JP Duminy,PJ Cummins,1,0,"",""
ball,1,4.6,South Africa,JP Duminy,HM Amla,PJ Cummins,1,0,"",""
ball,1,5.1,South Africa,JP Duminy,HM Amla,SR Watson,1,0,"",""
ball,1,5.2,South Africa,HM Amla,JP Duminy,SR Watson,1,0,"",""
ball,1,5.3,South Africa,JP Duminy,HM Amla,SR Watson,1,0,"",""
ball,1,5.4,South Africa,HM Amla,JP Duminy,SR Watson,0,0,"",""
ball,1,5.5,South Africa,HM Amla,JP Duminy,SR Watson,0,0,caught,HM Amla
ball,1,5.6,South Africa,AB de Villiers,JP Duminy,SR Watson,1,0,"",""
ball,1,6.1,South Africa,AB de Villiers,JP Duminy,PJ Cummins,0,0,"",""
ball,1,6.2,South Africa,AB de Villiers,JP Duminy,PJ Cummins,0,0,"",""
ball,1,6.3,South Africa,AB de Villiers,JP Duminy,PJ Cummins,0,1,"",""
ball,1,6.4,South Africa,AB de Villiers,JP Duminy,PJ Cummins,1,0,"",""
ball,1,6.5,South Africa,JP Duminy,AB de Villiers,PJ Cummins,4,0,"",""
ball,1,6.6,South Africa,JP Duminy,AB de Villiers,PJ Cummins,1,0,"",""
ball,1,6.7,South Africa,AB de Villiers,JP Duminy,PJ Cummins,1,0,"",""
ball,1,7.1,South Africa,AB de Villiers,JP Duminy,GB Hogg,1,0,"",""
ball,1,7.2,South Africa,JP Duminy,AB de Villiers,GB Hogg,4,0,"",""
ball,1,7.3,South Africa,JP Duminy,AB de Villiers,GB Hogg,1,0,"",""
ball,1,7.4,South Africa,AB de Villiers,JP Duminy,GB Hogg,1,0,"",""
ball,1,7.5,South Africa,JP Duminy,AB de Villiers,GB Hogg,0,0,"",""
ball,1,7.6,South Africa,JP Duminy,AB de Villiers,GB Hogg,0,0,"",""
ball,1,8.1,South Africa,AB de Villiers,JP Duminy,SR Watson,1,0,"",""
ball,1,8.2,South Africa,JP Duminy,AB de Villiers,SR Watson,0,0,"",""
ball,1,8.3,South Africa,JP Duminy,AB de Villiers,SR Watson,4,0,"",""
ball,1,8.4,South Africa,JP Duminy,AB de Villiers,SR Watson,1,0,"",""
ball,1,8.5,South Africa,AB de Villiers,JP Duminy,SR Watson,1,0,"",""
ball,1,8.6,South Africa,JP Duminy,AB de Villiers,SR Watson,1,0,"",""
ball,1,9.1,South Africa,JP Duminy,AB de Villiers,GJ Maxwell,2,0,"",""
ball,1,9.2,South Africa,JP Duminy,AB de Villiers,GJ Maxwell,1,0,"",""
ball,1,9.3,South Africa,AB de Villiers,JP Duminy,GJ Maxwell,1,0,"",""
ball,1,9.4,South Africa,JP Duminy,AB de Villiers,GJ Maxwell,1,0,"",""
ball,1,9.5,South Africa,AB de Villiers,JP Duminy,GJ Maxwell,1,0,"",""
ball,1,9.6,South Africa,JP Duminy,AB de Villiers,GJ Maxwell,1,0,"",""
ball,1,10.1,South Africa,JP Duminy,AB de Villiers,XJ Doherty,0,0,stumped,JP Duminy
ball,1,10.2,South Africa,F Behardien,AB de Villiers,XJ Doherty,1,0,"",""
ball,1,10.3,South Africa,AB de Villiers,F Behardien,XJ Doherty,1,0,"",""
ball,1,10.4,South Africa,F Behardien,AB de Villiers,XJ Doherty,0,0,"",""
ball,1,10.5,South Africa,F Behardien,AB de Villiers,XJ Doherty,0,0,"",""
ball,1,10.6,South Africa,F Behardien,AB de Villiers,XJ Doherty,0,0,"",""
ball,1,11.1,South Africa,AB de Villiers,F Behardien,GB Hogg,2,0,"",""
ball,1,11.2,South Africa,AB de Villiers,F Behardien,GB Hogg,1,0,"",""
ball,1,11.3,South Africa,F Behardien,AB de Villiers,GB Hogg,1,0,"",""
ball,1,11.4,South Africa,AB de Villiers,F Behardien,GB Hogg,1,0,"",""
ball,1,11.5,South Africa,F Behardien,AB de Villiers,GB Hogg,1,0,"",""
ball,1,11.6,South Africa,AB de Villiers,F Behardien,GB Hogg,1,0,"",""
ball,1,12.1,South Africa,AB de Villiers,F Behardien,MA Starc,1,0,"",""
ball,1,12.2,South Africa,F Behardien,AB de Villiers,MA Starc,1,0,"",""
ball,1,12.3,South Africa,AB de Villiers,F Behardien,MA Starc,2,0,"",""
ball,1,12.4,South Africa,AB de Villiers,F Behardien,MA Starc,0,0,"",""
ball,1,12.5,South Africa,AB de Villiers,F Behardien,MA Starc,0,0,"",""
ball,1,12.6,South Africa,AB de Villiers,F Behardien,MA Starc,1,0,"",""
ball,1,13.1,South Africa,AB de Villiers,F Behardien,XJ Doherty,0,2,"",""
ball,1,13.2,South Africa,F Behardien,AB de Villiers,XJ Doherty,2,0,"",""
ball,1,13.3,South Africa,F Behardien,AB de Villiers,XJ Doherty,0,0,"",""
ball,1,13.4,South Africa,F Behardien,AB de Villiers,XJ Doherty,1,0,"",""
ball,1,13.5,South Africa,AB de Villiers,F Behardien,XJ Doherty,1,0,"",""
ball,1,13.6,South Africa,F Behardien,AB de Villiers,XJ Doherty,1,0,"",""
ball,1,13.7,South Africa,AB de Villiers,F Behardien,XJ Doherty,1,0,"",""
ball,1,14.1,South Africa,AB de Villiers,F Behardien,SR Watson,0,0,caught,AB de Villiers
ball,1,14.2,South Africa,RJ Peterson,F Behardien,SR Watson,1,0,"",""
ball,1,14.3,South Africa,F Behardien,RJ Peterson,SR Watson,0,0,"",""
ball,1,14.4,South Africa,F Behardien,RJ Peterson,SR Watson,4,0,"",""
ball,1,14.5,South Africa,F Behardien,RJ Peterson,SR Watson,0,0,"",""
ball,1,14.6,South Africa,F Behardien,RJ Peterson,SR Watson,1,0,"",""
ball,1,15.1,South Africa,F Behardien,RJ Peterson,GB Hogg,0,2,"",""
ball,1,15.2,South Africa,RJ Peterson,F Behardien,GB Hogg,4,0,"",""
ball,1,15.3,South Africa,RJ Peterson,F Behardien,GB Hogg,1,0,"",""
ball,1,15.4,South Africa,F Behardien,RJ Peterson,GB Hogg,0,0,"",""
ball,1,15.5,South Africa,F Behardien,RJ Peterson,GB Hogg,0,0,"",""
ball,1,15.6,South Africa,F Behardien,RJ Peterson,GB Hogg,1,0,"",""
ball,1,15.7,South Africa,RJ Peterson,F Behardien,GB Hogg,4,0,"",""
ball,1,16.1,South Africa,F Behardien,RJ Peterson,PJ Cummins,1,0,"",""
ball,1,16.2,South Africa,RJ Peterson,F Behardien,PJ Cummins,0,0,"",""
ball,1,16.3,South Africa,RJ Peterson,F Behardien,PJ Cummins,0,0,"",""
ball,1,16.4,South Africa,RJ Peterson,F Behardien,PJ Cummins,0,0,"",""
ball,1,16.5,South Africa,RJ Peterson,F Behardien,PJ Cummins,1,0,"",""
ball,1,16.6,South Africa,F Behardien,RJ Peterson,PJ Cummins,1,0,"",""
ball,1,17.1,South Africa,F Behardien,RJ Peterson,SR Watson,1,0,"",""
ball,1,17.2,South Africa,RJ Peterson,F Behardien,SR Watson,1,0,"",""
ball,1,17.3,South Africa,F Behardien,RJ Peterson,SR Watson,0,1,"",""
ball,1,17.4,South Africa,F Behardien,RJ Peterson,SR Watson,1,0,"",""
ball,1,17.5,South Africa,RJ Peterson,F Behardien,SR Watson,4,0,"",""
ball,1,17.6,South Africa,RJ Peterson,F Behardien,SR Watson,1,0,"",""
ball,1,17.7,South Africa,F Behardien,RJ Peterson,SR Watson,2,0,"",""
ball,1,18.1,South Africa,RJ Peterson,F Behardien,PJ Cummins,0,0,"",""
ball,1,18.2,South Africa,RJ Peterson,F Behardien,PJ Cummins,2,0,"",""
ball,1,18.3,South Africa,RJ Peterson,F Behardien,PJ Cummins,1,0,"",""
ball,1,18.4,South Africa,F Behardien,RJ Peterson,PJ Cummins,4,0,"",""
ball,1,18.5,South Africa,F Behardien,RJ Peterson,PJ Cummins,0,0,"",""
ball,1,18.6,South Africa,F Behardien,RJ Peterson,PJ Cummins,0,1,"",""
ball,1,18.7,South Africa,F Behardien,RJ Peterson,PJ Cummins,6,0,"",""
ball,1,19.1,South Africa,RJ Peterson,F Behardien,MA Starc,4,0,"",""
ball,1,19.2,South Africa,RJ Peterson,F Behardien,MA Starc,4,0,"",""
ball,1,19.3,South Africa,RJ Peterson,F Behardien,MA Starc,0,0,"",""
ball,1,19.4,South Africa,RJ Peterson,F Behardien,MA Starc,4,0,"",""
ball,1,19.5,South Africa,RJ Peterson,F Behardien,MA Starc,0,1,"",""
ball,1,19.6,South Africa,F Behardien,RJ Peterson,MA Starc,1,0,"",""
ball,2,0.1,Australia,DA Warner,SR Watson,DW Steyn,0,0,"",""
ball,2,0.2,Australia,DA Warner,SR Watson,DW Steyn,0,0,"",""
ball,2,0.3,Australia,DA Warner,SR Watson,DW Steyn,1,0,"",""
ball,2,0.4,Australia,SR Watson,DA Warner,DW Steyn,0,0,"",""
ball,2,0.5,Australia,SR Watson,DA Warner,DW Steyn,0,0,"",""
ball,2,0.6,Australia,SR Watson,DA Warner,DW Steyn,1,0,"",""
ball,2,1.1,Australia,SR Watson,DA Warner,M Morkel,0,0,"",""
ball,2,1.2,Australia,SR Watson,DA Warner,M Morkel,0,0,"",""
ball,2,1.3,Australia,SR Watson,DA Warner,M Morkel,1,0,"",""
ball,2,1.4,Australia,DA Warner,SR Watson,M Morkel,0,0,"",""
ball,2,1.5,Australia,DA Warner,SR Watson,M Morkel,0,0,"",""
ball,2,1.6,Australia,DA Warner,SR Watson,M Morkel,2,0,"",""
ball,2,2.1,Australia,SR Watson,DA Warner,DW Steyn,0,0,"",""
ball,2,2.2,Australia,SR Watson,DA Warner,DW Steyn,1,0,"",""
ball,2,2.3,Australia,DA Warner,SR Watson,DW Steyn,1,0,"",""
ball,2,2.4,Australia,SR Watson,DA Warner,DW Steyn,1,0,"",""
ball,2,2.5,Australia,DA Warner,SR Watson,DW Steyn,1,0,"",""
ball,2,2.6,Australia,SR Watson,DA Warner,DW Steyn,0,1,"",""
ball,2,2.7,Australia,SR Watson,DA Warner,DW Steyn,0,0,"",""
ball,2,3.1,Australia,DA Warner,SR Watson,M Morkel,0,0,bowled,DA Warner
ball,2,3.2,Australia,MEK Hussey,SR Watson,M Morkel,0,0,"",""
ball,2,3.3,Australia,MEK Hussey,SR Watson,M Morkel,0,1,"",""
ball,2,3.4,Australia,MEK Hussey,SR Watson,M Morkel,1,0,"",""
ball,2,3.5,Australia,SR Watson,MEK Hussey,M Morkel,1,0,"",""
ball,2,3.6,Australia,MEK Hussey,SR Watson,M Morkel,1,0,"",""
ball,2,3.7,Australia,SR Watson,MEK Hussey,M Morkel,1,0,"",""
ball,2,4.1,Australia,SR Watson,MEK Hussey,JH Kallis,4,0,"",""
ball,2,4.2,Australia,SR Watson,MEK Hussey,JH Kallis,0,1,"",""
ball,2,4.3,Australia,SR Watson,MEK Hussey,JH Kallis,1,0,"",""
ball,2,4.4,Australia,MEK Hussey,SR Watson,JH Kallis,1,0,"",""
ball,2,4.5,Australia,SR Watson,MEK Hussey,JH Kallis,0,0,"",""
ball,2,4.6,Australia,SR Watson,MEK Hussey,JH Kallis,0,0,"",""
ball,2,4.7,Australia,SR Watson,MEK Hussey,JH Kallis,1,0,"",""
ball,2,5.1,Australia,SR Watson,MEK Hussey,M Morkel,4,0,"",""
ball,2,5.2,Australia,SR Watson,MEK Hussey,M Morkel,4,0,"",""
ball,2,5.3,Australia,SR Watson,MEK Hussey,M Morkel,1,0,"",""
ball,2,5.4,Australia,MEK Hussey,SR Watson,M Morkel,1,0,"",""
ball,2,5.5,Australia,SR Watson,MEK Hussey,M Morkel,4,0,"",""
ball,2,5.6,Australia,SR Watson,MEK Hussey,M Morkel,1,0,"",""
ball,2,6.1,Australia,SR Watson,MEK Hussey,J Botha,1,0,"",""
ball,2,6.2,Australia,MEK Hussey,SR Watson,J Botha,0,0,"",""
ball,2,6.3,Australia,MEK Hussey,SR Watson,J Botha,3,0,"",""
ball,2,6.4,Australia,SR Watson,MEK Hussey,J Botha,0,0,"",""
ball,2,6.5,Australia,SR Watson,MEK Hussey,J Botha,4,0,"",""
ball,2,6.6,Australia,SR Watson,MEK Hussey,J Botha,0,1,"",""
ball,2,6.7,Australia,SR Watson,MEK Hussey,J Botha,1,0,"",""
ball,2,7.1,Australia,SR Watson,MEK Hussey,RJ Peterson,0,0,"",""
ball,2,7.2,Australia,SR Watson,MEK Hussey,RJ Peterson,4,0,"",""
ball,2,7.3,Australia,SR Watson,MEK Hussey,RJ Peterson,1,0,"",""
ball,2,7.4,Australia,MEK Hussey,SR Watson,RJ Peterson,1,0,"",""
ball,2,7.5,Australia,SR Watson,MEK Hussey,RJ Peterson,6,0,"",""
ball,2,7.6,Australia,SR Watson,MEK Hussey,RJ Peterson,0,0,"",""
ball,2,8.1,Australia,MEK Hussey,SR Watson,J Botha,2,0,"",""
ball,2,8.2,Australia,MEK Hussey,SR Watson,J Botha,0,0,"",""
ball,2,8.3,Australia,MEK Hussey,SR Watson,J Botha,0,0,"",""
ball,2,8.4,Australia,MEK Hussey,SR Watson,J Botha,1,0,"",""
ball,2,8.5,Australia,SR Watson,MEK Hussey,J Botha,0,0,"",""
ball,2,8.6,Australia,SR Watson,MEK Hussey,J Botha,0,1,"",""
ball,2,8.7,Australia,SR Watson,MEK Hussey,J Botha,1,0,"",""
ball,2,9.1,Australia,SR Watson,MEK Hussey,WD Parnell,1,0,"",""
ball,2,9.2,Australia,MEK Hussey,SR Watson,WD Parnell,1,0,"",""
ball,2,9.3,Australia,SR Watson,MEK Hussey,WD Parnell,6,0,"",""
ball,2,9.4,Australia,SR Watson,MEK Hussey,WD Parnell,1,0,"",""
ball,2,9.5,Australia,MEK Hussey,SR Watson,WD Parnell,0,0,"",""
ball,2,9.6,Australia,MEK Hussey,SR Watson,WD Parnell,2,0,"",""
ball,2,10.1,Australia,SR Watson,MEK Hussey,RJ Peterson,2,0,"",""
ball,2,10.2,Australia,SR Watson,MEK Hussey,RJ Peterson,1,0,"",""
ball,2,10.3,Australia,MEK Hussey,SR Watson,RJ Peterson,0,0,"",""
ball,2,10.4,Australia,MEK Hussey,SR Watson,RJ Peterson,1,0,"",""
ball,2,10.5,Australia,SR Watson,MEK Hussey,RJ Peterson,1,0,"",""
ball,2,10.6,Australia,MEK Hussey,SR Watson,RJ Peterson,0,0,"",""
ball,2,11.1,Australia,SR Watson,MEK Hussey,WD Parnell,1,0,"",""
ball,2,11.2,Australia,MEK Hussey,SR Watson,WD Parnell,0,0,"",""
ball,2,11.3,Australia,MEK Hussey,SR Watson,WD Parnell,4,0,"",""
ball,2,11.4,Australia,MEK Hussey,SR Watson,WD Parnell,6,0,"",""
ball,2,11.5,Australia,MEK Hussey,SR Watson,WD Parnell,1,0,"",""
ball,2,11.6,Australia,SR Watson,MEK Hussey,WD Parnell,1,0,"",""
ball,2,12.1,Australia,SR Watson,MEK Hussey,JP Duminy,1,0,"",""
ball,2,12.2,Australia,MEK Hussey,SR Watson,JP Duminy,1,0,"",""
ball,2,12.3,Australia,SR Watson,MEK Hussey,JP Duminy,1,0,"",""
ball,2,12.4,Australia,MEK Hussey,SR Watson,JP Duminy,0,0,"",""
ball,2,12.5,Australia,MEK Hussey,SR Watson,JP Duminy,0,0,"",""
ball,2,12.6,Australia,MEK Hussey,SR Watson,JP Duminy,1,0,"",""
ball,2,13.1,Australia,MEK Hussey,SR Watson,RJ Peterson,1,0,"",""
ball,2,13.2,Australia,SR Watson,MEK Hussey,RJ Peterson,4,0,"",""
ball,2,13.3,Australia,SR Watson,MEK Hussey,RJ Peterson,4,0,"",""
ball,2,13.4,Australia,SR Watson,MEK Hussey,RJ Peterson,2,0,"",""
ball,2,13.5,Australia,SR Watson,MEK Hussey,RJ Peterson,0,0,caught,SR Watson
ball,2,13.6,Australia,CL White,MEK Hussey,RJ Peterson,0,0,"",""
ball,2,14.1,Australia,MEK Hussey,CL White,DW Steyn,4,0,"",""
ball,2,14.2,Australia,MEK Hussey,CL White,DW Steyn,0,1,"",""
ball,2,14.3,Australia,CL White,MEK Hussey,DW Steyn,4,0,"",""
ball,2,14.4,Australia,CL White,MEK Hussey,DW Steyn,0,0,"",""
ball,2,14.5,Australia,CL White,MEK Hussey,DW Steyn,0,0,"",""
ball,2,14.6,Australia,CL White,MEK Hussey,DW Steyn,0,0,"",""
ball,2,15.1,Australia,MEK Hussey,CL White,J Botha,1,0,"",""
ball,2,15.2,Australia,CL White,MEK Hussey,J Botha,0,0,"",""
ball,2,15.3,Australia,CL White,MEK Hussey,J Botha,1,0,"",""
ball,2,15.4,Australia,MEK Hussey,CL White,J Botha,1,0,"",""
ball,2,15.5,Australia,CL White,MEK Hussey,J Botha,0,0,"",""
ball,2,15.6,Australia,CL White,MEK Hussey,J Botha,4,0,"",""
ball,2,16.1,Australia,MEK Hussey,CL White,RJ Peterson,1,0,"",""
ball,2,16.2,Australia,CL White,MEK Hussey,RJ Peterson,1,0,"",""
ball,2,16.3,Australia,MEK Hussey,CL White,RJ Peterson,0,0,"",""
ball,2,16.4,Australia,MEK Hussey,CL White,RJ Peterson,6,0,"",""
ball,2,16.5,Australia,MEK Hussey,CL White,RJ Peterson,1,0,"",""
ball,2,16.6,Australia,CL White,MEK Hussey,RJ Peterson,4,0,"",""
ball,2,17.1,Australia,MEK Hussey,CL White,J Botha,1,0,"",""
ball,2,17.2,Australia,CL White,MEK Hussey,J Botha,1,0,"",""
ball,2,17.3,Australia,MEK Hussey,CL White,J Botha,1,0,"",""
ball,2,17.4,Australia,CL White,MEK Hussey,J Botha,6,0,"",""
