version,1.3.0
info,team,Sri Lanka
info,team,West Indies
info,gender,female
info,season,2012/13
info,date,2012/09/28
info,competition,ICC Women's World Twenty20
info,match_number,6
info,venue,Galle International Stadium
info,city,
info,toss_winner,West Indies
info,toss_decision,field
info,player_of_match,CR Seneviratna
info,umpire,BF Bowden
info,umpire,AL Hill
info,reserve_umpire,BNJ Oxenford
info,match_referee,GF Labrooy
info,winner,Sri Lanka
info,winner_runs,5
info,method,D/L
ball,1,0.1,Sri Lanka,SI Galagedara,BYA Mendis,TD Smartt,0,0,"",""
ball,1,0.2,Sri Lanka,SI Galagedara,BYA Mendis,TD Smartt,0,0,"",""
ball,1,0.3,Sri Lanka,SI Galagedara,BYA Mendis,TD Smartt,0,1,"",""
ball,1,0.4,Sri Lanka,SI Galagedara,BYA Mendis,TD Smartt,2,0,"",""
ball,1,0.5,Sri Lanka,SI Galagedara,BYA Mendis,TD Smartt,0,0,"",""
ball,1,0.6,Sri Lanka,SI Galagedara,BYA Mendis,TD Smartt,0,0,"",""
ball,1,0.7,Sri Lanka,SI Galagedara,BYA Mendis,TD Smartt,4,0,"",""
ball,1,1.1,Sri Lanka,BYA Mendis,SI Galagedara,SF Daley,0,0,"",""
ball,1,1.2,Sri Lanka,BYA Mendis,SI Galagedara,SF Daley,4,0,"",""
ball,1,1.3,Sri Lanka,BYA Mendis,SI Galagedara,SF Daley,0,0,"",""
ball,1,1.4,Sri Lanka,BYA Mendis,SI Galagedara,SF Daley,0,0,"",""
ball,1,1.5,Sri Lanka,BYA Mendis,SI Galagedara,SF Daley,0,0,"",""
ball,1,1.6,Sri Lanka,BYA Mendis,SI Galagedara,SF Daley,0,0,"",""
ball,1,2.1,Sri Lanka,SI Galagedara,BYA Mendis,TD Smartt,0,0,"",""
ball,1,2.2,Sri Lanka,SI Galagedara,BYA Mendis,TD Smartt,4,0,"",""
ball,1,2.3,Sri Lanka,SI Galagedara,BYA Mendis,TD Smartt,1,0,"",""
ball,1,2.4,Sri Lanka,BYA Mendis,SI Galagedara,TD Smartt,1,0,"",""
ball,1,2.5,Sri Lanka,SI Galagedara,BYA Mendis,TD Smartt,0,0,"",""
ball,1,2.6,Sri Lanka,SI Galagedara,BYA Mendis,TD Smartt,4,0,"",""
ball,1,3.1,Sri Lanka,BYA Mendis,SI Galagedara,SF Daley,1,0,"",""
ball,1,3.2,Sri Lanka,SI Galagedara,BYA Mendis,SF Daley,0,0,lbw,SI Galagedara
ball,1,3.3,Sri Lanka,AC Jayangani,BYA Mendis,SF Daley,0,0,"",""
ball,1,3.4,Sri Lanka,AC Jayangani,BYA Mendis,SF Daley,0,0,"",""
ball,1,3.5,Sri Lanka,AC Jayangani,BYA Mendis,SF Daley,0,0,"",""
ball,1,3.6,Sri Lanka,AC Jayangani,BYA Mendis,SF Daley,0,0,"",""
ball,1,4.1,Sri Lanka,BYA Mendis,AC Jayangani,SR Taylor,0,0,"",""
ball,1,4.2,Sri Lanka,BYA Mendis,AC Jayangani,SR Taylor,2,0,"",""
ball,1,4.3,Sri Lanka,BYA Mendis,AC Jayangani,SR Taylor,0,0,"",""
ball,1,4.4,Sri Lanka,BYA Mendis,AC Jayangani,SR Taylor,0,0,"",""
ball,1,4.5,Sri Lanka,BYA Mendis,AC Jayangani,SR Taylor,0,0,"",""
ball,1,4.6,Sri Lanka,BYA Mendis,AC Jayangani,SR Taylor,0,0,caught,BYA Mendis
ball,1,5.1,Sri Lanka,HASD Siriwardene,AC Jayangani,A Mohammed,4,0,"",""
ball,1,5.2,Sri Lanka,HASD Siriwardene,AC Jayangani,A Mohammed,0,0,"",""
ball,1,5.3,Sri Lanka,HASD Siriwardene,AC Jayangani,A Mohammed,0,0,"",""
ball,1,5.4,Sri Lanka,HASD Siriwardene,AC Jayangani,A Mohammed,0,0,"",""
ball,1,5.5,Sri Lanka,HASD Siriwardene,AC Jayangani,A Mohammed,0,0,"",""
ball,1,5.6,Sri Lanka,HASD Siriwardene,AC Jayangani,A Mohammed,2,0,"",""
ball,1,6.1,Sri Lanka,AC Jayangani,HASD Siriwardene,SR Taylor,0,0,"",""
ball,1,6.2,Sri Lanka,AC Jayangani,HASD Siriwardene,SR Taylor,0,0,"",""
ball,1,6.3,Sri Lanka,AC Jayangani,HASD Siriwardene,SR Taylor,0,0,"",""
ball,1,6.4,Sri Lanka,AC Jayangani,HASD Siriwardene,SR Taylor,1,0,"",""
ball,1,6.5,Sri Lanka,HASD Siriwardene,AC Jayangani,SR Taylor,1,0,"",""
ball,1,6.6,Sri Lanka,AC Jayangani,HASD Siriwardene,SR Taylor,0,0,"",""
ball,1,7.1,Sri Lanka,HASD Siriwardene,AC Jayangani,A Mohammed,0,0,"",""
ball,1,7.2,Sri Lanka,HASD Siriwardene,AC Jayangani,A Mohammed,1,0,"",""
ball,1,7.3,Sri Lanka,AC Jayangani,HASD Siriwardene,A Mohammed,0,0,"",""
ball,1,7.4,Sri Lanka,AC Jayangani,HASD Siriwardene,A Mohammed,4,0,"",""
ball,1,7.5,Sri Lanka,AC Jayangani,HASD Siriwardene,A Mohammed,1,0,"",""
ball,1,7.6,Sri Lanka,HASD Siriwardene,AC Jayangani,A Mohammed,1,0,"",""
ball,1,8.1,Sri Lanka,HASD Siriwardene,AC Jayangani,SA Campbelle,1,0,"",""
ball,1,8.2,Sri Lanka,AC Jayangani,HASD Siriwardene,SA Campbelle,0,0,"",""
ball,1,8.3,Sri Lanka,AC Jayangani,HASD Siriwardene,SA Campbelle,1,0,"",""
ball,1,8.4,Sri Lanka,HASD Siriwardene,AC Jayangani,SA Campbelle,0,0,"",""
ball,1,8.5,Sri Lanka,HASD Siriwardene,AC Jayangani,SA Campbelle,1,0,"",""
ball,1,8.6,Sri Lanka,AC Jayangani,HASD Siriwardene,SA Campbelle,0,0,lbw,AC Jayangani
ball,1,9.1,Sri Lanka,HASD Siriwardene,SS Weerakkody,SC Selman,0,0,"",""
ball,1,9.2,Sri Lanka,HASD Siriwardene,SS Weerakkody,SC Selman,1,0,"",""
ball,1,9.3,Sri Lanka,SS Weerakkody,HASD Siriwardene,SC Selman,0,0,"",""
ball,1,9.4,Sri Lanka,SS Weerakkody,HASD Siriwardene,SC Selman,1,0,"",""
ball,1,9.5,Sri Lanka,HASD Siriwardene,SS Weerakkody,SC Selman,1,0,"",""
ball,1,9.6,Sri Lanka,SS Weerakkody,HASD Siriwardene,SC Selman,0,0,"",""
ball,1,10.1,Sri Lanka,HASD Siriwardene,SS Weerakkody,SA Campbelle,4,0,"",""
ball,1,10.2,Sri Lanka,HASD Siriwardene,SS Weerakkody,SA Campbelle,1,0,"",""
ball,1,10.3,Sri Lanka,SS Weerakkody,HASD Siriwardene,SA Campbelle,0,0,"",""
ball,2,0.1,West Indies,TD Smartt,SR Taylor,SS Weerakkody,4,0,"",""
ball,2,0.2,West Indies,TD Smartt,SR Taylor,SS Weerakkody,1,0,"",""
ball,2,0.3,West Indies,SR Taylor,TD Smartt,SS Weerakkody,1,0,"",""
ball,2,0.4,West Indies,TD Smartt,SR Taylor,SS Weerakkody,1,0,"",""
ball,2,0.5,West Indies,SR Taylor,TD Smartt,SS Weerakkody,0,0,"",""
ball,2,0.6,West Indies,SR Taylor,TD Smartt,SS Weerakkody,2,0,"",""
ball,2,1.1,West Indies,TD Smartt,SR Taylor,CR Seneviratna,0,0,run out,SR Taylor
ball,2,1.2,West Indies,DJS Dottin,TD Smartt,CR Seneviratna,0,0,"",""
ball,2,1.3,West Indies,DJS Dottin,TD Smartt,CR Seneviratna,0,0,"",""
ball,2,1.4,West Indies,DJS Dottin,TD Smartt,CR Seneviratna,0,0,"",""
ball,2,1.5,West Indies,DJS Dottin,TD Smartt,CR Seneviratna,4,0,"",""
ball,2,1.6,West Indies,DJS Dottin,TD Smartt,CR Seneviratna,0,0,"",""
ball,2,2.1,West Indies,TD Smartt,DJS Dottin,I Ranaweera,1,0,"",""
ball,2,2.2,West Indies,DJS Dottin,TD Smartt,I Ranaweera,0,0,lbw,DJS Dottin
ball,2,2.3,West Indies,SACA King,TD Smartt,I Ranaweera,1,0,"",""
ball,2,2.4,West Indies,TD Smartt,SACA King,I Ranaweera,1,0,"",""
ball,2,2.5,West Indies,SACA King,TD Smartt,I Ranaweera,1,0,"",""
ball,2,2.6,West Indies,TD Smartt,SACA King,I Ranaweera,0,0,caught,TD Smartt
ball,2,3.1,West Indies,JB Nero,SACA King,HASD Siriwardene,0,0,"",""
ball,2,3.2,West Indies,JB Nero,SACA King,HASD Siriwardene,1,0,"",""
ball,2,3.3,West Indies,SACA King,JB Nero,HASD Siriwardene,6,0,"",""
ball,2,3.4,West Indies,SACA King,JB Nero,HASD Siriwardene,1,0,"",""
ball,2,3.5,West Indies,JB Nero,SACA King,HASD Siriwardene,1,0,"",""
ball,2,3.6,West Indies,SACA King,JB Nero,HASD Siriwardene,1,0,"",""
ball,2,4.1,West Indies,SACA King,JB Nero,I Ranaweera,1,0,"",""
ball,2,4.2,West Indies,JB Nero,SACA King,I Ranaweera,0,0,"",""
ball,2,4.3,West Indies,JB Nero,SACA King,I Ranaweera,1,0,"",""
ball,2,4.4,West Indies,SACA King,JB Nero,I Ranaweera,0,1,"",""
ball,2,4.5,West Indies,SACA King,JB Nero,I Ranaweera,1,0,run out,SACA King
ball,2,4.6,West Indies,SF Daley,JB Nero,I Ranaweera,1,0,"",""
ball,2,4.7,West Indies,JB Nero,SF Daley,I Ranaweera,0,0,"",""
ball,2,5.1,West Indies,SF Daley,JB Nero,HASD Siriwardene,0,0,"",""
ball,2,5.2,West Indies,SF Daley,JB Nero,HASD Siriwardene,1,0,"",""
ball,2,5.3,West Indies,JB Nero,SF Daley,HASD Siriwardene,1,0,"",""
ball,2,5.4,West Indies,SF Daley,JB Nero,HASD Siriwardene,1,0,"",""
ball,2,5.5,West Indies,JB Nero,SF Daley,HASD Siriwardene,0,0,"",""
ball,2,5.6,West Indies,JB Nero,SF Daley,HASD Siriwardene,0,1,"",""
ball,2,6.1,West Indies,JB Nero,SF Daley,CR Seneviratna,0,0,"",""
ball,2,6.2,West Indies,JB Nero,SF Daley,CR Seneviratna,0,0,stumped,JB Nero
ball,2,6.3,West Indies,MR Aguilleira,SF Daley,CR Seneviratna,0,0,run out,SF Daley
ball,2,6.4,West Indies,SA Campbelle,MR Aguilleira,CR Seneviratna,0,0,"",""
ball,2,6.5,West Indies,SA Campbelle,MR Aguilleira,CR Seneviratna,0,0,stumped,SA Campbelle
ball,2,6.6,West Indies,B Cooper,MR Aguilleira,CR Seneviratna,0,0,"",""
ball,2,7.1,West Indies,MR Aguilleira,B Cooper,LE Kaushalya,1,0,"",""
ball,2,7.2,West Indies,B Cooper,MR Aguilleira,LE Kaushalya,1,0,"",""
ball,2,7.3,West Indies,MR Aguilleira,B Cooper,LE Kaushalya,0,1,"",""
ball,2,7.4,West Indies,B Cooper,MR Aguilleira,LE Kaushalya,0,0,run out,MR Aguilleira
ball,2,7.5,West Indies,A Mohammed,B Cooper,LE Kaushalya,0,1,"",""
ball,2,7.6,West Indies,B Cooper,A Mohammed,LE Kaushalya,2,0,"",""
