version,1.3.0
info,team,Australia
info,team,West Indies
info,gender,female
info,season,2012/13
info,date,2012/10/05
info,competition,ICC Women's World Twenty20
info,venue,R Premadasa Stadium
info,city,Colombo
info,neutralvenue,true
info,toss_winner,Australia
info,toss_decision,bat
info,player_of_match,EA Perry
info,umpire,BF Bowden
info,umpire,AL Hill
info,reserve_umpire,M Erasmus
info,tv_umpire,NJ Llong
info,match_referee,GF Labrooy
info,winner,Australia
info,winner_runs,28
ball,1,0.1,Australia,AJ Healy,MM Lanning,SF Daley,0,0,"",""
ball,1,0.2,Australia,AJ Healy,MM Lanning,SF Daley,0,0,bowled,AJ Healy
ball,1,0.3,Australia,JE Cameron,MM Lanning,SF Daley,0,0,"",""
ball,1,0.4,Australia,JE Cameron,MM Lanning,SF Daley,0,0,"",""
ball,1,0.5,Australia,JE Cameron,MM Lanning,SF Daley,0,0,"",""
ball,1,0.6,Australia,JE Cameron,MM Lanning,SF Daley,4,0,"",""
ball,1,1.1,Australia,MM Lanning,JE Cameron,SR Taylor,0,0,"",""
ball,1,1.2,Australia,MM Lanning,JE Cameron,SR Taylor,0,0,"",""
ball,1,1.3,Australia,MM Lanning,JE Cameron,SR Taylor,1,0,"",""
ball,1,1.4,Australia,JE Cameron,MM Lanning,SR Taylor,0,0,"",""
ball,1,1.5,Australia,JE Cameron,MM Lanning,SR Taylor,6,0,"",""
ball,1,1.6,Australia,JE Cameron,MM Lanning,SR Taylor,0,0,"",""
ball,1,2.1,Australia,MM Lanning,JE Cameron,SF Daley,1,0,"",""
ball,1,2.2,Australia,JE Cameron,MM Lanning,SF Daley,0,0,"",""
ball,1,2.3,Australia,JE Cameron,MM Lanning,SF Daley,0,0,"",""
ball,1,2.4,Australia,JE Cameron,MM Lanning,SF Daley,1,0,"",""
ball,1,2.5,Australia,MM Lanning,JE Cameron,SF Daley,1,0,"",""
ball,1,2.6,Australia,JE Cameron,MM Lanning,SF Daley,0,0,bowled,JE Cameron
ball,1,3.1,Australia,MM Lanning,LC Sthalekar,A Mohammed,0,0,"",""
ball,1,3.2,Australia,MM Lanning,LC Sthalekar,A Mohammed,4,0,"",""
ball,1,3.3,Australia,MM Lanning,LC Sthalekar,A Mohammed,1,0,"",""
ball,1,3.4,Australia,LC Sthalekar,MM Lanning,A Mohammed,0,0,"",""
ball,1,3.5,Australia,LC Sthalekar,MM Lanning,A Mohammed,0,0,"",""
ball,1,3.6,Australia,LC Sthalekar,MM Lanning,A Mohammed,1,0,"",""
ball,1,4.1,Australia,LC Sthalekar,MM Lanning,SF Daley,1,0,"",""
ball,1,4.2,Australia,MM Lanning,LC Sthalekar,SF Daley,0,0,"",""
ball,1,4.3,Australia,MM Lanning,LC Sthalekar,SF Daley,0,0,"",""
ball,1,4.4,Australia,MM Lanning,LC Sthalekar,SF Daley,0,0,"",""
ball,1,4.5,Australia,MM Lanning,LC Sthalekar,SF Daley,2,0,"",""
ball,1,4.6,Australia,MM Lanning,LC Sthalekar,SF Daley,1,0,"",""
ball,1,5.1,Australia,MM Lanning,LC Sthalekar,A Mohammed,0,0,"",""
ball,1,5.2,Australia,MM Lanning,LC Sthalekar,A Mohammed,4,0,"",""
ball,1,5.3,Australia,MM Lanning,LC Sthalekar,A Mohammed,0,0,"",""
ball,1,5.4,Australia,MM Lanning,LC Sthalekar,A Mohammed,1,0,"",""
ball,1,5.5,Australia,LC Sthalekar,MM Lanning,A Mohammed,0,0,"",""
ball,1,5.6,Australia,LC Sthalekar,MM Lanning,A Mohammed,2,0,"",""
ball,1,6.1,Australia,MM Lanning,LC Sthalekar,SA Campbelle,1,0,"",""
ball,1,6.2,Australia,LC Sthalekar,MM Lanning,SA Campbelle,1,0,"",""
ball,1,6.3,Australia,MM Lanning,LC Sthalekar,SA Campbelle,1,0,"",""
ball,1,6.4,Australia,LC Sthalekar,MM Lanning,SA Campbelle,0,0,"",""
ball,1,6.5,Australia,LC Sthalekar,MM Lanning,SA Campbelle,1,0,"",""
ball,1,6.6,Australia,MM Lanning,LC Sthalekar,SA Campbelle,1,0,"",""
ball,1,7.1,Australia,MM Lanning,LC Sthalekar,SL Quintyne,0,0,caught,MM Lanning
ball,1,7.2,Australia,AJ Blackwell,LC Sthalekar,SL Quintyne,1,0,"",""
ball,1,7.3,Australia,LC Sthalekar,AJ Blackwell,SL Quintyne,2,0,"",""
ball,1,7.4,Australia,LC Sthalekar,AJ Blackwell,SL Quintyne,1,0,"",""
ball,1,7.5,Australia,AJ Blackwell,LC Sthalekar,SL Quintyne,0,0,"",""
ball,1,7.6,Australia,AJ Blackwell,LC Sthalekar,SL Quintyne,1,0,"",""
ball,1,8.1,Australia,AJ Blackwell,LC Sthalekar,SA Campbelle,1,0,"",""
ball,1,8.2,Australia,LC Sthalekar,AJ Blackwell,SA Campbelle,0,0,"",""
ball,1,8.3,Australia,LC Sthalekar,AJ Blackwell,SA Campbelle,1,0,"",""
ball,1,8.4,Australia,AJ Blackwell,LC Sthalekar,SA Campbelle,1,0,"",""
ball,1,8.5,Australia,LC Sthalekar,AJ Blackwell,SA Campbelle,1,0,"",""
ball,1,8.6,Australia,AJ Blackwell,LC Sthalekar,SA Campbelle,1,0,"",""
ball,1,9.1,Australia,AJ Blackwell,LC Sthalekar,SL Quintyne,1,0,"",""
ball,1,9.2,Australia,LC Sthalekar,AJ Blackwell,SL Quintyne,1,0,"",""
ball,1,9.3,Australia,AJ Blackwell,LC Sthalekar,SL Quintyne,1,0,"",""
ball,1,9.4,Australia,LC Sthalekar,AJ Blackwell,SL Quintyne,2,0,"",""
ball,1,9.5,Australia,LC Sthalekar,AJ Blackwell,SL Quintyne,1,0,"",""
ball,1,9.6,Australia,AJ Blackwell,LC Sthalekar,SL Quintyne,1,0,"",""
ball,1,10.1,Australia,AJ Blackwell,LC Sthalekar,TD Smartt,0,0,"",""
ball,1,10.2,Australia,AJ Blackwell,LC Sthalekar,TD Smartt,1,0,"",""
ball,1,10.3,Australia,LC Sthalekar,AJ Blackwell,TD Smartt,0,0,"",""
ball,1,10.4,Australia,LC Sthalekar,AJ Blackwell,TD Smartt,0,0,"",""
ball,1,10.5,Australia,LC Sthalekar,AJ Blackwell,TD Smartt,1,0,"",""
ball,1,10.6,Australia,AJ Blackwell,LC Sthalekar,TD Smartt,0,0,"",""
ball,1,11.1,Australia,LC Sthalekar,AJ Blackwell,SC Selman,4,0,"",""
ball,1,11.2,Australia,LC Sthalekar,AJ Blackwell,SC Selman,1,0,"",""
ball,1,11.3,Australia,AJ Blackwell,LC Sthalekar,SC Selman,2,0,"",""
ball,1,11.4,Australia,AJ Blackwell,LC Sthalekar,SC Selman,0,0,"",""
ball,1,11.5,Australia,AJ Blackwell,LC Sthalekar,SC Selman,0,0,"",""
ball,1,11.6,Australia,AJ Blackwell,LC Sthalekar,SC Selman,0,1,"",""
ball,1,12.1,Australia,AJ Blackwell,LC Sthalekar,TD Smartt,0,0,"",""
ball,1,12.2,Australia,AJ Blackwell,LC Sthalekar,TD Smartt,2,0,"",""
ball,1,12.3,Australia,AJ Blackwell,LC Sthalekar,TD Smartt,1,0,"",""
ball,1,12.4,Australia,LC Sthalekar,AJ Blackwell,TD Smartt,0,0,"",""
ball,1,12.5,Australia,LC Sthalekar,AJ Blackwell,TD Smartt,2,0,"",""
ball,1,12.6,Australia,LC Sthalekar,AJ Blackwell,TD Smartt,0,0,caught,LC Sthalekar
ball,1,13.1,Australia,JM Fields,AJ Blackwell,A Mohammed,1,0,"",""
ball,1,13.2,Australia,AJ Blackwell,JM Fields,A Mohammed,1,0,"",""
ball,1,13.3,Australia,JM Fields,AJ Blackwell,A Mohammed,0,0,"",""
ball,1,13.4,Australia,JM Fields,AJ Blackwell,A Mohammed,1,0,"",""
ball,1,13.5,Australia,AJ Blackwell,JM Fields,A Mohammed,0,0,"",""
ball,1,13.6,Australia,AJ Blackwell,JM Fields,A Mohammed,4,0,"",""
ball,1,14.1,Australia,JM Fields,AJ Blackwell,SR Taylor,0,0,"",""
ball,1,14.2,Australia,JM Fields,AJ Blackwell,SR Taylor,0,0,"",""
ball,1,14.3,Australia,JM Fields,AJ Blackwell,SR Taylor,1,0,"",""
ball,1,14.4,Australia,AJ Blackwell,JM Fields,SR Taylor,1,0,"",""
ball,1,14.5,Australia,JM Fields,AJ Blackwell,SR Taylor,0,0,"",""
ball,1,14.6,Australia,JM Fields,AJ Blackwell,SR Taylor,1,0,"",""
ball,1,15.1,Australia,JM Fields,AJ Blackwell,SL Quintyne,0,0,"",""
ball,1,15.2,Australia,JM Fields,AJ Blackwell,SL Quintyne,1,0,"",""
ball,1,15.3,Australia,AJ Blackwell,JM Fields,SL Quintyne,1,0,"",""
ball,1,15.4,Australia,JM Fields,AJ Blackwell,SL Quintyne,0,0,"",""
ball,1,15.5,Australia,JM Fields,AJ Blackwell,SL Quintyne,1,0,"",""
ball,1,15.6,Australia,AJ Blackwell,JM Fields,SL Quintyne,0,0,caught and bowled,AJ Blackwell
ball,1,16.1,Australia,JM Fields,RL Haynes,SA Campbelle,1,0,"",""
ball,1,16.2,Australia,RL Haynes,JM Fields,SA Campbelle,0,0,"",""
ball,1,16.3,Australia,RL Haynes,JM Fields,SA Campbelle,1,0,"",""
ball,1,16.4,Australia,JM Fields,RL Haynes,SA Campbelle,1,0,"",""
ball,1,16.5,Australia,RL Haynes,JM Fields,SA Campbelle,1,0,"",""
ball,1,16.6,Australia,JM Fields,RL Haynes,SA Campbelle,1,0,"",""
ball,1,17.1,Australia,JM Fields,RL Haynes,SL Quintyne,1,0,"",""
ball,1,17.2,Australia,RL Haynes,JM Fields,SL Quintyne,0,0,"",""
ball,1,17.3,Australia,RL Haynes,JM Fields,SL Quintyne,2,0,"",""
ball,1,17.4,Australia,RL Haynes,JM Fields,SL Quintyne,0,0,"",""
ball,1,17.5,Australia,RL Haynes,JM Fields,SL Quintyne,1,0,"",""
ball,1,17.6,Australia,JM Fields,RL Haynes,SL Quintyne,4,0,"",""
ball,1,18.1,Australia,RL Haynes,JM Fields,SR Taylor,1,0,"",""
ball,1,18.2,Australia,JM Fields,RL Haynes,SR Taylor,1,0,"",""
ball,1,18.3,Australia,RL Haynes,JM Fields,SR Taylor,1,0,"",""
ball,1,18.4,Australia,JM Fields,RL Haynes,SR Taylor,0,2,"",""
ball,1,18.5,Australia,RL Haynes,JM Fields,SR Taylor,1,0,"",""
ball,1,18.6,Australia,JM Fields,RL Haynes,SR Taylor,2,0,"",""
ball,1,18.7,Australia,JM Fields,RL Haynes,SR Taylor,1,0,"",""
ball,1,19.1,Australia,JM Fields,RL Haynes,SF Daley,1,0,"",""
ball,1,19.2,Australia,RL Haynes,JM Fields,SF Daley,6,0,"",""
ball,1,19.3,Australia,RL Haynes,JM Fields,SF Daley,1,0,run out,RL Haynes
ball,1,19.4,Australia,EA Osborne,JM Fields,SF Daley,1,0,"",""
ball,1,19.5,Australia,JM Fields,EA Osborne,SF Daley,0,0,run out,EA Osborne
ball,1,19.6,Australia,JL Hunter,JM Fields,SF Daley,3,0,"",""
ball,2,0.1,West Indies,SR Taylor,JB Nero,EA Perry,1,0,"",""
ball,2,0.2,West Indies,JB Nero,SR Taylor,EA Perry,0,1,"",""
ball,2,0.3,West Indies,JB Nero,SR Taylor,EA Perry,0,0,"",""
ball,2,0.4,West Indies,JB Nero,SR Taylor,EA Perry,0,0,"",""
ball,2,0.5,West Indies,JB Nero,SR Taylor,EA Perry,0,0,"",""
ball,2,0.6,West Indies,JB Nero,SR Taylor,EA Perry,0,0,"",""
ball,2,0.7,West Indies,JB Nero,SR Taylor,EA Perry,4,0,"",""
ball,2,1.1,West Indies,SR Taylor,JB Nero,LC Sthalekar,0,0,"",""
ball,2,1.2,West Indies,SR Taylor,JB Nero,LC Sthalekar,0,0,"",""
ball,2,1.3,West Indies,SR Taylor,JB Nero,LC Sthalekar,0,0,"",""
ball,2,1.4,West Indies,SR Taylor,JB Nero,LC Sthalekar,0,0,"",""
ball,2,1.5,West Indies,SR Taylor,JB Nero,LC Sthalekar,0,0,"",""
ball,2,1.6,West Indies,SR Taylor,JB Nero,LC Sthalekar,1,0,"",""
ball,2,2.1,West Indies,SR Taylor,JB Nero,EA Perry,0,0,"",""
ball,2,2.2,West Indies,SR Taylor,JB Nero,EA Perry,0,0,"",""
ball,2,2.3,West Indies,SR Taylor,JB Nero,EA Perry,1,0,"",""
ball,2,2.4,West Indies,JB Nero,SR Taylor,EA Perry,4,0,"",""
ball,2,2.5,West Indies,JB Nero,SR Taylor,EA Perry,1,0,"",""
ball,2,2.6,West Indies,SR Taylor,JB Nero,EA Perry,0,0,bowled,SR Taylor
ball,2,3.1,West Indies,JB Nero,MR Aguilleira,LC Sthalekar,0,0,"",""
ball,2,3.2,West Indies,JB Nero,MR Aguilleira,LC Sthalekar,0,0,"",""
ball,2,3.3,West Indies,JB Nero,MR Aguilleira,LC Sthalekar,0,0,"",""
ball,2,3.4,West Indies,JB Nero,MR Aguilleira,LC Sthalekar,2,0,"",""
ball,2,3.5,West Indies,JB Nero,MR Aguilleira,LC Sthalekar,0,0,"",""
ball,2,3.6,West Indies,JB Nero,MR Aguilleira,LC Sthalekar,0,0,"",""
ball,2,4.1,West Indies,MR Aguilleira,JB Nero,JL Hunter,2,0,"",""
ball,2,4.2,West Indies,MR Aguilleira,JB Nero,JL Hunter,0,0,lbw,MR Aguilleira
ball,2,4.3,West Indies,DJS Dottin,JB Nero,JL Hunter,0,0,"",""
ball,2,4.4,West Indies,DJS Dottin,JB Nero,JL Hunter,0,0,"",""
ball,2,4.5,West Indies,DJS Dottin,JB Nero,JL Hunter,4,0,"",""
ball,2,4.6,West Indies,DJS Dottin,JB Nero,JL Hunter,1,0,"",""
ball,2,5.1,West Indies,DJS Dottin,JB Nero,LC Sthalekar,1,0,"",""
ball,2,5.2,West Indies,JB Nero,DJS Dottin,LC Sthalekar,0,0,"",""
ball,2,5.3,West Indies,JB Nero,DJS Dottin,LC Sthalekar,0,0,"",""
ball,2,5.4,West Indies,JB Nero,DJS Dottin,LC Sthalekar,0,0,"",""
ball,2,5.5,West Indies,JB Nero,DJS Dottin,LC Sthalekar,0,0,"",""
ball,2,5.6,West Indies,JB Nero,DJS Dottin,LC Sthalekar,0,0,"",""
ball,2,6.1,West Indies,DJS Dottin,JB Nero,EA Perry,0,0,bowled,DJS Dottin
ball,2,6.2,West Indies,SA Campbelle,JB Nero,EA Perry,4,0,"",""
ball,2,6.3,West Indies,SA Campbelle,JB Nero,EA Perry,0,0,"",""
ball,2,6.4,West Indies,SA Campbelle,JB Nero,EA Perry,0,0,"",""
ball,2,6.5,West Indies,SA Campbelle,JB Nero,EA Perry,1,0,"",""
ball,2,6.6,West Indies,JB Nero,SA Campbelle,EA Perry,0,0,run out,SA Campbelle
ball,2,7.1,West Indies,SF Daley,JB Nero,EA Osborne,4,0,"",""
ball,2,7.2,West Indies,SF Daley,JB Nero,EA Osborne,0,0,"",""
ball,2,7.3,West Indies,SF Daley,JB Nero,EA Osborne,2,0,"",""
ball,2,7.4,West Indies,SF Daley,JB Nero,EA Osborne,1,0,"",""
ball,2,7.5,West Indies,JB Nero,SF Daley,EA Osborne,0,0,"",""
ball,2,7.6,West Indies,JB Nero,SF Daley,EA Osborne,4,0,"",""
ball,2,8.1,West Indies,SF Daley,JB Nero,JL Jonassen,0,1,"",""
ball,2,8.2,West Indies,SF Daley,JB Nero,JL Jonassen,0,0,"",""
ball,2,8.3,West Indies,SF Daley,JB Nero,JL Jonassen,0,0,"",""
ball,2,8.4,West Indies,SF Daley,JB Nero,JL Jonassen,0,0,"",""
ball,2,8.5,West Indies,SF Daley,JB Nero,JL Jonassen,0,0,"",""
ball,2,8.6,West Indies,SF Daley,JB Nero,JL Jonassen,1,0,"",""
ball,2,8.7,West Indies,JB Nero,SF Daley,JL Jonassen,2,0,"",""
ball,2,9.1,West Indies,SF Daley,JB Nero,EA Osborne,0,0,"",""
ball,2,9.2,West Indies,SF Daley,JB Nero,EA Osborne,1,0,"",""
ball,2,9.3,West Indies,JB Nero,SF Daley,EA Osborne,1,0,"",""
ball,2,9.4,West Indies,SF Daley,JB Nero,EA Osborne,0,0,"",""
ball,2,9.5,West Indies,SF Daley,JB Nero,EA Osborne,1,0,"",""
ball,2,9.6,West Indies,JB Nero,SF Daley,EA Osborne,0,0,"",""
ball,2,10.1,West Indies,SF Daley,JB Nero,JL Jonassen,0,0,"",""
ball,2,10.2,West Indies,SF Daley,JB Nero,JL Jonassen,1,0,"",""
ball,2,10.3,West Indies,JB Nero,SF Daley,JL Jonassen,2,0,"",""
ball,2,10.4,West Indies,JB Nero,SF Daley,JL Jonassen,1,0,"",""
ball,2,10.5,West Indies,SF Daley,JB Nero,JL Jonassen,0,0,"",""
ball,2,10.6,West Indies,SF Daley,JB Nero,JL Jonassen,1,0,"",""
ball,2,11.1,West Indies,SF Daley,JB Nero,LC Sthalekar,0,0,"",""
ball,2,11.2,West Indies,SF Daley,JB Nero,LC Sthalekar,0,0,"",""
ball,2,11.3,West Indies,SF Daley,JB Nero,LC Sthalekar,1,0,"",""
ball,2,11.4,West Indies,JB Nero,SF Daley,LC Sthalekar,0,0,"",""
ball,2,11.5,West Indies,JB Nero,SF Daley,LC Sthalekar,1,0,"",""
ball,2,11.6,West Indies,SF Daley,JB Nero,LC Sthalekar,0,0,"",""
ball,2,12.1,West Indies,JB Nero,SF Daley,JL Jonassen,0,0,"",""
ball,2,12.2,West Indies,JB Nero,SF Daley,JL Jonassen,0,0,"",""
ball,2,12.3,West Indies,JB Nero,SF Daley,JL Jonassen,0,0,"",""
ball,2,12.4,West Indies,JB Nero,SF Daley,JL Jonassen,0,0,"",""
ball,2,12.5,West Indies,JB Nero,SF Daley,JL Jonassen,0,0,"",""
ball,2,12.6,West Indies,JB Nero,SF Daley,JL Jonassen,1,0,"",""
ball,2,13.1,West Indies,JB Nero,SF Daley,JL Hunter,0,1,"",""
ball,2,13.2,West Indies,SF Daley,JB Nero,JL Hunter,4,0,"",""
ball,2,13.3,West Indies,SF Daley,JB Nero,JL Hunter,0,1,"",""
ball,2,13.4,West Indies,SF Daley,JB Nero,JL Hunter,0,1,"",""
ball,2,13.5,West Indies,SF Daley,JB Nero,JL Hunter,0,0,"",""
ball,2,13.6,West Indies,SF Daley,JB Nero,JL Hunter,4,0,"",""
ball,2,13.7,West Indies,SF Daley,JB Nero,JL Hunter,1,0,"",""
ball,2,13.8,West Indies,JB Nero,SF Daley,JL Hunter,0,0,"",""
ball,2,14.1,West Indies,SF Daley,JB Nero,JL Jonassen,1,0,"",""
ball,2,14.2,West Indies,JB Nero,SF Daley,JL Jonassen,1,0,"",""
ball,2,14.3,West Indies,SF Daley,JB Nero,JL Jonassen,1,0,"",""
ball,2,14.4,West Indies,JB Nero,SF Daley,JL Jonassen,4,0,"",""
ball,2,14.5,West Indies,JB Nero,SF Daley,JL Jonassen,0,0,"",""
ball,2,14.6,West Indies,JB Nero,SF Daley,JL Jonassen,1,0,"",""
ball,2,15.1,West Indies,JB Nero,SF Daley,EA Perry,1,0,"",""
ball,2,15.2,West Indies,SF Daley,JB Nero,EA Perry,0,0,"",""
ball,2,15.3,West Indies,SF Daley,JB Nero,EA Perry,0,0,"",""
ball,2,15.4,West Indies,SF Daley,JB Nero,EA Perry,0,0,"",""
ball,2,15.5,West Indies,SF Daley,JB Nero,EA Perry,0,0,"",""
ball,2,15.6,West Indies,SF Daley,JB Nero,EA Perry,1,0,"",""
ball,2,16.1,West Indies,SF Daley,JB Nero,EA Osborne,0,0,"",""
ball,2,16.2,West Indies,SF Daley,JB Nero,EA Osborne,0,0,caught,SF Daley
ball,2,16.3,West Indies,SACA King,JB Nero,EA Osborne,1,0,"",""
ball,2,16.4,West Indies,JB Nero,SACA King,EA Osborne,0,0,"",""
ball,2,16.5,West Indies,JB Nero,SACA King,EA Osborne,0,0,"",""
ball,2,16.6,West Indies,JB Nero,SACA King,EA Osborne,1,0,"",""
ball,2,17.1,West Indies,JB Nero,SACA King,JL Hunter,0,0,bowled,JB Nero
ball,2,17.2,West Indies,TD Smartt,SACA King,JL Hunter,1,0,"",""
ball,2,17.3,West Indies,SACA King,TD Smartt,JL Hunter,0,0,caught,SACA King
ball,2,17.4,West Indies,SL Quintyne,TD Smartt,JL Hunter,1,0,"",""
ball,2,17.5,West Indies,TD Smartt,SL Quintyne,JL Hunter,0,0,"",""
ball,2,17.6,West Indies,TD Smartt,SL Quintyne,JL Hunter,2,0,"",""
ball,2,18.1,West Indies,SL Quintyne,TD Smartt,EA Osborne,1,0,"",""
ball,2,18.2,West Indies,TD Smartt,SL Quintyne,EA Osborne,1,0,"",""
ball,2,18.3,West Indies,SL Quintyne,TD Smartt,EA Osborne,0,1,"",""
ball,2,18.4,West Indies,TD Smartt,SL Quintyne,EA Osborne,1,0,"",""
ball,2,18.5,West Indies,SL Quintyne,TD Smartt,EA Osborne,0,0,lbw,SL Quintyne
ball,2,18.6,West Indies,A Mohammed,TD Smartt,EA Osborne,1,0,"",""
ball,2,19.1,West Indies,A Mohammed,TD Smartt,JL Hunter,0,0,caught,A Mohammed
ball,2,19.2,West Indies,TD Smartt,SC Selman,JL Hunter,0,0,caught,TD Smartt
