version,1.3.0
info,team,England
info,team,India
info,gender,female
info,season,2012/13
info,date,2012/09/29
info,competition,ICC Women's World Twenty20
info,match_number,8
info,venue,Galle International Stadium
info,city,
info,neutralvenue,true
info,toss_winner,India
info,toss_decision,bat
info,player_of_match,CM Edwards
info,umpire,AL Hill
info,umpire,BNJ Oxenford
info,reserve_umpire,M Erasmus
info,match_referee,GF Labrooy
info,winner,England
info,winner_wickets,9
ball,1,0.1,India,A Sharma,PG Raut,KH Brunt,1,0,"",""
ball,1,0.2,India,PG Raut,A Sharma,KH Brunt,0,0,"",""
ball,1,0.3,India,PG Raut,A Sharma,KH Brunt,0,0,"",""
ball,1,0.4,India,PG Raut,A Sharma,KH Brunt,0,0,"",""
ball,1,0.5,India,PG Raut,A Sharma,KH Brunt,0,1,"",""
ball,1,0.6,India,PG Raut,A Sharma,KH Brunt,0,0,"",""
ball,1,0.7,India,PG Raut,A Sharma,KH Brunt,0,1,"",""
ball,1,0.8,India,PG Raut,A Sharma,KH Brunt,0,0,"",""
ball,1,1.1,India,A Sharma,PG Raut,A Shrubsole,0,0,"",""
ball,1,1.2,India,A Sharma,PG Raut,A Shrubsole,0,0,"",""
ball,1,1.3,India,A Sharma,PG Raut,A Shrubsole,0,0,"",""
ball,1,1.4,India,A Sharma,PG Raut,A Shrubsole,0,0,"",""
ball,1,1.5,India,A Sharma,PG Raut,A Shrubsole,0,0,"",""
ball,1,1.6,India,A Sharma,PG Raut,A Shrubsole,1,0,"",""
ball,1,2.1,India,A Sharma,PG Raut,KH Brunt,0,0,"",""
ball,1,2.2,India,A Sharma,PG Raut,KH Brunt,0,0,caught,A Sharma
ball,1,2.3,India,M Raj,PG Raut,KH Brunt,1,0,"",""
ball,1,2.4,India,PG Raut,M Raj,KH Brunt,0,0,"",""
ball,1,2.5,India,PG Raut,M Raj,KH Brunt,0,0,"",""
ball,1,2.6,India,PG Raut,M Raj,KH Brunt,0,0,"",""
ball,1,3.1,India,M Raj,PG Raut,A Shrubsole,1,0,"",""
ball,1,3.2,India,PG Raut,M Raj,A Shrubsole,0,0,"",""
ball,1,3.3,India,PG Raut,M Raj,A Shrubsole,4,0,"",""
ball,1,3.4,India,PG Raut,M Raj,A Shrubsole,4,0,"",""
ball,1,3.5,India,PG Raut,M Raj,A Shrubsole,0,0,"",""
ball,1,3.6,India,PG Raut,M Raj,A Shrubsole,0,0,"",""
ball,1,4.1,India,M Raj,PG Raut,KH Brunt,0,0,"",""
ball,1,4.2,India,M Raj,PG Raut,KH Brunt,1,0,"",""
ball,1,4.3,India,PG Raut,M Raj,KH Brunt,0,0,"",""
ball,1,4.4,India,PG Raut,M Raj,KH Brunt,0,1,"",""
ball,1,4.5,India,PG Raut,M Raj,KH Brunt,1,0,"",""
ball,1,4.6,India,M Raj,PG Raut,KH Brunt,0,0,"",""
ball,1,4.7,India,M Raj,PG Raut,KH Brunt,0,0,"",""
ball,1,5.1,India,PG Raut,M Raj,D Hazell,0,1,"",""
ball,1,5.2,India,PG Raut,M Raj,D Hazell,0,0,"",""
ball,1,5.3,India,PG Raut,M Raj,D Hazell,0,0,"",""
ball,1,5.4,India,PG Raut,M Raj,D Hazell,0,0,"",""
ball,1,5.5,India,PG Raut,M Raj,D Hazell,1,0,"",""
ball,1,5.6,India,M Raj,PG Raut,D Hazell,0,0,"",""
ball,1,5.7,India,M Raj,PG Raut,D Hazell,0,0,"",""
ball,1,6.1,India,PG Raut,M Raj,LA Marsh,1,0,"",""
ball,1,6.2,India,M Raj,PG Raut,LA Marsh,1,0,"",""
ball,1,6.3,India,PG Raut,M Raj,LA Marsh,1,0,"",""
ball,1,6.4,India,M Raj,PG Raut,LA Marsh,1,0,"",""
ball,1,6.5,India,PG Raut,M Raj,LA Marsh,0,0,"",""
ball,1,6.6,India,PG Raut,M Raj,LA Marsh,1,0,"",""
ball,1,7.1,India,PG Raut,M Raj,D Hazell,0,0,"",""
ball,1,7.2,India,PG Raut,M Raj,D Hazell,2,0,"",""
ball,1,7.3,India,PG Raut,M Raj,D Hazell,0,0,"",""
ball,1,7.4,India,PG Raut,M Raj,D Hazell,4,0,"",""
ball,1,7.5,India,PG Raut,M Raj,D Hazell,4,0,"",""
ball,1,7.6,India,PG Raut,M Raj,D Hazell,0,1,"",""
ball,1,7.7,India,PG Raut,M Raj,D Hazell,0,0,"",""
ball,1,8.1,India,M Raj,PG Raut,LA Marsh,1,0,"",""
ball,1,8.2,India,PG Raut,M Raj,LA Marsh,0,0,"",""
ball,1,8.3,India,PG Raut,M Raj,LA Marsh,1,0,"",""
ball,1,8.4,India,M Raj,PG Raut,LA Marsh,1,0,"",""
ball,1,8.5,India,PG Raut,M Raj,LA Marsh,4,0,"",""
ball,1,8.6,India,PG Raut,M Raj,LA Marsh,0,0,"",""
ball,1,9.1,India,M Raj,PG Raut,HL Colvin,0,0,"",""
ball,1,9.2,India,M Raj,PG Raut,HL Colvin,0,0,"",""
ball,1,9.3,India,M Raj,PG Raut,HL Colvin,1,0,"",""
ball,1,9.4,India,PG Raut,M Raj,HL Colvin,0,1,"",""
ball,1,9.5,India,PG Raut,M Raj,HL Colvin,1,0,"",""
ball,1,9.6,India,M Raj,PG Raut,HL Colvin,1,0,"",""
ball,1,9.7,India,PG Raut,M Raj,HL Colvin,1,0,"",""
ball,1,10.1,India,PG Raut,M Raj,D Hazell,0,0,"",""
ball,1,10.2,India,PG Raut,M Raj,D Hazell,1,0,"",""
ball,1,10.3,India,M Raj,PG Raut,D Hazell,1,0,"",""
ball,1,10.4,India,PG Raut,M Raj,D Hazell,4,0,"",""
ball,1,10.5,India,PG Raut,M Raj,D Hazell,1,0,"",""
ball,1,10.6,India,M Raj,PG Raut,D Hazell,0,0,"",""
ball,1,11.1,India,PG Raut,M Raj,HL Colvin,1,0,"",""
ball,1,11.2,India,M Raj,PG Raut,HL Colvin,1,0,"",""
ball,1,11.3,India,PG Raut,M Raj,HL Colvin,0,0,"",""
ball,1,11.4,India,PG Raut,M Raj,HL Colvin,1,0,"",""
ball,1,11.5,India,M Raj,PG Raut,HL Colvin,1,0,"",""
ball,1,11.6,India,PG Raut,M Raj,HL Colvin,1,0,"",""
ball,1,12.1,India,PG Raut,M Raj,A Shrubsole,0,0,"",""
ball,1,12.2,India,PG Raut,M Raj,A Shrubsole,0,0,"",""
ball,1,12.3,India,PG Raut,M Raj,A Shrubsole,1,0,"",""
ball,1,12.4,India,M Raj,PG Raut,A Shrubsole,1,0,"",""
ball,1,12.5,India,PG Raut,M Raj,A Shrubsole,2,0,"",""
ball,1,12.6,India,PG Raut,M Raj,A Shrubsole,1,0,"",""
ball,1,13.1,India,PG Raut,M Raj,HL Colvin,1,0,"",""
ball,1,13.2,India,M Raj,PG Raut,HL Colvin,1,0,"",""
ball,1,13.3,India,PG Raut,M Raj,HL Colvin,0,0,"",""
ball,1,13.4,India,PG Raut,M Raj,HL Colvin,2,0,"",""
ball,1,13.5,India,PG Raut,M Raj,HL Colvin,1,0,"",""
ball,1,13.6,India,M Raj,PG Raut,HL Colvin,4,0,"",""
ball,1,14.1,India,PG Raut,M Raj,LA Marsh,2,0,"",""
ball,1,14.2,India,PG Raut,M Raj,LA Marsh,1,0,"",""
ball,1,14.3,India,M Raj,PG Raut,LA Marsh,1,0,"",""
ball,1,14.4,India,PG Raut,M Raj,LA Marsh,1,0,"",""
ball,1,14.5,India,M Raj,PG Raut,LA Marsh,1,0,"",""
ball,1,14.6,India,PG Raut,M Raj,LA Marsh,0,0,caught,PG Raut
ball,1,15.1,India,H Kaur,M Raj,A Brindle,2,0,"",""
ball,1,15.2,India,H Kaur,M Raj,A Brindle,1,0,"",""
ball,1,15.3,India,M Raj,H Kaur,A Brindle,0,1,"",""
ball,1,15.4,India,M Raj,H Kaur,A Brindle,1,0,"",""
ball,1,15.5,India,H Kaur,M Raj,A Brindle,0,0,caught,H Kaur
ball,1,15.6,India,J Goswami,M Raj,A Brindle,0,0,"",""
ball,1,15.7,India,J Goswami,M Raj,A Brindle,1,0,"",""
ball,1,16.1,India,J Goswami,M Raj,KH Brunt,0,1,"",""
ball,1,16.2,India,J Goswami,M Raj,KH Brunt,0,0,"",""
ball,1,16.3,India,J Goswami,M Raj,KH Brunt,1,0,"",""
ball,1,16.4,India,M Raj,J Goswami,KH Brunt,0,1,"",""
ball,1,16.5,India,M Raj,J Goswami,KH Brunt,4,0,"",""
ball,1,16.6,India,M Raj,J Goswami,KH Brunt,0,0,"",""
ball,1,16.7,India,M Raj,J Goswami,KH Brunt,0,0,"",""
ball,1,16.8,India,M Raj,J Goswami,KH Brunt,2,0,"",""
ball,1,17.1,India,J Goswami,M Raj,HL Colvin,6,0,"",""
ball,1,17.2,India,J Goswami,M Raj,HL Colvin,2,0,"",""
ball,1,17.3,India,J Goswami,M Raj,HL Colvin,0,0,caught,J Goswami
ball,1,17.4,India,M Raj,N Niranjana,HL Colvin,1,0,"",""
ball,1,17.5,India,N Niranjana,M Raj,HL Colvin,1,0,"",""
ball,1,17.6,India,M Raj,N Niranjana,HL Colvin,1,0,"",""
ball,1,18.1,India,M Raj,N Niranjana,LA Marsh,1,0,"",""
ball,1,18.2,India,N Niranjana,M Raj,LA Marsh,0,0,caught,N Niranjana
ball,1,18.3,India,M Raj,R Malhotra,LA Marsh,1,0,"",""
ball,1,18.4,India,R Malhotra,M Raj,LA Marsh,0,0,"",""
ball,1,18.5,India,R Malhotra,M Raj,LA Marsh,1,0,"",""
ball,1,18.6,India,M Raj,R Malhotra,LA Marsh,1,0,"",""
ball,1,19.1,India,M Raj,R Malhotra,D Hazell,1,0,"",""
ball,1,19.2,India,R Malhotra,M Raj,D Hazell,2,0,"",""
ball,1,19.3,India,R Malhotra,M Raj,D Hazell,1,0,"",""
ball,1,19.4,India,M Raj,R Malhotra,D Hazell,1,0,"",""
ball,1,19.5,India,R Malhotra,M Raj,D Hazell,1,0,"",""
ball,1,19.6,India,M Raj,R Malhotra,D Hazell,1,0,run out,M Raj
ball,2,0.1,England,CM Edwards,LA Marsh,N Niranjana,1,0,"",""
ball,2,0.2,England,LA Marsh,CM Edwards,N Niranjana,2,0,"",""
ball,2,0.3,England,LA Marsh,CM Edwards,N Niranjana,0,0,"",""
ball,2,0.4,England,LA Marsh,CM Edwards,N Niranjana,0,0,"",""
ball,2,0.5,England,LA Marsh,CM Edwards,N Niranjana,4,0,"",""
ball,2,0.6,England,LA Marsh,CM Edwards,N Niranjana,0,0,"",""
ball,2,1.1,England,CM Edwards,LA Marsh,A Das,1,0,"",""
ball,2,1.2,England,LA Marsh,CM Edwards,A Das,1,0,"",""
ball,2,1.3,England,CM Edwards,LA Marsh,A Das,4,0,"",""
ball,2,1.4,England,CM Edwards,LA Marsh,A Das,0,0,"",""
ball,2,1.5,England,CM Edwards,LA Marsh,A Das,1,0,"",""
ball,2,1.6,England,LA Marsh,CM Edwards,A Das,0,0,"",""
ball,2,2.1,England,CM Edwards,LA Marsh,N Niranjana,0,0,"",""
ball,2,2.2,England,CM Edwards,LA Marsh,N Niranjana,0,0,"",""
ball,2,2.3,England,CM Edwards,LA Marsh,N Niranjana,0,0,"",""
ball,2,2.4,England,CM Edwards,LA Marsh,N Niranjana,0,0,"",""
ball,2,2.5,England,CM Edwards,LA Marsh,N Niranjana,0,0,"",""
ball,2,2.6,England,CM Edwards,LA Marsh,N Niranjana,0,0,"",""
ball,2,3.1,England,LA Marsh,CM Edwards,A Das,0,0,"",""
ball,2,3.2,England,LA Marsh,CM Edwards,A Das,6,0,"",""
ball,2,3.3,England,LA Marsh,CM Edwards,A Das,0,0,"",""
ball,2,3.4,England,LA Marsh,CM Edwards,A Das,0,0,"",""
ball,2,3.5,England,LA Marsh,CM Edwards,A Das,0,0,"",""
ball,2,3.6,England,LA Marsh,CM Edwards,A Das,1,0,"",""
ball,2,4.1,England,LA Marsh,CM Edwards,N Niranjana,0,1,"",""
ball,2,4.2,England,CM Edwards,LA Marsh,N Niranjana,0,0,"",""
ball,2,4.3,England,CM Edwards,LA Marsh,N Niranjana,4,0,"",""
ball,2,4.4,England,CM Edwards,LA Marsh,N Niranjana,0,0,"",""
ball,2,4.5,England,CM Edwards,LA Marsh,N Niranjana,0,0,"",""
ball,2,4.6,England,CM Edwards,LA Marsh,N Niranjana,1,0,"",""
ball,2,5.1,England,CM Edwards,LA Marsh,J Goswami,4,0,"",""
ball,2,5.2,England,CM Edwards,LA Marsh,J Goswami,1,0,"",""
ball,2,5.3,England,LA Marsh,CM Edwards,J Goswami,1,0,"",""
ball,2,5.4,England,CM Edwards,LA Marsh,J Goswami,0,1,"",""
ball,2,5.5,England,LA Marsh,CM Edwards,J Goswami,4,0,"",""
ball,2,5.6,England,LA Marsh,CM Edwards,J Goswami,4,0,"",""
ball,2,6.1,England,CM Edwards,LA Marsh,E Bisht,0,0,"",""
ball,2,6.2,England,CM Edwards,LA Marsh,E Bisht,1,0,"",""
ball,2,6.3,England,LA Marsh,CM Edwards,E Bisht,0,0,"",""
ball,2,6.4,England,LA Marsh,CM Edwards,E Bisht,0,0,"",""
ball,2,6.5,England,LA Marsh,CM Edwards,E Bisht,1,0,"",""
ball,2,6.6,England,CM Edwards,LA Marsh,E Bisht,4,0,"",""
ball,2,7.1,England,LA Marsh,CM Edwards,J Goswami,1,0,"",""
ball,2,7.2,England,CM Edwards,LA Marsh,J Goswami,1,0,"",""
ball,2,7.3,England,LA Marsh,CM Edwards,J Goswami,4,0,"",""
ball,2,7.4,England,LA Marsh,CM Edwards,J Goswami,0,0,"",""
ball,2,7.5,England,LA Marsh,CM Edwards,J Goswami,0,0,"",""
ball,2,7.6,England,LA Marsh,CM Edwards,J Goswami,0,0,"",""
ball,2,8.1,England,CM Edwards,LA Marsh,E Bisht,1,0,"",""
ball,2,8.2,England,LA Marsh,CM Edwards,E Bisht,1,0,"",""
ball,2,8.3,England,CM Edwards,LA Marsh,E Bisht,2,0,"",""
ball,2,8.4,England,CM Edwards,LA Marsh,E Bisht,0,0,"",""
ball,2,8.5,England,CM Edwards,LA Marsh,E Bisht,1,0,"",""
ball,2,8.6,England,LA Marsh,CM Edwards,E Bisht,4,0,"",""
ball,2,9.1,England,CM Edwards,LA Marsh,R Malhotra,1,0,"",""
ball,2,9.2,England,LA Marsh,CM Edwards,R Malhotra,1,0,"",""
ball,2,9.3,England,CM Edwards,LA Marsh,R Malhotra,1,0,"",""
ball,2,9.4,England,LA Marsh,CM Edwards,R Malhotra,1,0,"",""
ball,2,9.5,England,CM Edwards,LA Marsh,R Malhotra,1,0,"",""
ball,2,9.6,England,LA Marsh,CM Edwards,R Malhotra,0,0,"",""
ball,2,10.1,England,CM Edwards,LA Marsh,AA Patil,0,0,"",""
ball,2,10.2,England,CM Edwards,LA Marsh,AA Patil,1,0,"",""
ball,2,10.3,England,LA Marsh,CM Edwards,AA Patil,0,0,"",""
ball,2,10.4,England,LA Marsh,CM Edwards,AA Patil,1,0,"",""
ball,2,10.5,England,CM Edwards,LA Marsh,AA Patil,4,0,"",""
ball,2,10.6,England,CM Edwards,LA Marsh,AA Patil,1,0,"",""
ball,2,11.1,England,CM Edwards,LA Marsh,R Malhotra,1,0,"",""
ball,2,11.2,England,LA Marsh,CM Edwards,R Malhotra,2,0,"",""
ball,2,11.3,England,LA Marsh,CM Edwards,R Malhotra,0,0,"",""
ball,2,11.4,England,LA Marsh,CM Edwards,R Malhotra,0,0,stumped,LA Marsh
ball,2,11.5,England,SJ Taylor,CM Edwards,R Malhotra,0,0,"",""
ball,2,11.6,England,SJ Taylor,CM Edwards,R Malhotra,1,0,"",""
ball,2,12.1,England,SJ Taylor,CM Edwards,AA Patil,1,0,"",""
ball,2,12.2,England,CM Edwards,SJ Taylor,AA Patil,2,0,"",""
ball,2,12.3,England,CM Edwards,SJ Taylor,AA Patil,0,0,"",""
ball,2,12.4,England,CM Edwards,SJ Taylor,AA Patil,0,1,"",""
ball,2,12.5,England,CM Edwards,SJ Taylor,AA Patil,0,0,"",""
ball,2,12.6,England,CM Edwards,SJ Taylor,AA Patil,1,0,"",""
ball,2,12.7,England,SJ Taylor,CM Edwards,AA Patil,1,0,"",""
ball,2,13.1,England,SJ Taylor,CM Edwards,R Malhotra,4,0,"",""
ball,2,13.2,England,SJ Taylor,CM Edwards,R Malhotra,1,0,"",""
ball,2,13.3,England,CM Edwards,SJ Taylor,R Malhotra,4,0,"",""
ball,2,13.4,England,CM Edwards,SJ Taylor,R Malhotra,0,0,"",""
ball,2,13.5,England,CM Edwards,SJ Taylor,R Malhotra,1,0,"",""
ball,2,13.6,England,SJ Taylor,CM Edwards,R Malhotra,4,0,"",""
ball,2,14.1,England,CM Edwards,SJ Taylor,E Bisht,0,0,"",""
ball,2,14.2,England,CM Edwards,SJ Taylor,E Bisht,1,0,"",""
ball,2,14.3,England,SJ Taylor,CM Edwards,E Bisht,1,0,"",""
ball,2,14.4,England,CM Edwards,SJ Taylor,E Bisht,1,0,"",""
ball,2,14.5,England,SJ Taylor,CM Edwards,E Bisht,0,0,"",""
ball,2,14.6,England,SJ Taylor,CM Edwards,E Bisht,0,1,"",""
ball,2,14.7,England,SJ Taylor,CM Edwards,E Bisht,1,0,"",""
ball,2,15.1,England,SJ Taylor,CM Edwards,AA Patil,1,0,"",""
ball,2,15.2,England,CM Edwards,SJ Taylor,AA Patil,1,0,"",""
ball,2,15.3,England,SJ Taylor,CM Edwards,AA Patil,4,0,"",""
ball,2,15.4,England,SJ Taylor,CM Edwards,AA Patil,1,0,"",""
ball,2,15.5,England,CM Edwards,SJ Taylor,AA Patil,0,0,"",""
ball,2,15.6,England,CM Edwards,SJ Taylor,AA Patil,1,0,"",""
ball,2,16.1,England,CM Edwards,SJ Taylor,J Goswami,1,0,"",""
ball,2,16.2,England,SJ Taylor,CM Edwards,J Goswami,1,0,"",""
ball,2,16.3,England,CM Edwards,SJ Taylor,J Goswami,0,0,"",""
ball,2,16.4,England,CM Edwards,SJ Taylor,J Goswami,0,0,"",""
ball,2,16.5,England,CM Edwards,SJ Taylor,J Goswami,0,0,"",""
ball,2,16.6,England,CM Edwards,SJ Taylor,J Goswami,0,0,"",""
ball,2,17.1,England,SJ Taylor,CM Edwards,A Das,4,0,"",""
