version,1.3.0
info,team,England
info,team,Pakistan
info,gender,female
info,season,2012/13
info,date,2012/09/27
info,competition,ICC Women's World Twenty20
info,match_number,3
info,venue,Galle International Stadium
info,city,
info,neutralvenue,true
info,toss_winner,Pakistan
info,toss_decision,field
info,player_of_match,LA Marsh
info,umpire,AL Hill
info,umpire,BNJ Oxenford
info,reserve_umpire,BF Bowden
info,match_referee,GF Labrooy
info,winner,England
info,winner_runs,43
ball,1,0.1,England,CM Edwards,LA Marsh,Asmavia Iqbal,1,0,"",""
ball,1,0.2,England,LA Marsh,CM Edwards,Asmavia Iqbal,0,0,"",""
ball,1,0.3,England,LA Marsh,CM Edwards,Asmavia Iqbal,2,0,"",""
ball,1,0.4,England,LA Marsh,CM Edwards,Asmavia Iqbal,4,0,"",""
ball,1,0.5,England,LA Marsh,CM Edwards,Asmavia Iqbal,4,0,"",""
ball,1,0.6,England,LA Marsh,CM Edwards,Asmavia Iqbal,0,0,"",""
ball,1,1.1,England,CM Edwards,LA Marsh,Qanita Jalil,4,0,"",""
ball,1,1.2,England,CM Edwards,LA Marsh,Qanita Jalil,4,0,"",""
ball,1,1.3,England,CM Edwards,LA Marsh,Qanita Jalil,0,0,"",""
ball,1,1.4,England,CM Edwards,LA Marsh,Qanita Jalil,0,0,"",""
ball,1,1.5,England,CM Edwards,LA Marsh,Qanita Jalil,0,0,"",""
ball,1,1.6,England,CM Edwards,LA Marsh,Qanita Jalil,0,0,"",""
ball,1,2.1,England,LA Marsh,CM Edwards,Sumaiya Siddiqi,0,0,"",""
ball,1,2.2,England,LA Marsh,CM Edwards,Sumaiya Siddiqi,0,0,"",""
ball,1,2.3,England,LA Marsh,CM Edwards,Sumaiya Siddiqi,4,0,"",""
ball,1,2.4,England,LA Marsh,CM Edwards,Sumaiya Siddiqi,0,0,"",""
ball,1,2.5,England,LA Marsh,CM Edwards,Sumaiya Siddiqi,0,0,"",""
ball,1,2.6,England,LA Marsh,CM Edwards,Sumaiya Siddiqi,0,0,"",""
ball,1,3.1,England,CM Edwards,LA Marsh,Qanita Jalil,0,0,"",""
ball,1,3.2,England,CM Edwards,LA Marsh,Qanita Jalil,1,0,"",""
ball,1,3.3,England,LA Marsh,CM Edwards,Qanita Jalil,1,0,"",""
ball,1,3.4,England,CM Edwards,LA Marsh,Qanita Jalil,1,0,"",""
ball,1,3.5,England,LA Marsh,CM Edwards,Qanita Jalil,0,0,"",""
ball,1,3.6,England,LA Marsh,CM Edwards,Qanita Jalil,1,0,"",""
ball,1,4.1,England,LA Marsh,CM Edwards,Sumaiya Siddiqi,0,0,"",""
ball,1,4.2,England,LA Marsh,CM Edwards,Sumaiya Siddiqi,0,0,"",""
ball,1,4.3,England,LA Marsh,CM Edwards,Sumaiya Siddiqi,0,0,"",""
ball,1,4.4,England,LA Marsh,CM Edwards,Sumaiya Siddiqi,4,0,"",""
ball,1,4.5,England,LA Marsh,CM Edwards,Sumaiya Siddiqi,4,0,"",""
ball,1,4.6,England,LA Marsh,CM Edwards,Sumaiya Siddiqi,0,0,"",""
ball,1,5.1,England,CM Edwards,LA Marsh,Qanita Jalil,0,5,"",""
ball,1,5.2,England,CM Edwards,LA Marsh,Qanita Jalil,1,0,"",""
ball,1,5.3,England,LA Marsh,CM Edwards,Qanita Jalil,4,0,"",""
ball,1,5.4,England,LA Marsh,CM Edwards,Qanita Jalil,0,1,"",""
ball,1,5.5,England,LA Marsh,CM Edwards,Qanita Jalil,0,0,"",""
ball,1,5.6,England,LA Marsh,CM Edwards,Qanita Jalil,1,0,"",""
ball,1,5.7,England,CM Edwards,LA Marsh,Qanita Jalil,4,0,"",""
ball,1,5.8,England,CM Edwards,LA Marsh,Qanita Jalil,0,1,"",""
ball,1,5.9,England,CM Edwards,LA Marsh,Qanita Jalil,1,0,"",""
ball,1,6.1,England,CM Edwards,LA Marsh,Sadia Yousuf,1,0,"",""
ball,1,6.2,England,LA Marsh,CM Edwards,Sadia Yousuf,0,0,"",""
ball,1,6.3,England,LA Marsh,CM Edwards,Sadia Yousuf,0,0,"",""
ball,1,6.4,England,LA Marsh,CM Edwards,Sadia Yousuf,1,0,"",""
ball,1,6.5,England,CM Edwards,LA Marsh,Sadia Yousuf,1,0,"",""
ball,1,6.6,England,LA Marsh,CM Edwards,Sadia Yousuf,1,0,"",""
ball,1,7.1,England,LA Marsh,CM Edwards,Sana Mir,1,0,"",""
ball,1,7.2,England,CM Edwards,LA Marsh,Sana Mir,2,0,"",""
ball,1,7.3,England,CM Edwards,LA Marsh,Sana Mir,0,0,"",""
ball,1,7.4,England,CM Edwards,LA Marsh,Sana Mir,0,0,"",""
ball,1,7.5,England,CM Edwards,LA Marsh,Sana Mir,0,0,"",""
ball,1,7.6,England,CM Edwards,LA Marsh,Sana Mir,1,0,"",""
ball,1,8.1,England,CM Edwards,LA Marsh,Sadia Yousuf,1,0,"",""
ball,1,8.2,England,LA Marsh,CM Edwards,Sadia Yousuf,4,0,"",""
ball,1,8.3,England,LA Marsh,CM Edwards,Sadia Yousuf,1,0,"",""
ball,1,8.4,England,CM Edwards,LA Marsh,Sadia Yousuf,2,0,"",""
ball,1,8.5,England,CM Edwards,LA Marsh,Sadia Yousuf,1,0,"",""
ball,1,8.6,England,LA Marsh,CM Edwards,Sadia Yousuf,1,0,"",""
ball,1,9.1,England,LA Marsh,CM Edwards,Sana Mir,0,0,"",""
ball,1,9.2,England,LA Marsh,CM Edwards,Sana Mir,1,0,"",""
ball,1,9.3,England,CM Edwards,LA Marsh,Sana Mir,1,0,"",""
ball,1,9.4,England,LA Marsh,CM Edwards,Sana Mir,1,0,"",""
ball,1,9.5,England,CM Edwards,LA Marsh,Sana Mir,1,0,"",""
ball,1,9.6,England,LA Marsh,CM Edwards,Sana Mir,0,0,"",""
ball,1,10.1,England,CM Edwards,LA Marsh,Bismah Maroof,0,0,"",""
ball,1,10.2,England,CM Edwards,LA Marsh,Bismah Maroof,1,0,"",""
ball,1,10.3,England,LA Marsh,CM Edwards,Bismah Maroof,1,0,"",""
ball,1,10.4,England,CM Edwards,LA Marsh,Bismah Maroof,0,0,"",""
ball,1,10.5,England,CM Edwards,LA Marsh,Bismah Maroof,1,0,"",""
ball,1,10.6,England,LA Marsh,CM Edwards,Bismah Maroof,6,0,"",""
ball,1,11.1,England,CM Edwards,LA Marsh,Nida Dar,0,0,"",""
ball,1,11.2,England,CM Edwards,LA Marsh,Nida Dar,1,0,"",""
ball,1,11.3,England,LA Marsh,CM Edwards,Nida Dar,1,0,"",""
ball,1,11.4,England,CM Edwards,LA Marsh,Nida Dar,1,0,"",""
ball,1,11.5,England,LA Marsh,CM Edwards,Nida Dar,0,0,"",""
ball,1,11.6,England,LA Marsh,CM Edwards,Nida Dar,6,0,"",""
ball,1,12.1,England,CM Edwards,LA Marsh,Asmavia Iqbal,0,0,"",""
ball,1,12.2,England,CM Edwards,LA Marsh,Asmavia Iqbal,4,0,"",""
ball,1,12.3,England,CM Edwards,LA Marsh,Asmavia Iqbal,0,0,"",""
ball,1,12.4,England,CM Edwards,LA Marsh,Asmavia Iqbal,4,0,"",""
ball,1,12.5,England,CM Edwards,LA Marsh,Asmavia Iqbal,1,0,"",""
ball,1,12.6,England,LA Marsh,CM Edwards,Asmavia Iqbal,0,0,"",""
ball,1,13.1,England,CM Edwards,LA Marsh,Nida Dar,0,0,run out,LA Marsh
ball,1,13.2,England,CM Edwards,SJ Taylor,Nida Dar,1,0,"",""
ball,1,13.3,England,SJ Taylor,CM Edwards,Nida Dar,0,0,"",""
ball,1,13.4,England,SJ Taylor,CM Edwards,Nida Dar,0,1,"",""
ball,1,13.5,England,CM Edwards,SJ Taylor,Nida Dar,1,0,"",""
ball,1,13.6,England,SJ Taylor,CM Edwards,Nida Dar,1,0,"",""
ball,1,14.1,England,SJ Taylor,CM Edwards,Sadia Yousuf,1,0,"",""
ball,1,14.2,England,CM Edwards,SJ Taylor,Sadia Yousuf,0,0,"",""
ball,1,14.3,England,CM Edwards,SJ Taylor,Sadia Yousuf,1,0,"",""
ball,1,14.4,England,SJ Taylor,CM Edwards,Sadia Yousuf,1,0,"",""
ball,1,14.5,England,CM Edwards,SJ Taylor,Sadia Yousuf,1,0,"",""
ball,1,14.6,England,SJ Taylor,CM Edwards,Sadia Yousuf,1,0,"",""
ball,1,15.1,England,SJ Taylor,CM Edwards,Nida Dar,0,0,"",""
ball,1,15.2,England,SJ Taylor,CM Edwards,Nida Dar,2,0,"",""
ball,1,15.3,England,SJ Taylor,CM Edwards,Nida Dar,0,0,run out,CM Edwards
ball,1,15.4,England,LS Greenway,SJ Taylor,Nida Dar,0,0,"",""
ball,1,15.5,England,LS Greenway,SJ Taylor,Nida Dar,0,0,"",""
ball,1,15.6,England,LS Greenway,SJ Taylor,Nida Dar,0,0,"",""
ball,1,16.1,England,SJ Taylor,LS Greenway,Sana Mir,1,0,"",""
ball,1,16.2,England,LS Greenway,SJ Taylor,Sana Mir,1,0,"",""
ball,1,16.3,England,SJ Taylor,LS Greenway,Sana Mir,1,0,"",""
ball,1,16.4,England,LS Greenway,SJ Taylor,Sana Mir,1,0,"",""
ball,1,16.5,England,SJ Taylor,LS Greenway,Sana Mir,0,0,bowled,SJ Taylor
ball,1,16.6,England,A Brindle,LS Greenway,Sana Mir,0,0,"",""
ball,1,17.1,England,LS Greenway,A Brindle,Nida Dar,1,0,"",""
ball,1,17.2,England,A Brindle,LS Greenway,Nida Dar,1,0,"",""
ball,1,17.3,England,LS Greenway,A Brindle,Nida Dar,0,0,"",""
ball,1,17.4,England,LS Greenway,A Brindle,Nida Dar,0,0,stumped,LS Greenway
ball,1,17.5,England,DN Wyatt,A Brindle,Nida Dar,1,0,"",""
ball,1,17.6,England,A Brindle,DN Wyatt,Nida Dar,2,0,"",""
ball,1,18.1,England,DN Wyatt,A Brindle,Sadia Yousuf,0,0,"",""
ball,1,18.2,England,DN Wyatt,A Brindle,Sadia Yousuf,1,0,"",""
ball,1,18.3,England,A Brindle,DN Wyatt,Sadia Yousuf,1,0,"",""
ball,1,18.4,England,DN Wyatt,A Brindle,Sadia Yousuf,0,0,"",""
ball,1,18.5,England,DN Wyatt,A Brindle,Sadia Yousuf,0,0,caught,DN Wyatt
ball,1,18.6,England,A Brindle,JL Gunn,Sadia Yousuf,1,0,"",""
ball,1,19.1,England,A Brindle,JL Gunn,Sana Mir,2,0,"",""
ball,1,19.2,England,A Brindle,JL Gunn,Sana Mir,2,0,"",""
ball,1,19.3,England,A Brindle,JL Gunn,Sana Mir,2,0,"",""
ball,1,19.4,England,A Brindle,JL Gunn,Sana Mir,1,0,"",""
ball,1,19.5,England,JL Gunn,A Brindle,Sana Mir,1,0,"",""
ball,1,19.6,England,A Brindle,JL Gunn,Sana Mir,0,0,bowled,A Brindle
ball,2,0.1,Pakistan,Sana Mir,Qanita Jalil,KH Brunt,0,0,"",""
ball,2,0.2,Pakistan,Sana Mir,Qanita Jalil,KH Brunt,0,0,"",""
ball,2,0.3,Pakistan,Sana Mir,Qanita Jalil,KH Brunt,0,0,"",""
ball,2,0.4,Pakistan,Sana Mir,Qanita Jalil,KH Brunt,2,0,"",""
ball,2,0.5,Pakistan,Sana Mir,Qanita Jalil,KH Brunt,1,0,"",""
ball,2,0.6,Pakistan,Qanita Jalil,Sana Mir,KH Brunt,0,0,"",""
ball,2,1.1,Pakistan,Sana Mir,Qanita Jalil,DN Wyatt,0,0,"",""
ball,2,1.2,Pakistan,Sana Mir,Qanita Jalil,DN Wyatt,0,0,"",""
ball,2,1.3,Pakistan,Sana Mir,Qanita Jalil,DN Wyatt,0,1,"",""
ball,2,1.4,Pakistan,Sana Mir,Qanita Jalil,DN Wyatt,0,0,"",""
ball,2,1.5,Pakistan,Sana Mir,Qanita Jalil,DN Wyatt,0,0,"",""
ball,2,1.6,Pakistan,Sana Mir,Qanita Jalil,DN Wyatt,0,1,"",""
ball,2,1.7,Pakistan,Sana Mir,Qanita Jalil,DN Wyatt,0,0,"",""
ball,2,1.8,Pakistan,Sana Mir,Qanita Jalil,DN Wyatt,0,0,"",""
ball,2,2.1,Pakistan,Qanita Jalil,Sana Mir,A Shrubsole,0,0,"",""
ball,2,2.2,Pakistan,Qanita Jalil,Sana Mir,A Shrubsole,0,0,"",""
ball,2,2.3,Pakistan,Qanita Jalil,Sana Mir,A Shrubsole,2,0,"",""
ball,2,2.4,Pakistan,Qanita Jalil,Sana Mir,A Shrubsole,4,0,"",""
ball,2,2.5,Pakistan,Qanita Jalil,Sana Mir,A Shrubsole,4,0,"",""
ball,2,2.6,Pakistan,Qanita Jalil,Sana Mir,A Shrubsole,0,0,"",""
ball,2,3.1,Pakistan,Sana Mir,Qanita Jalil,D Hazell,0,0,"",""
ball,2,3.2,Pakistan,Sana Mir,Qanita Jalil,D Hazell,0,0,"",""
ball,2,3.3,Pakistan,Sana Mir,Qanita Jalil,D Hazell,2,0,"",""
ball,2,3.4,Pakistan,Sana Mir,Qanita Jalil,D Hazell,1,0,"",""
ball,2,3.5,Pakistan,Qanita Jalil,Sana Mir,D Hazell,1,0,"",""
ball,2,3.6,Pakistan,Sana Mir,Qanita Jalil,D Hazell,0,0,caught,Sana Mir
ball,2,4.1,Pakistan,Qanita Jalil,Bismah Maroof,KH Brunt,1,0,"",""
ball,2,4.2,Pakistan,Bismah Maroof,Qanita Jalil,KH Brunt,0,0,"",""
ball,2,4.3,Pakistan,Bismah Maroof,Qanita Jalil,KH Brunt,1,0,"",""
ball,2,4.4,Pakistan,Qanita Jalil,Bismah Maroof,KH Brunt,0,1,"",""
ball,2,4.5,Pakistan,Qanita Jalil,Bismah Maroof,KH Brunt,0,0,"",""
ball,2,4.6,Pakistan,Qanita Jalil,Bismah Maroof,KH Brunt,2,0,"",""
ball,2,4.7,Pakistan,Qanita Jalil,Bismah Maroof,KH Brunt,0,0,caught,Qanita Jalil
ball,2,5.1,Pakistan,Bismah Maroof,Nain Abidi,LA Marsh,0,0,"",""
ball,2,5.2,Pakistan,Bismah Maroof,Nain Abidi,LA Marsh,0,0,"",""
ball,2,5.3,Pakistan,Bismah Maroof,Nain Abidi,LA Marsh,0,0,"",""
ball,2,5.4,Pakistan,Bismah Maroof,Nain Abidi,LA Marsh,0,0,"",""
ball,2,5.5,Pakistan,Bismah Maroof,Nain Abidi,LA Marsh,0,0,"",""
ball,2,5.6,Pakistan,Bismah Maroof,Nain Abidi,LA Marsh,0,0,stumped,Bismah Maroof
ball,2,6.1,Pakistan,Nain Abidi,Javeria Khan,KH Brunt,1,0,"",""
ball,2,6.2,Pakistan,Javeria Khan,Nain Abidi,KH Brunt,4,0,"",""
ball,2,6.3,Pakistan,Javeria Khan,Nain Abidi,KH Brunt,0,0,"",""
ball,2,6.4,Pakistan,Javeria Khan,Nain Abidi,KH Brunt,0,0,"",""
ball,2,6.5,Pakistan,Javeria Khan,Nain Abidi,KH Brunt,0,0,"",""
ball,2,6.6,Pakistan,Javeria Khan,Nain Abidi,KH Brunt,4,0,"",""
ball,2,7.1,Pakistan,Nain Abidi,Javeria Khan,LA Marsh,1,0,"",""
ball,2,7.2,Pakistan,Javeria Khan,Nain Abidi,LA Marsh,1,0,"",""
ball,2,7.3,Pakistan,Nain Abidi,Javeria Khan,LA Marsh,1,0,"",""
ball,2,7.4,Pakistan,Javeria Khan,Nain Abidi,LA Marsh,1,0,"",""
ball,2,7.5,Pakistan,Nain Abidi,Javeria Khan,LA Marsh,4,0,"",""
ball,2,7.6,Pakistan,Nain Abidi,Javeria Khan,LA Marsh,0,0,"",""
ball,2,8.1,Pakistan,Javeria Khan,Nain Abidi,D Hazell,1,0,"",""
ball,2,8.2,Pakistan,Nain Abidi,Javeria Khan,D Hazell,1,0,"",""
ball,2,8.3,Pakistan,Javeria Khan,Nain Abidi,D Hazell,1,0,"",""
ball,2,8.4,Pakistan,Nain Abidi,Javeria Khan,D Hazell,1,0,"",""
ball,2,8.5,Pakistan,Javeria Khan,Nain Abidi,D Hazell,0,0,"",""
ball,2,8.6,Pakistan,Javeria Khan,Nain Abidi,D Hazell,0,0,"",""
ball,2,9.1,Pakistan,Nain Abidi,Javeria Khan,DN Wyatt,0,0,"",""
ball,2,9.2,Pakistan,Nain Abidi,Javeria Khan,DN Wyatt,1,0,"",""
ball,2,9.3,Pakistan,Javeria Khan,Nain Abidi,DN Wyatt,1,0,"",""
ball,2,9.4,Pakistan,Nain Abidi,Javeria Khan,DN Wyatt,1,0,"",""
ball,2,9.5,Pakistan,Javeria Khan,Nain Abidi,DN Wyatt,1,0,"",""
ball,2,9.6,Pakistan,Nain Abidi,Javeria Khan,DN Wyatt,0,0,"",""
ball,2,10.1,Pakistan,Javeria Khan,Nain Abidi,D Hazell,1,0,"",""
ball,2,10.2,Pakistan,Nain Abidi,Javeria Khan,D Hazell,0,0,caught,Nain Abidi
ball,2,10.3,Pakistan,Javeria Khan,Nida Dar,D Hazell,0,0,"",""
ball,2,10.4,Pakistan,Javeria Khan,Nida Dar,D Hazell,4,0,"",""
ball,2,10.5,Pakistan,Javeria Khan,Nida Dar,D Hazell,0,0,"",""
ball,2,10.6,Pakistan,Javeria Khan,Nida Dar,D Hazell,4,0,"",""
ball,2,11.1,Pakistan,Nida Dar,Javeria Khan,HL Colvin,0,0,"",""
ball,2,11.2,Pakistan,Nida Dar,Javeria Khan,HL Colvin,0,0,"",""
ball,2,11.3,Pakistan,Nida Dar,Javeria Khan,HL Colvin,1,0,"",""
ball,2,11.4,Pakistan,Javeria Khan,Nida Dar,HL Colvin,0,0,"",""
ball,2,11.5,Pakistan,Javeria Khan,Nida Dar,HL Colvin,0,0,caught,Javeria Khan
ball,2,11.6,Pakistan,Marina Iqbal,Nida Dar,HL Colvin,0,0,"",""
ball,2,12.1,Pakistan,Nida Dar,Marina Iqbal,A Shrubsole,0,1,"",""
ball,2,12.2,Pakistan,Nida Dar,Marina Iqbal,A Shrubsole,0,0,"",""
ball,2,12.3,Pakistan,Nida Dar,Marina Iqbal,A Shrubsole,4,0,"",""
ball,2,12.4,Pakistan,Nida Dar,Marina Iqbal,A Shrubsole,0,0,"",""
ball,2,12.5,Pakistan,Nida Dar,Marina Iqbal,A Shrubsole,0,0,"",""
ball,2,12.6,Pakistan,Nida Dar,Marina Iqbal,A Shrubsole,0,0,"",""
ball,2,12.7,Pakistan,Nida Dar,Marina Iqbal,A Shrubsole,0,0,"",""
ball,2,13.1,Pakistan,Marina Iqbal,Nida Dar,HL Colvin,1,0,"",""
ball,2,13.2,Pakistan,Nida Dar,Marina Iqbal,HL Colvin,0,0,"",""
ball,2,13.3,Pakistan,Nida Dar,Marina Iqbal,HL Colvin,0,0,caught,Nida Dar
ball,2,13.4,Pakistan,Marina Iqbal,Asmavia Iqbal,HL Colvin,0,0,lbw,Marina Iqbal
ball,2,13.5,Pakistan,Batool Fatima,Asmavia Iqbal,HL Colvin,0,0,"",""
ball,2,13.6,Pakistan,Batool Fatima,Asmavia Iqbal,HL Colvin,0,0,"",""
ball,2,14.1,Pakistan,Asmavia Iqbal,Batool Fatima,LA Marsh,0,0,"",""
ball,2,14.2,Pakistan,Asmavia Iqbal,Batool Fatima,LA Marsh,0,1,"",""
ball,2,14.3,Pakistan,Asmavia Iqbal,Batool Fatima,LA Marsh,0,0,"",""
ball,2,14.4,Pakistan,Asmavia Iqbal,Batool Fatima,LA Marsh,0,0,"",""
ball,2,14.5,Pakistan,Asmavia Iqbal,Batool Fatima,LA Marsh,1,0,"",""
ball,2,14.6,Pakistan,Batool Fatima,Asmavia Iqbal,LA Marsh,1,0,"",""
ball,2,14.7,Pakistan,Asmavia Iqbal,Batool Fatima,LA Marsh,0,0,"",""
ball,2,15.1,Pakistan,Batool Fatima,Asmavia Iqbal,HL Colvin,0,0,"",""
ball,2,15.2,Pakistan,Batool Fatima,Asmavia Iqbal,HL Colvin,0,0,"",""
ball,2,15.3,Pakistan,Batool Fatima,Asmavia Iqbal,HL Colvin,0,0,"",""
ball,2,15.4,Pakistan,Batool Fatima,Asmavia Iqbal,HL Colvin,2,0,"",""
ball,2,15.5,Pakistan,Batool Fatima,Asmavia Iqbal,HL Colvin,4,0,"",""
ball,2,15.6,Pakistan,Batool Fatima,Asmavia Iqbal,HL Colvin,0,0,"",""
ball,2,16.1,Pakistan,Asmavia Iqbal,Batool Fatima,LA Marsh,0,0,"",""
ball,2,16.2,Pakistan,Asmavia Iqbal,Batool Fatima,LA Marsh,1,0,"",""
ball,2,16.3,Pakistan,Batool Fatima,Asmavia Iqbal,LA Marsh,0,0,run out,Asmavia Iqbal
ball,2,16.4,Pakistan,Sumaiya Siddiqi,Batool Fatima,LA Marsh,1,0,"",""
ball,2,16.5,Pakistan,Batool Fatima,Sumaiya Siddiqi,LA Marsh,0,0,"",""
ball,2,16.6,Pakistan,Batool Fatima,Sumaiya Siddiqi,LA Marsh,1,0,"",""
ball,2,17.1,Pakistan,Batool Fatima,Sumaiya Siddiqi,DN Wyatt,0,1,"",""
ball,2,17.2,Pakistan,Sumaiya Siddiqi,Batool Fatima,DN Wyatt,6,0,"",""
ball,2,17.3,Pakistan,Sumaiya Siddiqi,Batool Fatima,DN Wyatt,1,0,"",""
ball,2,17.4,Pakistan,Batool Fatima,Sumaiya Siddiqi,DN Wyatt,0,0,"",""
ball,2,17.5,Pakistan,Batool Fatima,Sumaiya Siddiqi,A Shrubsole,1,0,"",""
ball,2,17.6,Pakistan,Sumaiya Siddiqi,Batool Fatima,A Shrubsole,1,0,"",""
ball,2,18.1,Pakistan,Sumaiya Siddiqi,Batool Fatima,D Hazell,0,0,"",""
ball,2,18.2,Pakistan,Sumaiya Siddiqi,Batool Fatima,D Hazell,0,0,"",""
ball,2,18.3,Pakistan,Sumaiya Siddiqi,Batool Fatima,D Hazell,0,0,"",""
ball,2,18.4,Pakistan,Sumaiya Siddiqi,Batool Fatima,D Hazell,0,0,run out,Sumaiya Siddiqi
ball,2,18.5,Pakistan,Sadia Yousuf,Batool Fatima,D Hazell,1,0,"",""
ball,2,18.6,Pakistan,Batool Fatima,Sadia Yousuf,D Hazell,1,0,"",""
ball,2,19.1,Pakistan,Batool Fatima,Sadia Yousuf,HL Colvin,1,0,"",""
ball,2,19.2,Pakistan,Sadia Yousuf,Batool Fatima,HL Colvin,0,0,"",""
ball,2,19.3,Pakistan,Sadia Yousuf,Batool Fatima,HL Colvin,0,0,"",""
ball,2,19.4,Pakistan,Sadia Yousuf,Batool Fatima,HL Colvin,0,0,caught,Sadia Yousuf
