version,1.3.0
info,team,West Indies
info,team,Australia
info,gender,male
info,season,2011/12
info,date,2012/03/30
info,series,Australia in West Indies T20I Series
info,match_number,2
info,venue,"Kensington Oval, Bridgetown"
info,city,Barbados
info,toss_winner,West Indies
info,toss_decision,bat
info,player_of_match,DR Smith
info,umpire,PJ Nero
info,umpire,JS Wilson
info,reserve_umpire,GO Brathwaite
info,tv_umpire,N Duguid
info,match_referee,AJ Pycroft
info,winner,West Indies
info,winner_runs,14
ball,1,0.1,West Indies,DR Smith,J Charles,JL Pattinson,0,5,"",""
ball,1,0.2,West Indies,DR Smith,J Charles,JL Pattinson,0,0,"",""
ball,1,0.3,West Indies,DR Smith,J Charles,JL Pattinson,0,0,"",""
ball,1,0.4,West Indies,DR Smith,J Charles,JL Pattinson,0,0,"",""
ball,1,0.5,West Indies,DR Smith,J Charles,JL Pattinson,4,0,"",""
ball,1,0.6,West Indies,DR Smith,J Charles,JL Pattinson,1,0,"",""
ball,1,0.7,West Indies,J Charles,DR Smith,JL Pattinson,4,0,"",""
ball,1,1.1,West Indies,DR Smith,J Charles,B Lee,0,0,"",""
ball,1,1.2,West Indies,DR Smith,J Charles,B Lee,4,0,"",""
ball,1,1.3,West Indies,DR Smith,J Charles,B Lee,1,0,"",""
ball,1,1.4,West Indies,J Charles,DR Smith,B Lee,6,0,"",""
ball,1,1.5,West Indies,J Charles,DR Smith,B Lee,4,0,"",""
ball,1,1.6,West Indies,J Charles,DR Smith,B Lee,0,0,"",""
ball,1,2.1,West Indies,DR Smith,J Charles,CJ McKay,0,0,"",""
ball,1,2.2,West Indies,DR Smith,J Charles,CJ McKay,1,0,"",""
ball,1,2.3,West Indies,J Charles,DR Smith,CJ McKay,1,0,"",""
ball,1,2.4,West Indies,DR Smith,J Charles,CJ McKay,1,0,"",""
ball,1,2.5,West Indies,J Charles,DR Smith,CJ McKay,0,0,"",""
ball,1,2.6,West Indies,J Charles,DR Smith,CJ McKay,2,0,"",""
ball,1,3.1,West Indies,DR Smith,J Charles,XJ Doherty,1,0,"",""
ball,1,3.2,West Indies,J Charles,DR Smith,XJ Doherty,1,0,"",""
ball,1,3.3,West Indies,DR Smith,J Charles,XJ Doherty,0,0,"",""
ball,1,3.4,West Indies,DR Smith,J Charles,XJ Doherty,1,0,"",""
ball,1,3.5,West Indies,J Charles,DR Smith,XJ Doherty,1,0,"",""
ball,1,3.6,West Indies,DR Smith,J Charles,XJ Doherty,0,0,"",""
ball,1,4.1,West Indies,J Charles,DR Smith,CJ McKay,4,0,"",""
ball,1,4.2,West Indies,J Charles,DR Smith,CJ McKay,0,1,"",""
ball,1,4.3,West Indies,J Charles,DR Smith,CJ McKay,0,0,"",""
ball,1,4.4,West Indies,J Charles,DR Smith,CJ McKay,0,0,"",""
ball,1,4.5,West Indies,J Charles,DR Smith,CJ McKay,4,0,"",""
ball,1,4.6,West Indies,J Charles,DR Smith,CJ McKay,0,0,"",""
ball,1,4.7,West Indies,J Charles,DR Smith,CJ McKay,0,0,"",""
ball,1,5.1,West Indies,DR Smith,J Charles,XJ Doherty,4,0,"",""
ball,1,5.2,West Indies,DR Smith,J Charles,XJ Doherty,1,0,"",""
ball,1,5.3,West Indies,J Charles,DR Smith,XJ Doherty,4,0,"",""
ball,1,5.4,West Indies,J Charles,DR Smith,XJ Doherty,1,0,"",""
ball,1,5.5,West Indies,DR Smith,J Charles,XJ Doherty,4,0,"",""
ball,1,5.6,West Indies,DR Smith,J Charles,XJ Doherty,4,0,"",""
ball,1,6.1,West Indies,J Charles,DR Smith,SR Watson,1,0,"",""
ball,1,6.2,West Indies,DR Smith,J Charles,SR Watson,0,1,"",""
ball,1,6.3,West Indies,J Charles,DR Smith,SR Watson,4,1,"",""
ball,1,6.4,West Indies,J Charles,DR Smith,SR Watson,0,0,"",""
ball,1,6.5,West Indies,J Charles,DR Smith,SR Watson,0,0,caught,J Charles
ball,1,6.6,West Indies,DR Smith,KA Pollard,SR Watson,2,0,"",""
ball,1,6.7,West Indies,DR Smith,KA Pollard,SR Watson,2,0,"",""
ball,1,7.1,West Indies,KA Pollard,DR Smith,B Lee,0,0,"",""
ball,1,7.2,West Indies,KA Pollard,DR Smith,B Lee,1,0,"",""
ball,1,7.3,West Indies,DR Smith,KA Pollard,B Lee,0,0,"",""
ball,1,7.4,West Indies,DR Smith,KA Pollard,B Lee,2,0,"",""
ball,1,7.5,West Indies,DR Smith,KA Pollard,B Lee,1,0,"",""
ball,1,7.6,West Indies,KA Pollard,DR Smith,B Lee,0,0,caught,KA Pollard
ball,1,8.1,West Indies,DR Smith,DJ Bravo,JL Pattinson,6,0,"",""
ball,1,8.2,West Indies,DR Smith,DJ Bravo,JL Pattinson,0,1,"",""
ball,1,8.3,West Indies,DR Smith,DJ Bravo,JL Pattinson,0,0,"",""
ball,1,8.4,West Indies,DR Smith,DJ Bravo,JL Pattinson,6,0,"",""
ball,1,8.5,West Indies,DR Smith,DJ Bravo,JL Pattinson,6,0,"",""
ball,1,8.6,West Indies,DR Smith,DJ Bravo,JL Pattinson,1,0,"",""
ball,1,8.7,West Indies,DJ Bravo,DR Smith,JL Pattinson,0,0,"",""
ball,1,9.1,West Indies,DR Smith,DJ Bravo,XJ Doherty,4,0,"",""
ball,1,9.2,West Indies,DR Smith,DJ Bravo,XJ Doherty,6,0,"",""
ball,1,9.3,West Indies,DR Smith,DJ Bravo,XJ Doherty,0,0,"",""
ball,1,9.4,West Indies,DR Smith,DJ Bravo,XJ Doherty,0,0,caught,DR Smith
ball,1,9.5,West Indies,DJ Bravo,DJG Sammy,XJ Doherty,0,0,"",""
ball,1,9.6,West Indies,DJ Bravo,DJG Sammy,XJ Doherty,0,0,"",""
ball,1,10.1,West Indies,DJG Sammy,DJ Bravo,DT Christian,1,0,"",""
ball,1,10.2,West Indies,DJ Bravo,DJG Sammy,DT Christian,1,0,"",""
ball,1,10.3,West Indies,DJG Sammy,DJ Bravo,DT Christian,1,0,"",""
ball,1,10.4,West Indies,DJ Bravo,DJG Sammy,DT Christian,0,0,"",""
ball,1,10.5,West Indies,DJ Bravo,DJG Sammy,DT Christian,1,0,"",""
ball,1,10.6,West Indies,DJG Sammy,DJ Bravo,DT Christian,1,0,"",""
ball,1,11.1,West Indies,DJG Sammy,DJ Bravo,SR Watson,0,0,"",""
ball,1,11.2,West Indies,DJG Sammy,DJ Bravo,SR Watson,0,1,"",""
ball,1,11.3,West Indies,DJG Sammy,DJ Bravo,SR Watson,0,0,"",""
ball,1,11.4,West Indies,DJG Sammy,DJ Bravo,SR Watson,0,0,"",""
ball,1,11.5,West Indies,DJG Sammy,DJ Bravo,SR Watson,1,0,"",""
ball,1,11.6,West Indies,DJ Bravo,DJG Sammy,SR Watson,1,0,"",""
ball,1,11.7,West Indies,DJG Sammy,DJ Bravo,SR Watson,0,1,"",""
ball,1,11.8,West Indies,DJG Sammy,DJ Bravo,SR Watson,1,0,"",""
ball,1,12.1,West Indies,DJG Sammy,DJ Bravo,CJ McKay,0,0,bowled,DJG Sammy
ball,1,12.2,West Indies,DP Hyatt,DJ Bravo,CJ McKay,0,0,"",""
ball,1,12.3,West Indies,DP Hyatt,DJ Bravo,CJ McKay,1,0,"",""
ball,1,12.4,West Indies,DJ Bravo,DP Hyatt,CJ McKay,0,0,"",""
ball,1,12.5,West Indies,DJ Bravo,DP Hyatt,CJ McKay,2,0,"",""
ball,1,12.6,West Indies,DJ Bravo,DP Hyatt,CJ McKay,1,0,"",""
ball,1,13.1,West Indies,DJ Bravo,DP Hyatt,DT Christian,2,0,"",""
ball,1,13.2,West Indies,DJ Bravo,DP Hyatt,DT Christian,3,0,"",""
ball,1,13.3,West Indies,DP Hyatt,DJ Bravo,DT Christian,0,0,"",""
ball,1,13.4,West Indies,DP Hyatt,DJ Bravo,DT Christian,0,0,"",""
ball,1,13.5,West Indies,DP Hyatt,DJ Bravo,DT Christian,4,0,"",""
ball,1,13.6,West Indies,DP Hyatt,DJ Bravo,DT Christian,1,0,"",""
ball,1,14.1,West Indies,DP Hyatt,DJ Bravo,CJ McKay,0,0,caught,DP Hyatt
ball,1,14.2,West Indies,DJ Bravo,MN Samuels,CJ McKay,2,0,"",""
ball,1,14.3,West Indies,DJ Bravo,MN Samuels,CJ McKay,1,0,"",""
ball,1,14.4,West Indies,MN Samuels,DJ Bravo,CJ McKay,1,0,"",""
ball,1,14.5,West Indies,DJ Bravo,MN Samuels,CJ McKay,1,0,"",""
ball,1,14.6,West Indies,MN Samuels,DJ Bravo,CJ McKay,1,0,"",""
ball,1,15.1,West Indies,MN Samuels,DJ Bravo,DT Christian,0,0,caught,MN Samuels
ball,1,15.2,West Indies,DJ Bravo,CS Baugh,DT Christian,1,0,"",""
ball,1,15.3,West Indies,CS Baugh,DJ Bravo,DT Christian,1,0,"",""
ball,1,15.4,West Indies,DJ Bravo,CS Baugh,DT Christian,2,0,"",""
ball,1,15.5,West Indies,DJ Bravo,CS Baugh,DT Christian,1,0,"",""
ball,1,15.6,West Indies,CS Baugh,DJ Bravo,DT Christian,0,0,"",""
ball,1,16.1,West Indies,DJ Bravo,CS Baugh,SR Watson,1,0,"",""
ball,1,16.2,West Indies,CS Baugh,DJ Bravo,SR Watson,0,0,"",""
ball,1,16.3,West Indies,CS Baugh,DJ Bravo,SR Watson,4,0,"",""
ball,1,16.4,West Indies,CS Baugh,DJ Bravo,SR Watson,0,0,"",""
ball,1,16.5,West Indies,CS Baugh,DJ Bravo,SR Watson,1,0,"",""
ball,1,16.6,West Indies,DJ Bravo,CS Baugh,SR Watson,1,0,"",""
ball,1,17.1,West Indies,DJ Bravo,CS Baugh,B Lee,0,0,"",""
ball,1,17.2,West Indies,DJ Bravo,CS Baugh,B Lee,1,0,"",""
ball,1,17.3,West Indies,CS Baugh,DJ Bravo,B Lee,0,0,"",""
ball,1,17.4,West Indies,CS Baugh,DJ Bravo,B Lee,1,0,"",""
ball,1,17.5,West Indies,DJ Bravo,CS Baugh,B Lee,1,0,"",""
ball,1,17.6,West Indies,CS Baugh,DJ Bravo,B Lee,0,0,caught,CS Baugh
ball,1,18.1,West Indies,DJ Bravo,SP Narine,SR Watson,0,0,caught,DJ Bravo
ball,1,18.2,West Indies,GE Mathurin,SP Narine,SR Watson,0,0,"",""
ball,1,18.3,West Indies,GE Mathurin,SP Narine,SR Watson,1,0,"",""
ball,1,18.4,West Indies,SP Narine,GE Mathurin,SR Watson,1,0,"",""
ball,1,18.5,West Indies,GE Mathurin,SP Narine,SR Watson,1,0,"",""
ball,1,18.6,West Indies,SP Narine,GE Mathurin,SR Watson,1,0,"",""
ball,1,19.1,West Indies,SP Narine,GE Mathurin,B Lee,0,0,"",""
ball,1,19.2,West Indies,SP Narine,GE Mathurin,B Lee,0,0,run out,SP Narine
ball,1,19.3,West Indies,GE Mathurin,FH Edwards,B Lee,1,0,"",""
ball,1,19.4,West Indies,FH Edwards,GE Mathurin,B Lee,0,0,bowled,FH Edwards
ball,2,0.1,Australia,DA Warner,SR Watson,FH Edwards,0,0,"",""
ball,2,0.2,Australia,DA Warner,SR Watson,FH Edwards,0,0,"",""
ball,2,0.3,Australia,DA Warner,SR Watson,FH Edwards,0,0,"",""
ball,2,0.4,Australia,DA Warner,SR Watson,FH Edwards,1,0,"",""
ball,2,0.5,Australia,SR Watson,DA Warner,FH Edwards,0,0,"",""
ball,2,0.6,Australia,SR Watson,DA Warner,FH Edwards,0,0,caught,SR Watson
ball,2,1.1,Australia,DA Warner,GJ Bailey,SP Narine,0,0,"",""
ball,2,1.2,Australia,DA Warner,GJ Bailey,SP Narine,0,0,"",""
ball,2,1.3,Australia,DA Warner,GJ Bailey,SP Narine,0,0,"",""
ball,2,1.4,Australia,DA Warner,GJ Bailey,SP Narine,1,0,"",""
ball,2,1.5,Australia,GJ Bailey,DA Warner,SP Narine,1,0,"",""
ball,2,1.6,Australia,DA Warner,GJ Bailey,SP Narine,0,0,"",""
ball,2,2.1,Australia,GJ Bailey,DA Warner,FH Edwards,1,0,"",""
ball,2,2.2,Australia,DA Warner,GJ Bailey,FH Edwards,4,0,"",""
ball,2,2.3,Australia,DA Warner,GJ Bailey,FH Edwards,0,0,"",""
ball,2,2.4,Australia,DA Warner,GJ Bailey,FH Edwards,0,0,"",""
ball,2,2.5,Australia,DA Warner,GJ Bailey,FH Edwards,4,0,"",""
ball,2,2.6,Australia,DA Warner,GJ Bailey,FH Edwards,0,0,"",""
ball,2,3.1,Australia,GJ Bailey,DA Warner,GE Mathurin,0,0,"",""
ball,2,3.2,Australia,GJ Bailey,DA Warner,GE Mathurin,6,0,"",""
ball,2,3.3,Australia,GJ Bailey,DA Warner,GE Mathurin,0,0,"",""
ball,2,3.4,Australia,GJ Bailey,DA Warner,GE Mathurin,2,0,"",""
ball,2,3.5,Australia,GJ Bailey,DA Warner,GE Mathurin,1,0,"",""
ball,2,3.6,Australia,DA Warner,GJ Bailey,GE Mathurin,6,0,"",""
ball,2,4.1,Australia,GJ Bailey,DA Warner,DJG Sammy,1,0,"",""
ball,2,4.2,Australia,DA Warner,GJ Bailey,DJG Sammy,4,0,"",""
ball,2,4.3,Australia,DA Warner,GJ Bailey,DJG Sammy,1,0,"",""
ball,2,4.4,Australia,GJ Bailey,DA Warner,DJG Sammy,4,0,"",""
ball,2,4.5,Australia,GJ Bailey,DA Warner,DJG Sammy,0,0,"",""
ball,2,4.6,Australia,GJ Bailey,DA Warner,DJG Sammy,1,0,"",""
ball,2,5.1,Australia,GJ Bailey,DA Warner,SP Narine,4,0,"",""
ball,2,5.2,Australia,GJ Bailey,DA Warner,SP Narine,0,0,"",""
ball,2,5.3,Australia,GJ Bailey,DA Warner,SP Narine,0,0,"",""
ball,2,5.4,Australia,GJ Bailey,DA Warner,SP Narine,1,0,"",""
ball,2,5.5,Australia,DA Warner,GJ Bailey,SP Narine,6,0,"",""
ball,2,5.6,Australia,DA Warner,GJ Bailey,SP Narine,4,0,"",""
ball,2,6.1,Australia,GJ Bailey,DA Warner,DJ Bravo,1,0,"",""
ball,2,6.2,Australia,DA Warner,GJ Bailey,DJ Bravo,0,0,"",""
ball,2,6.3,Australia,DA Warner,GJ Bailey,DJ Bravo,1,0,"",""
ball,2,6.4,Australia,GJ Bailey,DA Warner,DJ Bravo,1,0,"",""
ball,2,6.5,Australia,DA Warner,GJ Bailey,DJ Bravo,2,0,"",""
ball,2,6.6,Australia,DA Warner,GJ Bailey,DJ Bravo,1,0,"",""
ball,2,7.1,Australia,DA Warner,GJ Bailey,MN Samuels,4,0,"",""
ball,2,7.2,Australia,DA Warner,GJ Bailey,MN Samuels,1,0,"",""
ball,2,7.3,Australia,GJ Bailey,DA Warner,MN Samuels,0,0,caught,GJ Bailey
ball,2,7.4,Australia,DA Warner,MEK Hussey,MN Samuels,0,0,"",""
ball,2,7.5,Australia,DA Warner,MEK Hussey,MN Samuels,0,0,"",""
ball,2,7.6,Australia,DA Warner,MEK Hussey,MN Samuels,1,0,"",""
ball,2,8.1,Australia,DA Warner,MEK Hussey,DJ Bravo,0,0,"",""
ball,2,8.2,Australia,DA Warner,MEK Hussey,DJ Bravo,0,0,"",""
ball,2,8.3,Australia,DA Warner,MEK Hussey,DJ Bravo,2,0,"",""
ball,2,8.4,Australia,DA Warner,MEK Hussey,DJ Bravo,1,0,"",""
ball,2,8.5,Australia,MEK Hussey,DA Warner,DJ Bravo,1,0,"",""
ball,2,8.6,Australia,DA Warner,MEK Hussey,DJ Bravo,1,0,"",""
ball,2,9.1,Australia,DA Warner,MEK Hussey,MN Samuels,1,0,"",""
ball,2,9.2,Australia,MEK Hussey,DA Warner,MN Samuels,0,0,"",""
ball,2,9.3,Australia,MEK Hussey,DA Warner,MN Samuels,1,0,"",""
ball,2,9.4,Australia,DA Warner,MEK Hussey,MN Samuels,1,0,"",""
ball,2,9.5,Australia,MEK Hussey,DA Warner,MN Samuels,1,0,"",""
ball,2,9.6,Australia,DA Warner,MEK Hussey,MN Samuels,1,0,"",""
ball,2,10.1,Australia,DA Warner,MEK Hussey,KA Pollard,1,0,"",""
ball,2,10.2,Australia,MEK Hussey,DA Warner,KA Pollard,2,0,"",""
ball,2,10.3,Australia,MEK Hussey,DA Warner,KA Pollard,1,0,"",""
ball,2,10.4,Australia,DA Warner,MEK Hussey,KA Pollard,0,0,"",""
ball,2,10.5,Australia,DA Warner,MEK Hussey,KA Pollard,1,0,"",""
ball,2,10.6,Australia,MEK Hussey,DA Warner,KA Pollard,1,0,"",""
ball,2,11.1,Australia,MEK Hussey,DA Warner,MN Samuels,6,0,"",""
ball,2,11.2,Australia,MEK Hussey,DA Warner,MN Samuels,1,0,"",""
ball,2,11.3,Australia,DA Warner,MEK Hussey,MN Samuels,0,0,"",""
ball,2,11.4,Australia,DA Warner,MEK Hussey,MN Samuels,1,0,"",""
ball,2,11.5,Australia,MEK Hussey,DA Warner,MN Samuels,0,0,caught and bowled,MEK Hussey
ball,2,11.6,Australia,DJ Hussey,DA Warner,MN Samuels,1,0,"",""
ball,2,12.1,Australia,DJ Hussey,DA Warner,GE Mathurin,1,0,"",""
ball,2,12.2,Australia,DA Warner,DJ Hussey,GE Mathurin,6,0,"",""
ball,2,12.3,Australia,DA Warner,DJ Hussey,GE Mathurin,1,0,run out,DA Warner
ball,2,12.4,Australia,MS Wade,DJ Hussey,GE Mathurin,0,0,"",""
ball,2,12.5,Australia,MS Wade,DJ Hussey,GE Mathurin,0,0,"",""
ball,2,12.6,Australia,MS Wade,DJ Hussey,GE Mathurin,0,0,"",""
ball,2,13.1,Australia,DJ Hussey,MS Wade,SP Narine,1,0,"",""
ball,2,13.2,Australia,MS Wade,DJ Hussey,SP Narine,0,0,"",""
ball,2,13.3,Australia,MS Wade,DJ Hussey,SP Narine,4,0,"",""
ball,2,13.4,Australia,MS Wade,DJ Hussey,SP Narine,0,0,"",""
ball,2,13.5,Australia,MS Wade,DJ Hussey,SP Narine,1,0,"",""
ball,2,13.6,Australia,DJ Hussey,MS Wade,SP Narine,0,0,"",""
ball,2,14.1,Australia,MS Wade,DJ Hussey,FH Edwards,1,0,"",""
ball,2,14.2,Australia,DJ Hussey,MS Wade,FH Edwards,0,0,"",""
ball,2,14.3,Australia,DJ Hussey,MS Wade,FH Edwards,0,1,"",""
ball,2,14.4,Australia,DJ Hussey,MS Wade,FH Edwards,1,0,"",""
ball,2,14.5,Australia,MS Wade,DJ Hussey,FH Edwards,1,0,"",""
ball,2,14.6,Australia,DJ Hussey,MS Wade,FH Edwards,0,1,"",""
ball,2,14.7,Australia,DJ Hussey,MS Wade,FH Edwards,0,0,"",""
ball,2,14.8,Australia,DJ Hussey,MS Wade,FH Edwards,2,0,"",""
ball,2,15.1,Australia,MS Wade,DJ Hussey,SP Narine,6,0,"",""
ball,2,15.2,Australia,MS Wade,DJ Hussey,SP Narine,1,0,"",""
ball,2,15.3,Australia,DJ Hussey,MS Wade,SP Narine,0,0,"",""
ball,2,15.4,Australia,DJ Hussey,MS Wade,SP Narine,1,0,"",""
ball,2,15.5,Australia,MS Wade,DJ Hussey,SP Narine,2,0,"",""
ball,2,15.6,Australia,MS Wade,DJ Hussey,SP Narine,0,0,"",""
ball,2,16.1,Australia,DJ Hussey,MS Wade,DJ Bravo,4,0,"",""
ball,2,16.2,Australia,DJ Hussey,MS Wade,DJ Bravo,6,0,"",""
ball,2,16.3,Australia,DJ Hussey,MS Wade,DJ Bravo,1,0,"",""
ball,2,16.4,Australia,MS Wade,DJ Hussey,DJ Bravo,0,0,"",""
ball,2,16.5,Australia,MS Wade,DJ Hussey,DJ Bravo,0,0,"",""
ball,2,16.6,Australia,MS Wade,DJ Hussey,DJ Bravo,1,0,"",""
ball,2,17.1,Australia,MS Wade,DJ Hussey,MN Samuels,0,0,"",""
ball,2,17.2,Australia,MS Wade,DJ Hussey,MN Samuels,0,0,"",""
ball,2,17.3,Australia,MS Wade,DJ Hussey,MN Samuels,0,0,"",""
ball,2,17.4,Australia,MS Wade,DJ Hussey,MN Samuels,0,0,caught and bowled,MS Wade
ball,2,17.5,Australia,DT Christian,DJ Hussey,MN Samuels,2,0,"",""
ball,2,17.6,Australia,DT Christian,DJ Hussey,MN Samuels,1,0,"",""
ball,2,18.1,Australia,DT Christian,DJ Hussey,FH Edwards,0,0,caught,DT Christian
ball,2,18.2,Australia,B Lee,DJ Hussey,FH Edwards,0,0,bowled,B Lee
ball,2,18.3,Australia,CJ McKay,DJ Hussey,FH Edwards,0,0,"",""
ball,2,18.4,Australia,CJ McKay,DJ Hussey,FH Edwards,0,0,"",""
ball,2,18.5,Australia,CJ McKay,DJ Hussey,FH Edwards,6,0,"",""
ball,2,18.6,Australia,CJ McKay,DJ Hussey,FH Edwards,0,0,"",""
ball,2,19.1,Australia,DJ Hussey,CJ McKay,DJ Bravo,1,0,"",""
ball,2,19.2,Australia,CJ McKay,DJ Hussey,DJ Bravo,0,0,"",""
ball,2,19.3,Australia,CJ McKay,DJ Hussey,DJ Bravo,1,0,"",""
ball,2,19.4,Australia,DJ Hussey,CJ McKay,DJ Bravo,0,0,caught,DJ Hussey
ball,2,19.5,Australia,CJ McKay,JL Pattinson,DJ Bravo,0,0,bowled,CJ McKay
ball,2,19.6,Australia,XJ Doherty,JL Pattinson,DJ Bravo,2,0,"",""
