version,1.3.0
info,team,England
info,team,India
info,gender,female
info,season,2012
info,date,2012/06/28
info,series,India Women in England T20I Series
info,match_number,2
info,venue,County Ground
info,city,Chelmsford
info,toss_winner,India
info,toss_decision,bat
info,player_of_match,SJ Taylor
info,umpire,NGC Cowley
info,umpire,MJ Saggers
info,tv_umpire,MA Gough
info,match_referee,DT Jukes
info,winner,England
info,winner_wickets,8
ball,1,0.1,India,A Sharma,PG Raut,KH Brunt,0,0,"",""
ball,1,0.2,India,A Sharma,PG Raut,KH Brunt,0,0,"",""
ball,1,0.3,India,A Sharma,PG Raut,KH Brunt,0,0,"",""
ball,1,0.4,India,A Sharma,PG Raut,KH Brunt,0,0,"",""
ball,1,0.5,India,A Sharma,PG Raut,KH Brunt,0,0,"",""
ball,1,0.6,India,A Sharma,PG Raut,KH Brunt,0,0,caught,A Sharma
ball,1,1.1,India,PG Raut,M Raj,DN Wyatt,0,0,"",""
ball,1,1.2,India,PG Raut,M Raj,DN Wyatt,4,0,"",""
ball,1,1.3,India,PG Raut,M Raj,DN Wyatt,0,0,"",""
ball,1,1.4,India,PG Raut,M Raj,DN Wyatt,0,0,"",""
ball,1,1.5,India,PG Raut,M Raj,DN Wyatt,1,0,"",""
ball,1,1.6,India,M Raj,PG Raut,DN Wyatt,1,0,"",""
ball,1,2.1,India,M Raj,PG Raut,KH Brunt,0,0,"",""
ball,1,2.2,India,M Raj,PG Raut,KH Brunt,4,0,"",""
ball,1,2.3,India,M Raj,PG Raut,KH Brunt,0,0,"",""
ball,1,2.4,India,M Raj,PG Raut,KH Brunt,0,0,"",""
ball,1,2.5,India,M Raj,PG Raut,KH Brunt,1,0,"",""
ball,1,2.6,India,PG Raut,M Raj,KH Brunt,0,0,"",""
ball,1,3.1,India,M Raj,PG Raut,LA Marsh,1,0,"",""
ball,1,3.2,India,PG Raut,M Raj,LA Marsh,0,0,"",""
ball,1,3.3,India,PG Raut,M Raj,LA Marsh,1,0,"",""
ball,1,3.4,India,M Raj,PG Raut,LA Marsh,1,0,"",""
ball,1,3.5,India,PG Raut,M Raj,LA Marsh,1,0,"",""
ball,1,3.6,India,M Raj,PG Raut,LA Marsh,0,0,"",""
ball,1,4.1,India,PG Raut,M Raj,KH Brunt,0,0,"",""
ball,1,4.2,India,PG Raut,M Raj,KH Brunt,1,0,"",""
ball,1,4.3,India,M Raj,PG Raut,KH Brunt,0,0,"",""
ball,1,4.4,India,M Raj,PG Raut,KH Brunt,4,0,"",""
ball,1,4.5,India,M Raj,PG Raut,KH Brunt,0,0,"",""
ball,1,4.6,India,M Raj,PG Raut,KH Brunt,4,0,"",""
ball,1,5.1,India,PG Raut,M Raj,LA Marsh,1,0,"",""
ball,1,5.2,India,M Raj,PG Raut,LA Marsh,2,0,"",""
ball,1,5.3,India,M Raj,PG Raut,LA Marsh,1,0,"",""
ball,1,5.4,India,PG Raut,M Raj,LA Marsh,4,0,"",""
ball,1,5.5,India,PG Raut,M Raj,LA Marsh,0,0,"",""
ball,1,5.6,India,PG Raut,M Raj,LA Marsh,0,0,"",""
ball,1,6.1,India,M Raj,PG Raut,DN Wyatt,1,0,"",""
ball,1,6.2,India,PG Raut,M Raj,DN Wyatt,0,1,"",""
ball,1,6.3,India,PG Raut,M Raj,DN Wyatt,1,0,"",""
ball,1,6.4,India,M Raj,PG Raut,DN Wyatt,1,0,"",""
ball,1,6.5,India,PG Raut,M Raj,DN Wyatt,1,0,"",""
ball,1,6.6,India,M Raj,PG Raut,DN Wyatt,0,0,caught,M Raj
ball,1,6.7,India,H Kaur,PG Raut,DN Wyatt,0,0,"",""
ball,1,7.1,India,PG Raut,H Kaur,HL Colvin,1,0,"",""
ball,1,7.2,India,H Kaur,PG Raut,HL Colvin,0,0,run out,PG Raut
ball,1,7.3,India,H Kaur,MR Meshram,HL Colvin,1,0,"",""
ball,1,7.4,India,MR Meshram,H Kaur,HL Colvin,0,0,"",""
ball,1,7.5,India,MR Meshram,H Kaur,HL Colvin,1,0,"",""
ball,1,7.6,India,H Kaur,MR Meshram,HL Colvin,0,0,"",""
ball,1,8.1,India,MR Meshram,H Kaur,DN Wyatt,0,0,"",""
ball,1,8.2,India,MR Meshram,H Kaur,DN Wyatt,1,0,"",""
ball,1,8.3,India,H Kaur,MR Meshram,DN Wyatt,1,0,"",""
ball,1,8.4,India,MR Meshram,H Kaur,DN Wyatt,0,0,"",""
ball,1,8.5,India,MR Meshram,H Kaur,DN Wyatt,1,0,"",""
ball,1,8.6,India,H Kaur,MR Meshram,DN Wyatt,1,0,"",""
ball,1,9.1,India,H Kaur,MR Meshram,HL Colvin,4,0,"",""
ball,1,9.2,India,H Kaur,MR Meshram,HL Colvin,1,0,"",""
ball,1,9.3,India,MR Meshram,H Kaur,HL Colvin,1,0,"",""
ball,1,9.4,India,H Kaur,MR Meshram,HL Colvin,1,0,"",""
ball,1,9.5,India,MR Meshram,H Kaur,HL Colvin,0,0,"",""
ball,1,9.6,India,MR Meshram,H Kaur,HL Colvin,0,0,"",""
ball,1,10.1,India,H Kaur,MR Meshram,A Brindle,1,0,"",""
ball,1,10.2,India,MR Meshram,H Kaur,A Brindle,1,0,"",""
ball,1,10.3,India,H Kaur,MR Meshram,A Brindle,1,0,"",""
ball,1,10.4,India,MR Meshram,H Kaur,A Brindle,1,0,"",""
ball,1,10.5,India,H Kaur,MR Meshram,A Brindle,0,0,"",""
ball,1,10.6,India,H Kaur,MR Meshram,A Brindle,1,0,"",""
ball,1,11.1,India,H Kaur,MR Meshram,LA Marsh,0,0,"",""
ball,1,11.2,India,H Kaur,MR Meshram,LA Marsh,0,0,"",""
ball,1,11.3,India,H Kaur,MR Meshram,LA Marsh,1,0,"",""
ball,1,11.4,India,MR Meshram,H Kaur,LA Marsh,1,0,"",""
ball,1,11.5,India,H Kaur,MR Meshram,LA Marsh,1,0,"",""
ball,1,11.6,India,MR Meshram,H Kaur,LA Marsh,1,0,"",""
ball,1,12.1,India,MR Meshram,H Kaur,A Brindle,0,0,"",""
ball,1,12.2,India,MR Meshram,H Kaur,A Brindle,1,0,"",""
ball,1,12.3,India,H Kaur,MR Meshram,A Brindle,1,0,"",""
ball,1,12.4,India,MR Meshram,H Kaur,A Brindle,1,0,"",""
ball,1,12.5,India,H Kaur,MR Meshram,A Brindle,1,0,"",""
ball,1,12.6,India,MR Meshram,H Kaur,A Brindle,1,0,"",""
ball,1,13.1,India,MR Meshram,H Kaur,LA Marsh,1,0,"",""
ball,1,13.2,India,H Kaur,MR Meshram,LA Marsh,1,0,"",""
ball,1,13.3,India,MR Meshram,H Kaur,LA Marsh,1,0,"",""
ball,1,13.4,India,H Kaur,MR Meshram,LA Marsh,2,0,"",""
ball,1,13.5,India,H Kaur,MR Meshram,LA Marsh,1,0,"",""
ball,1,13.6,India,MR Meshram,H Kaur,LA Marsh,0,0,"",""
ball,1,14.1,India,H Kaur,MR Meshram,JL Gunn,1,0,"",""
ball,1,14.2,India,MR Meshram,H Kaur,JL Gunn,1,0,"",""
ball,1,14.3,India,H Kaur,MR Meshram,JL Gunn,0,0,"",""
ball,1,14.4,India,H Kaur,MR Meshram,JL Gunn,6,0,"",""
ball,1,14.5,India,H Kaur,MR Meshram,JL Gunn,0,0,"",""
ball,1,14.6,India,H Kaur,MR Meshram,JL Gunn,1,0,"",""
ball,1,15.1,India,H Kaur,MR Meshram,HL Colvin,0,0,"",""
ball,1,15.2,India,H Kaur,MR Meshram,HL Colvin,1,0,"",""
ball,1,15.3,India,MR Meshram,H Kaur,HL Colvin,2,0,"",""
ball,1,15.4,India,MR Meshram,H Kaur,HL Colvin,1,0,"",""
ball,1,15.5,India,H Kaur,MR Meshram,HL Colvin,2,0,"",""
ball,1,15.6,India,H Kaur,MR Meshram,HL Colvin,1,0,"",""
ball,1,16.1,India,H Kaur,MR Meshram,A Brindle,0,1,"",""
ball,1,16.2,India,H Kaur,MR Meshram,A Brindle,1,0,"",""
ball,1,16.3,India,MR Meshram,H Kaur,A Brindle,0,0,caught,MR Meshram
ball,1,16.4,India,H Kaur,S Naik,A Brindle,0,0,"",""
ball,1,16.5,India,H Kaur,S Naik,A Brindle,1,0,"",""
ball,1,16.6,India,S Naik,H Kaur,A Brindle,4,0,"",""
ball,1,16.7,India,S Naik,H Kaur,A Brindle,1,0,"",""
ball,1,17.1,India,S Naik,H Kaur,DN Wyatt,2,0,"",""
ball,1,17.2,India,S Naik,H Kaur,DN Wyatt,1,0,"",""
ball,1,17.3,India,H Kaur,S Naik,DN Wyatt,0,0,"",""
ball,1,17.4,India,H Kaur,S Naik,DN Wyatt,0,0,run out,S Naik
ball,1,17.5,India,J Goswami,H Kaur,DN Wyatt,1,0,"",""
ball,1,17.6,India,H Kaur,J Goswami,DN Wyatt,0,0,"",""
ball,1,18.1,India,J Goswami,H Kaur,KH Brunt,1,0,"",""
ball,1,18.2,India,H Kaur,J Goswami,KH Brunt,0,0,bowled,H Kaur
ball,1,18.3,India,N Niranjana,J Goswami,KH Brunt,0,0,"",""
ball,1,18.4,India,N Niranjana,J Goswami,KH Brunt,2,0,"",""
ball,1,18.5,India,N Niranjana,J Goswami,KH Brunt,1,0,"",""
ball,1,18.6,India,J Goswami,N Niranjana,KH Brunt,0,0,caught,J Goswami
ball,1,19.1,India,E Bisht,N Niranjana,A Brindle,2,0,"",""
ball,1,19.2,India,E Bisht,N Niranjana,A Brindle,1,0,"",""
ball,1,19.3,India,N Niranjana,E Bisht,A Brindle,4,0,"",""
ball,1,19.4,India,N Niranjana,E Bisht,A Brindle,1,0,run out,N Niranjana
ball,1,19.5,India,A Das,E Bisht,A Brindle,2,0,run out,E Bisht
ball,1,19.6,India,G Sultana,A Das,A Brindle,1,0,run out,A Das
ball,2,0.1,England,CM Edwards,LA Marsh,J Goswami,1,0,"",""
ball,2,0.2,England,LA Marsh,CM Edwards,J Goswami,1,0,"",""
ball,2,0.3,England,CM Edwards,LA Marsh,J Goswami,0,0,"",""
ball,2,0.4,England,CM Edwards,LA Marsh,J Goswami,0,0,"",""
ball,2,0.5,England,CM Edwards,LA Marsh,J Goswami,0,0,"",""
ball,2,0.6,England,CM Edwards,LA Marsh,J Goswami,4,0,"",""
ball,2,1.1,England,LA Marsh,CM Edwards,N Niranjana,0,0,"",""
ball,2,1.2,England,LA Marsh,CM Edwards,N Niranjana,0,0,"",""
ball,2,1.3,England,LA Marsh,CM Edwards,N Niranjana,0,0,"",""
ball,2,1.4,England,LA Marsh,CM Edwards,N Niranjana,1,0,"",""
ball,2,1.5,England,CM Edwards,LA Marsh,N Niranjana,0,0,"",""
ball,2,1.6,England,CM Edwards,LA Marsh,N Niranjana,1,0,"",""
ball,2,2.1,England,CM Edwards,LA Marsh,J Goswami,0,0,"",""
ball,2,2.2,England,CM Edwards,LA Marsh,J Goswami,0,0,"",""
ball,2,2.3,England,CM Edwards,LA Marsh,J Goswami,4,0,"",""
ball,2,2.4,England,CM Edwards,LA Marsh,J Goswami,1,0,"",""
ball,2,2.5,England,LA Marsh,CM Edwards,J Goswami,0,0,"",""
ball,2,2.6,England,LA Marsh,CM Edwards,J Goswami,0,0,"",""
ball,2,3.1,England,CM Edwards,LA Marsh,N Niranjana,0,0,"",""
ball,2,3.2,England,CM Edwards,LA Marsh,N Niranjana,4,0,"",""
ball,2,3.3,England,CM Edwards,LA Marsh,N Niranjana,0,0,lbw,CM Edwards
ball,2,3.4,England,SJ Taylor,LA Marsh,N Niranjana,0,0,"",""
ball,2,3.5,England,SJ Taylor,LA Marsh,N Niranjana,4,0,"",""
ball,2,3.6,England,SJ Taylor,LA Marsh,N Niranjana,1,0,"",""
ball,2,4.1,England,SJ Taylor,LA Marsh,E Bisht,0,0,"",""
ball,2,4.2,England,SJ Taylor,LA Marsh,E Bisht,0,0,"",""
ball,2,4.3,England,SJ Taylor,LA Marsh,E Bisht,0,0,"",""
ball,2,4.4,England,SJ Taylor,LA Marsh,E Bisht,1,0,"",""
ball,2,4.5,England,LA Marsh,SJ Taylor,E Bisht,1,0,"",""
ball,2,4.6,England,SJ Taylor,LA Marsh,E Bisht,0,0,"",""
ball,2,5.1,England,LA Marsh,SJ Taylor,N Niranjana,1,0,"",""
ball,2,5.2,England,SJ Taylor,LA Marsh,N Niranjana,0,0,"",""
ball,2,5.3,England,SJ Taylor,LA Marsh,N Niranjana,4,0,"",""
ball,2,5.4,England,SJ Taylor,LA Marsh,N Niranjana,0,0,"",""
ball,2,5.5,England,SJ Taylor,LA Marsh,N Niranjana,2,0,"",""
ball,2,5.6,England,SJ Taylor,LA Marsh,N Niranjana,0,0,"",""
ball,2,6.1,England,LA Marsh,SJ Taylor,E Bisht,1,0,"",""
ball,2,6.2,England,SJ Taylor,LA Marsh,E Bisht,0,0,run out,LA Marsh
ball,2,6.3,England,SJ Taylor,LS Greenway,E Bisht,1,0,"",""
ball,2,6.4,England,LS Greenway,SJ Taylor,E Bisht,0,0,"",""
ball,2,6.5,England,LS Greenway,SJ Taylor,E Bisht,0,0,"",""
ball,2,6.6,England,LS Greenway,SJ Taylor,E Bisht,4,0,"",""
ball,2,7.1,England,SJ Taylor,LS Greenway,A Das,4,0,"",""
ball,2,7.2,England,SJ Taylor,LS Greenway,A Das,0,0,"",""
ball,2,7.3,England,SJ Taylor,LS Greenway,A Das,1,0,"",""
ball,2,7.4,England,LS Greenway,SJ Taylor,A Das,0,0,"",""
ball,2,7.5,England,LS Greenway,SJ Taylor,A Das,1,0,"",""
ball,2,7.6,England,SJ Taylor,LS Greenway,A Das,1,0,"",""
ball,2,8.1,England,SJ Taylor,LS Greenway,E Bisht,0,0,"",""
ball,2,8.2,England,SJ Taylor,LS Greenway,E Bisht,1,0,"",""
ball,2,8.3,England,LS Greenway,SJ Taylor,E Bisht,1,0,"",""
ball,2,8.4,England,SJ Taylor,LS Greenway,E Bisht,1,0,"",""
ball,2,8.5,England,LS Greenway,SJ Taylor,E Bisht,0,0,"",""
ball,2,8.6,England,LS Greenway,SJ Taylor,E Bisht,1,0,"",""
ball,2,9.1,England,LS Greenway,SJ Taylor,A Das,1,0,"",""
ball,2,9.2,England,SJ Taylor,LS Greenway,A Das,4,0,"",""
ball,2,9.3,England,SJ Taylor,LS Greenway,A Das,3,0,"",""
ball,2,9.4,England,LS Greenway,SJ Taylor,A Das,1,0,"",""
ball,2,9.5,England,SJ Taylor,LS Greenway,A Das,1,0,"",""
ball,2,9.6,England,LS Greenway,SJ Taylor,A Das,0,0,"",""
ball,2,10.1,England,SJ Taylor,LS Greenway,E Bisht,1,0,"",""
ball,2,10.2,England,LS Greenway,SJ Taylor,E Bisht,1,0,"",""
ball,2,10.3,England,SJ Taylor,LS Greenway,E Bisht,1,0,"",""
ball,2,10.4,England,LS Greenway,SJ Taylor,E Bisht,0,0,"",""
ball,2,10.5,England,LS Greenway,SJ Taylor,E Bisht,1,0,"",""
ball,2,10.6,England,SJ Taylor,LS Greenway,E Bisht,1,0,"",""
ball,2,11.1,England,SJ Taylor,LS Greenway,G Sultana,4,0,"",""
ball,2,11.2,England,SJ Taylor,LS Greenway,G Sultana,4,0,"",""
ball,2,11.3,England,SJ Taylor,LS Greenway,G Sultana,1,0,"",""
ball,2,11.4,England,LS Greenway,SJ Taylor,G Sultana,1,0,"",""
ball,2,11.5,England,SJ Taylor,LS Greenway,G Sultana,1,0,"",""
ball,2,11.6,England,LS Greenway,SJ Taylor,G Sultana,1,0,"",""
ball,2,12.1,England,LS Greenway,SJ Taylor,A Sharma,1,0,"",""
ball,2,12.2,England,SJ Taylor,LS Greenway,A Sharma,0,0,"",""
ball,2,12.3,England,SJ Taylor,LS Greenway,A Sharma,1,0,"",""
ball,2,12.4,England,LS Greenway,SJ Taylor,A Sharma,1,0,"",""
ball,2,12.5,England,SJ Taylor,LS Greenway,A Sharma,1,0,"",""
ball,2,12.6,England,LS Greenway,SJ Taylor,A Sharma,1,0,"",""
ball,2,13.1,England,LS Greenway,SJ Taylor,J Goswami,4,0,"",""
ball,2,13.2,England,LS Greenway,SJ Taylor,J Goswami,0,0,"",""
ball,2,13.3,England,LS Greenway,SJ Taylor,J Goswami,2,0,"",""
ball,2,13.4,England,LS Greenway,SJ Taylor,J Goswami,1,0,"",""
ball,2,13.5,England,SJ Taylor,LS Greenway,J Goswami,3,0,"",""
ball,2,13.6,England,LS Greenway,SJ Taylor,J Goswami,1,0,"",""
ball,2,14.1,England,LS Greenway,SJ Taylor,A Sharma,1,0,"",""
ball,2,14.2,England,SJ Taylor,LS Greenway,A Sharma,2,0,"",""
ball,2,14.3,England,SJ Taylor,LS Greenway,A Sharma,0,0,"",""
ball,2,14.4,England,SJ Taylor,LS Greenway,A Sharma,1,0,"",""
ball,2,14.5,England,LS Greenway,SJ Taylor,A Sharma,1,0,"",""
ball,2,14.6,England,SJ Taylor,LS Greenway,A Sharma,1,0,"",""
ball,2,15.1,England,SJ Taylor,LS Greenway,A Das,4,0,"",""
ball,2,15.2,England,SJ Taylor,LS Greenway,A Das,0,0,"",""
ball,2,15.3,England,SJ Taylor,LS Greenway,A Das,1,0,"",""
ball,2,15.4,England,LS Greenway,SJ Taylor,A Das,1,0,"",""
ball,2,15.5,England,SJ Taylor,LS Greenway,A Das,1,0,"",""
ball,2,15.6,England,LS Greenway,SJ Taylor,A Das,1,0,"",""
ball,2,16.1,England,LS Greenway,SJ Taylor,G Sultana,1,0,"",""
ball,2,16.2,England,SJ Taylor,LS Greenway,G Sultana,1,0,"",""
ball,2,16.3,England,LS Greenway,SJ Taylor,G Sultana,0,0,"",""
ball,2,16.4,England,LS Greenway,SJ Taylor,G Sultana,1,0,"",""
ball,2,16.5,England,SJ Taylor,LS Greenway,G Sultana,4,0,"",""
ball,2,16.6,England,SJ Taylor,LS Greenway,G Sultana,1,0,"",""
ball,2,17.1,England,SJ Taylor,LS Greenway,A Das,4,0,"",""
