version,1.3.0
info,team,Afghanistan
info,team,Netherlands
info,gender,male
info,season,2011/12
info,date,2012/03/14
info,competition,ICC World Twenty20 Qualifier
info,match_number,13
info,venue,Dubai International Cricket Stadium
info,city,
info,neutralvenue,true
info,toss_winner,Netherlands
info,toss_decision,bat
info,player_of_match,Mohammad Shahzad
info,umpire,JD Cloete
info,umpire,SJA Taufel
info,reserve_umpire,BB Pradhan
info,match_referee,DT Jukes
info,winner,Afghanistan
info,winner_wickets,4
ball,1,0.1,Netherlands,SJ Myburgh,MR Swart,Dawlat Zadran,0,0,"",""
ball,1,0.2,Netherlands,SJ Myburgh,MR Swart,Dawlat Zadran,0,0,"",""
ball,1,0.3,Netherlands,SJ Myburgh,MR Swart,Dawlat Zadran,0,1,"",""
ball,1,0.4,Netherlands,SJ Myburgh,MR Swart,Dawlat Zadran,1,0,"",""
ball,1,0.5,Netherlands,MR Swart,SJ Myburgh,Dawlat Zadran,0,0,"",""
ball,1,0.6,Netherlands,MR Swart,SJ Myburgh,Dawlat Zadran,0,0,"",""
ball,1,0.7,Netherlands,MR Swart,SJ Myburgh,Dawlat Zadran,1,0,"",""
ball,1,1.1,Netherlands,MR Swart,SJ Myburgh,Mirwais Ashraf,4,0,"",""
ball,1,1.2,Netherlands,MR Swart,SJ Myburgh,Mirwais Ashraf,0,0,"",""
ball,1,1.3,Netherlands,MR Swart,SJ Myburgh,Mirwais Ashraf,1,0,"",""
ball,1,1.4,Netherlands,SJ Myburgh,MR Swart,Mirwais Ashraf,0,0,"",""
ball,1,1.5,Netherlands,SJ Myburgh,MR Swart,Mirwais Ashraf,0,0,"",""
ball,1,1.6,Netherlands,SJ Myburgh,MR Swart,Mirwais Ashraf,1,0,"",""
ball,1,2.1,Netherlands,SJ Myburgh,MR Swart,Dawlat Zadran,0,0,"",""
ball,1,2.2,Netherlands,SJ Myburgh,MR Swart,Dawlat Zadran,4,0,"",""
ball,1,2.3,Netherlands,SJ Myburgh,MR Swart,Dawlat Zadran,1,0,"",""
ball,1,2.4,Netherlands,MR Swart,SJ Myburgh,Dawlat Zadran,1,0,"",""
ball,1,2.5,Netherlands,SJ Myburgh,MR Swart,Dawlat Zadran,0,1,"",""
ball,1,2.6,Netherlands,SJ Myburgh,MR Swart,Dawlat Zadran,1,0,"",""
ball,1,2.7,Netherlands,MR Swart,SJ Myburgh,Dawlat Zadran,4,0,"",""
ball,1,3.1,Netherlands,SJ Myburgh,MR Swart,Mirwais Ashraf,4,0,"",""
ball,1,3.2,Netherlands,SJ Myburgh,MR Swart,Mirwais Ashraf,1,0,"",""
ball,1,3.3,Netherlands,MR Swart,SJ Myburgh,Mirwais Ashraf,1,0,"",""
ball,1,3.4,Netherlands,SJ Myburgh,MR Swart,Mirwais Ashraf,1,0,"",""
ball,1,3.5,Netherlands,MR Swart,SJ Myburgh,Mirwais Ashraf,3,0,"",""
ball,1,3.6,Netherlands,SJ Myburgh,MR Swart,Mirwais Ashraf,4,0,"",""
ball,1,4.1,Netherlands,MR Swart,SJ Myburgh,Karim Sadiq,1,0,"",""
ball,1,4.2,Netherlands,SJ Myburgh,MR Swart,Karim Sadiq,0,1,"",""
ball,1,4.3,Netherlands,MR Swart,SJ Myburgh,Karim Sadiq,0,0,"",""
ball,1,4.4,Netherlands,MR Swart,SJ Myburgh,Karim Sadiq,0,0,"",""
ball,1,4.5,Netherlands,MR Swart,SJ Myburgh,Karim Sadiq,2,0,"",""
ball,1,4.6,Netherlands,MR Swart,SJ Myburgh,Karim Sadiq,4,0,"",""
ball,1,5.1,Netherlands,SJ Myburgh,MR Swart,Samiullah Shenwari,1,0,"",""
ball,1,5.2,Netherlands,MR Swart,SJ Myburgh,Samiullah Shenwari,0,0,lbw,MR Swart
ball,1,5.3,Netherlands,TLW Cooper,SJ Myburgh,Samiullah Shenwari,0,0,"",""
ball,1,5.4,Netherlands,TLW Cooper,SJ Myburgh,Samiullah Shenwari,0,0,"",""
ball,1,5.5,Netherlands,TLW Cooper,SJ Myburgh,Samiullah Shenwari,0,0,"",""
ball,1,5.6,Netherlands,TLW Cooper,SJ Myburgh,Samiullah Shenwari,0,5,"",""
ball,1,5.7,Netherlands,TLW Cooper,SJ Myburgh,Samiullah Shenwari,2,0,"",""
ball,1,6.1,Netherlands,SJ Myburgh,TLW Cooper,Karim Sadiq,0,0,bowled,SJ Myburgh
ball,1,6.2,Netherlands,AN Kervezee,TLW Cooper,Karim Sadiq,1,0,"",""
ball,1,6.3,Netherlands,TLW Cooper,AN Kervezee,Karim Sadiq,1,0,"",""
ball,1,6.4,Netherlands,AN Kervezee,TLW Cooper,Karim Sadiq,0,0,"",""
ball,1,6.5,Netherlands,AN Kervezee,TLW Cooper,Karim Sadiq,0,0,"",""
ball,1,6.6,Netherlands,AN Kervezee,TLW Cooper,Karim Sadiq,1,0,"",""
ball,1,7.1,Netherlands,AN Kervezee,TLW Cooper,Samiullah Shenwari,2,0,"",""
ball,1,7.2,Netherlands,AN Kervezee,TLW Cooper,Samiullah Shenwari,1,0,"",""
ball,1,7.3,Netherlands,TLW Cooper,AN Kervezee,Samiullah Shenwari,1,0,"",""
ball,1,7.4,Netherlands,AN Kervezee,TLW Cooper,Samiullah Shenwari,1,0,"",""
ball,1,7.5,Netherlands,TLW Cooper,AN Kervezee,Samiullah Shenwari,0,0,"",""
ball,1,7.6,Netherlands,TLW Cooper,AN Kervezee,Samiullah Shenwari,1,0,"",""
ball,1,8.1,Netherlands,TLW Cooper,AN Kervezee,Karim Sadiq,2,0,"",""
ball,1,8.2,Netherlands,TLW Cooper,AN Kervezee,Karim Sadiq,0,0,"",""
ball,1,8.3,Netherlands,TLW Cooper,AN Kervezee,Karim Sadiq,0,0,run out,TLW Cooper
ball,1,8.4,Netherlands,AN Kervezee,W Barresi,Karim Sadiq,0,0,"",""
ball,1,8.5,Netherlands,AN Kervezee,W Barresi,Karim Sadiq,1,0,"",""
ball,1,8.6,Netherlands,W Barresi,AN Kervezee,Karim Sadiq,0,0,"",""
ball,1,9.1,Netherlands,AN Kervezee,W Barresi,Samiullah Shenwari,1,0,"",""
ball,1,9.2,Netherlands,W Barresi,AN Kervezee,Samiullah Shenwari,1,0,"",""
ball,1,9.3,Netherlands,AN Kervezee,W Barresi,Samiullah Shenwari,1,0,"",""
ball,1,9.4,Netherlands,W Barresi,AN Kervezee,Samiullah Shenwari,1,0,"",""
ball,1,9.5,Netherlands,AN Kervezee,W Barresi,Samiullah Shenwari,0,0,"",""
ball,1,9.6,Netherlands,AN Kervezee,W Barresi,Samiullah Shenwari,0,0,"",""
ball,1,10.1,Netherlands,W Barresi,AN Kervezee,Karim Sadiq,1,0,"",""
ball,1,10.2,Netherlands,AN Kervezee,W Barresi,Karim Sadiq,2,0,"",""
ball,1,10.3,Netherlands,AN Kervezee,W Barresi,Karim Sadiq,0,0,"",""
ball,1,10.4,Netherlands,AN Kervezee,W Barresi,Karim Sadiq,2,0,"",""
ball,1,10.5,Netherlands,AN Kervezee,W Barresi,Karim Sadiq,0,0,"",""
ball,1,10.6,Netherlands,AN Kervezee,W Barresi,Karim Sadiq,1,0,"",""
ball,1,11.1,Netherlands,AN Kervezee,W Barresi,Samiullah Shenwari,1,0,"",""
ball,1,11.2,Netherlands,W Barresi,AN Kervezee,Samiullah Shenwari,0,0,"",""
ball,1,11.3,Netherlands,W Barresi,AN Kervezee,Samiullah Shenwari,0,0,"",""
ball,1,11.4,Netherlands,W Barresi,AN Kervezee,Samiullah Shenwari,4,0,"",""
ball,1,11.5,Netherlands,W Barresi,AN Kervezee,Samiullah Shenwari,1,0,"",""
ball,1,11.6,Netherlands,AN Kervezee,W Barresi,Samiullah Shenwari,1,0,"",""
ball,1,12.1,Netherlands,AN Kervezee,W Barresi,Mohammad Nabi,6,0,"",""
ball,1,12.2,Netherlands,AN Kervezee,W Barresi,Mohammad Nabi,1,0,"",""
ball,1,12.3,Netherlands,W Barresi,AN Kervezee,Mohammad Nabi,2,0,"",""
ball,1,12.4,Netherlands,W Barresi,AN Kervezee,Mohammad Nabi,1,0,"",""
ball,1,12.5,Netherlands,AN Kervezee,W Barresi,Mohammad Nabi,0,0,"",""
ball,1,12.6,Netherlands,AN Kervezee,W Barresi,Mohammad Nabi,0,0,"",""
ball,1,13.1,Netherlands,W Barresi,AN Kervezee,Izatullah Dawlatzai,2,0,"",""
ball,1,13.2,Netherlands,W Barresi,AN Kervezee,Izatullah Dawlatzai,1,0,"",""
ball,1,13.3,Netherlands,AN Kervezee,W Barresi,Izatullah Dawlatzai,1,0,"",""
ball,1,13.4,Netherlands,W Barresi,AN Kervezee,Izatullah Dawlatzai,0,0,bowled,W Barresi
ball,1,13.5,Netherlands,PW Borren,AN Kervezee,Izatullah Dawlatzai,0,0,"",""
ball,1,13.6,Netherlands,PW Borren,AN Kervezee,Izatullah Dawlatzai,1,0,"",""
ball,1,14.1,Netherlands,PW Borren,AN Kervezee,Mohammad Nabi,0,0,"",""
ball,1,14.2,Netherlands,PW Borren,AN Kervezee,Mohammad Nabi,0,0,"",""
ball,1,14.3,Netherlands,PW Borren,AN Kervezee,Mohammad Nabi,2,0,"",""
ball,1,14.4,Netherlands,PW Borren,AN Kervezee,Mohammad Nabi,1,0,"",""
ball,1,14.5,Netherlands,AN Kervezee,PW Borren,Mohammad Nabi,1,0,"",""
ball,1,14.6,Netherlands,PW Borren,AN Kervezee,Mohammad Nabi,1,0,"",""
ball,1,15.1,Netherlands,PW Borren,AN Kervezee,Izatullah Dawlatzai,0,0,caught,PW Borren
ball,1,15.2,Netherlands,Mudassar Bukhari,AN Kervezee,Izatullah Dawlatzai,0,0,"",""
ball,1,15.3,Netherlands,Mudassar Bukhari,AN Kervezee,Izatullah Dawlatzai,1,0,"",""
ball,1,15.4,Netherlands,AN Kervezee,Mudassar Bukhari,Izatullah Dawlatzai,1,0,"",""
ball,1,15.5,Netherlands,Mudassar Bukhari,AN Kervezee,Izatullah Dawlatzai,0,0,"",""
ball,1,15.6,Netherlands,Mudassar Bukhari,AN Kervezee,Izatullah Dawlatzai,4,0,"",""
ball,1,16.1,Netherlands,AN Kervezee,Mudassar Bukhari,Dawlat Zadran,2,0,"",""
ball,1,16.2,Netherlands,AN Kervezee,Mudassar Bukhari,Dawlat Zadran,1,0,"",""
ball,1,16.3,Netherlands,Mudassar Bukhari,AN Kervezee,Dawlat Zadran,0,1,"",""
ball,1,16.4,Netherlands,Mudassar Bukhari,AN Kervezee,Dawlat Zadran,1,0,"",""
ball,1,16.5,Netherlands,AN Kervezee,Mudassar Bukhari,Dawlat Zadran,0,0,"",""
ball,1,16.6,Netherlands,AN Kervezee,Mudassar Bukhari,Dawlat Zadran,1,0,"",""
ball,1,16.7,Netherlands,Mudassar Bukhari,AN Kervezee,Dawlat Zadran,4,0,"",""
ball,1,17.1,Netherlands,AN Kervezee,Mudassar Bukhari,Izatullah Dawlatzai,1,0,"",""
ball,1,17.2,Netherlands,Mudassar Bukhari,AN Kervezee,Izatullah Dawlatzai,0,0,"",""
ball,1,17.3,Netherlands,Mudassar Bukhari,AN Kervezee,Izatullah Dawlatzai,0,0,caught,Mudassar Bukhari
ball,1,17.4,Netherlands,AN Kervezee,TN de Grooth,Izatullah Dawlatzai,1,0,"",""
ball,1,17.5,Netherlands,TN de Grooth,AN Kervezee,Izatullah Dawlatzai,1,0,"",""
ball,1,17.6,Netherlands,AN Kervezee,TN de Grooth,Izatullah Dawlatzai,1,0,"",""
ball,1,18.1,Netherlands,AN Kervezee,TN de Grooth,Dawlat Zadran,1,0,"",""
ball,1,18.2,Netherlands,TN de Grooth,AN Kervezee,Dawlat Zadran,1,0,"",""
ball,1,18.3,Netherlands,AN Kervezee,TN de Grooth,Dawlat Zadran,0,1,"",""
ball,1,18.4,Netherlands,AN Kervezee,TN de Grooth,Dawlat Zadran,2,0,"",""
ball,1,18.5,Netherlands,AN Kervezee,TN de Grooth,Dawlat Zadran,3,0,"",""
ball,1,18.6,Netherlands,TN de Grooth,AN Kervezee,Dawlat Zadran,1,0,"",""
ball,1,18.7,Netherlands,AN Kervezee,TN de Grooth,Dawlat Zadran,1,0,"",""
ball,1,19.1,Netherlands,AN Kervezee,TN de Grooth,Izatullah Dawlatzai,1,0,"",""
ball,1,19.2,Netherlands,TN de Grooth,AN Kervezee,Izatullah Dawlatzai,0,1,"",""
ball,1,19.3,Netherlands,AN Kervezee,TN de Grooth,Izatullah Dawlatzai,6,0,"",""
ball,1,19.4,Netherlands,AN Kervezee,TN de Grooth,Izatullah Dawlatzai,6,0,"",""
ball,1,19.5,Netherlands,AN Kervezee,TN de Grooth,Izatullah Dawlatzai,4,0,"",""
ball,1,19.6,Netherlands,AN Kervezee,TN de Grooth,Izatullah Dawlatzai,1,0,"",""
ball,2,0.1,Afghanistan,Karim Sadiq,Gulbadin Naib,MR Swart,0,0,"",""
ball,2,0.2,Afghanistan,Karim Sadiq,Gulbadin Naib,MR Swart,0,0,"",""
ball,2,0.3,Afghanistan,Karim Sadiq,Gulbadin Naib,MR Swart,0,0,"",""
ball,2,0.4,Afghanistan,Karim Sadiq,Gulbadin Naib,MR Swart,1,0,"",""
ball,2,0.5,Afghanistan,Gulbadin Naib,Karim Sadiq,MR Swart,1,0,"",""
ball,2,0.6,Afghanistan,Karim Sadiq,Gulbadin Naib,MR Swart,4,0,"",""
ball,2,1.1,Afghanistan,Gulbadin Naib,Karim Sadiq,T van der Gugten,0,0,"",""
ball,2,1.2,Afghanistan,Gulbadin Naib,Karim Sadiq,T van der Gugten,0,0,"",""
ball,2,1.3,Afghanistan,Gulbadin Naib,Karim Sadiq,T van der Gugten,1,0,"",""
ball,2,1.4,Afghanistan,Karim Sadiq,Gulbadin Naib,T van der Gugten,1,0,"",""
ball,2,1.5,Afghanistan,Gulbadin Naib,Karim Sadiq,T van der Gugten,1,0,"",""
ball,2,1.6,Afghanistan,Karim Sadiq,Gulbadin Naib,T van der Gugten,1,0,"",""
ball,2,2.1,Afghanistan,Karim Sadiq,Gulbadin Naib,Mudassar Bukhari,4,0,"",""
ball,2,2.2,Afghanistan,Karim Sadiq,Gulbadin Naib,Mudassar Bukhari,0,0,caught,Karim Sadiq
ball,2,2.3,Afghanistan,Mohammad Shahzad,Gulbadin Naib,Mudassar Bukhari,0,0,"",""
ball,2,2.4,Afghanistan,Mohammad Shahzad,Gulbadin Naib,Mudassar Bukhari,1,0,"",""
ball,2,2.5,Afghanistan,Gulbadin Naib,Mohammad Shahzad,Mudassar Bukhari,0,0,"",""
ball,2,2.6,Afghanistan,Gulbadin Naib,Mohammad Shahzad,Mudassar Bukhari,0,0,"",""
ball,2,3.1,Afghanistan,Mohammad Shahzad,Gulbadin Naib,T van der Gugten,4,0,"",""
ball,2,3.2,Afghanistan,Mohammad Shahzad,Gulbadin Naib,T van der Gugten,0,5,"",""
ball,2,3.3,Afghanistan,Mohammad Shahzad,Gulbadin Naib,T van der Gugten,4,0,"",""
ball,2,3.4,Afghanistan,Mohammad Shahzad,Gulbadin Naib,T van der Gugten,0,0,"",""
ball,2,3.5,Afghanistan,Mohammad Shahzad,Gulbadin Naib,T van der Gugten,0,0,"",""
ball,2,3.6,Afghanistan,Mohammad Shahzad,Gulbadin Naib,T van der Gugten,4,0,"",""
ball,2,3.7,Afghanistan,Mohammad Shahzad,Gulbadin Naib,T van der Gugten,0,0,"",""
ball,2,4.1,Afghanistan,Gulbadin Naib,Mohammad Shahzad,PM Seelaar,0,0,"",""
ball,2,4.2,Afghanistan,Gulbadin Naib,Mohammad Shahzad,PM Seelaar,0,0,"",""
ball,2,4.3,Afghanistan,Gulbadin Naib,Mohammad Shahzad,PM Seelaar,0,0,"",""
ball,2,4.4,Afghanistan,Gulbadin Naib,Mohammad Shahzad,PM Seelaar,0,0,"",""
ball,2,4.5,Afghanistan,Gulbadin Naib,Mohammad Shahzad,PM Seelaar,0,0,"",""
ball,2,4.6,Afghanistan,Gulbadin Naib,Mohammad Shahzad,PM Seelaar,0,0,"",""
ball,2,5.1,Afghanistan,Mohammad Shahzad,Gulbadin Naib,MR Swart,4,0,"",""
ball,2,5.2,Afghanistan,Mohammad Shahzad,Gulbadin Naib,MR Swart,0,0,"",""
ball,2,5.3,Afghanistan,Mohammad Shahzad,Gulbadin Naib,MR Swart,0,0,"",""
ball,2,5.4,Afghanistan,Mohammad Shahzad,Gulbadin Naib,MR Swart,4,0,"",""
ball,2,5.5,Afghanistan,Mohammad Shahzad,Gulbadin Naib,MR Swart,2,0,"",""
ball,2,5.6,Afghanistan,Mohammad Shahzad,Gulbadin Naib,MR Swart,1,0,"",""
ball,2,6.1,Afghanistan,Mohammad Shahzad,Gulbadin Naib,PM Seelaar,1,0,"",""
ball,2,6.2,Afghanistan,Gulbadin Naib,Mohammad Shahzad,PM Seelaar,1,0,"",""
ball,2,6.3,Afghanistan,Mohammad Shahzad,Gulbadin Naib,PM Seelaar,1,0,"",""
ball,2,6.4,Afghanistan,Gulbadin Naib,Mohammad Shahzad,PM Seelaar,1,0,"",""
ball,2,6.5,Afghanistan,Mohammad Shahzad,Gulbadin Naib,PM Seelaar,0,0,"",""
ball,2,6.6,Afghanistan,Mohammad Shahzad,Gulbadin Naib,PM Seelaar,0,0,"",""
ball,2,7.1,Afghanistan,Gulbadin Naib,Mohammad Shahzad,PW Borren,0,0,caught,Gulbadin Naib
ball,2,7.2,Afghanistan,Mohammad Shahzad,Nawroz Mangal,PW Borren,1,0,"",""
ball,2,7.3,Afghanistan,Nawroz Mangal,Mohammad Shahzad,PW Borren,0,0,"",""
ball,2,7.4,Afghanistan,Nawroz Mangal,Mohammad Shahzad,PW Borren,4,0,"",""
ball,2,7.5,Afghanistan,Nawroz Mangal,Mohammad Shahzad,PW Borren,1,0,"",""
ball,2,7.6,Afghanistan,Mohammad Shahzad,Nawroz Mangal,PW Borren,0,0,"",""
ball,2,8.1,Afghanistan,Nawroz Mangal,Mohammad Shahzad,PM Seelaar,1,0,"",""
ball,2,8.2,Afghanistan,Mohammad Shahzad,Nawroz Mangal,PM Seelaar,1,0,"",""
ball,2,8.3,Afghanistan,Nawroz Mangal,Mohammad Shahzad,PM Seelaar,1,0,"",""
ball,2,8.4,Afghanistan,Mohammad Shahzad,Nawroz Mangal,PM Seelaar,1,0,"",""
ball,2,8.5,Afghanistan,Nawroz Mangal,Mohammad Shahzad,PM Seelaar,0,0,"",""
ball,2,8.6,Afghanistan,Nawroz Mangal,Mohammad Shahzad,PM Seelaar,1,0,"",""
ball,2,9.1,Afghanistan,Nawroz Mangal,Mohammad Shahzad,PW Borren,4,0,"",""
ball,2,9.2,Afghanistan,Nawroz Mangal,Mohammad Shahzad,PW Borren,1,0,"",""
ball,2,9.3,Afghanistan,Mohammad Shahzad,Nawroz Mangal,PW Borren,1,0,"",""
ball,2,9.4,Afghanistan,Nawroz Mangal,Mohammad Shahzad,PW Borren,1,0,"",""
ball,2,9.5,Afghanistan,Mohammad Shahzad,Nawroz Mangal,PW Borren,4,0,"",""
ball,2,9.6,Afghanistan,Mohammad Shahzad,Nawroz Mangal,PW Borren,1,0,"",""
ball,2,10.1,Afghanistan,Mohammad Shahzad,Nawroz Mangal,Ahsan Malik,0,0,"",""
ball,2,10.2,Afghanistan,Mohammad Shahzad,Nawroz Mangal,Ahsan Malik,0,0,"",""
ball,2,10.3,Afghanistan,Mohammad Shahzad,Nawroz Mangal,Ahsan Malik,0,0,"",""
ball,2,10.4,Afghanistan,Mohammad Shahzad,Nawroz Mangal,Ahsan Malik,1,0,"",""
ball,2,10.5,Afghanistan,Nawroz Mangal,Mohammad Shahzad,Ahsan Malik,6,0,"",""
ball,2,10.6,Afghanistan,Nawroz Mangal,Mohammad Shahzad,Ahsan Malik,0,0,"",""
ball,2,11.1,Afghanistan,Mohammad Shahzad,Nawroz Mangal,TLW Cooper,1,0,"",""
ball,2,11.2,Afghanistan,Nawroz Mangal,Mohammad Shahzad,TLW Cooper,1,0,"",""
ball,2,11.3,Afghanistan,Mohammad Shahzad,Nawroz Mangal,TLW Cooper,1,0,"",""
ball,2,11.4,Afghanistan,Nawroz Mangal,Mohammad Shahzad,TLW Cooper,1,0,"",""
ball,2,11.5,Afghanistan,Mohammad Shahzad,Nawroz Mangal,TLW Cooper,2,0,"",""
ball,2,11.6,Afghanistan,Mohammad Shahzad,Nawroz Mangal,TLW Cooper,0,0,"",""
ball,2,12.1,Afghanistan,Nawroz Mangal,Mohammad Shahzad,Ahsan Malik,1,0,"",""
ball,2,12.2,Afghanistan,Mohammad Shahzad,Nawroz Mangal,Ahsan Malik,4,0,"",""
ball,2,12.3,Afghanistan,Mohammad Shahzad,Nawroz Mangal,Ahsan Malik,0,0,"",""
ball,2,12.4,Afghanistan,Mohammad Shahzad,Nawroz Mangal,Ahsan Malik,1,0,"",""
ball,2,12.5,Afghanistan,Nawroz Mangal,Mohammad Shahzad,Ahsan Malik,1,0,"",""
ball,2,12.6,Afghanistan,Mohammad Shahzad,Nawroz Mangal,Ahsan Malik,1,0,"",""
ball,2,13.1,Afghanistan,Mohammad Shahzad,Nawroz Mangal,TLW Cooper,1,0,"",""
ball,2,13.2,Afghanistan,Nawroz Mangal,Mohammad Shahzad,TLW Cooper,1,0,"",""
ball,2,13.3,Afghanistan,Mohammad Shahzad,Nawroz Mangal,TLW Cooper,1,0,"",""
ball,2,13.4,Afghanistan,Nawroz Mangal,Mohammad Shahzad,TLW Cooper,1,0,"",""
ball,2,13.5,Afghanistan,Mohammad Shahzad,Nawroz Mangal,TLW Cooper,0,4,"",""
ball,2,13.6,Afghanistan,Mohammad Shahzad,Nawroz Mangal,TLW Cooper,1,0,"",""
ball,2,14.1,Afghanistan,Mohammad Shahzad,Nawroz Mangal,Ahsan Malik,4,0,"",""
ball,2,14.2,Afghanistan,Mohammad Shahzad,Nawroz Mangal,Ahsan Malik,1,0,"",""
ball,2,14.3,Afghanistan,Nawroz Mangal,Mohammad Shahzad,Ahsan Malik,0,0,caught,Nawroz Mangal
ball,2,14.4,Afghanistan,Mohammad Nabi,Mohammad Shahzad,Ahsan Malik,2,0,"",""
ball,2,14.5,Afghanistan,Mohammad Nabi,Mohammad Shahzad,Ahsan Malik,1,0,"",""
ball,2,14.6,Afghanistan,Mohammad Shahzad,Mohammad Nabi,Ahsan Malik,0,0,lbw,Mohammad Shahzad
ball,2,15.1,Afghanistan,Mohammad Nabi,Samiullah Shenwari,TLW Cooper,1,0,"",""
ball,2,15.2,Afghanistan,Samiullah Shenwari,Mohammad Nabi,TLW Cooper,1,0,"",""
ball,2,15.3,Afghanistan,Mohammad Nabi,Samiullah Shenwari,TLW Cooper,1,0,"",""
ball,2,15.4,Afghanistan,Samiullah Shenwari,Mohammad Nabi,TLW Cooper,0,1,"",""
ball,2,15.5,Afghanistan,Mohammad Nabi,Samiullah Shenwari,TLW Cooper,1,0,"",""
ball,2,15.6,Afghanistan,Samiullah Shenwari,Mohammad Nabi,TLW Cooper,0,0,"",""
ball,2,16.1,Afghanistan,Mohammad Nabi,Samiullah Shenwari,PM Seelaar,0,0,"",""
ball,2,16.2,Afghanistan,Mohammad Nabi,Samiullah Shenwari,PM Seelaar,2,0,"",""
ball,2,16.3,Afghanistan,Mohammad Nabi,Samiullah Shenwari,PM Seelaar,1,0,"",""
ball,2,16.4,Afghanistan,Samiullah Shenwari,Mohammad Nabi,PM Seelaar,1,0,"",""
ball,2,16.5,Afghanistan,Mohammad Nabi,Samiullah Shenwari,PM Seelaar,4,0,"",""
ball,2,16.6,Afghanistan,Mohammad Nabi,Samiullah Shenwari,PM Seelaar,4,0,"",""
ball,2,17.1,Afghanistan,Samiullah Shenwari,Mohammad Nabi,MR Swart,2,0,"",""
ball,2,17.2,Afghanistan,Samiullah Shenwari,Mohammad Nabi,MR Swart,1,0,"",""
ball,2,17.3,Afghanistan,Mohammad Nabi,Samiullah Shenwari,MR Swart,1,0,"",""
ball,2,17.4,Afghanistan,Samiullah Shenwari,Mohammad Nabi,MR Swart,1,0,"",""
ball,2,17.5,Afghanistan,Mohammad Nabi,Samiullah Shenwari,MR Swart,4,0,"",""
ball,2,17.6,Afghanistan,Mohammad Nabi,Samiullah Shenwari,MR Swart,0,0,caught,Mohammad Nabi
ball,2,18.1,Afghanistan,Samiullah Shenwari,Mirwais Ashraf,Mudassar Bukhari,1,0,"",""
ball,2,18.2,Afghanistan,Mirwais Ashraf,Samiullah Shenwari,Mudassar Bukhari,2,0,"",""
ball,2,18.3,Afghanistan,Mirwais Ashraf,Samiullah Shenwari,Mudassar Bukhari,0,0,bowled,Mirwais Ashraf
ball,2,18.4,Afghanistan,Noor Ali Zadran,Samiullah Shenwari,Mudassar Bukhari,1,0,"",""
ball,2,18.5,Afghanistan,Samiullah Shenwari,Noor Ali Zadran,Mudassar Bukhari,1,0,"",""
ball,2,18.6,Afghanistan,Noor Ali Zadran,Samiullah Shenwari,Mudassar Bukhari,2,0,"",""
ball,2,19.1,Afghanistan,Samiullah Shenwari,Noor Ali Zadran,Ahsan Malik,1,0,"",""
ball,2,19.2,Afghanistan,Noor Ali Zadran,Samiullah Shenwari,Ahsan Malik,4,0,"",""
ball,2,19.3,Afghanistan,Noor Ali Zadran,Samiullah Shenwari,Ahsan Malik,0,0,"",""
ball,2,19.4,Afghanistan,Noor Ali Zadran,Samiullah Shenwari,Ahsan Malik,4,0,"",""
