version,1.3.0
info,team,England
info,team,West Indies
info,gender,female
info,season,2012
info,date,2012/09/15
info,series,West Indies Women in England T20I Series
info,match_number,4
info,venue,County Ground
info,city,Hove
info,toss_winner,England
info,toss_decision,bat
info,player_of_match,LS Greenway
info,umpire,GD Lloyd
info,umpire,P Willey
info,match_referee,DT Jukes
info,winner,England
info,winner_runs,84
ball,1,0.1,England,CM Edwards,LA Marsh,SC Selman,0,1,"",""
ball,1,0.2,England,CM Edwards,LA Marsh,SC Selman,4,0,"",""
ball,1,0.3,England,CM Edwards,LA Marsh,SC Selman,0,0,"",""
ball,1,0.4,England,CM Edwards,LA Marsh,SC Selman,0,0,"",""
ball,1,0.5,England,CM Edwards,LA Marsh,SC Selman,0,0,"",""
ball,1,0.6,England,CM Edwards,LA Marsh,SC Selman,1,0,"",""
ball,1,0.7,England,LA Marsh,CM Edwards,SC Selman,0,0,"",""
ball,1,1.1,England,CM Edwards,LA Marsh,SF Daley,1,0,"",""
ball,1,1.2,England,LA Marsh,CM Edwards,SF Daley,0,0,"",""
ball,1,1.3,England,LA Marsh,CM Edwards,SF Daley,0,0,"",""
ball,1,1.4,England,LA Marsh,CM Edwards,SF Daley,0,0,"",""
ball,1,1.5,England,LA Marsh,CM Edwards,SF Daley,0,0,"",""
ball,1,1.6,England,LA Marsh,CM Edwards,SF Daley,0,0,"",""
ball,1,2.1,England,CM Edwards,LA Marsh,SC Selman,1,0,"",""
ball,1,2.2,England,LA Marsh,CM Edwards,SC Selman,0,0,"",""
ball,1,2.3,England,LA Marsh,CM Edwards,SC Selman,4,0,"",""
ball,1,2.4,England,LA Marsh,CM Edwards,SC Selman,0,1,"",""
ball,1,2.5,England,CM Edwards,LA Marsh,SC Selman,4,0,"",""
ball,1,2.6,England,CM Edwards,LA Marsh,SC Selman,1,0,"",""
ball,1,3.1,England,CM Edwards,LA Marsh,SF Daley,0,0,"",""
ball,1,3.2,England,CM Edwards,LA Marsh,SF Daley,0,0,"",""
ball,1,3.3,England,CM Edwards,LA Marsh,SF Daley,2,0,"",""
ball,1,3.4,England,CM Edwards,LA Marsh,SF Daley,4,0,"",""
ball,1,3.5,England,CM Edwards,LA Marsh,SF Daley,0,0,"",""
ball,1,3.6,England,CM Edwards,LA Marsh,SF Daley,4,0,"",""
ball,1,4.1,England,LA Marsh,CM Edwards,SR Taylor,1,0,"",""
ball,1,4.2,England,CM Edwards,LA Marsh,SR Taylor,1,0,"",""
ball,1,4.3,England,LA Marsh,CM Edwards,SR Taylor,0,0,"",""
ball,1,4.4,England,LA Marsh,CM Edwards,SR Taylor,0,0,lbw,LA Marsh
ball,1,4.5,England,SJ Taylor,CM Edwards,SR Taylor,0,0,"",""
ball,1,4.6,England,SJ Taylor,CM Edwards,SR Taylor,0,0,"",""
ball,1,5.1,England,CM Edwards,SJ Taylor,SA Campbelle,1,0,"",""
ball,1,5.2,England,SJ Taylor,CM Edwards,SA Campbelle,0,0,"",""
ball,1,5.3,England,SJ Taylor,CM Edwards,SA Campbelle,1,0,"",""
ball,1,5.4,England,CM Edwards,SJ Taylor,SA Campbelle,0,1,"",""
ball,1,5.5,England,CM Edwards,SJ Taylor,SA Campbelle,0,0,run out,CM Edwards
ball,1,5.6,England,SJ Taylor,LS Greenway,SA Campbelle,0,1,"",""
ball,1,5.7,England,LS Greenway,SJ Taylor,SA Campbelle,1,0,"",""
ball,1,6.1,England,LS Greenway,SJ Taylor,SR Taylor,1,0,"",""
ball,1,6.2,England,SJ Taylor,LS Greenway,SR Taylor,2,0,"",""
ball,1,6.3,England,SJ Taylor,LS Greenway,SR Taylor,0,0,"",""
ball,1,6.4,England,SJ Taylor,LS Greenway,SR Taylor,1,0,"",""
ball,1,6.5,England,LS Greenway,SJ Taylor,SR Taylor,0,0,"",""
ball,1,6.6,England,LS Greenway,SJ Taylor,SR Taylor,0,0,"",""
ball,1,7.1,England,SJ Taylor,LS Greenway,SA Campbelle,0,1,"",""
ball,1,7.2,England,LS Greenway,SJ Taylor,SA Campbelle,0,0,"",""
ball,1,7.3,England,LS Greenway,SJ Taylor,SA Campbelle,0,0,"",""
ball,1,7.4,England,LS Greenway,SJ Taylor,SA Campbelle,4,0,"",""
ball,1,7.5,England,LS Greenway,SJ Taylor,SA Campbelle,0,1,"",""
ball,1,7.6,England,SJ Taylor,LS Greenway,SA Campbelle,0,0,"",""
ball,1,8.1,England,LS Greenway,SJ Taylor,A Mohammed,1,0,"",""
ball,1,8.2,England,SJ Taylor,LS Greenway,A Mohammed,1,0,"",""
ball,1,8.3,England,LS Greenway,SJ Taylor,A Mohammed,2,0,"",""
ball,1,8.4,England,LS Greenway,SJ Taylor,A Mohammed,1,0,"",""
ball,1,8.5,England,SJ Taylor,LS Greenway,A Mohammed,0,0,"",""
ball,1,8.6,England,SJ Taylor,LS Greenway,A Mohammed,0,0,"",""
ball,1,9.1,England,LS Greenway,SJ Taylor,SA Campbelle,1,0,"",""
ball,1,9.2,England,SJ Taylor,LS Greenway,SA Campbelle,0,1,"",""
ball,1,9.3,England,SJ Taylor,LS Greenway,SA Campbelle,4,0,"",""
ball,1,9.4,England,SJ Taylor,LS Greenway,SA Campbelle,2,0,"",""
ball,1,9.5,England,SJ Taylor,LS Greenway,SA Campbelle,3,0,"",""
ball,1,9.6,England,LS Greenway,SJ Taylor,SA Campbelle,1,0,"",""
ball,1,9.7,England,SJ Taylor,LS Greenway,SA Campbelle,0,1,"",""
ball,1,9.8,England,SJ Taylor,LS Greenway,SA Campbelle,0,0,"",""
ball,1,10.1,England,LS Greenway,SJ Taylor,A Mohammed,1,0,"",""
ball,1,10.2,England,SJ Taylor,LS Greenway,A Mohammed,1,0,"",""
ball,1,10.3,England,LS Greenway,SJ Taylor,A Mohammed,1,0,"",""
ball,1,10.4,England,SJ Taylor,LS Greenway,A Mohammed,0,0,"",""
ball,1,10.5,England,SJ Taylor,LS Greenway,A Mohammed,1,0,"",""
ball,1,10.6,England,LS Greenway,SJ Taylor,A Mohammed,1,0,"",""
ball,1,11.1,England,LS Greenway,SJ Taylor,SL Quintyne,4,0,"",""
ball,1,11.2,England,LS Greenway,SJ Taylor,SL Quintyne,1,0,"",""
ball,1,11.3,England,SJ Taylor,LS Greenway,SL Quintyne,1,0,"",""
ball,1,11.4,England,LS Greenway,SJ Taylor,SL Quintyne,0,0,"",""
ball,1,11.5,England,LS Greenway,SJ Taylor,SL Quintyne,2,0,"",""
ball,1,11.6,England,LS Greenway,SJ Taylor,SL Quintyne,0,0,"",""
ball,1,12.1,England,SJ Taylor,LS Greenway,SF Daley,1,0,"",""
ball,1,12.2,England,LS Greenway,SJ Taylor,SF Daley,0,0,"",""
ball,1,12.3,England,LS Greenway,SJ Taylor,SF Daley,1,0,"",""
ball,1,12.4,England,SJ Taylor,LS Greenway,SF Daley,4,0,"",""
ball,1,12.5,England,SJ Taylor,LS Greenway,SF Daley,4,0,"",""
ball,1,12.6,England,SJ Taylor,LS Greenway,SF Daley,1,0,"",""
ball,1,13.1,England,SJ Taylor,LS Greenway,SL Quintyne,4,0,"",""
ball,1,13.2,England,SJ Taylor,LS Greenway,SL Quintyne,0,0,"",""
ball,1,13.3,England,SJ Taylor,LS Greenway,SL Quintyne,1,0,"",""
ball,1,13.4,England,LS Greenway,SJ Taylor,SL Quintyne,2,0,"",""
ball,1,13.5,England,LS Greenway,SJ Taylor,SL Quintyne,4,0,"",""
ball,1,13.6,England,LS Greenway,SJ Taylor,SL Quintyne,1,0,"",""
ball,1,14.1,England,LS Greenway,SJ Taylor,SL Munroe,1,0,"",""
ball,1,14.2,England,SJ Taylor,LS Greenway,SL Munroe,2,0,"",""
ball,1,14.3,England,SJ Taylor,LS Greenway,SL Munroe,1,0,"",""
ball,1,14.4,England,LS Greenway,SJ Taylor,SL Munroe,4,0,"",""
ball,1,14.5,England,LS Greenway,SJ Taylor,SL Munroe,0,0,"",""
ball,1,14.6,England,LS Greenway,SJ Taylor,SL Munroe,1,0,"",""
ball,1,15.1,England,LS Greenway,SJ Taylor,A Mohammed,0,0,"",""
ball,1,15.2,England,LS Greenway,SJ Taylor,A Mohammed,1,0,"",""
ball,1,15.3,England,SJ Taylor,LS Greenway,A Mohammed,2,0,"",""
ball,1,15.4,England,SJ Taylor,LS Greenway,A Mohammed,0,0,"",""
ball,1,15.5,England,SJ Taylor,LS Greenway,A Mohammed,1,0,"",""
ball,1,15.6,England,LS Greenway,SJ Taylor,A Mohammed,3,0,"",""
ball,1,16.1,England,LS Greenway,SJ Taylor,SL Munroe,1,0,"",""
ball,1,16.2,England,SJ Taylor,LS Greenway,SL Munroe,4,0,"",""
ball,1,16.3,England,SJ Taylor,LS Greenway,SL Munroe,1,0,"",""
ball,1,16.4,England,LS Greenway,SJ Taylor,SL Munroe,4,0,"",""
ball,1,16.5,England,LS Greenway,SJ Taylor,SL Munroe,2,0,"",""
ball,1,16.6,England,LS Greenway,SJ Taylor,SL Munroe,4,0,"",""
ball,1,17.1,England,SJ Taylor,LS Greenway,SR Taylor,0,0,caught,SJ Taylor
ball,1,17.2,England,A Brindle,LS Greenway,SR Taylor,1,0,"",""
ball,1,17.3,England,LS Greenway,A Brindle,SR Taylor,1,0,"",""
ball,1,17.4,England,A Brindle,LS Greenway,SR Taylor,0,0,"",""
ball,1,17.5,England,A Brindle,LS Greenway,SR Taylor,1,0,"",""
ball,1,17.6,England,LS Greenway,A Brindle,SR Taylor,0,0,"",""
ball,1,18.1,England,A Brindle,LS Greenway,A Mohammed,0,1,"",""
ball,1,18.2,England,LS Greenway,A Brindle,A Mohammed,1,0,"",""
ball,1,18.3,England,A Brindle,LS Greenway,A Mohammed,1,0,"",""
ball,1,18.4,England,LS Greenway,A Brindle,A Mohammed,0,1,"",""
ball,1,18.5,England,A Brindle,LS Greenway,A Mohammed,1,0,"",""
ball,1,18.6,England,LS Greenway,A Brindle,A Mohammed,1,0,"",""
ball,1,19.1,England,LS Greenway,A Brindle,SR Taylor,2,0,"",""
ball,1,19.2,England,LS Greenway,A Brindle,SR Taylor,4,0,"",""
ball,1,19.3,England,LS Greenway,A Brindle,SR Taylor,1,0,"",""
ball,1,19.4,England,A Brindle,LS Greenway,SR Taylor,2,0,"",""
ball,1,19.5,England,A Brindle,LS Greenway,SR Taylor,4,0,"",""
ball,1,19.6,England,A Brindle,LS Greenway,SR Taylor,1,0,"",""
ball,2,0.1,West Indies,SR Taylor,JB Nero,KH Brunt,0,0,"",""
ball,2,0.2,West Indies,SR Taylor,JB Nero,KH Brunt,1,0,"",""
ball,2,0.3,West Indies,JB Nero,SR Taylor,KH Brunt,0,0,"",""
ball,2,0.4,West Indies,JB Nero,SR Taylor,KH Brunt,0,1,"",""
ball,2,0.5,West Indies,JB Nero,SR Taylor,KH Brunt,0,0,"",""
ball,2,0.6,West Indies,JB Nero,SR Taylor,KH Brunt,0,0,"",""
ball,2,0.7,West Indies,JB Nero,SR Taylor,KH Brunt,0,0,"",""
ball,2,1.1,West Indies,SR Taylor,JB Nero,DN Wyatt,0,0,"",""
ball,2,1.2,West Indies,SR Taylor,JB Nero,DN Wyatt,2,0,"",""
ball,2,1.3,West Indies,SR Taylor,JB Nero,DN Wyatt,0,0,"",""
ball,2,1.4,West Indies,SR Taylor,JB Nero,DN Wyatt,1,0,"",""
ball,2,1.5,West Indies,JB Nero,SR Taylor,DN Wyatt,0,0,"",""
ball,2,1.6,West Indies,JB Nero,SR Taylor,DN Wyatt,0,0,"",""
ball,2,2.1,West Indies,SR Taylor,JB Nero,KH Brunt,0,0,"",""
ball,2,2.2,West Indies,SR Taylor,JB Nero,KH Brunt,0,0,"",""
ball,2,2.3,West Indies,SR Taylor,JB Nero,KH Brunt,0,0,"",""
ball,2,2.4,West Indies,SR Taylor,JB Nero,KH Brunt,0,0,"",""
ball,2,2.5,West Indies,SR Taylor,JB Nero,KH Brunt,0,0,"",""
ball,2,2.6,West Indies,SR Taylor,JB Nero,KH Brunt,0,0,"",""
ball,2,3.1,West Indies,JB Nero,SR Taylor,DN Wyatt,0,0,"",""
ball,2,3.2,West Indies,JB Nero,SR Taylor,DN Wyatt,1,0,"",""
ball,2,3.3,West Indies,SR Taylor,JB Nero,DN Wyatt,4,0,"",""
ball,2,3.4,West Indies,SR Taylor,JB Nero,DN Wyatt,1,0,"",""
ball,2,3.5,West Indies,JB Nero,SR Taylor,DN Wyatt,0,0,"",""
ball,2,3.6,West Indies,JB Nero,SR Taylor,DN Wyatt,0,0,"",""
ball,2,4.1,West Indies,SR Taylor,JB Nero,KH Brunt,1,0,"",""
ball,2,4.2,West Indies,JB Nero,SR Taylor,KH Brunt,0,1,"",""
ball,2,4.3,West Indies,SR Taylor,JB Nero,KH Brunt,0,1,"",""
ball,2,4.4,West Indies,SR Taylor,JB Nero,KH Brunt,0,0,"",""
ball,2,4.5,West Indies,SR Taylor,JB Nero,KH Brunt,1,0,"",""
ball,2,4.6,West Indies,JB Nero,SR Taylor,KH Brunt,0,0,"",""
ball,2,4.7,West Indies,JB Nero,SR Taylor,KH Brunt,1,0,"",""
ball,2,5.1,West Indies,JB Nero,SR Taylor,D Hazell,0,0,bowled,JB Nero
ball,2,5.2,West Indies,DJS Dottin,SR Taylor,D Hazell,0,0,"",""
ball,2,5.3,West Indies,DJS Dottin,SR Taylor,D Hazell,2,0,"",""
ball,2,5.4,West Indies,DJS Dottin,SR Taylor,D Hazell,0,0,"",""
ball,2,5.5,West Indies,DJS Dottin,SR Taylor,D Hazell,1,0,"",""
ball,2,5.6,West Indies,SR Taylor,DJS Dottin,D Hazell,3,0,"",""
ball,2,6.1,West Indies,SR Taylor,DJS Dottin,HL Colvin,2,0,"",""
ball,2,6.2,West Indies,SR Taylor,DJS Dottin,HL Colvin,0,0,"",""
ball,2,6.3,West Indies,SR Taylor,DJS Dottin,HL Colvin,1,0,"",""
ball,2,6.4,West Indies,DJS Dottin,SR Taylor,HL Colvin,0,0,caught and bowled,DJS Dottin
ball,2,6.5,West Indies,SA Campbelle,SR Taylor,HL Colvin,0,0,"",""
ball,2,6.6,West Indies,SA Campbelle,SR Taylor,HL Colvin,0,0,"",""
ball,2,7.1,West Indies,SR Taylor,SA Campbelle,D Hazell,0,0,"",""
ball,2,7.2,West Indies,SR Taylor,SA Campbelle,D Hazell,1,0,"",""
ball,2,7.3,West Indies,SA Campbelle,SR Taylor,D Hazell,0,0,"",""
ball,2,7.4,West Indies,SA Campbelle,SR Taylor,D Hazell,0,3,"",""
ball,2,7.5,West Indies,SR Taylor,SA Campbelle,D Hazell,0,0,"",""
ball,2,7.6,West Indies,SR Taylor,SA Campbelle,D Hazell,1,0,"",""
ball,2,8.1,West Indies,SR Taylor,SA Campbelle,HL Colvin,1,0,"",""
ball,2,8.2,West Indies,SA Campbelle,SR Taylor,HL Colvin,4,0,"",""
ball,2,8.3,West Indies,SA Campbelle,SR Taylor,HL Colvin,1,0,"",""
ball,2,8.4,West Indies,SR Taylor,SA Campbelle,HL Colvin,1,0,"",""
ball,2,8.5,West Indies,SA Campbelle,SR Taylor,HL Colvin,0,1,"",""
ball,2,8.6,West Indies,SA Campbelle,SR Taylor,HL Colvin,0,0,"",""
ball,2,8.7,West Indies,SA Campbelle,SR Taylor,HL Colvin,1,0,"",""
ball,2,9.1,West Indies,SA Campbelle,SR Taylor,D Hazell,1,0,"",""
ball,2,9.2,West Indies,SR Taylor,SA Campbelle,D Hazell,1,0,"",""
ball,2,9.3,West Indies,SA Campbelle,SR Taylor,D Hazell,0,0,caught,SA Campbelle
ball,2,9.4,West Indies,SR Taylor,MR Aguilleira,D Hazell,0,0,"",""
ball,2,9.5,West Indies,SR Taylor,MR Aguilleira,D Hazell,1,0,"",""
ball,2,9.6,West Indies,MR Aguilleira,SR Taylor,D Hazell,1,0,"",""
ball,2,10.1,West Indies,MR Aguilleira,SR Taylor,LA Marsh,0,0,"",""
ball,2,10.2,West Indies,MR Aguilleira,SR Taylor,LA Marsh,0,0,"",""
ball,2,10.3,West Indies,MR Aguilleira,SR Taylor,LA Marsh,0,0,"",""
ball,2,10.4,West Indies,MR Aguilleira,SR Taylor,LA Marsh,0,0,"",""
ball,2,10.5,West Indies,MR Aguilleira,SR Taylor,LA Marsh,0,0,"",""
ball,2,10.6,West Indies,MR Aguilleira,SR Taylor,LA Marsh,0,0,"",""
ball,2,11.1,West Indies,SR Taylor,MR Aguilleira,A Brindle,1,0,"",""
ball,2,11.2,West Indies,MR Aguilleira,SR Taylor,A Brindle,0,0,caught,MR Aguilleira
ball,2,11.3,West Indies,B Cooper,SR Taylor,A Brindle,0,0,"",""
ball,2,11.4,West Indies,B Cooper,SR Taylor,A Brindle,0,0,"",""
ball,2,11.5,West Indies,B Cooper,SR Taylor,A Brindle,1,0,"",""
ball,2,11.6,West Indies,SR Taylor,B Cooper,A Brindle,1,0,"",""
ball,2,12.1,West Indies,SR Taylor,B Cooper,LA Marsh,1,0,"",""
ball,2,12.2,West Indies,B Cooper,SR Taylor,LA Marsh,1,0,"",""
ball,2,12.3,West Indies,SR Taylor,B Cooper,LA Marsh,1,0,"",""
ball,2,12.4,West Indies,B Cooper,SR Taylor,LA Marsh,1,0,"",""
ball,2,12.5,West Indies,SR Taylor,B Cooper,LA Marsh,1,0,"",""
ball,2,12.6,West Indies,B Cooper,SR Taylor,LA Marsh,2,0,"",""
ball,2,13.1,West Indies,SR Taylor,B Cooper,A Brindle,2,0,"",""
ball,2,13.2,West Indies,SR Taylor,B Cooper,A Brindle,0,0,"",""
ball,2,13.3,West Indies,SR Taylor,B Cooper,A Brindle,1,0,"",""
ball,2,13.4,West Indies,B Cooper,SR Taylor,A Brindle,1,0,"",""
ball,2,13.5,West Indies,SR Taylor,B Cooper,A Brindle,1,0,"",""
ball,2,13.6,West Indies,B Cooper,SR Taylor,A Brindle,0,0,"",""
ball,2,14.1,West Indies,SR Taylor,B Cooper,HL Colvin,1,0,"",""
ball,2,14.2,West Indies,B Cooper,SR Taylor,HL Colvin,0,0,"",""
ball,2,14.3,West Indies,B Cooper,SR Taylor,HL Colvin,1,0,"",""
ball,2,14.4,West Indies,SR Taylor,B Cooper,HL Colvin,1,0,"",""
ball,2,14.5,West Indies,B Cooper,SR Taylor,HL Colvin,0,0,"",""
ball,2,14.6,West Indies,B Cooper,SR Taylor,HL Colvin,0,0,caught,B Cooper
ball,2,15.1,West Indies,SR Taylor,SF Daley,DN Wyatt,0,0,"",""
ball,2,15.2,West Indies,SR Taylor,SF Daley,DN Wyatt,1,0,"",""
ball,2,15.3,West Indies,SF Daley,SR Taylor,DN Wyatt,1,0,"",""
ball,2,15.4,West Indies,SR Taylor,SF Daley,DN Wyatt,0,0,"",""
ball,2,15.5,West Indies,SR Taylor,SF Daley,DN Wyatt,1,0,"",""
ball,2,15.6,West Indies,SF Daley,SR Taylor,DN Wyatt,0,0,caught,SF Daley
ball,2,16.1,West Indies,SR Taylor,SL Quintyne,HL Colvin,0,0,"",""
ball,2,16.2,West Indies,SR Taylor,SL Quintyne,HL Colvin,0,0,"",""
ball,2,16.3,West Indies,SR Taylor,SL Quintyne,HL Colvin,0,0,"",""
ball,2,16.4,West Indies,SR Taylor,SL Quintyne,HL Colvin,1,0,"",""
ball,2,16.5,West Indies,SL Quintyne,SR Taylor,HL Colvin,1,0,"",""
ball,2,16.6,West Indies,SR Taylor,SL Quintyne,HL Colvin,1,0,"",""
ball,2,17.1,West Indies,SR Taylor,SL Quintyne,DN Wyatt,1,0,"",""
ball,2,17.2,West Indies,SL Quintyne,SR Taylor,DN Wyatt,0,0,"",""
ball,2,17.3,West Indies,SL Quintyne,SR Taylor,DN Wyatt,0,0,"",""
ball,2,17.4,West Indies,SL Quintyne,SR Taylor,DN Wyatt,0,0,"",""
ball,2,17.5,West Indies,SL Quintyne,SR Taylor,DN Wyatt,0,0,"",""
ball,2,17.6,West Indies,SL Quintyne,SR Taylor,DN Wyatt,0,0,"",""
ball,2,18.1,West Indies,SR Taylor,SL Quintyne,KH Brunt,0,0,"",""
ball,2,18.2,West Indies,SR Taylor,SL Quintyne,KH Brunt,0,0,"",""
ball,2,18.3,West Indies,SR Taylor,SL Quintyne,KH Brunt,0,0,"",""
ball,2,18.4,West Indies,SR Taylor,SL Quintyne,KH Brunt,1,0,"",""
ball,2,18.5,West Indies,SL Quintyne,SR Taylor,KH Brunt,1,0,"",""
ball,2,18.6,West Indies,SR Taylor,SL Quintyne,KH Brunt,0,0,"",""
ball,2,19.1,West Indies,SL Quintyne,SR Taylor,D Hazell,0,0,lbw,SL Quintyne
ball,2,19.2,West Indies,A Mohammed,SR Taylor,D Hazell,0,0,"",""
ball,2,19.3,West Indies,A Mohammed,SR Taylor,D Hazell,0,0,"",""
ball,2,19.4,West Indies,A Mohammed,SR Taylor,D Hazell,0,0,"",""
ball,2,19.5,West Indies,A Mohammed,SR Taylor,D Hazell,0,0,lbw,A Mohammed
ball,2,19.6,West Indies,SC Selman,SR Taylor,D Hazell,0,0,"",""
