version,1.3.0
info,team,England
info,team,West Indies
info,gender,female
info,season,2012
info,date,2012/09/10
info,series,West Indies Women in England T20I Series
info,match_number,2
info,venue,Old Trafford
info,city,Manchester
info,toss_winner,West Indies
info,toss_decision,field
info,player_of_match,SJ Taylor
info,umpire,MA Gough
info,umpire,RT Robinson
info,tv_umpire,RJ Bailey
info,match_referee,DT Jukes
info,winner,England
info,winner_runs,28
ball,1,0.1,England,CM Edwards,LA Marsh,TD Smartt,0,0,"",""
ball,1,0.2,England,CM Edwards,LA Marsh,TD Smartt,0,0,"",""
ball,1,0.3,England,CM Edwards,LA Marsh,TD Smartt,0,0,"",""
ball,1,0.4,England,CM Edwards,LA Marsh,TD Smartt,1,0,"",""
ball,1,0.5,England,LA Marsh,CM Edwards,TD Smartt,4,0,"",""
ball,1,0.6,England,LA Marsh,CM Edwards,TD Smartt,0,0,"",""
ball,1,1.1,England,CM Edwards,LA Marsh,SL Munroe,4,0,"",""
ball,1,1.2,England,CM Edwards,LA Marsh,SL Munroe,4,0,"",""
ball,1,1.3,England,CM Edwards,LA Marsh,SL Munroe,0,0,"",""
ball,1,1.4,England,CM Edwards,LA Marsh,SL Munroe,4,0,"",""
ball,1,1.5,England,CM Edwards,LA Marsh,SL Munroe,0,0,"",""
ball,1,1.6,England,CM Edwards,LA Marsh,SL Munroe,0,0,"",""
ball,1,2.1,England,LA Marsh,CM Edwards,TD Smartt,0,1,"",""
ball,1,2.2,England,LA Marsh,CM Edwards,TD Smartt,3,0,"",""
ball,1,2.3,England,CM Edwards,LA Marsh,TD Smartt,0,0,"",""
ball,1,2.4,England,CM Edwards,LA Marsh,TD Smartt,4,0,"",""
ball,1,2.5,England,CM Edwards,LA Marsh,TD Smartt,0,0,"",""
ball,1,2.6,England,CM Edwards,LA Marsh,TD Smartt,0,0,"",""
ball,1,2.7,England,CM Edwards,LA Marsh,TD Smartt,4,0,"",""
ball,1,3.1,England,LA Marsh,CM Edwards,A Mohammed,2,0,"",""
ball,1,3.2,England,LA Marsh,CM Edwards,A Mohammed,0,0,"",""
ball,1,3.3,England,LA Marsh,CM Edwards,A Mohammed,0,0,"",""
ball,1,3.4,England,LA Marsh,CM Edwards,A Mohammed,0,0,"",""
ball,1,3.5,England,LA Marsh,CM Edwards,A Mohammed,0,0,"",""
ball,1,3.6,England,LA Marsh,CM Edwards,A Mohammed,4,0,"",""
ball,1,4.1,England,CM Edwards,LA Marsh,SF Daley,0,0,"",""
ball,1,4.2,England,CM Edwards,LA Marsh,SF Daley,0,0,caught,CM Edwards
ball,1,4.3,England,SJ Taylor,LA Marsh,SF Daley,0,0,"",""
ball,1,4.4,England,SJ Taylor,LA Marsh,SF Daley,2,0,"",""
ball,1,4.5,England,SJ Taylor,LA Marsh,SF Daley,0,0,"",""
ball,1,4.6,England,SJ Taylor,LA Marsh,SF Daley,0,1,"",""
ball,1,5.1,England,SJ Taylor,LA Marsh,A Mohammed,1,0,"",""
ball,1,5.2,England,LA Marsh,SJ Taylor,A Mohammed,0,0,"",""
ball,1,5.3,England,LA Marsh,SJ Taylor,A Mohammed,0,0,"",""
ball,1,5.4,England,LA Marsh,SJ Taylor,A Mohammed,0,0,"",""
ball,1,5.5,England,LA Marsh,SJ Taylor,A Mohammed,0,0,"",""
ball,1,5.6,England,LA Marsh,SJ Taylor,A Mohammed,2,0,"",""
ball,1,6.1,England,SJ Taylor,LA Marsh,SF Daley,3,0,"",""
ball,1,6.2,England,LA Marsh,SJ Taylor,SF Daley,0,0,bowled,LA Marsh
ball,1,6.3,England,A Brindle,SJ Taylor,SF Daley,0,0,"",""
ball,1,6.4,England,A Brindle,SJ Taylor,SF Daley,0,0,"",""
ball,1,6.5,England,A Brindle,SJ Taylor,SF Daley,0,0,"",""
ball,1,6.6,England,A Brindle,SJ Taylor,SF Daley,1,0,"",""
ball,1,7.1,England,A Brindle,SJ Taylor,A Mohammed,0,1,"",""
ball,1,7.2,England,SJ Taylor,A Brindle,A Mohammed,0,0,"",""
ball,1,7.3,England,SJ Taylor,A Brindle,A Mohammed,0,1,"",""
ball,1,7.4,England,A Brindle,SJ Taylor,A Mohammed,0,0,"",""
ball,1,7.5,England,A Brindle,SJ Taylor,A Mohammed,0,0,"",""
ball,1,7.6,England,A Brindle,SJ Taylor,A Mohammed,2,0,"",""
ball,1,8.1,England,SJ Taylor,A Brindle,SF Daley,4,0,"",""
ball,1,8.2,England,SJ Taylor,A Brindle,SF Daley,1,0,"",""
ball,1,8.3,England,A Brindle,SJ Taylor,SF Daley,2,0,"",""
ball,1,8.4,England,A Brindle,SJ Taylor,SF Daley,1,0,"",""
ball,1,8.5,England,SJ Taylor,A Brindle,SF Daley,1,0,"",""
ball,1,8.6,England,A Brindle,SJ Taylor,SF Daley,0,0,"",""
ball,1,9.1,England,SJ Taylor,A Brindle,SL Quintyne,1,0,"",""
ball,1,9.2,England,A Brindle,SJ Taylor,SL Quintyne,0,0,"",""
ball,1,9.3,England,A Brindle,SJ Taylor,SL Quintyne,1,0,"",""
ball,1,9.4,England,SJ Taylor,A Brindle,SL Quintyne,0,0,"",""
ball,1,9.5,England,SJ Taylor,A Brindle,SL Quintyne,1,0,"",""
ball,1,9.6,England,A Brindle,SJ Taylor,SL Quintyne,0,0,"",""
ball,1,10.1,England,SJ Taylor,A Brindle,SA Campbelle,0,0,"",""
ball,1,10.2,England,SJ Taylor,A Brindle,SA Campbelle,2,0,"",""
ball,1,10.3,England,SJ Taylor,A Brindle,SA Campbelle,2,0,"",""
ball,1,10.4,England,SJ Taylor,A Brindle,SA Campbelle,1,0,"",""
ball,1,10.5,England,A Brindle,SJ Taylor,SA Campbelle,2,0,"",""
ball,1,10.6,England,A Brindle,SJ Taylor,SA Campbelle,0,0,"",""
ball,1,11.1,England,SJ Taylor,A Brindle,SL Quintyne,1,0,"",""
ball,1,11.2,England,A Brindle,SJ Taylor,SL Quintyne,0,0,"",""
ball,1,11.3,England,A Brindle,SJ Taylor,SL Quintyne,2,0,"",""
ball,1,11.4,England,A Brindle,SJ Taylor,SL Quintyne,2,0,"",""
ball,1,11.5,England,A Brindle,SJ Taylor,SL Quintyne,1,0,"",""
ball,1,11.6,England,SJ Taylor,A Brindle,SL Quintyne,1,0,"",""
ball,1,12.1,England,SJ Taylor,A Brindle,SA Campbelle,2,0,"",""
ball,1,12.2,England,SJ Taylor,A Brindle,SA Campbelle,0,1,"",""
ball,1,12.3,England,A Brindle,SJ Taylor,SA Campbelle,1,0,"",""
ball,1,12.4,England,SJ Taylor,A Brindle,SA Campbelle,4,0,"",""
ball,1,12.5,England,SJ Taylor,A Brindle,SA Campbelle,4,0,"",""
ball,1,12.6,England,SJ Taylor,A Brindle,SA Campbelle,0,1,"",""
ball,1,13.1,England,SJ Taylor,A Brindle,SL Quintyne,1,0,"",""
ball,1,13.2,England,A Brindle,SJ Taylor,SL Quintyne,1,0,"",""
ball,1,13.3,England,SJ Taylor,A Brindle,SL Quintyne,0,0,"",""
ball,1,13.4,England,SJ Taylor,A Brindle,SL Quintyne,1,0,"",""
ball,1,13.5,England,A Brindle,SJ Taylor,SL Quintyne,2,0,"",""
ball,1,13.6,England,A Brindle,SJ Taylor,SL Quintyne,0,0,"",""
ball,1,14.1,England,SJ Taylor,A Brindle,TD Smartt,1,0,"",""
ball,1,14.2,England,A Brindle,SJ Taylor,TD Smartt,4,0,"",""
ball,1,14.3,England,A Brindle,SJ Taylor,TD Smartt,0,1,"",""
ball,1,14.4,England,A Brindle,SJ Taylor,TD Smartt,2,0,"",""
ball,1,14.5,England,A Brindle,SJ Taylor,TD Smartt,1,0,"",""
ball,1,14.6,England,SJ Taylor,A Brindle,TD Smartt,4,0,"",""
ball,1,14.7,England,SJ Taylor,A Brindle,TD Smartt,4,0,"",""
ball,1,15.1,England,A Brindle,SJ Taylor,SL Quintyne,1,0,"",""
ball,1,15.2,England,SJ Taylor,A Brindle,SL Quintyne,0,0,"",""
ball,1,15.3,England,SJ Taylor,A Brindle,SL Quintyne,4,0,"",""
ball,1,15.4,England,SJ Taylor,A Brindle,SL Quintyne,4,0,"",""
ball,1,15.5,England,SJ Taylor,A Brindle,SL Quintyne,2,0,"",""
ball,1,15.6,England,SJ Taylor,A Brindle,SL Quintyne,1,0,"",""
ball,1,16.1,England,SJ Taylor,A Brindle,SA Campbelle,0,0,stumped,SJ Taylor
ball,1,16.2,England,DN Wyatt,A Brindle,SA Campbelle,1,0,"",""
ball,1,16.3,England,A Brindle,DN Wyatt,SA Campbelle,2,0,"",""
ball,1,16.4,England,A Brindle,DN Wyatt,SA Campbelle,2,0,"",""
ball,1,16.5,England,A Brindle,DN Wyatt,SA Campbelle,1,0,"",""
ball,1,16.6,England,DN Wyatt,A Brindle,SA Campbelle,1,0,"",""
ball,1,17.1,England,DN Wyatt,A Brindle,A Mohammed,0,0,"",""
ball,1,17.2,England,DN Wyatt,A Brindle,A Mohammed,1,0,"",""
ball,1,17.3,England,A Brindle,DN Wyatt,A Mohammed,2,0,"",""
ball,1,17.4,England,A Brindle,DN Wyatt,A Mohammed,2,0,"",""
ball,1,17.5,England,A Brindle,DN Wyatt,A Mohammed,2,0,"",""
ball,1,17.6,England,A Brindle,DN Wyatt,A Mohammed,1,0,"",""
ball,1,18.1,England,A Brindle,DN Wyatt,SA Campbelle,1,0,"",""
ball,1,18.2,England,DN Wyatt,A Brindle,SA Campbelle,1,0,"",""
ball,1,18.3,England,A Brindle,DN Wyatt,SA Campbelle,1,0,"",""
ball,1,18.4,England,DN Wyatt,A Brindle,SA Campbelle,2,0,"",""
ball,1,18.5,England,DN Wyatt,A Brindle,SA Campbelle,1,0,"",""
ball,1,18.6,England,A Brindle,DN Wyatt,SA Campbelle,0,0,"",""
ball,1,19.1,England,DN Wyatt,A Brindle,SF Daley,2,0,"",""
ball,1,19.2,England,DN Wyatt,A Brindle,SF Daley,1,0,"",""
ball,1,19.3,England,A Brindle,DN Wyatt,SF Daley,1,0,"",""
ball,1,19.4,England,DN Wyatt,A Brindle,SF Daley,1,0,"",""
ball,1,19.5,England,A Brindle,DN Wyatt,SF Daley,1,0,"",""
ball,1,19.6,England,DN Wyatt,A Brindle,SF Daley,0,1,"",""
ball,2,0.1,West Indies,JB Nero,TD Smartt,KH Brunt,0,1,"",""
ball,2,0.2,West Indies,JB Nero,TD Smartt,KH Brunt,2,0,"",""
ball,2,0.3,West Indies,JB Nero,TD Smartt,KH Brunt,0,0,"",""
ball,2,0.4,West Indies,JB Nero,TD Smartt,KH Brunt,0,0,"",""
ball,2,0.5,West Indies,JB Nero,TD Smartt,KH Brunt,0,0,"",""
ball,2,0.6,West Indies,JB Nero,TD Smartt,KH Brunt,0,0,"",""
ball,2,0.7,West Indies,JB Nero,TD Smartt,KH Brunt,0,0,"",""
ball,2,1.1,West Indies,TD Smartt,JB Nero,A Shrubsole,0,0,"",""
ball,2,1.2,West Indies,TD Smartt,JB Nero,A Shrubsole,0,0,"",""
ball,2,1.3,West Indies,TD Smartt,JB Nero,A Shrubsole,0,0,"",""
ball,2,1.4,West Indies,TD Smartt,JB Nero,A Shrubsole,0,0,"",""
ball,2,1.5,West Indies,TD Smartt,JB Nero,A Shrubsole,1,0,"",""
ball,2,1.6,West Indies,JB Nero,TD Smartt,A Shrubsole,0,0,"",""
ball,2,2.1,West Indies,TD Smartt,JB Nero,KH Brunt,1,0,"",""
ball,2,2.2,West Indies,JB Nero,TD Smartt,KH Brunt,0,1,"",""
ball,2,2.3,West Indies,TD Smartt,JB Nero,KH Brunt,0,0,"",""
ball,2,2.4,West Indies,TD Smartt,JB Nero,KH Brunt,1,0,"",""
ball,2,2.5,West Indies,JB Nero,TD Smartt,KH Brunt,0,0,"",""
ball,2,2.6,West Indies,JB Nero,TD Smartt,KH Brunt,4,0,"",""
ball,2,3.1,West Indies,TD Smartt,JB Nero,A Shrubsole,0,0,"",""
ball,2,3.2,West Indies,TD Smartt,JB Nero,A Shrubsole,2,0,"",""
ball,2,3.3,West Indies,TD Smartt,JB Nero,A Shrubsole,2,0,"",""
ball,2,3.4,West Indies,TD Smartt,JB Nero,A Shrubsole,0,0,"",""
ball,2,3.5,West Indies,TD Smartt,JB Nero,A Shrubsole,2,0,"",""
ball,2,3.6,West Indies,TD Smartt,JB Nero,A Shrubsole,5,0,"",""
ball,2,4.1,West Indies,TD Smartt,JB Nero,KH Brunt,4,0,"",""
ball,2,4.2,West Indies,TD Smartt,JB Nero,KH Brunt,0,1,"",""
ball,2,4.3,West Indies,TD Smartt,JB Nero,KH Brunt,0,0,"",""
ball,2,4.4,West Indies,TD Smartt,JB Nero,KH Brunt,1,0,"",""
ball,2,4.5,West Indies,JB Nero,TD Smartt,KH Brunt,1,0,"",""
ball,2,4.6,West Indies,TD Smartt,JB Nero,KH Brunt,1,0,"",""
ball,2,4.7,West Indies,JB Nero,TD Smartt,KH Brunt,0,0,"",""
ball,2,5.1,West Indies,TD Smartt,JB Nero,DN Wyatt,1,0,"",""
ball,2,5.2,West Indies,JB Nero,TD Smartt,DN Wyatt,4,0,"",""
ball,2,5.3,West Indies,JB Nero,TD Smartt,DN Wyatt,0,0,"",""
ball,2,5.4,West Indies,JB Nero,TD Smartt,DN Wyatt,0,0,stumped,JB Nero
ball,2,5.5,West Indies,MR Aguilleira,TD Smartt,DN Wyatt,0,0,"",""
ball,2,5.6,West Indies,MR Aguilleira,TD Smartt,DN Wyatt,0,0,"",""
ball,2,6.1,West Indies,TD Smartt,MR Aguilleira,HL Colvin,1,0,"",""
ball,2,6.2,West Indies,MR Aguilleira,TD Smartt,HL Colvin,1,0,"",""
ball,2,6.3,West Indies,TD Smartt,MR Aguilleira,HL Colvin,0,0,"",""
ball,2,6.4,West Indies,TD Smartt,MR Aguilleira,HL Colvin,2,0,"",""
ball,2,6.5,West Indies,TD Smartt,MR Aguilleira,HL Colvin,1,0,"",""
ball,2,6.6,West Indies,MR Aguilleira,TD Smartt,HL Colvin,0,0,"",""
ball,2,7.1,West Indies,TD Smartt,MR Aguilleira,DN Wyatt,0,1,"",""
ball,2,7.2,West Indies,TD Smartt,MR Aguilleira,DN Wyatt,0,0,caught,TD Smartt
ball,2,7.3,West Indies,MR Aguilleira,SF Daley,DN Wyatt,0,0,"",""
ball,2,7.4,West Indies,MR Aguilleira,SF Daley,DN Wyatt,2,0,"",""
ball,2,7.5,West Indies,MR Aguilleira,SF Daley,DN Wyatt,0,0,"",""
ball,2,7.6,West Indies,MR Aguilleira,SF Daley,DN Wyatt,0,0,"",""
ball,2,7.7,West Indies,MR Aguilleira,SF Daley,DN Wyatt,0,0,"",""
ball,2,8.1,West Indies,SF Daley,MR Aguilleira,LA Marsh,2,0,"",""
ball,2,8.2,West Indies,SF Daley,MR Aguilleira,LA Marsh,0,0,"",""
ball,2,8.3,West Indies,SF Daley,MR Aguilleira,LA Marsh,0,0,"",""
ball,2,8.4,West Indies,SF Daley,MR Aguilleira,LA Marsh,0,0,"",""
ball,2,8.5,West Indies,SF Daley,MR Aguilleira,LA Marsh,0,0,"",""
ball,2,8.6,West Indies,SF Daley,MR Aguilleira,LA Marsh,0,0,"",""
ball,2,9.1,West Indies,MR Aguilleira,SF Daley,DN Wyatt,4,0,"",""
ball,2,9.2,West Indies,MR Aguilleira,SF Daley,DN Wyatt,0,0,"",""
ball,2,9.3,West Indies,MR Aguilleira,SF Daley,DN Wyatt,0,0,"",""
ball,2,9.4,West Indies,MR Aguilleira,SF Daley,DN Wyatt,0,0,"",""
ball,2,9.5,West Indies,MR Aguilleira,SF Daley,DN Wyatt,0,0,"",""
ball,2,9.6,West Indies,MR Aguilleira,SF Daley,DN Wyatt,1,0,"",""
ball,2,10.1,West Indies,MR Aguilleira,SF Daley,LA Marsh,0,0,"",""
ball,2,10.2,West Indies,MR Aguilleira,SF Daley,LA Marsh,4,0,"",""
ball,2,10.3,West Indies,MR Aguilleira,SF Daley,LA Marsh,1,0,"",""
ball,2,10.4,West Indies,SF Daley,MR Aguilleira,LA Marsh,0,0,caught,SF Daley
ball,2,10.5,West Indies,DJS Dottin,MR Aguilleira,LA Marsh,0,0,"",""
ball,2,10.6,West Indies,DJS Dottin,MR Aguilleira,LA Marsh,1,0,"",""
ball,2,11.1,West Indies,DJS Dottin,MR Aguilleira,A Brindle,0,0,"",""
ball,2,11.2,West Indies,DJS Dottin,MR Aguilleira,A Brindle,0,0,"",""
ball,2,11.3,West Indies,DJS Dottin,MR Aguilleira,A Brindle,0,0,caught,DJS Dottin
ball,2,11.4,West Indies,B Cooper,MR Aguilleira,A Brindle,0,0,"",""
ball,2,11.5,West Indies,B Cooper,MR Aguilleira,A Brindle,0,0,"",""
ball,2,11.6,West Indies,B Cooper,MR Aguilleira,A Brindle,0,0,"",""
ball,2,12.1,West Indies,MR Aguilleira,B Cooper,HL Colvin,0,0,"",""
ball,2,12.2,West Indies,MR Aguilleira,B Cooper,HL Colvin,0,0,"",""
ball,2,12.3,West Indies,MR Aguilleira,B Cooper,HL Colvin,1,0,"",""
ball,2,12.4,West Indies,B Cooper,MR Aguilleira,HL Colvin,1,0,"",""
ball,2,12.5,West Indies,MR Aguilleira,B Cooper,HL Colvin,0,0,"",""
ball,2,12.6,West Indies,MR Aguilleira,B Cooper,HL Colvin,0,0,"",""
ball,2,13.1,West Indies,B Cooper,MR Aguilleira,A Brindle,0,0,"",""
ball,2,13.2,West Indies,B Cooper,MR Aguilleira,A Brindle,2,0,"",""
ball,2,13.3,West Indies,B Cooper,MR Aguilleira,A Brindle,0,0,"",""
ball,2,13.4,West Indies,B Cooper,MR Aguilleira,A Brindle,0,0,"",""
ball,2,13.5,West Indies,B Cooper,MR Aguilleira,A Brindle,2,0,"",""
ball,2,13.6,West Indies,B Cooper,MR Aguilleira,A Brindle,1,0,"",""
ball,2,14.1,West Indies,B Cooper,MR Aguilleira,HL Colvin,0,0,"",""
ball,2,14.2,West Indies,B Cooper,MR Aguilleira,HL Colvin,4,0,"",""
ball,2,14.3,West Indies,B Cooper,MR Aguilleira,HL Colvin,1,0,"",""
ball,2,14.4,West Indies,MR Aguilleira,B Cooper,HL Colvin,1,0,"",""
ball,2,14.5,West Indies,B Cooper,MR Aguilleira,HL Colvin,1,0,"",""
ball,2,14.6,West Indies,MR Aguilleira,B Cooper,HL Colvin,1,0,"",""
ball,2,15.1,West Indies,MR Aguilleira,B Cooper,DN Wyatt,4,0,"",""
ball,2,15.2,West Indies,MR Aguilleira,B Cooper,DN Wyatt,4,0,"",""
ball,2,15.3,West Indies,MR Aguilleira,B Cooper,DN Wyatt,0,0,"",""
ball,2,15.4,West Indies,MR Aguilleira,B Cooper,DN Wyatt,4,0,"",""
ball,2,15.5,West Indies,MR Aguilleira,B Cooper,DN Wyatt,0,0,"",""
ball,2,15.6,West Indies,MR Aguilleira,B Cooper,DN Wyatt,0,0,"",""
ball,2,16.1,West Indies,B Cooper,MR Aguilleira,HL Colvin,1,0,"",""
ball,2,16.2,West Indies,MR Aguilleira,B Cooper,HL Colvin,2,0,"",""
ball,2,16.3,West Indies,MR Aguilleira,B Cooper,HL Colvin,0,0,"",""
ball,2,16.4,West Indies,MR Aguilleira,B Cooper,HL Colvin,1,0,"",""
ball,2,16.5,West Indies,B Cooper,MR Aguilleira,HL Colvin,0,0,"",""
ball,2,16.6,West Indies,B Cooper,MR Aguilleira,HL Colvin,4,0,"",""
ball,2,17.1,West Indies,MR Aguilleira,B Cooper,A Brindle,1,0,"",""
ball,2,17.2,West Indies,B Cooper,MR Aguilleira,A Brindle,2,0,"",""
ball,2,17.3,West Indies,B Cooper,MR Aguilleira,A Brindle,1,0,"",""
ball,2,17.4,West Indies,MR Aguilleira,B Cooper,A Brindle,1,0,"",""
ball,2,17.5,West Indies,B Cooper,MR Aguilleira,A Brindle,0,0,caught,B Cooper
ball,2,17.6,West Indies,MR Aguilleira,SACA King,A Brindle,2,0,"",""
ball,2,18.1,West Indies,SACA King,MR Aguilleira,LA Marsh,1,0,"",""
ball,2,18.2,West Indies,MR Aguilleira,SACA King,LA Marsh,2,0,"",""
ball,2,18.3,West Indies,MR Aguilleira,SACA King,LA Marsh,0,0,stumped,MR Aguilleira
ball,2,18.4,West Indies,SA Campbelle,SACA King,LA Marsh,1,0,"",""
ball,2,18.5,West Indies,SACA King,SA Campbelle,LA Marsh,3,0,"",""
ball,2,18.6,West Indies,SA Campbelle,SACA King,LA Marsh,2,0,"",""
ball,2,19.1,West Indies,SACA King,SA Campbelle,A Shrubsole,4,0,"",""
ball,2,19.2,West Indies,SACA King,SA Campbelle,A Shrubsole,1,0,"",""
ball,2,19.3,West Indies,SA Campbelle,SACA King,A Shrubsole,4,0,"",""
ball,2,19.4,West Indies,SA Campbelle,SACA King,A Shrubsole,0,0,"",""
ball,2,19.5,West Indies,SA Campbelle,SACA King,A Shrubsole,4,0,"",""
ball,2,19.6,West Indies,SA Campbelle,SACA King,A Shrubsole,2,0,"",""
