version,1.3.0
info,team,England
info,team,Pakistan
info,gender,female
info,season,2012
info,date,2012/09/05
info,series,Pakistan Women in England T20I Series
info,match_number,2
info,venue,Haslegrave Ground
info,city,Loughborough
info,toss_winner,England
info,toss_decision,bat
info,player_of_match,DN Wyatt
info,umpire,MA Gough
info,umpire,PJ Hartley
info,match_referee,DT Jukes
info,winner,England
info,winner_runs,81
ball,1,0.1,England,CM Edwards,LA Marsh,Qanita Jalil,1,0,"",""
ball,1,0.2,England,LA Marsh,CM Edwards,Qanita Jalil,4,0,"",""
ball,1,0.3,England,LA Marsh,CM Edwards,Qanita Jalil,0,0,"",""
ball,1,0.4,England,LA Marsh,CM Edwards,Qanita Jalil,4,0,"",""
ball,1,0.5,England,LA Marsh,CM Edwards,Qanita Jalil,0,0,"",""
ball,1,0.6,England,LA Marsh,CM Edwards,Qanita Jalil,0,0,"",""
ball,1,1.1,England,CM Edwards,LA Marsh,Asmavia Iqbal,0,0,"",""
ball,1,1.2,England,CM Edwards,LA Marsh,Asmavia Iqbal,1,0,"",""
ball,1,1.3,England,LA Marsh,CM Edwards,Asmavia Iqbal,0,0,"",""
ball,1,1.4,England,LA Marsh,CM Edwards,Asmavia Iqbal,0,0,"",""
ball,1,1.5,England,LA Marsh,CM Edwards,Asmavia Iqbal,0,0,"",""
ball,1,1.6,England,LA Marsh,CM Edwards,Asmavia Iqbal,0,0,"",""
ball,1,2.1,England,CM Edwards,LA Marsh,Qanita Jalil,1,0,"",""
ball,1,2.2,England,LA Marsh,CM Edwards,Qanita Jalil,4,0,"",""
ball,1,2.3,England,LA Marsh,CM Edwards,Qanita Jalil,0,0,"",""
ball,1,2.4,England,LA Marsh,CM Edwards,Qanita Jalil,0,0,"",""
ball,1,2.5,England,LA Marsh,CM Edwards,Qanita Jalil,0,0,"",""
ball,1,2.6,England,LA Marsh,CM Edwards,Qanita Jalil,0,0,"",""
ball,1,3.1,England,CM Edwards,LA Marsh,Asmavia Iqbal,0,1,"",""
ball,1,3.2,England,CM Edwards,LA Marsh,Asmavia Iqbal,0,0,"",""
ball,1,3.3,England,CM Edwards,LA Marsh,Asmavia Iqbal,0,4,"",""
ball,1,3.4,England,CM Edwards,LA Marsh,Asmavia Iqbal,0,1,"",""
ball,1,3.5,England,LA Marsh,CM Edwards,Asmavia Iqbal,4,0,"",""
ball,1,3.6,England,LA Marsh,CM Edwards,Asmavia Iqbal,0,0,caught,LA Marsh
ball,1,3.7,England,CM Edwards,SJ Taylor,Asmavia Iqbal,0,2,"",""
ball,1,3.8,England,SJ Taylor,CM Edwards,Asmavia Iqbal,4,0,"",""
ball,1,4.1,England,CM Edwards,SJ Taylor,Sana Mir,0,0,"",""
ball,1,4.2,England,CM Edwards,SJ Taylor,Sana Mir,0,0,"",""
ball,1,4.3,England,CM Edwards,SJ Taylor,Sana Mir,4,0,"",""
ball,1,4.4,England,CM Edwards,SJ Taylor,Sana Mir,0,0,"",""
ball,1,4.5,England,CM Edwards,SJ Taylor,Sana Mir,0,0,"",""
ball,1,4.6,England,CM Edwards,SJ Taylor,Sana Mir,1,0,"",""
ball,1,5.1,England,CM Edwards,SJ Taylor,Sadia Yousuf,0,0,"",""
ball,1,5.2,England,CM Edwards,SJ Taylor,Sadia Yousuf,1,0,"",""
ball,1,5.3,England,SJ Taylor,CM Edwards,Sadia Yousuf,4,0,"",""
ball,1,5.4,England,SJ Taylor,CM Edwards,Sadia Yousuf,5,0,"",""
ball,1,5.5,England,CM Edwards,SJ Taylor,Sadia Yousuf,0,0,"",""
ball,1,5.6,England,CM Edwards,SJ Taylor,Sadia Yousuf,1,0,"",""
ball,1,6.1,England,CM Edwards,SJ Taylor,Sana Mir,2,0,"",""
ball,1,6.2,England,CM Edwards,SJ Taylor,Sana Mir,0,0,"",""
ball,1,6.3,England,CM Edwards,SJ Taylor,Sana Mir,1,0,"",""
ball,1,6.4,England,SJ Taylor,CM Edwards,Sana Mir,4,0,"",""
ball,1,6.5,England,SJ Taylor,CM Edwards,Sana Mir,1,0,"",""
ball,1,6.6,England,CM Edwards,SJ Taylor,Sana Mir,2,0,"",""
ball,1,7.1,England,SJ Taylor,CM Edwards,Sadia Yousuf,1,0,"",""
ball,1,7.2,England,CM Edwards,SJ Taylor,Sadia Yousuf,1,0,"",""
ball,1,7.3,England,SJ Taylor,CM Edwards,Sadia Yousuf,4,0,"",""
ball,1,7.4,England,SJ Taylor,CM Edwards,Sadia Yousuf,4,0,"",""
ball,1,7.5,England,SJ Taylor,CM Edwards,Sadia Yousuf,0,0,"",""
ball,1,7.6,England,SJ Taylor,CM Edwards,Sadia Yousuf,1,0,"",""
ball,1,8.1,England,SJ Taylor,CM Edwards,Nida Dar,4,0,"",""
ball,1,8.2,England,SJ Taylor,CM Edwards,Nida Dar,0,0,"",""
ball,1,8.3,England,SJ Taylor,CM Edwards,Nida Dar,1,0,"",""
ball,1,8.4,England,CM Edwards,SJ Taylor,Nida Dar,1,0,"",""
ball,1,8.5,England,SJ Taylor,CM Edwards,Nida Dar,1,0,"",""
ball,1,8.6,England,CM Edwards,SJ Taylor,Nida Dar,1,0,"",""
ball,1,9.1,England,CM Edwards,SJ Taylor,Asmavia Iqbal,1,0,"",""
ball,1,9.2,England,SJ Taylor,CM Edwards,Asmavia Iqbal,1,0,"",""
ball,1,9.3,England,CM Edwards,SJ Taylor,Asmavia Iqbal,0,1,"",""
ball,1,9.4,England,CM Edwards,SJ Taylor,Asmavia Iqbal,1,0,"",""
ball,1,9.5,England,SJ Taylor,CM Edwards,Asmavia Iqbal,0,0,"",""
ball,1,9.6,England,SJ Taylor,CM Edwards,Asmavia Iqbal,0,0,lbw,SJ Taylor
ball,1,9.7,England,A Brindle,CM Edwards,Asmavia Iqbal,0,0,bowled,A Brindle
ball,1,10.1,England,CM Edwards,DN Wyatt,Qanita Jalil,1,0,"",""
ball,1,10.2,England,DN Wyatt,CM Edwards,Qanita Jalil,0,0,"",""
ball,1,10.3,England,DN Wyatt,CM Edwards,Qanita Jalil,1,0,"",""
ball,1,10.4,England,CM Edwards,DN Wyatt,Qanita Jalil,1,0,"",""
ball,1,10.5,England,DN Wyatt,CM Edwards,Qanita Jalil,4,0,"",""
ball,1,10.6,England,DN Wyatt,CM Edwards,Qanita Jalil,1,0,"",""
ball,1,11.1,England,DN Wyatt,CM Edwards,Marina Iqbal,1,0,"",""
ball,1,11.2,England,CM Edwards,DN Wyatt,Marina Iqbal,1,0,"",""
ball,1,11.3,England,DN Wyatt,CM Edwards,Marina Iqbal,1,0,"",""
ball,1,11.4,England,CM Edwards,DN Wyatt,Marina Iqbal,1,0,"",""
ball,1,11.5,England,DN Wyatt,CM Edwards,Marina Iqbal,0,0,"",""
ball,1,11.6,England,DN Wyatt,CM Edwards,Marina Iqbal,1,0,"",""
ball,1,12.1,England,DN Wyatt,CM Edwards,Sana Mir,1,0,"",""
ball,1,12.2,England,CM Edwards,DN Wyatt,Sana Mir,0,0,caught,CM Edwards
ball,1,12.3,England,JL Gunn,DN Wyatt,Sana Mir,0,0,"",""
ball,1,12.4,England,JL Gunn,DN Wyatt,Sana Mir,0,0,"",""
ball,1,12.5,England,JL Gunn,DN Wyatt,Sana Mir,1,0,"",""
ball,1,12.6,England,DN Wyatt,JL Gunn,Sana Mir,1,0,"",""
ball,1,13.1,England,DN Wyatt,JL Gunn,Marina Iqbal,4,0,"",""
ball,1,13.2,England,DN Wyatt,JL Gunn,Marina Iqbal,2,0,"",""
ball,1,13.3,England,DN Wyatt,JL Gunn,Marina Iqbal,4,0,"",""
ball,1,13.4,England,DN Wyatt,JL Gunn,Marina Iqbal,1,0,"",""
ball,1,13.5,England,JL Gunn,DN Wyatt,Marina Iqbal,0,0,lbw,JL Gunn
ball,1,13.6,England,TT Beaumont,DN Wyatt,Marina Iqbal,0,1,"",""
ball,1,13.7,England,TT Beaumont,DN Wyatt,Marina Iqbal,1,0,"",""
ball,1,14.1,England,TT Beaumont,DN Wyatt,Sadia Yousuf,0,0,"",""
ball,1,14.2,England,TT Beaumont,DN Wyatt,Sadia Yousuf,0,0,"",""
ball,1,14.3,England,TT Beaumont,DN Wyatt,Sadia Yousuf,1,0,"",""
ball,1,14.4,England,DN Wyatt,TT Beaumont,Sadia Yousuf,0,0,"",""
ball,1,14.5,England,DN Wyatt,TT Beaumont,Sadia Yousuf,1,0,"",""
ball,1,14.6,England,TT Beaumont,DN Wyatt,Sadia Yousuf,0,0,"",""
ball,1,15.1,England,DN Wyatt,TT Beaumont,Nida Dar,2,0,"",""
ball,1,15.2,England,DN Wyatt,TT Beaumont,Nida Dar,1,0,"",""
ball,1,15.3,England,TT Beaumont,DN Wyatt,Nida Dar,1,0,"",""
ball,1,15.4,England,DN Wyatt,TT Beaumont,Nida Dar,0,0,"",""
ball,1,15.5,England,DN Wyatt,TT Beaumont,Nida Dar,1,0,"",""
ball,1,15.6,England,TT Beaumont,DN Wyatt,Nida Dar,0,0,caught,TT Beaumont
ball,1,16.1,England,SE Rowe,DN Wyatt,Sadia Yousuf,1,0,"",""
ball,1,16.2,England,DN Wyatt,SE Rowe,Sadia Yousuf,0,1,"",""
ball,1,16.3,England,SE Rowe,DN Wyatt,Sadia Yousuf,0,0,"",""
ball,1,16.4,England,SE Rowe,DN Wyatt,Sadia Yousuf,4,0,"",""
ball,1,16.5,England,SE Rowe,DN Wyatt,Sadia Yousuf,0,0,"",""
ball,1,16.6,England,SE Rowe,DN Wyatt,Sadia Yousuf,1,0,"",""
ball,1,17.1,England,SE Rowe,DN Wyatt,Nida Dar,1,0,"",""
ball,1,17.2,England,DN Wyatt,SE Rowe,Nida Dar,4,0,"",""
ball,1,17.3,England,DN Wyatt,SE Rowe,Nida Dar,1,0,"",""
ball,1,17.4,England,SE Rowe,DN Wyatt,Nida Dar,1,0,"",""
ball,1,17.5,England,DN Wyatt,SE Rowe,Nida Dar,1,0,"",""
ball,1,17.6,England,SE Rowe,DN Wyatt,Nida Dar,0,0,"",""
ball,1,18.1,England,DN Wyatt,SE Rowe,Sana Mir,1,0,"",""
ball,1,18.2,England,SE Rowe,DN Wyatt,Sana Mir,1,0,"",""
ball,1,18.3,England,DN Wyatt,SE Rowe,Sana Mir,2,0,"",""
ball,1,18.4,England,DN Wyatt,SE Rowe,Sana Mir,4,0,"",""
ball,1,18.5,England,DN Wyatt,SE Rowe,Sana Mir,1,0,"",""
ball,1,18.6,England,SE Rowe,DN Wyatt,Sana Mir,2,0,"",""
ball,1,19.1,England,DN Wyatt,SE Rowe,Asmavia Iqbal,0,0,caught,DN Wyatt
ball,1,19.2,England,SE Rowe,KH Brunt,Asmavia Iqbal,6,0,"",""
ball,1,19.3,England,SE Rowe,KH Brunt,Asmavia Iqbal,0,1,"",""
ball,1,19.4,England,SE Rowe,KH Brunt,Asmavia Iqbal,6,0,"",""
ball,1,19.5,England,SE Rowe,KH Brunt,Asmavia Iqbal,0,0,"",""
ball,1,19.6,England,SE Rowe,KH Brunt,Asmavia Iqbal,0,1,"",""
ball,1,19.7,England,SE Rowe,KH Brunt,Asmavia Iqbal,2,0,"",""
ball,1,19.8,England,SE Rowe,KH Brunt,Asmavia Iqbal,4,0,"",""
ball,2,0.1,Pakistan,Nain Abidi,Nida Dar,KH Brunt,0,0,"",""
ball,2,0.2,Pakistan,Nain Abidi,Nida Dar,KH Brunt,0,0,"",""
ball,2,0.3,Pakistan,Nain Abidi,Nida Dar,KH Brunt,0,0,"",""
ball,2,0.4,Pakistan,Nain Abidi,Nida Dar,KH Brunt,0,0,"",""
ball,2,0.5,Pakistan,Nain Abidi,Nida Dar,KH Brunt,0,0,"",""
ball,2,0.6,Pakistan,Nain Abidi,Nida Dar,KH Brunt,0,0,caught,Nain Abidi
ball,2,1.1,Pakistan,Nida Dar,Sana Mir,A Shrubsole,0,0,"",""
ball,2,1.2,Pakistan,Nida Dar,Sana Mir,A Shrubsole,0,0,"",""
ball,2,1.3,Pakistan,Nida Dar,Sana Mir,A Shrubsole,0,0,"",""
ball,2,1.4,Pakistan,Nida Dar,Sana Mir,A Shrubsole,0,0,"",""
ball,2,1.5,Pakistan,Nida Dar,Sana Mir,A Shrubsole,0,0,"",""
ball,2,1.6,Pakistan,Nida Dar,Sana Mir,A Shrubsole,4,0,"",""
ball,2,2.1,Pakistan,Sana Mir,Nida Dar,KH Brunt,0,0,"",""
ball,2,2.2,Pakistan,Sana Mir,Nida Dar,KH Brunt,1,0,"",""
ball,2,2.3,Pakistan,Nida Dar,Sana Mir,KH Brunt,0,0,"",""
ball,2,2.4,Pakistan,Nida Dar,Sana Mir,KH Brunt,0,0,"",""
ball,2,2.5,Pakistan,Nida Dar,Sana Mir,KH Brunt,0,0,"",""
ball,2,2.6,Pakistan,Nida Dar,Sana Mir,KH Brunt,0,1,"",""
ball,2,2.7,Pakistan,Nida Dar,Sana Mir,KH Brunt,0,0,"",""
ball,2,3.1,Pakistan,Sana Mir,Nida Dar,A Shrubsole,0,0,"",""
ball,2,3.2,Pakistan,Sana Mir,Nida Dar,A Shrubsole,1,0,"",""
ball,2,3.3,Pakistan,Nida Dar,Sana Mir,A Shrubsole,0,0,"",""
ball,2,3.4,Pakistan,Nida Dar,Sana Mir,A Shrubsole,4,0,"",""
ball,2,3.5,Pakistan,Nida Dar,Sana Mir,A Shrubsole,0,0,"",""
ball,2,3.6,Pakistan,Nida Dar,Sana Mir,A Shrubsole,0,0,"",""
ball,2,4.1,Pakistan,Sana Mir,Nida Dar,LA Marsh,1,0,"",""
ball,2,4.2,Pakistan,Nida Dar,Sana Mir,LA Marsh,2,0,"",""
ball,2,4.3,Pakistan,Nida Dar,Sana Mir,LA Marsh,1,0,"",""
ball,2,4.4,Pakistan,Sana Mir,Nida Dar,LA Marsh,0,0,"",""
ball,2,4.5,Pakistan,Sana Mir,Nida Dar,LA Marsh,0,0,"",""
ball,2,4.6,Pakistan,Sana Mir,Nida Dar,LA Marsh,0,0,"",""
ball,2,5.1,Pakistan,Nida Dar,Sana Mir,DN Wyatt,0,0,"",""
ball,2,5.2,Pakistan,Nida Dar,Sana Mir,DN Wyatt,6,0,"",""
ball,2,5.3,Pakistan,Nida Dar,Sana Mir,DN Wyatt,0,0,"",""
ball,2,5.4,Pakistan,Nida Dar,Sana Mir,DN Wyatt,0,0,"",""
ball,2,5.5,Pakistan,Nida Dar,Sana Mir,DN Wyatt,0,0,"",""
ball,2,5.6,Pakistan,Nida Dar,Sana Mir,DN Wyatt,1,0,"",""
ball,2,6.1,Pakistan,Nida Dar,Sana Mir,LA Marsh,0,0,caught,Nida Dar
ball,2,6.2,Pakistan,Bismah Maroof,Sana Mir,LA Marsh,0,0,"",""
ball,2,6.3,Pakistan,Bismah Maroof,Sana Mir,LA Marsh,0,0,"",""
ball,2,6.4,Pakistan,Bismah Maroof,Sana Mir,LA Marsh,0,0,"",""
ball,2,6.5,Pakistan,Bismah Maroof,Sana Mir,LA Marsh,2,0,"",""
ball,2,6.6,Pakistan,Bismah Maroof,Sana Mir,LA Marsh,0,0,"",""
ball,2,7.1,Pakistan,Sana Mir,Bismah Maroof,A Brindle,0,0,"",""
ball,2,7.2,Pakistan,Sana Mir,Bismah Maroof,A Brindle,0,0,"",""
ball,2,7.3,Pakistan,Sana Mir,Bismah Maroof,A Brindle,2,0,"",""
ball,2,7.4,Pakistan,Sana Mir,Bismah Maroof,A Brindle,0,0,"",""
ball,2,7.5,Pakistan,Sana Mir,Bismah Maroof,A Brindle,1,0,"",""
ball,2,7.6,Pakistan,Bismah Maroof,Sana Mir,A Brindle,0,0,"",""
ball,2,8.1,Pakistan,Sana Mir,Bismah Maroof,HL Colvin,0,0,"",""
ball,2,8.2,Pakistan,Sana Mir,Bismah Maroof,HL Colvin,1,0,"",""
ball,2,8.3,Pakistan,Bismah Maroof,Sana Mir,HL Colvin,0,0,"",""
ball,2,8.4,Pakistan,Bismah Maroof,Sana Mir,HL Colvin,0,0,"",""
ball,2,8.5,Pakistan,Bismah Maroof,Sana Mir,HL Colvin,2,0,"",""
ball,2,8.6,Pakistan,Bismah Maroof,Sana Mir,HL Colvin,0,0,"",""
ball,2,9.1,Pakistan,Sana Mir,Bismah Maroof,A Brindle,1,0,"",""
ball,2,9.2,Pakistan,Bismah Maroof,Sana Mir,A Brindle,0,0,"",""
ball,2,9.3,Pakistan,Bismah Maroof,Sana Mir,A Brindle,0,0,"",""
ball,2,9.4,Pakistan,Bismah Maroof,Sana Mir,A Brindle,1,0,"",""
ball,2,9.5,Pakistan,Sana Mir,Bismah Maroof,A Brindle,0,0,"",""
ball,2,9.6,Pakistan,Sana Mir,Bismah Maroof,A Brindle,1,0,"",""
ball,2,10.1,Pakistan,Sana Mir,Bismah Maroof,HL Colvin,0,1,"",""
ball,2,10.2,Pakistan,Sana Mir,Bismah Maroof,HL Colvin,1,0,"",""
ball,2,10.3,Pakistan,Bismah Maroof,Sana Mir,HL Colvin,0,0,"",""
ball,2,10.4,Pakistan,Bismah Maroof,Sana Mir,HL Colvin,1,0,"",""
ball,2,10.5,Pakistan,Sana Mir,Bismah Maroof,HL Colvin,2,0,"",""
ball,2,10.6,Pakistan,Sana Mir,Bismah Maroof,HL Colvin,1,0,"",""
ball,2,10.7,Pakistan,Bismah Maroof,Sana Mir,HL Colvin,1,0,"",""
ball,2,11.1,Pakistan,Bismah Maroof,Sana Mir,A Brindle,0,0,"",""
ball,2,11.2,Pakistan,Bismah Maroof,Sana Mir,A Brindle,1,0,"",""
ball,2,11.3,Pakistan,Sana Mir,Bismah Maroof,A Brindle,1,0,"",""
ball,2,11.4,Pakistan,Bismah Maroof,Sana Mir,A Brindle,0,0,"",""
ball,2,11.5,Pakistan,Bismah Maroof,Sana Mir,A Brindle,4,0,"",""
ball,2,11.6,Pakistan,Bismah Maroof,Sana Mir,A Brindle,1,0,"",""
ball,2,12.1,Pakistan,Bismah Maroof,Sana Mir,HL Colvin,0,0,"",""
ball,2,12.2,Pakistan,Bismah Maroof,Sana Mir,HL Colvin,1,0,"",""
ball,2,12.3,Pakistan,Sana Mir,Bismah Maroof,HL Colvin,0,0,"",""
ball,2,12.4,Pakistan,Sana Mir,Bismah Maroof,HL Colvin,0,0,"",""
ball,2,12.5,Pakistan,Sana Mir,Bismah Maroof,HL Colvin,4,0,"",""
ball,2,12.6,Pakistan,Sana Mir,Bismah Maroof,HL Colvin,1,0,"",""
ball,2,13.1,Pakistan,Sana Mir,Bismah Maroof,JL Gunn,2,0,"",""
ball,2,13.2,Pakistan,Sana Mir,Bismah Maroof,JL Gunn,1,0,"",""
ball,2,13.3,Pakistan,Bismah Maroof,Sana Mir,JL Gunn,4,0,"",""
ball,2,13.4,Pakistan,Bismah Maroof,Sana Mir,JL Gunn,0,0,"",""
ball,2,13.5,Pakistan,Bismah Maroof,Sana Mir,JL Gunn,1,0,"",""
ball,2,13.6,Pakistan,Sana Mir,Bismah Maroof,JL Gunn,1,0,"",""
ball,2,14.1,Pakistan,Sana Mir,Bismah Maroof,LA Marsh,0,0,"",""
ball,2,14.2,Pakistan,Sana Mir,Bismah Maroof,LA Marsh,1,0,"",""
ball,2,14.3,Pakistan,Bismah Maroof,Sana Mir,LA Marsh,0,0,"",""
ball,2,14.4,Pakistan,Bismah Maroof,Sana Mir,LA Marsh,1,0,"",""
ball,2,14.5,Pakistan,Sana Mir,Bismah Maroof,LA Marsh,0,0,caught,Sana Mir
ball,2,14.6,Pakistan,Bismah Maroof,Asmavia Iqbal,LA Marsh,1,0,"",""
ball,2,15.1,Pakistan,Bismah Maroof,Asmavia Iqbal,JL Gunn,1,0,"",""
ball,2,15.2,Pakistan,Asmavia Iqbal,Bismah Maroof,JL Gunn,0,0,"",""
ball,2,15.3,Pakistan,Asmavia Iqbal,Bismah Maroof,JL Gunn,0,0,caught,Asmavia Iqbal
ball,2,15.4,Pakistan,Javeria Khan,Bismah Maroof,JL Gunn,0,0,"",""
ball,2,15.5,Pakistan,Javeria Khan,Bismah Maroof,JL Gunn,1,0,"",""
ball,2,15.6,Pakistan,Bismah Maroof,Javeria Khan,JL Gunn,1,0,"",""
ball,2,16.1,Pakistan,Bismah Maroof,Javeria Khan,LA Marsh,1,0,"",""
ball,2,16.2,Pakistan,Javeria Khan,Bismah Maroof,LA Marsh,1,0,"",""
ball,2,16.3,Pakistan,Bismah Maroof,Javeria Khan,LA Marsh,0,0,"",""
ball,2,16.4,Pakistan,Bismah Maroof,Javeria Khan,LA Marsh,4,0,"",""
ball,2,16.5,Pakistan,Bismah Maroof,Javeria Khan,LA Marsh,0,0,"",""
ball,2,16.6,Pakistan,Bismah Maroof,Javeria Khan,LA Marsh,0,0,"",""
ball,2,17.1,Pakistan,Javeria Khan,Bismah Maroof,JL Gunn,0,0,"",""
ball,2,17.2,Pakistan,Javeria Khan,Bismah Maroof,JL Gunn,2,0,"",""
ball,2,17.3,Pakistan,Javeria Khan,Bismah Maroof,JL Gunn,0,0,"",""
ball,2,17.4,Pakistan,Javeria Khan,Bismah Maroof,JL Gunn,1,0,"",""
ball,2,17.5,Pakistan,Bismah Maroof,Javeria Khan,JL Gunn,1,0,"",""
ball,2,17.6,Pakistan,Javeria Khan,Bismah Maroof,JL Gunn,0,0,"",""
ball,2,18.1,Pakistan,Bismah Maroof,Javeria Khan,DN Wyatt,0,0,caught and bowled,Bismah Maroof
ball,2,18.2,Pakistan,Marina Iqbal,Javeria Khan,DN Wyatt,1,0,"",""
ball,2,18.3,Pakistan,Javeria Khan,Marina Iqbal,DN Wyatt,1,0,"",""
ball,2,18.4,Pakistan,Marina Iqbal,Javeria Khan,DN Wyatt,0,0,"",""
ball,2,18.5,Pakistan,Marina Iqbal,Javeria Khan,DN Wyatt,0,0,"",""
ball,2,18.6,Pakistan,Marina Iqbal,Javeria Khan,DN Wyatt,0,0,"",""
ball,2,19.1,Pakistan,Javeria Khan,Marina Iqbal,JL Gunn,0,0,"",""
ball,2,19.2,Pakistan,Javeria Khan,Marina Iqbal,JL Gunn,0,0,"",""
ball,2,19.3,Pakistan,Javeria Khan,Marina Iqbal,JL Gunn,0,0,"",""
ball,2,19.4,Pakistan,Javeria Khan,Marina Iqbal,JL Gunn,0,0,"",""
ball,2,19.5,Pakistan,Javeria Khan,Marina Iqbal,JL Gunn,1,0,"",""
ball,2,19.6,Pakistan,Marina Iqbal,Javeria Khan,JL Gunn,0,0,"",""
