version,1.3.0
info,team,South Africa
info,team,New Zealand
info,gender,male
info,season,2012/13
info,date,2012/12/23
info,series,New Zealand in South Africa T20I Series
info,match_number,2
info,venue,Buffalo Park
info,city,East London
info,toss_winner,New Zealand
info,toss_decision,field
info,player_of_match,MJ Guptill
info,umpire,S George
info,umpire,AT Holdstock
info,reserve_umpire,BG Jerling
info,tv_umpire,JD Cloete
info,match_referee,AJ Pycroft
info,winner,New Zealand
info,winner_wickets,8
info,method,D/L
ball,1,0.1,South Africa,RE Levi,H Davids,MJ McClenaghan,0,0,"",""
ball,1,0.2,South Africa,RE Levi,H Davids,MJ McClenaghan,0,0,"",""
ball,1,0.3,South Africa,RE Levi,H Davids,MJ McClenaghan,0,0,"",""
ball,1,0.4,South Africa,RE Levi,H Davids,MJ McClenaghan,0,0,"",""
ball,1,0.5,South Africa,RE Levi,H Davids,MJ McClenaghan,0,0,"",""
ball,1,0.6,South Africa,RE Levi,H Davids,MJ McClenaghan,1,0,"",""
ball,1,1.1,South Africa,RE Levi,H Davids,RM Hira,0,0,"",""
ball,1,1.2,South Africa,RE Levi,H Davids,RM Hira,0,0,"",""
ball,1,1.3,South Africa,RE Levi,H Davids,RM Hira,1,0,"",""
ball,1,1.4,South Africa,H Davids,RE Levi,RM Hira,1,0,"",""
ball,1,1.5,South Africa,RE Levi,H Davids,RM Hira,1,0,"",""
ball,1,1.6,South Africa,H Davids,RE Levi,RM Hira,0,0,"",""
ball,1,2.1,South Africa,RE Levi,H Davids,MJ McClenaghan,1,0,"",""
ball,1,2.2,South Africa,H Davids,RE Levi,MJ McClenaghan,1,0,"",""
ball,1,2.3,South Africa,RE Levi,H Davids,MJ McClenaghan,1,0,"",""
ball,1,2.4,South Africa,H Davids,RE Levi,MJ McClenaghan,4,0,"",""
ball,1,2.5,South Africa,H Davids,RE Levi,MJ McClenaghan,2,0,"",""
ball,1,2.6,South Africa,H Davids,RE Levi,MJ McClenaghan,0,0,"",""
ball,1,3.1,South Africa,RE Levi,H Davids,RM Hira,0,0,caught,RE Levi
ball,1,3.2,South Africa,F du Plessis,H Davids,RM Hira,0,0,"",""
ball,1,3.3,South Africa,F du Plessis,H Davids,RM Hira,0,0,"",""
ball,1,3.4,South Africa,F du Plessis,H Davids,RM Hira,1,0,"",""
ball,1,3.5,South Africa,H Davids,F du Plessis,RM Hira,1,0,"",""
ball,1,3.6,South Africa,F du Plessis,H Davids,RM Hira,0,0,"",""
ball,1,4.1,South Africa,H Davids,F du Plessis,DAJ Bracewell,4,0,"",""
ball,1,4.2,South Africa,H Davids,F du Plessis,DAJ Bracewell,1,0,"",""
ball,1,4.3,South Africa,F du Plessis,H Davids,DAJ Bracewell,3,0,"",""
ball,1,4.4,South Africa,H Davids,F du Plessis,DAJ Bracewell,1,0,"",""
ball,1,4.5,South Africa,F du Plessis,H Davids,DAJ Bracewell,0,0,"",""
ball,1,4.6,South Africa,F du Plessis,H Davids,DAJ Bracewell,4,0,"",""
ball,1,5.1,South Africa,H Davids,F du Plessis,CJ Anderson,4,0,"",""
ball,1,5.2,South Africa,H Davids,F du Plessis,CJ Anderson,4,0,"",""
ball,1,5.3,South Africa,H Davids,F du Plessis,CJ Anderson,0,0,"",""
ball,1,5.4,South Africa,H Davids,F du Plessis,CJ Anderson,0,0,"",""
ball,1,5.5,South Africa,H Davids,F du Plessis,CJ Anderson,0,0,"",""
ball,1,5.6,South Africa,H Davids,F du Plessis,CJ Anderson,1,0,"",""
ball,1,6.1,South Africa,H Davids,F du Plessis,NL McCullum,2,0,"",""
ball,1,6.2,South Africa,H Davids,F du Plessis,NL McCullum,0,0,"",""
ball,1,6.3,South Africa,H Davids,F du Plessis,NL McCullum,0,0,"",""
ball,1,6.4,South Africa,H Davids,F du Plessis,NL McCullum,0,0,"",""
ball,1,6.5,South Africa,H Davids,F du Plessis,NL McCullum,1,0,"",""
ball,1,6.6,South Africa,F du Plessis,H Davids,NL McCullum,0,0,"",""
ball,1,7.1,South Africa,H Davids,F du Plessis,JEC Franklin,4,0,"",""
ball,1,7.2,South Africa,H Davids,F du Plessis,JEC Franklin,1,0,"",""
ball,1,7.3,South Africa,F du Plessis,H Davids,JEC Franklin,1,0,"",""
ball,1,7.4,South Africa,H Davids,F du Plessis,JEC Franklin,4,0,"",""
ball,1,7.5,South Africa,H Davids,F du Plessis,JEC Franklin,0,0,"",""
ball,1,7.6,South Africa,H Davids,F du Plessis,JEC Franklin,0,0,"",""
ball,1,8.1,South Africa,F du Plessis,H Davids,NL McCullum,0,0,"",""
ball,1,8.2,South Africa,F du Plessis,H Davids,NL McCullum,0,0,"",""
ball,1,8.3,South Africa,F du Plessis,H Davids,NL McCullum,0,0,"",""
ball,1,8.4,South Africa,F du Plessis,H Davids,NL McCullum,0,1,"",""
ball,1,8.5,South Africa,H Davids,F du Plessis,NL McCullum,1,0,"",""
ball,1,8.6,South Africa,F du Plessis,H Davids,NL McCullum,2,0,"",""
ball,1,9.1,South Africa,H Davids,F du Plessis,RM Hira,6,0,"",""
ball,1,9.2,South Africa,H Davids,F du Plessis,RM Hira,2,0,"",""
ball,1,9.3,South Africa,H Davids,F du Plessis,RM Hira,1,0,"",""
ball,1,9.4,South Africa,F du Plessis,H Davids,RM Hira,1,0,"",""
ball,1,9.5,South Africa,H Davids,F du Plessis,RM Hira,1,0,"",""
ball,1,9.6,South Africa,F du Plessis,H Davids,RM Hira,4,0,"",""
ball,1,10.1,South Africa,H Davids,F du Plessis,NL McCullum,1,0,"",""
ball,1,10.2,South Africa,F du Plessis,H Davids,NL McCullum,1,0,"",""
ball,1,10.3,South Africa,H Davids,F du Plessis,NL McCullum,4,0,"",""
ball,1,10.4,South Africa,H Davids,F du Plessis,NL McCullum,1,0,"",""
ball,1,10.5,South Africa,F du Plessis,H Davids,NL McCullum,1,0,"",""
ball,1,10.6,South Africa,H Davids,F du Plessis,NL McCullum,0,0,"",""
ball,1,11.1,South Africa,F du Plessis,H Davids,MJ McClenaghan,1,1,"",""
ball,1,11.2,South Africa,H Davids,F du Plessis,MJ McClenaghan,2,0,"",""
ball,1,11.3,South Africa,H Davids,F du Plessis,MJ McClenaghan,0,0,"",""
ball,1,11.4,South Africa,H Davids,F du Plessis,MJ McClenaghan,0,0,caught,H Davids
ball,1,11.5,South Africa,F du Plessis,DA Miller,MJ McClenaghan,0,0,"",""
ball,1,11.6,South Africa,F du Plessis,DA Miller,MJ McClenaghan,1,0,"",""
ball,1,11.7,South Africa,DA Miller,F du Plessis,MJ McClenaghan,0,0,"",""
ball,1,12.1,South Africa,F du Plessis,DA Miller,RJ Nicol,4,0,"",""
ball,1,12.2,South Africa,F du Plessis,DA Miller,RJ Nicol,1,0,"",""
ball,1,12.3,South Africa,DA Miller,F du Plessis,RJ Nicol,1,0,"",""
ball,1,12.4,South Africa,F du Plessis,DA Miller,RJ Nicol,0,0,"",""
ball,1,12.5,South Africa,F du Plessis,DA Miller,RJ Nicol,0,0,"",""
ball,1,12.6,South Africa,F du Plessis,DA Miller,RJ Nicol,1,0,"",""
ball,1,13.1,South Africa,F du Plessis,DA Miller,DAJ Bracewell,4,0,"",""
ball,1,13.2,South Africa,F du Plessis,DA Miller,DAJ Bracewell,0,0,"",""
ball,1,13.3,South Africa,F du Plessis,DA Miller,DAJ Bracewell,1,0,"",""
ball,1,13.4,South Africa,DA Miller,F du Plessis,DAJ Bracewell,1,0,"",""
ball,1,13.5,South Africa,F du Plessis,DA Miller,DAJ Bracewell,3,0,"",""
ball,1,13.6,South Africa,DA Miller,F du Plessis,DAJ Bracewell,1,0,"",""
ball,1,14.1,South Africa,DA Miller,F du Plessis,NL McCullum,2,0,"",""
ball,1,14.2,South Africa,DA Miller,F du Plessis,NL McCullum,2,0,"",""
ball,1,14.3,South Africa,DA Miller,F du Plessis,NL McCullum,2,0,"",""
ball,1,14.4,South Africa,DA Miller,F du Plessis,NL McCullum,1,0,"",""
ball,1,14.5,South Africa,F du Plessis,DA Miller,NL McCullum,1,0,"",""
ball,1,14.6,South Africa,DA Miller,F du Plessis,NL McCullum,1,0,"",""
ball,1,15.1,South Africa,DA Miller,F du Plessis,RM Hira,0,0,"",""
ball,1,15.2,South Africa,DA Miller,F du Plessis,RM Hira,6,0,"",""
ball,1,15.3,South Africa,DA Miller,F du Plessis,RM Hira,0,1,"",""
ball,1,15.4,South Africa,F du Plessis,DA Miller,RM Hira,6,0,"",""
ball,1,15.5,South Africa,F du Plessis,DA Miller,RM Hira,4,0,"",""
ball,1,15.6,South Africa,F du Plessis,DA Miller,RM Hira,1,0,"",""
ball,1,16.1,South Africa,F du Plessis,DA Miller,CJ Anderson,2,0,"",""
ball,1,16.2,South Africa,F du Plessis,DA Miller,CJ Anderson,0,0,"",""
ball,1,16.3,South Africa,F du Plessis,DA Miller,CJ Anderson,4,0,"",""
ball,1,16.4,South Africa,F du Plessis,DA Miller,CJ Anderson,4,0,"",""
ball,1,16.5,South Africa,F du Plessis,DA Miller,CJ Anderson,0,0,"",""
ball,1,16.6,South Africa,F du Plessis,DA Miller,CJ Anderson,2,0,"",""
ball,1,17.1,South Africa,DA Miller,F du Plessis,MJ McClenaghan,6,0,"",""
ball,1,17.2,South Africa,DA Miller,F du Plessis,MJ McClenaghan,1,0,"",""
ball,1,17.3,South Africa,F du Plessis,DA Miller,MJ McClenaghan,1,0,"",""
ball,1,17.4,South Africa,DA Miller,F du Plessis,MJ McClenaghan,4,0,"",""
ball,1,17.5,South Africa,DA Miller,F du Plessis,MJ McClenaghan,1,0,"",""
ball,1,17.6,South Africa,F du Plessis,DA Miller,MJ McClenaghan,4,0,"",""
ball,1,18.1,South Africa,DA Miller,F du Plessis,DAJ Bracewell,4,0,"",""
ball,1,18.2,South Africa,DA Miller,F du Plessis,DAJ Bracewell,0,1,"",""
ball,1,18.3,South Africa,DA Miller,F du Plessis,DAJ Bracewell,0,0,caught,DA Miller
ball,1,18.4,South Africa,F du Plessis,F Behardien,DAJ Bracewell,0,0,caught,F du Plessis
ball,1,18.5,South Africa,F Behardien,RJ Peterson,DAJ Bracewell,1,0,"",""
ball,1,18.6,South Africa,RJ Peterson,F Behardien,DAJ Bracewell,0,0,caught,RJ Peterson
ball,1,18.7,South Africa,F Behardien,Q de Kock,DAJ Bracewell,4,0,"",""
ball,2,0.1,New Zealand,MJ Guptill,RJ Nicol,RJ Peterson,0,0,"",""
ball,2,0.2,New Zealand,MJ Guptill,RJ Nicol,RJ Peterson,0,0,"",""
ball,2,0.3,New Zealand,MJ Guptill,RJ Nicol,RJ Peterson,1,0,"",""
ball,2,0.4,New Zealand,RJ Nicol,MJ Guptill,RJ Peterson,0,0,"",""
ball,2,0.5,New Zealand,RJ Nicol,MJ Guptill,RJ Peterson,1,0,"",""
ball,2,0.6,New Zealand,MJ Guptill,RJ Nicol,RJ Peterson,0,0,"",""
ball,2,1.1,New Zealand,RJ Nicol,MJ Guptill,M Morkel,0,1,"",""
ball,2,1.2,New Zealand,RJ Nicol,MJ Guptill,M Morkel,1,0,"",""
ball,2,1.3,New Zealand,MJ Guptill,RJ Nicol,M Morkel,0,0,"",""
ball,2,1.4,New Zealand,MJ Guptill,RJ Nicol,M Morkel,0,0,"",""
ball,2,1.5,New Zealand,MJ Guptill,RJ Nicol,M Morkel,1,0,"",""
ball,2,1.6,New Zealand,RJ Nicol,MJ Guptill,M Morkel,0,0,"",""
ball,2,1.7,New Zealand,RJ Nicol,MJ Guptill,M Morkel,0,0,"",""
ball,2,2.1,New Zealand,MJ Guptill,RJ Nicol,RK Kleinveldt,0,0,"",""
ball,2,2.2,New Zealand,MJ Guptill,RJ Nicol,RK Kleinveldt,0,0,"",""
ball,2,2.3,New Zealand,MJ Guptill,RJ Nicol,RK Kleinveldt,4,0,"",""
ball,2,2.4,New Zealand,MJ Guptill,RJ Nicol,RK Kleinveldt,4,0,"",""
ball,2,2.5,New Zealand,MJ Guptill,RJ Nicol,RK Kleinveldt,1,0,"",""
ball,2,2.6,New Zealand,RJ Nicol,MJ Guptill,RK Kleinveldt,0,0,"",""
ball,2,3.1,New Zealand,MJ Guptill,RJ Nicol,M Morkel,0,0,"",""
ball,2,3.2,New Zealand,MJ Guptill,RJ Nicol,M Morkel,2,0,"",""
ball,2,3.3,New Zealand,MJ Guptill,RJ Nicol,M Morkel,0,0,"",""
ball,2,3.4,New Zealand,MJ Guptill,RJ Nicol,M Morkel,0,0,"",""
ball,2,3.5,New Zealand,MJ Guptill,RJ Nicol,M Morkel,6,0,"",""
ball,2,3.6,New Zealand,MJ Guptill,RJ Nicol,M Morkel,0,0,"",""
ball,2,4.1,New Zealand,RJ Nicol,MJ Guptill,RK Kleinveldt,0,0,"",""
ball,2,4.2,New Zealand,RJ Nicol,MJ Guptill,RK Kleinveldt,2,0,"",""
ball,2,4.3,New Zealand,RJ Nicol,MJ Guptill,RK Kleinveldt,0,0,"",""
ball,2,4.4,New Zealand,RJ Nicol,MJ Guptill,RK Kleinveldt,0,0,"",""
ball,2,4.5,New Zealand,RJ Nicol,MJ Guptill,RK Kleinveldt,4,0,"",""
ball,2,4.6,New Zealand,RJ Nicol,MJ Guptill,RK Kleinveldt,4,0,"",""
ball,2,5.1,New Zealand,MJ Guptill,RJ Nicol,R McLaren,0,1,"",""
ball,2,5.2,New Zealand,MJ Guptill,RJ Nicol,R McLaren,0,0,"",""
ball,2,5.3,New Zealand,MJ Guptill,RJ Nicol,R McLaren,0,0,"",""
ball,2,5.4,New Zealand,MJ Guptill,RJ Nicol,R McLaren,0,0,"",""
ball,2,5.5,New Zealand,MJ Guptill,RJ Nicol,R McLaren,1,0,"",""
ball,2,5.6,New Zealand,RJ Nicol,MJ Guptill,R McLaren,4,0,"",""
ball,2,5.7,New Zealand,RJ Nicol,MJ Guptill,R McLaren,1,0,"",""
ball,2,6.1,New Zealand,RJ Nicol,MJ Guptill,AM Phangiso,4,0,"",""
ball,2,6.2,New Zealand,RJ Nicol,MJ Guptill,AM Phangiso,0,0,"",""
ball,2,6.3,New Zealand,RJ Nicol,MJ Guptill,AM Phangiso,0,0,"",""
ball,2,6.4,New Zealand,RJ Nicol,MJ Guptill,AM Phangiso,0,0,"",""
ball,2,6.5,New Zealand,RJ Nicol,MJ Guptill,AM Phangiso,1,0,"",""
ball,2,6.6,New Zealand,MJ Guptill,RJ Nicol,AM Phangiso,0,0,"",""
ball,2,7.1,New Zealand,RJ Nicol,MJ Guptill,R McLaren,0,4,"",""
ball,2,7.2,New Zealand,RJ Nicol,MJ Guptill,R McLaren,1,0,"",""
ball,2,7.3,New Zealand,MJ Guptill,RJ Nicol,R McLaren,0,4,"",""
ball,2,7.4,New Zealand,MJ Guptill,RJ Nicol,R McLaren,1,0,"",""
ball,2,7.5,New Zealand,RJ Nicol,MJ Guptill,R McLaren,1,0,"",""
ball,2,7.6,New Zealand,MJ Guptill,RJ Nicol,R McLaren,1,0,"",""
ball,2,8.1,New Zealand,MJ Guptill,RJ Nicol,AM Phangiso,6,0,"",""
ball,2,8.2,New Zealand,MJ Guptill,RJ Nicol,AM Phangiso,0,0,"",""
ball,2,8.3,New Zealand,MJ Guptill,RJ Nicol,AM Phangiso,0,0,"",""
ball,2,8.4,New Zealand,MJ Guptill,RJ Nicol,AM Phangiso,1,0,"",""
ball,2,8.5,New Zealand,RJ Nicol,MJ Guptill,AM Phangiso,1,0,"",""
ball,2,8.6,New Zealand,MJ Guptill,RJ Nicol,AM Phangiso,1,0,"",""
ball,2,9.1,New Zealand,MJ Guptill,RJ Nicol,RJ Peterson,0,0,"",""
ball,2,9.2,New Zealand,MJ Guptill,RJ Nicol,RJ Peterson,4,0,"",""
ball,2,9.3,New Zealand,MJ Guptill,RJ Nicol,RJ Peterson,6,0,"",""
ball,2,9.4,New Zealand,MJ Guptill,RJ Nicol,RJ Peterson,1,0,"",""
ball,2,9.5,New Zealand,RJ Nicol,MJ Guptill,RJ Peterson,0,0,caught,RJ Nicol
ball,2,9.6,New Zealand,MJ Guptill,BB McCullum,RJ Peterson,1,0,"",""
ball,2,10.1,New Zealand,MJ Guptill,BB McCullum,AM Phangiso,4,0,"",""
ball,2,10.2,New Zealand,MJ Guptill,BB McCullum,AM Phangiso,1,0,"",""
ball,2,10.3,New Zealand,BB McCullum,MJ Guptill,AM Phangiso,1,0,"",""
ball,2,10.4,New Zealand,MJ Guptill,BB McCullum,AM Phangiso,4,0,"",""
ball,2,10.5,New Zealand,MJ Guptill,BB McCullum,AM Phangiso,0,0,"",""
ball,2,10.6,New Zealand,MJ Guptill,BB McCullum,AM Phangiso,0,0,"",""
ball,2,11.1,New Zealand,BB McCullum,MJ Guptill,RJ Peterson,1,0,"",""
ball,2,11.2,New Zealand,MJ Guptill,BB McCullum,RJ Peterson,0,1,"",""
ball,2,11.3,New Zealand,MJ Guptill,BB McCullum,RJ Peterson,0,0,"",""
ball,2,11.4,New Zealand,MJ Guptill,BB McCullum,RJ Peterson,1,0,"",""
ball,2,11.5,New Zealand,BB McCullum,MJ Guptill,RJ Peterson,1,0,"",""
ball,2,11.6,New Zealand,MJ Guptill,BB McCullum,RJ Peterson,4,0,"",""
ball,2,11.7,New Zealand,MJ Guptill,BB McCullum,RJ Peterson,6,0,"",""
ball,2,12.1,New Zealand,BB McCullum,MJ Guptill,RK Kleinveldt,1,0,"",""
ball,2,12.2,New Zealand,MJ Guptill,BB McCullum,RK Kleinveldt,2,0,"",""
ball,2,12.3,New Zealand,MJ Guptill,BB McCullum,RK Kleinveldt,0,0,"",""
ball,2,12.4,New Zealand,MJ Guptill,BB McCullum,RK Kleinveldt,1,0,"",""
ball,2,12.5,New Zealand,BB McCullum,MJ Guptill,RK Kleinveldt,1,0,"",""
ball,2,12.6,New Zealand,MJ Guptill,BB McCullum,RK Kleinveldt,0,0,"",""
ball,2,13.1,New Zealand,BB McCullum,MJ Guptill,AM Phangiso,1,0,"",""
ball,2,13.2,New Zealand,MJ Guptill,BB McCullum,AM Phangiso,0,0,"",""
ball,2,13.3,New Zealand,MJ Guptill,BB McCullum,AM Phangiso,0,5,"",""
ball,2,13.4,New Zealand,MJ Guptill,BB McCullum,AM Phangiso,0,0,"",""
ball,2,13.5,New Zealand,MJ Guptill,BB McCullum,AM Phangiso,6,0,"",""
ball,2,13.6,New Zealand,MJ Guptill,BB McCullum,AM Phangiso,0,0,"",""
ball,2,13.7,New Zealand,MJ Guptill,BB McCullum,AM Phangiso,6,0,"",""
ball,2,14.1,New Zealand,BB McCullum,MJ Guptill,R McLaren,1,0,"",""
ball,2,14.2,New Zealand,MJ Guptill,BB McCullum,R McLaren,2,0,"",""
ball,2,14.3,New Zealand,MJ Guptill,BB McCullum,R McLaren,0,0,"",""
ball,2,14.4,New Zealand,MJ Guptill,BB McCullum,R McLaren,1,0,"",""
ball,2,14.5,New Zealand,BB McCullum,MJ Guptill,R McLaren,1,0,"",""
ball,2,14.6,New Zealand,MJ Guptill,BB McCullum,R McLaren,1,0,"",""
ball,2,15.1,New Zealand,MJ Guptill,BB McCullum,M Morkel,0,0,"",""
ball,2,15.2,New Zealand,MJ Guptill,BB McCullum,M Morkel,1,0,"",""
ball,2,15.3,New Zealand,BB McCullum,MJ Guptill,M Morkel,0,0,"",""
ball,2,15.4,New Zealand,BB McCullum,MJ Guptill,M Morkel,4,0,"",""
ball,2,15.5,New Zealand,BB McCullum,MJ Guptill,M Morkel,0,0,"",""
ball,2,15.6,New Zealand,BB McCullum,MJ Guptill,M Morkel,4,0,"",""
ball,2,16.1,New Zealand,MJ Guptill,BB McCullum,R McLaren,1,0,"",""
ball,2,16.2,New Zealand,BB McCullum,MJ Guptill,R McLaren,0,1,"",""
ball,2,16.3,New Zealand,MJ Guptill,BB McCullum,R McLaren,4,0,"",""
ball,2,16.4,New Zealand,MJ Guptill,BB McCullum,R McLaren,1,1,"",""
ball,2,16.5,New Zealand,BB McCullum,MJ Guptill,R McLaren,1,0,"",""
ball,2,16.6,New Zealand,MJ Guptill,BB McCullum,R McLaren,1,0,"",""
ball,2,16.7,New Zealand,BB McCullum,MJ Guptill,R McLaren,0,0,caught,BB McCullum
ball,2,17.1,New Zealand,C Munro,MJ Guptill,M Morkel,0,0,"",""
ball,2,17.2,New Zealand,C Munro,MJ Guptill,M Morkel,1,0,"",""
ball,2,17.3,New Zealand,MJ Guptill,C Munro,M Morkel,2,0,"",""
ball,2,17.4,New Zealand,MJ Guptill,C Munro,M Morkel,4,0,"",""
ball,2,17.5,New Zealand,MJ Guptill,C Munro,M Morkel,1,0,"",""
ball,2,17.6,New Zealand,C Munro,MJ Guptill,M Morkel,1,0,"",""
ball,2,18.1,New Zealand,C Munro,MJ Guptill,RK Kleinveldt,1,0,"",""
ball,2,18.2,New Zealand,MJ Guptill,C Munro,RK Kleinveldt,1,0,"",""
ball,2,18.3,New Zealand,C Munro,MJ Guptill,RK Kleinveldt,2,0,"",""
ball,2,18.4,New Zealand,C Munro,MJ Guptill,RK Kleinveldt,2,0,"",""
ball,2,18.5,New Zealand,C Munro,MJ Guptill,RK Kleinveldt,1,0,"",""
ball,2,18.6,New Zealand,MJ Guptill,C Munro,RK Kleinveldt,4,0,"",""
