version,1.3.0
info,team,Sri Lanka
info,team,New Zealand
info,gender,male
info,season,2012/13
info,date,2012/10/30
info,venue,Pallekele International Cricket Stadium
info,city,
info,toss_winner,Sri Lanka
info,toss_decision,field
info,umpire,REJ Martinesz
info,umpire,RSA Palliyaguruge
info,reserve_umpire,MSK Nandiweera
info,tv_umpire,TH Wijewardene
info,match_referee,AJ Pycroft
info,outcome,no result
ball,1,0.1,New Zealand,RJ Nicol,TWM Latham,AD Mathews,0,0,"",""
ball,1,0.2,New Zealand,RJ Nicol,TWM Latham,AD Mathews,0,0,"",""
ball,1,0.3,New Zealand,RJ Nicol,TWM Latham,AD Mathews,0,0,"",""
ball,1,0.4,New Zealand,RJ Nicol,TWM Latham,AD Mathews,0,0,"",""
ball,1,0.5,New Zealand,RJ Nicol,TWM Latham,AD Mathews,0,0,"",""
ball,1,0.6,New Zealand,RJ Nicol,TWM Latham,AD Mathews,0,0,"",""
ball,1,1.1,New Zealand,TWM Latham,RJ Nicol,KMDN Kulasekara,0,0,"",""
ball,1,1.2,New Zealand,TWM Latham,RJ Nicol,KMDN Kulasekara,0,0,"",""
ball,1,1.3,New Zealand,TWM Latham,RJ Nicol,KMDN Kulasekara,0,0,"",""
ball,1,1.4,New Zealand,TWM Latham,RJ Nicol,KMDN Kulasekara,4,0,"",""
ball,1,1.5,New Zealand,TWM Latham,RJ Nicol,KMDN Kulasekara,0,0,bowled,TWM Latham
ball,1,1.6,New Zealand,BB McCullum,RJ Nicol,KMDN Kulasekara,0,1,"",""
ball,1,2.1,New Zealand,BB McCullum,RJ Nicol,AD Mathews,0,0,"",""
ball,1,2.2,New Zealand,BB McCullum,RJ Nicol,AD Mathews,0,0,"",""
ball,1,2.3,New Zealand,BB McCullum,RJ Nicol,AD Mathews,0,0,"",""
ball,1,2.4,New Zealand,BB McCullum,RJ Nicol,AD Mathews,0,0,"",""
ball,1,2.5,New Zealand,BB McCullum,RJ Nicol,AD Mathews,0,0,"",""
ball,1,2.6,New Zealand,BB McCullum,RJ Nicol,AD Mathews,1,0,"",""
ball,1,3.1,New Zealand,BB McCullum,RJ Nicol,KMDN Kulasekara,0,1,"",""
ball,1,3.2,New Zealand,BB McCullum,RJ Nicol,KMDN Kulasekara,0,1,"",""
ball,1,3.3,New Zealand,RJ Nicol,BB McCullum,KMDN Kulasekara,0,1,"",""
ball,1,3.4,New Zealand,RJ Nicol,BB McCullum,KMDN Kulasekara,0,0,"",""
ball,1,3.5,New Zealand,RJ Nicol,BB McCullum,KMDN Kulasekara,0,1,"",""
ball,1,3.6,New Zealand,BB McCullum,RJ Nicol,KMDN Kulasekara,0,0,"",""
ball,1,3.7,New Zealand,BB McCullum,RJ Nicol,KMDN Kulasekara,0,0,caught,BB McCullum
ball,1,3.8,New Zealand,RJ Nicol,LRPL Taylor,KMDN Kulasekara,0,0,"",""
ball,1,4.1,New Zealand,LRPL Taylor,RJ Nicol,AD Mathews,1,0,"",""
ball,1,4.2,New Zealand,RJ Nicol,LRPL Taylor,AD Mathews,0,0,"",""
ball,1,4.3,New Zealand,RJ Nicol,LRPL Taylor,AD Mathews,1,0,"",""
ball,1,4.4,New Zealand,LRPL Taylor,RJ Nicol,AD Mathews,0,0,"",""
ball,1,4.5,New Zealand,LRPL Taylor,RJ Nicol,AD Mathews,0,0,"",""
ball,1,4.6,New Zealand,LRPL Taylor,RJ Nicol,AD Mathews,1,0,"",""
ball,1,5.1,New Zealand,LRPL Taylor,RJ Nicol,RMS Eranga,0,1,"",""
ball,1,5.2,New Zealand,LRPL Taylor,RJ Nicol,RMS Eranga,0,0,"",""
ball,1,5.3,New Zealand,LRPL Taylor,RJ Nicol,RMS Eranga,1,0,"",""
ball,1,5.4,New Zealand,RJ Nicol,LRPL Taylor,RMS Eranga,0,0,lbw,RJ Nicol
ball,1,5.5,New Zealand,JEC Franklin,LRPL Taylor,RMS Eranga,0,0,"",""
ball,1,5.6,New Zealand,JEC Franklin,LRPL Taylor,RMS Eranga,0,0,"",""
ball,1,5.7,New Zealand,JEC Franklin,LRPL Taylor,RMS Eranga,1,0,"",""
ball,1,6.1,New Zealand,JEC Franklin,LRPL Taylor,NLTC Perera,0,0,"",""
ball,1,6.2,New Zealand,JEC Franklin,LRPL Taylor,NLTC Perera,0,0,"",""
ball,1,6.3,New Zealand,JEC Franklin,LRPL Taylor,NLTC Perera,1,0,"",""
ball,1,6.4,New Zealand,LRPL Taylor,JEC Franklin,NLTC Perera,1,0,"",""
ball,1,6.5,New Zealand,JEC Franklin,LRPL Taylor,NLTC Perera,0,0,caught,JEC Franklin
ball,1,6.6,New Zealand,BJ Watling,LRPL Taylor,NLTC Perera,0,1,"",""
ball,1,6.7,New Zealand,BJ Watling,LRPL Taylor,NLTC Perera,1,0,"",""
ball,1,7.1,New Zealand,BJ Watling,LRPL Taylor,RMS Eranga,0,0,"",""
ball,1,7.2,New Zealand,BJ Watling,LRPL Taylor,RMS Eranga,0,0,"",""
ball,1,7.3,New Zealand,BJ Watling,LRPL Taylor,RMS Eranga,0,0,"",""
ball,1,7.4,New Zealand,BJ Watling,LRPL Taylor,RMS Eranga,0,0,"",""
ball,1,7.5,New Zealand,BJ Watling,LRPL Taylor,RMS Eranga,4,0,"",""
ball,1,7.6,New Zealand,BJ Watling,LRPL Taylor,RMS Eranga,0,0,"",""
ball,1,8.1,New Zealand,LRPL Taylor,BJ Watling,NLTC Perera,0,0,"",""
ball,1,8.2,New Zealand,LRPL Taylor,BJ Watling,NLTC Perera,0,0,"",""
ball,1,8.3,New Zealand,LRPL Taylor,BJ Watling,NLTC Perera,0,0,caught,LRPL Taylor
ball,1,8.4,New Zealand,AM Ellis,BJ Watling,NLTC Perera,0,0,"",""
ball,1,8.5,New Zealand,AM Ellis,BJ Watling,NLTC Perera,1,0,"",""
ball,1,8.6,New Zealand,BJ Watling,AM Ellis,NLTC Perera,3,0,"",""
ball,1,9.1,New Zealand,BJ Watling,AM Ellis,A Dananjaya,0,0,"",""
ball,1,9.2,New Zealand,BJ Watling,AM Ellis,A Dananjaya,0,0,"",""
ball,1,9.3,New Zealand,BJ Watling,AM Ellis,A Dananjaya,0,0,caught,BJ Watling
ball,1,9.4,New Zealand,JDP Oram,AM Ellis,A Dananjaya,4,0,"",""
ball,1,9.5,New Zealand,JDP Oram,AM Ellis,A Dananjaya,1,0,"",""
ball,1,9.6,New Zealand,AM Ellis,JDP Oram,A Dananjaya,1,0,"",""
ball,1,10.1,New Zealand,AM Ellis,JDP Oram,NLTC Perera,0,0,"",""
ball,1,10.2,New Zealand,AM Ellis,JDP Oram,NLTC Perera,2,0,"",""
ball,1,10.3,New Zealand,AM Ellis,JDP Oram,NLTC Perera,4,0,"",""
ball,1,10.4,New Zealand,AM Ellis,JDP Oram,NLTC Perera,1,0,"",""
ball,1,10.5,New Zealand,JDP Oram,AM Ellis,NLTC Perera,1,0,"",""
ball,1,10.6,New Zealand,AM Ellis,JDP Oram,NLTC Perera,6,0,"",""
ball,1,11.1,New Zealand,JDP Oram,AM Ellis,A Dananjaya,1,0,"",""
ball,1,11.2,New Zealand,AM Ellis,JDP Oram,A Dananjaya,1,0,"",""
ball,1,11.3,New Zealand,JDP Oram,AM Ellis,A Dananjaya,1,0,"",""
ball,1,11.4,New Zealand,AM Ellis,JDP Oram,A Dananjaya,0,0,caught,AM Ellis
ball,1,11.5,New Zealand,JDP Oram,TG Southee,A Dananjaya,0,0,"",""
ball,1,11.6,New Zealand,JDP Oram,TG Southee,A Dananjaya,0,0,"",""
ball,1,12.1,New Zealand,TG Southee,JDP Oram,RMS Eranga,0,0,"",""
ball,1,12.2,New Zealand,TG Southee,JDP Oram,RMS Eranga,4,0,"",""
ball,1,12.3,New Zealand,TG Southee,JDP Oram,RMS Eranga,4,0,"",""
ball,1,12.4,New Zealand,TG Southee,JDP Oram,RMS Eranga,0,0,"",""
ball,1,12.5,New Zealand,TG Southee,JDP Oram,RMS Eranga,4,0,"",""
ball,1,12.6,New Zealand,TG Southee,JDP Oram,RMS Eranga,4,0,"",""
ball,1,13.1,New Zealand,JDP Oram,TG Southee,KMDN Kulasekara,1,0,"",""
ball,1,13.2,New Zealand,TG Southee,JDP Oram,KMDN Kulasekara,0,0,"",""
ball,1,13.3,New Zealand,TG Southee,JDP Oram,KMDN Kulasekara,2,0,"",""
ball,1,13.4,New Zealand,TG Southee,JDP Oram,KMDN Kulasekara,1,0,"",""
ball,1,13.5,New Zealand,JDP Oram,TG Southee,KMDN Kulasekara,1,0,"",""
ball,1,13.6,New Zealand,TG Southee,JDP Oram,KMDN Kulasekara,2,0,"",""
ball,2,0.1,Sri Lanka,EMDY Munaweera,TM Dilshan,KD Mills,1,0,"",""
ball,2,0.2,Sri Lanka,TM Dilshan,EMDY Munaweera,KD Mills,1,0,"",""
ball,2,0.3,Sri Lanka,EMDY Munaweera,TM Dilshan,KD Mills,1,0,"",""
ball,2,0.4,Sri Lanka,TM Dilshan,EMDY Munaweera,KD Mills,0,0,"",""
ball,2,0.5,Sri Lanka,TM Dilshan,EMDY Munaweera,KD Mills,0,0,"",""
ball,2,0.6,Sri Lanka,TM Dilshan,EMDY Munaweera,KD Mills,0,0,"",""
ball,2,1.1,Sri Lanka,EMDY Munaweera,TM Dilshan,JDP Oram,1,0,"",""
ball,2,1.2,Sri Lanka,TM Dilshan,EMDY Munaweera,JDP Oram,0,0,"",""
ball,2,1.3,Sri Lanka,TM Dilshan,EMDY Munaweera,JDP Oram,0,0,"",""
ball,2,1.4,Sri Lanka,TM Dilshan,EMDY Munaweera,JDP Oram,0,0,"",""
ball,2,1.5,Sri Lanka,TM Dilshan,EMDY Munaweera,JDP Oram,1,0,"",""
ball,2,1.6,Sri Lanka,EMDY Munaweera,TM Dilshan,JDP Oram,1,0,"",""
