version,1.3.0
info,team,West Indies
info,team,South Africa
info,gender,female
info,season,2012/13
info,date,2013/01/20
info,series,South Africa Women in West Indies T20I Series
info,match_number,2
info,venue,"Beausejour Stadium, Gros Islet"
info,city,St Lucia
info,toss_winner,West Indies
info,toss_decision,field
info,player_of_match,SF Daley
info,umpire,PJ Nero
info,umpire,JS Wilson
info,reserve_umpire,N Shivsankar
info,tv_umpire,N Duguid
info,match_referee,DT Jukes
info,winner,West Indies
info,winner_wickets,6
ball,1,0.1,South Africa,SA Fritz,TS Cordes,SL Munroe,1,0,"",""
ball,1,0.2,South Africa,TS Cordes,SA Fritz,SL Munroe,0,0,"",""
ball,1,0.3,South Africa,TS Cordes,SA Fritz,SL Munroe,0,0,"",""
ball,1,0.4,South Africa,TS Cordes,SA Fritz,SL Munroe,0,0,"",""
ball,1,0.5,South Africa,TS Cordes,SA Fritz,SL Munroe,0,0,"",""
ball,1,0.6,South Africa,TS Cordes,SA Fritz,SL Munroe,0,0,"",""
ball,1,1.1,South Africa,SA Fritz,TS Cordes,SF Daley,4,0,"",""
ball,1,1.2,South Africa,SA Fritz,TS Cordes,SF Daley,0,0,lbw,SA Fritz
ball,1,1.3,South Africa,M du Preez,TS Cordes,SF Daley,1,0,"",""
ball,1,1.4,South Africa,TS Cordes,M du Preez,SF Daley,0,0,"",""
ball,1,1.5,South Africa,TS Cordes,M du Preez,SF Daley,0,0,"",""
ball,1,1.6,South Africa,TS Cordes,M du Preez,SF Daley,0,0,"",""
ball,1,2.1,South Africa,M du Preez,TS Cordes,SL Munroe,0,0,"",""
ball,1,2.2,South Africa,M du Preez,TS Cordes,SL Munroe,0,0,"",""
ball,1,2.3,South Africa,M du Preez,TS Cordes,SL Munroe,0,1,"",""
ball,1,2.4,South Africa,M du Preez,TS Cordes,SL Munroe,0,0,"",""
ball,1,2.5,South Africa,M du Preez,TS Cordes,SL Munroe,0,0,"",""
ball,1,2.6,South Africa,M du Preez,TS Cordes,SL Munroe,0,0,"",""
ball,1,2.7,South Africa,M du Preez,TS Cordes,SL Munroe,1,0,"",""
ball,1,3.1,South Africa,M du Preez,TS Cordes,SF Daley,4,0,"",""
ball,1,3.2,South Africa,M du Preez,TS Cordes,SF Daley,1,0,"",""
ball,1,3.3,South Africa,TS Cordes,M du Preez,SF Daley,0,0,"",""
ball,1,3.4,South Africa,TS Cordes,M du Preez,SF Daley,0,0,"",""
ball,1,3.5,South Africa,TS Cordes,M du Preez,SF Daley,0,0,"",""
ball,1,3.6,South Africa,TS Cordes,M du Preez,SF Daley,0,0,lbw,TS Cordes
ball,1,4.1,South Africa,M du Preez,M Kapp,SL Munroe,0,0,"",""
ball,1,4.2,South Africa,M du Preez,M Kapp,SL Munroe,0,0,"",""
ball,1,4.3,South Africa,M du Preez,M Kapp,SL Munroe,1,0,"",""
ball,1,4.4,South Africa,M Kapp,M du Preez,SL Munroe,4,0,"",""
ball,1,4.5,South Africa,M Kapp,M du Preez,SL Munroe,4,0,"",""
ball,1,4.6,South Africa,M Kapp,M du Preez,SL Munroe,1,0,"",""
ball,1,5.1,South Africa,M Kapp,M du Preez,A Mohammed,2,0,"",""
ball,1,5.2,South Africa,M Kapp,M du Preez,A Mohammed,0,0,"",""
ball,1,5.3,South Africa,M Kapp,M du Preez,A Mohammed,0,0,run out,M Kapp
ball,1,5.4,South Africa,M du Preez,C Brits,A Mohammed,0,0,"",""
ball,1,5.5,South Africa,M du Preez,C Brits,A Mohammed,0,0,"",""
ball,1,5.6,South Africa,M du Preez,C Brits,A Mohammed,0,0,"",""
ball,1,6.1,South Africa,C Brits,M du Preez,SL Quintyne,0,0,"",""
ball,1,6.2,South Africa,C Brits,M du Preez,SL Quintyne,0,0,stumped,C Brits
ball,1,6.3,South Africa,T Chetty,M du Preez,SL Quintyne,0,0,"",""
ball,1,6.4,South Africa,T Chetty,M du Preez,SL Quintyne,0,0,"",""
ball,1,6.5,South Africa,T Chetty,M du Preez,SL Quintyne,0,0,"",""
ball,1,6.6,South Africa,T Chetty,M du Preez,SL Quintyne,1,0,"",""
ball,1,7.1,South Africa,T Chetty,M du Preez,A Mohammed,1,0,"",""
ball,1,7.2,South Africa,M du Preez,T Chetty,A Mohammed,1,0,"",""
ball,1,7.3,South Africa,T Chetty,M du Preez,A Mohammed,0,0,"",""
ball,1,7.4,South Africa,T Chetty,M du Preez,A Mohammed,0,0,"",""
ball,1,7.5,South Africa,T Chetty,M du Preez,A Mohammed,1,0,"",""
ball,1,7.6,South Africa,M du Preez,T Chetty,A Mohammed,0,0,"",""
ball,1,8.1,South Africa,T Chetty,M du Preez,SL Quintyne,0,0,"",""
ball,1,8.2,South Africa,T Chetty,M du Preez,SL Quintyne,1,0,"",""
ball,1,8.3,South Africa,M du Preez,T Chetty,SL Quintyne,0,0,"",""
ball,1,8.4,South Africa,M du Preez,T Chetty,SL Quintyne,0,1,"",""
ball,1,8.5,South Africa,M du Preez,T Chetty,SL Quintyne,0,0,"",""
ball,1,8.6,South Africa,M du Preez,T Chetty,SL Quintyne,0,0,"",""
ball,1,8.7,South Africa,M du Preez,T Chetty,SL Quintyne,1,0,"",""
ball,1,9.1,South Africa,M du Preez,T Chetty,A Mohammed,0,0,"",""
ball,1,9.2,South Africa,M du Preez,T Chetty,A Mohammed,1,0,"",""
ball,1,9.3,South Africa,T Chetty,M du Preez,A Mohammed,1,0,"",""
ball,1,9.4,South Africa,M du Preez,T Chetty,A Mohammed,0,0,"",""
ball,1,9.5,South Africa,M du Preez,T Chetty,A Mohammed,0,0,"",""
ball,1,9.6,South Africa,M du Preez,T Chetty,A Mohammed,1,0,"",""
ball,1,10.1,South Africa,M du Preez,T Chetty,SA Campbelle,1,0,"",""
ball,1,10.2,South Africa,T Chetty,M du Preez,SA Campbelle,1,0,"",""
ball,1,10.3,South Africa,M du Preez,T Chetty,SA Campbelle,0,0,"",""
ball,1,10.4,South Africa,M du Preez,T Chetty,SA Campbelle,1,0,"",""
ball,1,10.5,South Africa,T Chetty,M du Preez,SA Campbelle,1,0,"",""
ball,1,10.6,South Africa,M du Preez,T Chetty,SA Campbelle,0,0,"",""
ball,1,11.1,South Africa,T Chetty,M du Preez,A Mohammed,0,0,"",""
ball,1,11.2,South Africa,T Chetty,M du Preez,A Mohammed,1,0,"",""
ball,1,11.3,South Africa,M du Preez,T Chetty,A Mohammed,1,0,"",""
ball,1,11.4,South Africa,T Chetty,M du Preez,A Mohammed,2,0,"",""
ball,1,11.5,South Africa,T Chetty,M du Preez,A Mohammed,1,0,"",""
ball,1,11.6,South Africa,M du Preez,T Chetty,A Mohammed,0,0,"",""
ball,1,12.1,South Africa,T Chetty,M du Preez,SA Campbelle,0,0,"",""
ball,1,12.2,South Africa,T Chetty,M du Preez,SA Campbelle,1,0,"",""
ball,1,12.3,South Africa,M du Preez,T Chetty,SA Campbelle,0,0,"",""
ball,1,12.4,South Africa,M du Preez,T Chetty,SA Campbelle,4,0,"",""
ball,1,12.5,South Africa,M du Preez,T Chetty,SA Campbelle,1,0,"",""
ball,1,12.6,South Africa,T Chetty,M du Preez,SA Campbelle,4,0,"",""
ball,1,13.1,South Africa,M du Preez,T Chetty,SF Daley,2,0,"",""
ball,1,13.2,South Africa,M du Preez,T Chetty,SF Daley,0,0,"",""
ball,1,13.3,South Africa,M du Preez,T Chetty,SF Daley,4,0,"",""
ball,1,13.4,South Africa,M du Preez,T Chetty,SF Daley,0,0,"",""
ball,1,13.5,South Africa,M du Preez,T Chetty,SF Daley,0,0,"",""
ball,1,13.6,South Africa,M du Preez,T Chetty,SF Daley,0,0,caught and bowled,M du Preez
ball,1,14.1,South Africa,T Chetty,D van Niekerk,SL Munroe,1,0,"",""
ball,1,14.2,South Africa,D van Niekerk,T Chetty,SL Munroe,1,0,"",""
ball,1,14.3,South Africa,T Chetty,D van Niekerk,SL Munroe,0,0,"",""
ball,1,14.4,South Africa,T Chetty,D van Niekerk,SL Munroe,1,0,"",""
ball,1,14.5,South Africa,D van Niekerk,T Chetty,SL Munroe,0,1,"",""
ball,1,14.6,South Africa,T Chetty,D van Niekerk,SL Munroe,1,0,"",""
ball,1,15.1,South Africa,T Chetty,D van Niekerk,SA Campbelle,1,0,"",""
ball,1,15.2,South Africa,D van Niekerk,T Chetty,SA Campbelle,1,0,"",""
ball,1,15.3,South Africa,T Chetty,D van Niekerk,SA Campbelle,1,0,"",""
ball,1,15.4,South Africa,D van Niekerk,T Chetty,SA Campbelle,0,1,"",""
ball,1,15.5,South Africa,D van Niekerk,T Chetty,SA Campbelle,1,0,"",""
ball,1,15.6,South Africa,T Chetty,D van Niekerk,SA Campbelle,1,0,"",""
ball,1,15.7,South Africa,D van Niekerk,T Chetty,SA Campbelle,1,0,"",""
ball,1,16.1,South Africa,D van Niekerk,T Chetty,SL Quintyne,0,0,"",""
ball,1,16.2,South Africa,D van Niekerk,T Chetty,SL Quintyne,4,0,"",""
ball,1,16.3,South Africa,D van Niekerk,T Chetty,SL Quintyne,0,0,"",""
ball,1,16.4,South Africa,D van Niekerk,T Chetty,SL Quintyne,1,0,"",""
ball,1,16.5,South Africa,T Chetty,D van Niekerk,SL Quintyne,0,0,"",""
ball,1,16.6,South Africa,T Chetty,D van Niekerk,SL Quintyne,0,0,"",""
ball,1,17.1,South Africa,D van Niekerk,T Chetty,SA Campbelle,1,0,"",""
ball,1,17.2,South Africa,T Chetty,D van Niekerk,SA Campbelle,0,0,"",""
ball,1,17.3,South Africa,T Chetty,D van Niekerk,SA Campbelle,0,0,caught,T Chetty
ball,1,17.4,South Africa,D van Niekerk,Y Potgieter,SA Campbelle,1,0,"",""
ball,1,17.5,South Africa,Y Potgieter,D van Niekerk,SA Campbelle,0,0,"",""
ball,1,17.6,South Africa,Y Potgieter,D van Niekerk,SA Campbelle,0,1,"",""
ball,1,17.7,South Africa,Y Potgieter,D van Niekerk,SA Campbelle,0,0,"",""
ball,1,18.1,South Africa,D van Niekerk,Y Potgieter,SL Quintyne,1,0,"",""
ball,1,18.2,South Africa,Y Potgieter,D van Niekerk,SL Quintyne,1,0,"",""
ball,1,18.3,South Africa,D van Niekerk,Y Potgieter,SL Quintyne,2,0,"",""
ball,1,18.4,South Africa,D van Niekerk,Y Potgieter,SL Quintyne,2,0,"",""
ball,1,18.5,South Africa,D van Niekerk,Y Potgieter,SL Quintyne,1,0,"",""
ball,1,18.6,South Africa,Y Potgieter,D van Niekerk,SL Quintyne,0,0,"",""
ball,1,19.1,South Africa,D van Niekerk,Y Potgieter,SF Daley,0,0,"",""
ball,1,19.2,South Africa,D van Niekerk,Y Potgieter,SF Daley,1,0,"",""
ball,1,19.3,South Africa,Y Potgieter,D van Niekerk,SF Daley,4,0,"",""
ball,1,19.4,South Africa,Y Potgieter,D van Niekerk,SF Daley,0,1,"",""
ball,1,19.5,South Africa,D van Niekerk,Y Potgieter,SF Daley,0,0,"",""
ball,1,19.6,South Africa,D van Niekerk,Y Potgieter,SF Daley,1,0,"",""
ball,2,0.1,West Indies,JB Nero,NY McLean,M Kapp,0,0,"",""
ball,2,0.2,West Indies,JB Nero,NY McLean,M Kapp,0,0,bowled,JB Nero
ball,2,0.3,West Indies,Kyshona A Knight,NY McLean,M Kapp,0,0,"",""
ball,2,0.4,West Indies,Kyshona A Knight,NY McLean,M Kapp,0,0,"",""
ball,2,0.5,West Indies,Kyshona A Knight,NY McLean,M Kapp,0,0,"",""
ball,2,0.6,West Indies,Kyshona A Knight,NY McLean,M Kapp,0,0,"",""
ball,2,1.1,West Indies,NY McLean,Kyshona A Knight,CL Tryon,0,0,"",""
ball,2,1.2,West Indies,NY McLean,Kyshona A Knight,CL Tryon,0,1,"",""
ball,2,1.3,West Indies,NY McLean,Kyshona A Knight,CL Tryon,0,0,"",""
ball,2,1.4,West Indies,NY McLean,Kyshona A Knight,CL Tryon,2,0,"",""
ball,2,1.5,West Indies,NY McLean,Kyshona A Knight,CL Tryon,0,0,"",""
ball,2,1.6,West Indies,NY McLean,Kyshona A Knight,CL Tryon,1,0,"",""
ball,2,1.7,West Indies,Kyshona A Knight,NY McLean,CL Tryon,1,0,"",""
ball,2,2.1,West Indies,Kyshona A Knight,NY McLean,M Kapp,0,0,"",""
ball,2,2.2,West Indies,Kyshona A Knight,NY McLean,M Kapp,0,0,"",""
ball,2,2.3,West Indies,Kyshona A Knight,NY McLean,M Kapp,0,0,"",""
ball,2,2.4,West Indies,Kyshona A Knight,NY McLean,M Kapp,1,0,"",""
ball,2,2.5,West Indies,NY McLean,Kyshona A Knight,M Kapp,0,0,"",""
ball,2,2.6,West Indies,NY McLean,Kyshona A Knight,M Kapp,0,0,"",""
ball,2,3.1,West Indies,Kyshona A Knight,NY McLean,CL Tryon,4,0,"",""
ball,2,3.2,West Indies,Kyshona A Knight,NY McLean,CL Tryon,0,0,"",""
ball,2,3.3,West Indies,Kyshona A Knight,NY McLean,CL Tryon,0,1,"",""
ball,2,3.4,West Indies,Kyshona A Knight,NY McLean,CL Tryon,2,0,"",""
ball,2,3.5,West Indies,Kyshona A Knight,NY McLean,CL Tryon,4,0,"",""
ball,2,3.6,West Indies,Kyshona A Knight,NY McLean,CL Tryon,0,0,"",""
ball,2,3.7,West Indies,Kyshona A Knight,NY McLean,CL Tryon,0,0,"",""
ball,2,4.1,West Indies,NY McLean,Kyshona A Knight,MM Letsoalo,0,0,"",""
ball,2,4.2,West Indies,NY McLean,Kyshona A Knight,MM Letsoalo,0,0,"",""
ball,2,4.3,West Indies,NY McLean,Kyshona A Knight,MM Letsoalo,0,1,"",""
ball,2,4.4,West Indies,Kyshona A Knight,NY McLean,MM Letsoalo,0,0,"",""
ball,2,4.5,West Indies,Kyshona A Knight,NY McLean,MM Letsoalo,0,0,caught,Kyshona A Knight
ball,2,4.6,West Indies,SA Campbelle,NY McLean,MM Letsoalo,1,0,"",""
ball,2,5.1,West Indies,SA Campbelle,NY McLean,Y Potgieter,0,0,"",""
ball,2,5.2,West Indies,SA Campbelle,NY McLean,Y Potgieter,1,0,"",""
ball,2,5.3,West Indies,NY McLean,SA Campbelle,Y Potgieter,0,0,"",""
ball,2,5.4,West Indies,NY McLean,SA Campbelle,Y Potgieter,0,1,"",""
ball,2,5.5,West Indies,SA Campbelle,NY McLean,Y Potgieter,0,0,"",""
ball,2,5.6,West Indies,SA Campbelle,NY McLean,Y Potgieter,4,0,"",""
ball,2,6.1,West Indies,NY McLean,SA Campbelle,MM Letsoalo,1,0,"",""
ball,2,6.2,West Indies,SA Campbelle,NY McLean,MM Letsoalo,0,1,"",""
ball,2,6.3,West Indies,SA Campbelle,NY McLean,MM Letsoalo,2,0,"",""
ball,2,6.4,West Indies,SA Campbelle,NY McLean,MM Letsoalo,1,0,"",""
ball,2,6.5,West Indies,NY McLean,SA Campbelle,MM Letsoalo,0,0,"",""
ball,2,6.6,West Indies,NY McLean,SA Campbelle,MM Letsoalo,0,0,"",""
ball,2,6.7,West Indies,NY McLean,SA Campbelle,MM Letsoalo,1,0,"",""
ball,2,7.1,West Indies,NY McLean,SA Campbelle,Y Potgieter,0,0,"",""
ball,2,7.2,West Indies,NY McLean,SA Campbelle,Y Potgieter,1,0,"",""
ball,2,7.3,West Indies,SA Campbelle,NY McLean,Y Potgieter,1,0,"",""
ball,2,7.4,West Indies,NY McLean,SA Campbelle,Y Potgieter,1,0,"",""
ball,2,7.5,West Indies,SA Campbelle,NY McLean,Y Potgieter,0,0,"",""
ball,2,7.6,West Indies,SA Campbelle,NY McLean,Y Potgieter,1,0,"",""
ball,2,8.1,West Indies,SA Campbelle,NY McLean,D van Niekerk,1,0,"",""
ball,2,8.2,West Indies,NY McLean,SA Campbelle,D van Niekerk,1,0,"",""
ball,2,8.3,West Indies,SA Campbelle,NY McLean,D van Niekerk,1,0,"",""
ball,2,8.4,West Indies,NY McLean,SA Campbelle,D van Niekerk,0,0,"",""
ball,2,8.5,West Indies,NY McLean,SA Campbelle,D van Niekerk,1,0,"",""
ball,2,8.6,West Indies,SA Campbelle,NY McLean,D van Niekerk,1,0,"",""
ball,2,9.1,West Indies,SA Campbelle,NY McLean,D Devnarain,0,0,"",""
ball,2,9.2,West Indies,SA Campbelle,NY McLean,D Devnarain,1,0,"",""
ball,2,9.3,West Indies,NY McLean,SA Campbelle,D Devnarain,1,0,"",""
ball,2,9.4,West Indies,SA Campbelle,NY McLean,D Devnarain,1,0,"",""
ball,2,9.5,West Indies,NY McLean,SA Campbelle,D Devnarain,0,0,"",""
ball,2,9.6,West Indies,NY McLean,SA Campbelle,D Devnarain,1,0,"",""
ball,2,10.1,West Indies,NY McLean,SA Campbelle,D van Niekerk,0,0,"",""
ball,2,10.2,West Indies,NY McLean,SA Campbelle,D van Niekerk,0,0,"",""
ball,2,10.3,West Indies,NY McLean,SA Campbelle,D van Niekerk,1,0,"",""
ball,2,10.4,West Indies,SA Campbelle,NY McLean,D van Niekerk,1,0,"",""
ball,2,10.5,West Indies,NY McLean,SA Campbelle,D van Niekerk,0,0,"",""
ball,2,10.6,West Indies,NY McLean,SA Campbelle,D van Niekerk,0,0,"",""
ball,2,11.1,West Indies,SA Campbelle,NY McLean,D Devnarain,2,0,"",""
ball,2,11.2,West Indies,SA Campbelle,NY McLean,D Devnarain,1,0,"",""
ball,2,11.3,West Indies,NY McLean,SA Campbelle,D Devnarain,1,0,"",""
ball,2,11.4,West Indies,SA Campbelle,NY McLean,D Devnarain,0,0,"",""
ball,2,11.5,West Indies,SA Campbelle,NY McLean,D Devnarain,2,0,"",""
ball,2,11.6,West Indies,SA Campbelle,NY McLean,D Devnarain,6,0,"",""
ball,2,12.1,West Indies,NY McLean,SA Campbelle,MM Letsoalo,0,0,"",""
ball,2,12.2,West Indies,NY McLean,SA Campbelle,MM Letsoalo,4,0,"",""
ball,2,12.3,West Indies,NY McLean,SA Campbelle,MM Letsoalo,1,0,"",""
ball,2,12.4,West Indies,SA Campbelle,NY McLean,MM Letsoalo,2,0,"",""
ball,2,12.5,West Indies,SA Campbelle,NY McLean,MM Letsoalo,1,0,"",""
ball,2,12.6,West Indies,NY McLean,SA Campbelle,MM Letsoalo,1,0,"",""
ball,2,13.1,West Indies,NY McLean,SA Campbelle,CL Tryon,1,0,"",""
ball,2,13.2,West Indies,SA Campbelle,NY McLean,CL Tryon,1,0,"",""
ball,2,13.3,West Indies,NY McLean,SA Campbelle,CL Tryon,1,0,"",""
ball,2,13.4,West Indies,SA Campbelle,NY McLean,CL Tryon,1,0,"",""
ball,2,13.5,West Indies,NY McLean,SA Campbelle,CL Tryon,0,1,"",""
ball,2,13.6,West Indies,NY McLean,SA Campbelle,CL Tryon,1,0,"",""
ball,2,13.7,West Indies,SA Campbelle,NY McLean,CL Tryon,0,0,"",""
ball,2,14.1,West Indies,NY McLean,SA Campbelle,M Kapp,1,0,"",""
ball,2,14.2,West Indies,SA Campbelle,NY McLean,M Kapp,0,0,caught,SA Campbelle
ball,2,14.3,West Indies,DJS Dottin,NY McLean,M Kapp,0,4,"",""
ball,2,14.4,West Indies,DJS Dottin,NY McLean,M Kapp,1,0,"",""
ball,2,14.5,West Indies,NY McLean,DJS Dottin,M Kapp,0,0,caught,NY McLean
ball,2,14.6,West Indies,SF Daley,DJS Dottin,M Kapp,0,0,"",""
ball,2,15.1,West Indies,DJS Dottin,SF Daley,Y Potgieter,1,0,"",""
ball,2,15.2,West Indies,SF Daley,DJS Dottin,Y Potgieter,4,0,"",""
ball,2,15.3,West Indies,SF Daley,DJS Dottin,Y Potgieter,2,0,"",""
ball,2,15.4,West Indies,SF Daley,DJS Dottin,Y Potgieter,2,0,"",""
ball,2,15.5,West Indies,SF Daley,DJS Dottin,Y Potgieter,0,0,"",""
ball,2,15.6,West Indies,SF Daley,DJS Dottin,Y Potgieter,1,0,"",""
ball,2,16.1,West Indies,SF Daley,DJS Dottin,M Kapp,0,0,"",""
ball,2,16.2,West Indies,SF Daley,DJS Dottin,M Kapp,0,0,"",""
ball,2,16.3,West Indies,SF Daley,DJS Dottin,M Kapp,0,0,"",""
ball,2,16.4,West Indies,SF Daley,DJS Dottin,M Kapp,0,0,"",""
ball,2,16.5,West Indies,SF Daley,DJS Dottin,M Kapp,0,0,"",""
ball,2,16.6,West Indies,SF Daley,DJS Dottin,M Kapp,0,0,"",""
ball,2,17.1,West Indies,DJS Dottin,SF Daley,MM Letsoalo,4,0,"",""
ball,2,17.2,West Indies,DJS Dottin,SF Daley,MM Letsoalo,4,0,"",""
