version,1.3.0
info,team,India
info,team,Pakistan
info,gender,male
info,season,2012/13
info,date,2012/12/28
info,series,Pakistan in India T20I Series
info,match_number,2
info,venue,"Sardar Patel Stadium, Motera"
info,city,Ahmedabad
info,toss_winner,Pakistan
info,toss_decision,field
info,player_of_match,Yuvraj Singh
info,umpire,S Asnani
info,umpire,VA Kulkarni
info,reserve_umpire,PG Pathak
info,tv_umpire,C Shamshuddin
info,match_referee,RS Mahanama
info,winner,India
info,winner_runs,11
ball,1,0.1,India,G Gambhir,AM Rahane,Mohammad Irfan,1,0,"",""
ball,1,0.2,India,AM Rahane,G Gambhir,Mohammad Irfan,0,0,"",""
ball,1,0.3,India,AM Rahane,G Gambhir,Mohammad Irfan,4,0,"",""
ball,1,0.4,India,AM Rahane,G Gambhir,Mohammad Irfan,0,0,"",""
ball,1,0.5,India,AM Rahane,G Gambhir,Mohammad Irfan,1,0,"",""
ball,1,0.6,India,G Gambhir,AM Rahane,Mohammad Irfan,1,0,"",""
ball,1,1.1,India,G Gambhir,AM Rahane,Sohail Tanvir,4,0,"",""
ball,1,1.2,India,G Gambhir,AM Rahane,Sohail Tanvir,1,0,"",""
ball,1,1.3,India,AM Rahane,G Gambhir,Sohail Tanvir,4,0,"",""
ball,1,1.4,India,AM Rahane,G Gambhir,Sohail Tanvir,0,0,"",""
ball,1,1.5,India,AM Rahane,G Gambhir,Sohail Tanvir,0,0,"",""
ball,1,1.6,India,AM Rahane,G Gambhir,Sohail Tanvir,1,0,"",""
ball,1,2.1,India,AM Rahane,G Gambhir,Mohammad Irfan,0,0,"",""
ball,1,2.2,India,AM Rahane,G Gambhir,Mohammad Irfan,0,0,"",""
ball,1,2.3,India,AM Rahane,G Gambhir,Mohammad Irfan,1,0,"",""
ball,1,2.4,India,G Gambhir,AM Rahane,Mohammad Irfan,1,0,"",""
ball,1,2.5,India,AM Rahane,G Gambhir,Mohammad Irfan,1,0,"",""
ball,1,2.6,India,G Gambhir,AM Rahane,Mohammad Irfan,0,0,"",""
ball,1,3.1,India,AM Rahane,G Gambhir,Sohail Tanvir,1,0,"",""
ball,1,3.2,India,G Gambhir,AM Rahane,Sohail Tanvir,1,0,"",""
ball,1,3.3,India,AM Rahane,G Gambhir,Sohail Tanvir,4,0,"",""
ball,1,3.4,India,AM Rahane,G Gambhir,Sohail Tanvir,4,0,"",""
ball,1,3.5,India,AM Rahane,G Gambhir,Sohail Tanvir,0,0,"",""
ball,1,3.6,India,AM Rahane,G Gambhir,Sohail Tanvir,1,0,"",""
ball,1,4.1,India,AM Rahane,G Gambhir,Umar Gul,1,0,"",""
ball,1,4.2,India,G Gambhir,AM Rahane,Umar Gul,4,0,"",""
ball,1,4.3,India,G Gambhir,AM Rahane,Umar Gul,4,0,"",""
ball,1,4.4,India,G Gambhir,AM Rahane,Umar Gul,4,0,"",""
ball,1,4.5,India,G Gambhir,AM Rahane,Umar Gul,0,0,lbw,G Gambhir
ball,1,4.6,India,V Kohli,AM Rahane,Umar Gul,0,0,"",""
ball,1,5.1,India,AM Rahane,V Kohli,Saeed Ajmal,0,0,"",""
ball,1,5.2,India,AM Rahane,V Kohli,Saeed Ajmal,0,0,"",""
ball,1,5.3,India,AM Rahane,V Kohli,Saeed Ajmal,1,0,"",""
ball,1,5.4,India,V Kohli,AM Rahane,Saeed Ajmal,1,0,"",""
ball,1,5.5,India,AM Rahane,V Kohli,Saeed Ajmal,1,0,"",""
ball,1,5.6,India,V Kohli,AM Rahane,Saeed Ajmal,1,0,"",""
ball,1,6.1,India,V Kohli,AM Rahane,Umar Gul,1,0,"",""
ball,1,6.2,India,AM Rahane,V Kohli,Umar Gul,2,0,"",""
ball,1,6.3,India,AM Rahane,V Kohli,Umar Gul,0,0,"",""
ball,1,6.4,India,AM Rahane,V Kohli,Umar Gul,1,0,"",""
ball,1,6.5,India,V Kohli,AM Rahane,Umar Gul,1,0,"",""
ball,1,6.6,India,AM Rahane,V Kohli,Umar Gul,0,0,caught and bowled,AM Rahane
ball,1,7.1,India,V Kohli,Yuvraj Singh,Mohammad Irfan,0,0,"",""
ball,1,7.2,India,V Kohli,Yuvraj Singh,Mohammad Irfan,1,0,"",""
ball,1,7.3,India,Yuvraj Singh,V Kohli,Mohammad Irfan,0,0,"",""
ball,1,7.4,India,Yuvraj Singh,V Kohli,Mohammad Irfan,0,0,"",""
ball,1,7.5,India,Yuvraj Singh,V Kohli,Mohammad Irfan,0,1,"",""
ball,1,7.6,India,V Kohli,Yuvraj Singh,Mohammad Irfan,4,0,"",""
ball,1,8.1,India,Yuvraj Singh,V Kohli,Shahid Afridi,1,0,"",""
ball,1,8.2,India,V Kohli,Yuvraj Singh,Shahid Afridi,0,0,"",""
ball,1,8.3,India,V Kohli,Yuvraj Singh,Shahid Afridi,1,0,"",""
ball,1,8.4,India,Yuvraj Singh,V Kohli,Shahid Afridi,1,0,"",""
ball,1,8.5,India,V Kohli,Yuvraj Singh,Shahid Afridi,1,0,"",""
ball,1,8.6,India,Yuvraj Singh,V Kohli,Shahid Afridi,1,0,"",""
ball,1,9.1,India,Yuvraj Singh,V Kohli,Saeed Ajmal,1,0,"",""
ball,1,9.2,India,V Kohli,Yuvraj Singh,Saeed Ajmal,4,0,"",""
ball,1,9.3,India,V Kohli,Yuvraj Singh,Saeed Ajmal,1,0,"",""
ball,1,9.4,India,Yuvraj Singh,V Kohli,Saeed Ajmal,1,0,"",""
ball,1,9.5,India,V Kohli,Yuvraj Singh,Saeed Ajmal,1,0,"",""
ball,1,9.6,India,Yuvraj Singh,V Kohli,Saeed Ajmal,0,0,"",""
ball,1,10.1,India,V Kohli,Yuvraj Singh,Shahid Afridi,4,0,"",""
ball,1,10.2,India,V Kohli,Yuvraj Singh,Shahid Afridi,1,0,"",""
ball,1,10.3,India,Yuvraj Singh,V Kohli,Shahid Afridi,1,0,"",""
ball,1,10.4,India,V Kohli,Yuvraj Singh,Shahid Afridi,0,0,"",""
ball,1,10.5,India,V Kohli,Yuvraj Singh,Shahid Afridi,1,0,"",""
ball,1,10.6,India,Yuvraj Singh,V Kohli,Shahid Afridi,4,0,"",""
ball,1,11.1,India,V Kohli,Yuvraj Singh,Sohail Tanvir,2,0,"",""
ball,1,11.2,India,V Kohli,Yuvraj Singh,Sohail Tanvir,1,0,"",""
ball,1,11.3,India,Yuvraj Singh,V Kohli,Sohail Tanvir,1,0,"",""
ball,1,11.4,India,V Kohli,Yuvraj Singh,Sohail Tanvir,0,0,"",""
ball,1,11.5,India,V Kohli,Yuvraj Singh,Sohail Tanvir,1,0,"",""
ball,1,11.6,India,Yuvraj Singh,V Kohli,Sohail Tanvir,0,0,run out,V Kohli
ball,1,12.1,India,Yuvraj Singh,MS Dhoni,Shahid Afridi,1,0,"",""
ball,1,12.2,India,MS Dhoni,Yuvraj Singh,Shahid Afridi,4,0,"",""
ball,1,12.3,India,MS Dhoni,Yuvraj Singh,Shahid Afridi,1,0,"",""
ball,1,12.4,India,Yuvraj Singh,MS Dhoni,Shahid Afridi,6,0,"",""
ball,1,12.5,India,Yuvraj Singh,MS Dhoni,Shahid Afridi,4,0,"",""
ball,1,12.6,India,Yuvraj Singh,MS Dhoni,Shahid Afridi,1,0,"",""
ball,1,13.1,India,Yuvraj Singh,MS Dhoni,Mohammad Irfan,1,0,"",""
ball,1,13.2,India,MS Dhoni,Yuvraj Singh,Mohammad Irfan,2,0,"",""
ball,1,13.3,India,MS Dhoni,Yuvraj Singh,Mohammad Irfan,0,0,"",""
ball,1,13.4,India,MS Dhoni,Yuvraj Singh,Mohammad Irfan,2,0,"",""
ball,1,13.5,India,MS Dhoni,Yuvraj Singh,Mohammad Irfan,0,0,"",""
ball,1,13.6,India,MS Dhoni,Yuvraj Singh,Mohammad Irfan,0,0,"",""
ball,1,14.1,India,Yuvraj Singh,MS Dhoni,Saeed Ajmal,6,0,"",""
ball,1,14.2,India,Yuvraj Singh,MS Dhoni,Saeed Ajmal,0,0,"",""
ball,1,14.3,India,Yuvraj Singh,MS Dhoni,Saeed Ajmal,1,0,"",""
ball,1,14.4,India,MS Dhoni,Yuvraj Singh,Saeed Ajmal,0,0,"",""
ball,1,14.5,India,MS Dhoni,Yuvraj Singh,Saeed Ajmal,1,0,"",""
ball,1,14.6,India,Yuvraj Singh,MS Dhoni,Saeed Ajmal,0,0,"",""
ball,1,15.1,India,MS Dhoni,Yuvraj Singh,Umar Gul,0,4,"",""
ball,1,15.2,India,MS Dhoni,Yuvraj Singh,Umar Gul,2,0,"",""
ball,1,15.3,India,MS Dhoni,Yuvraj Singh,Umar Gul,4,0,"",""
ball,1,15.4,India,MS Dhoni,Yuvraj Singh,Umar Gul,4,0,"",""
ball,1,15.5,India,MS Dhoni,Yuvraj Singh,Umar Gul,1,0,"",""
ball,1,15.6,India,Yuvraj Singh,MS Dhoni,Umar Gul,0,0,"",""
ball,1,16.1,India,MS Dhoni,Yuvraj Singh,Mohammad Hafeez,1,0,"",""
ball,1,16.2,India,Yuvraj Singh,MS Dhoni,Mohammad Hafeez,0,0,"",""
ball,1,16.3,India,Yuvraj Singh,MS Dhoni,Mohammad Hafeez,4,0,"",""
ball,1,16.4,India,Yuvraj Singh,MS Dhoni,Mohammad Hafeez,1,0,"",""
ball,1,16.5,India,MS Dhoni,Yuvraj Singh,Mohammad Hafeez,1,0,"",""
ball,1,16.6,India,Yuvraj Singh,MS Dhoni,Mohammad Hafeez,4,0,"",""
ball,1,17.1,India,MS Dhoni,Yuvraj Singh,Sohail Tanvir,1,0,"",""
ball,1,17.2,India,Yuvraj Singh,MS Dhoni,Sohail Tanvir,6,0,"",""
ball,1,17.3,India,Yuvraj Singh,MS Dhoni,Sohail Tanvir,6,0,"",""
ball,1,17.4,India,Yuvraj Singh,MS Dhoni,Sohail Tanvir,0,0,"",""
ball,1,17.5,India,Yuvraj Singh,MS Dhoni,Sohail Tanvir,1,0,"",""
ball,1,17.6,India,MS Dhoni,Yuvraj Singh,Sohail Tanvir,4,0,"",""
ball,1,18.1,India,Yuvraj Singh,MS Dhoni,Saeed Ajmal,1,0,"",""
ball,1,18.2,India,MS Dhoni,Yuvraj Singh,Saeed Ajmal,2,0,"",""
ball,1,18.3,India,MS Dhoni,Yuvraj Singh,Saeed Ajmal,1,0,"",""
ball,1,18.4,India,Yuvraj Singh,MS Dhoni,Saeed Ajmal,6,0,"",""
ball,1,18.5,India,Yuvraj Singh,MS Dhoni,Saeed Ajmal,6,0,"",""
ball,1,18.6,India,Yuvraj Singh,MS Dhoni,Saeed Ajmal,6,0,"",""
ball,1,19.1,India,MS Dhoni,Yuvraj Singh,Umar Gul,1,0,"",""
ball,1,19.2,India,Yuvraj Singh,MS Dhoni,Umar Gul,0,0,caught,Yuvraj Singh
ball,1,19.3,India,MS Dhoni,SK Raina,Umar Gul,1,0,"",""
ball,1,19.4,India,SK Raina,MS Dhoni,Umar Gul,1,0,"",""
ball,1,19.5,India,MS Dhoni,SK Raina,Umar Gul,0,0,bowled,MS Dhoni
ball,1,19.6,India,RG Sharma,SK Raina,Umar Gul,0,1,"",""
ball,1,19.7,India,RG Sharma,SK Raina,Umar Gul,4,0,"",""
ball,2,0.1,Pakistan,Nasir Jamshed,Ahmed Shehzad,B Kumar,0,1,"",""
ball,2,0.2,Pakistan,Nasir Jamshed,Ahmed Shehzad,B Kumar,0,0,"",""
ball,2,0.3,Pakistan,Nasir Jamshed,Ahmed Shehzad,B Kumar,0,0,"",""
ball,2,0.4,Pakistan,Nasir Jamshed,Ahmed Shehzad,B Kumar,1,0,"",""
ball,2,0.5,Pakistan,Ahmed Shehzad,Nasir Jamshed,B Kumar,1,0,"",""
ball,2,0.6,Pakistan,Nasir Jamshed,Ahmed Shehzad,B Kumar,0,0,"",""
ball,2,0.7,Pakistan,Nasir Jamshed,Ahmed Shehzad,B Kumar,2,0,"",""
ball,2,1.1,Pakistan,Ahmed Shehzad,Nasir Jamshed,I Sharma,0,0,"",""
ball,2,1.2,Pakistan,Ahmed Shehzad,Nasir Jamshed,I Sharma,0,0,"",""
ball,2,1.3,Pakistan,Ahmed Shehzad,Nasir Jamshed,I Sharma,4,0,"",""
ball,2,1.4,Pakistan,Ahmed Shehzad,Nasir Jamshed,I Sharma,0,0,"",""
ball,2,1.5,Pakistan,Ahmed Shehzad,Nasir Jamshed,I Sharma,0,0,"",""
ball,2,1.6,Pakistan,Ahmed Shehzad,Nasir Jamshed,I Sharma,0,0,"",""
ball,2,2.1,Pakistan,Nasir Jamshed,Ahmed Shehzad,B Kumar,2,0,"",""
ball,2,2.2,Pakistan,Nasir Jamshed,Ahmed Shehzad,B Kumar,0,0,"",""
ball,2,2.3,Pakistan,Nasir Jamshed,Ahmed Shehzad,B Kumar,1,0,"",""
ball,2,2.4,Pakistan,Ahmed Shehzad,Nasir Jamshed,B Kumar,1,0,"",""
ball,2,2.5,Pakistan,Nasir Jamshed,Ahmed Shehzad,B Kumar,6,0,"",""
ball,2,2.6,Pakistan,Nasir Jamshed,Ahmed Shehzad,B Kumar,4,0,"",""
ball,2,3.1,Pakistan,Ahmed Shehzad,Nasir Jamshed,I Sharma,6,0,"",""
ball,2,3.2,Pakistan,Ahmed Shehzad,Nasir Jamshed,I Sharma,1,0,"",""
ball,2,3.3,Pakistan,Nasir Jamshed,Ahmed Shehzad,I Sharma,0,0,"",""
ball,2,3.4,Pakistan,Nasir Jamshed,Ahmed Shehzad,I Sharma,0,0,"",""
ball,2,3.5,Pakistan,Nasir Jamshed,Ahmed Shehzad,I Sharma,4,0,"",""
ball,2,3.6,Pakistan,Nasir Jamshed,Ahmed Shehzad,I Sharma,1,0,"",""
ball,2,4.1,Pakistan,Nasir Jamshed,Ahmed Shehzad,AB Dinda,4,0,"",""
ball,2,4.2,Pakistan,Nasir Jamshed,Ahmed Shehzad,AB Dinda,4,0,"",""
ball,2,4.3,Pakistan,Nasir Jamshed,Ahmed Shehzad,AB Dinda,0,0,"",""
ball,2,4.4,Pakistan,Nasir Jamshed,Ahmed Shehzad,AB Dinda,1,0,"",""
ball,2,4.5,Pakistan,Ahmed Shehzad,Nasir Jamshed,AB Dinda,0,0,"",""
ball,2,4.6,Pakistan,Ahmed Shehzad,Nasir Jamshed,AB Dinda,4,0,"",""
ball,2,5.1,Pakistan,Nasir Jamshed,Ahmed Shehzad,R Ashwin,2,0,"",""
ball,2,5.2,Pakistan,Nasir Jamshed,Ahmed Shehzad,R Ashwin,0,0,"",""
ball,2,5.3,Pakistan,Nasir Jamshed,Ahmed Shehzad,R Ashwin,1,0,"",""
ball,2,5.4,Pakistan,Ahmed Shehzad,Nasir Jamshed,R Ashwin,1,0,"",""
ball,2,5.5,Pakistan,Nasir Jamshed,Ahmed Shehzad,R Ashwin,1,0,"",""
ball,2,5.6,Pakistan,Ahmed Shehzad,Nasir Jamshed,R Ashwin,1,0,"",""
ball,2,6.1,Pakistan,Ahmed Shehzad,Nasir Jamshed,SK Raina,0,0,"",""
ball,2,6.2,Pakistan,Ahmed Shehzad,Nasir Jamshed,SK Raina,0,0,"",""
ball,2,6.3,Pakistan,Ahmed Shehzad,Nasir Jamshed,SK Raina,1,0,"",""
ball,2,6.4,Pakistan,Nasir Jamshed,Ahmed Shehzad,SK Raina,2,0,"",""
ball,2,6.5,Pakistan,Nasir Jamshed,Ahmed Shehzad,SK Raina,1,0,"",""
ball,2,6.6,Pakistan,Ahmed Shehzad,Nasir Jamshed,SK Raina,1,0,"",""
ball,2,7.1,Pakistan,Ahmed Shehzad,Nasir Jamshed,R Ashwin,1,0,"",""
ball,2,7.2,Pakistan,Nasir Jamshed,Ahmed Shehzad,R Ashwin,1,0,"",""
ball,2,7.3,Pakistan,Ahmed Shehzad,Nasir Jamshed,R Ashwin,0,0,"",""
ball,2,7.4,Pakistan,Ahmed Shehzad,Nasir Jamshed,R Ashwin,1,0,"",""
ball,2,7.5,Pakistan,Nasir Jamshed,Ahmed Shehzad,R Ashwin,1,0,"",""
ball,2,7.6,Pakistan,Ahmed Shehzad,Nasir Jamshed,R Ashwin,0,0,"",""
ball,2,8.1,Pakistan,Nasir Jamshed,Ahmed Shehzad,SK Raina,1,0,"",""
ball,2,8.2,Pakistan,Ahmed Shehzad,Nasir Jamshed,SK Raina,4,0,"",""
ball,2,8.3,Pakistan,Ahmed Shehzad,Nasir Jamshed,SK Raina,1,0,"",""
ball,2,8.4,Pakistan,Nasir Jamshed,Ahmed Shehzad,SK Raina,0,1,"",""
ball,2,8.5,Pakistan,Ahmed Shehzad,Nasir Jamshed,SK Raina,1,0,"",""
ball,2,8.6,Pakistan,Nasir Jamshed,Ahmed Shehzad,SK Raina,0,0,"",""
ball,2,9.1,Pakistan,Ahmed Shehzad,Nasir Jamshed,R Ashwin,0,1,"",""
ball,2,9.2,Pakistan,Nasir Jamshed,Ahmed Shehzad,R Ashwin,0,0,"",""
ball,2,9.3,Pakistan,Nasir Jamshed,Ahmed Shehzad,R Ashwin,1,0,"",""
ball,2,9.4,Pakistan,Ahmed Shehzad,Nasir Jamshed,R Ashwin,1,0,"",""
ball,2,9.5,Pakistan,Nasir Jamshed,Ahmed Shehzad,R Ashwin,0,0,caught,Nasir Jamshed
ball,2,9.6,Pakistan,Umar Akmal,Ahmed Shehzad,R Ashwin,1,0,"",""
ball,2,10.1,Pakistan,Umar Akmal,Ahmed Shehzad,Yuvraj Singh,6,0,"",""
ball,2,10.2,Pakistan,Umar Akmal,Ahmed Shehzad,Yuvraj Singh,1,0,"",""
ball,2,10.3,Pakistan,Ahmed Shehzad,Umar Akmal,Yuvraj Singh,1,0,"",""
ball,2,10.4,Pakistan,Umar Akmal,Ahmed Shehzad,Yuvraj Singh,1,0,"",""
ball,2,10.5,Pakistan,Ahmed Shehzad,Umar Akmal,Yuvraj Singh,0,0,stumped,Ahmed Shehzad
ball,2,10.6,Pakistan,Mohammad Hafeez,Umar Akmal,Yuvraj Singh,0,0,"",""
ball,2,11.1,Pakistan,Umar Akmal,Mohammad Hafeez,B Kumar,1,0,"",""
ball,2,11.2,Pakistan,Mohammad Hafeez,Umar Akmal,B Kumar,4,0,"",""
ball,2,11.3,Pakistan,Mohammad Hafeez,Umar Akmal,B Kumar,1,0,"",""
ball,2,11.4,Pakistan,Umar Akmal,Mohammad Hafeez,B Kumar,1,0,"",""
ball,2,11.5,Pakistan,Mohammad Hafeez,Umar Akmal,B Kumar,1,0,"",""
ball,2,11.6,Pakistan,Umar Akmal,Mohammad Hafeez,B Kumar,0,2,"",""
ball,2,11.7,Pakistan,Mohammad Hafeez,Umar Akmal,B Kumar,2,0,"",""
ball,2,12.1,Pakistan,Umar Akmal,Mohammad Hafeez,Yuvraj Singh,1,0,"",""
ball,2,12.2,Pakistan,Mohammad Hafeez,Umar Akmal,Yuvraj Singh,4,0,"",""
ball,2,12.3,Pakistan,Mohammad Hafeez,Umar Akmal,Yuvraj Singh,1,0,"",""
ball,2,12.4,Pakistan,Umar Akmal,Mohammad Hafeez,Yuvraj Singh,2,0,"",""
ball,2,12.5,Pakistan,Umar Akmal,Mohammad Hafeez,Yuvraj Singh,4,0,"",""
ball,2,12.6,Pakistan,Umar Akmal,Mohammad Hafeez,Yuvraj Singh,2,0,"",""
ball,2,13.1,Pakistan,Mohammad Hafeez,Umar Akmal,R Ashwin,6,0,"",""
ball,2,13.2,Pakistan,Mohammad Hafeez,Umar Akmal,R Ashwin,6,0,"",""
ball,2,13.3,Pakistan,Mohammad Hafeez,Umar Akmal,R Ashwin,1,0,"",""
ball,2,13.4,Pakistan,Umar Akmal,Mohammad Hafeez,R Ashwin,0,0,"",""
ball,2,13.5,Pakistan,Umar Akmal,Mohammad Hafeez,R Ashwin,1,0,"",""
ball,2,13.6,Pakistan,Mohammad Hafeez,Umar Akmal,R Ashwin,1,0,"",""
ball,2,14.1,Pakistan,Mohammad Hafeez,Umar Akmal,AB Dinda,4,0,"",""
ball,2,14.2,Pakistan,Mohammad Hafeez,Umar Akmal,AB Dinda,4,0,"",""
ball,2,14.3,Pakistan,Mohammad Hafeez,Umar Akmal,AB Dinda,1,0,"",""
ball,2,14.4,Pakistan,Umar Akmal,Mohammad Hafeez,AB Dinda,1,0,"",""
ball,2,14.5,Pakistan,Mohammad Hafeez,Umar Akmal,AB Dinda,0,0,"",""
ball,2,14.6,Pakistan,Mohammad Hafeez,Umar Akmal,AB Dinda,1,0,"",""
ball,2,15.1,Pakistan,Mohammad Hafeez,Umar Akmal,I Sharma,6,0,"",""
ball,2,15.2,Pakistan,Mohammad Hafeez,Umar Akmal,I Sharma,1,0,"",""
ball,2,15.3,Pakistan,Umar Akmal,Mohammad Hafeez,I Sharma,1,0,"",""
ball,2,15.4,Pakistan,Mohammad Hafeez,Umar Akmal,I Sharma,1,0,"",""
ball,2,15.5,Pakistan,Umar Akmal,Mohammad Hafeez,I Sharma,1,0,"",""
ball,2,15.6,Pakistan,Mohammad Hafeez,Umar Akmal,I Sharma,0,0,"",""
ball,2,16.1,Pakistan,Umar Akmal,Mohammad Hafeez,AB Dinda,0,0,"",""
ball,2,16.2,Pakistan,Umar Akmal,Mohammad Hafeez,AB Dinda,0,0,bowled,Umar Akmal
ball,2,16.3,Pakistan,Shahid Afridi,Mohammad Hafeez,AB Dinda,4,0,"",""
ball,2,16.4,Pakistan,Shahid Afridi,Mohammad Hafeez,AB Dinda,0,0,"",""
ball,2,16.5,Pakistan,Shahid Afridi,Mohammad Hafeez,AB Dinda,1,0,"",""
ball,2,16.6,Pakistan,Mohammad Hafeez,Shahid Afridi,AB Dinda,1,0,"",""
ball,2,17.1,Pakistan,Mohammad Hafeez,Shahid Afridi,B Kumar,0,0,"",""
ball,2,17.2,Pakistan,Mohammad Hafeez,Shahid Afridi,B Kumar,4,0,"",""
ball,2,17.3,Pakistan,Mohammad Hafeez,Shahid Afridi,B Kumar,1,0,"",""
ball,2,17.4,Pakistan,Shahid Afridi,Mohammad Hafeez,B Kumar,6,0,"",""
ball,2,17.5,Pakistan,Shahid Afridi,Mohammad Hafeez,B Kumar,0,0,caught,Shahid Afridi
ball,2,17.6,Pakistan,Mohammad Hafeez,Kamran Akmal,B Kumar,4,0,"",""
ball,2,18.1,Pakistan,Kamran Akmal,Mohammad Hafeez,AB Dinda,1,0,"",""
ball,2,18.2,Pakistan,Mohammad Hafeez,Kamran Akmal,AB Dinda,0,0,caught,Mohammad Hafeez
ball,2,18.3,Pakistan,Kamran Akmal,Shoaib Malik,AB Dinda,4,0,"",""
ball,2,18.4,Pakistan,Kamran Akmal,Shoaib Malik,AB Dinda,0,0,caught,Kamran Akmal
ball,2,18.5,Pakistan,Shoaib Malik,Umar Gul,AB Dinda,1,0,"",""
ball,2,18.6,Pakistan,Umar Gul,Shoaib Malik,AB Dinda,0,0,"",""
ball,2,19.1,Pakistan,Shoaib Malik,Umar Gul,I Sharma,1,0,"",""
ball,2,19.2,Pakistan,Umar Gul,Shoaib Malik,I Sharma,0,0,"",""
ball,2,19.3,Pakistan,Umar Gul,Shoaib Malik,I Sharma,4,0,"",""
ball,2,19.4,Pakistan,Umar Gul,Shoaib Malik,I Sharma,1,0,"",""
ball,2,19.5,Pakistan,Shoaib Malik,Umar Gul,I Sharma,1,0,"",""
ball,2,19.6,Pakistan,Umar Gul,Shoaib Malik,I Sharma,0,1,"",""
ball,2,19.7,Pakistan,Umar Gul,Shoaib Malik,I Sharma,0,0,caught,Umar Gul
