version,1.3.0
info,team,Australia
info,team,England
info,gender,female
info,season,2013/14
info,date,2014/02/02
info,series,Women's Ashes
info,match_number,3
info,venue,Stadium Australia
info,city,Sydney
info,toss_winner,Australia
info,toss_decision,field
info,player_of_match,RM Farrell
info,umpire,DB Mealey
info,umpire,AK Wilds
info,tv_umpire,GA Abood
info,match_referee,SR Bernard
info,winner,Australia
info,winner_wickets,7
ball,1,0.1,England,CM Edwards,L Winfield,HL Ferling,0,0,"",""
ball,1,0.2,England,CM Edwards,L Winfield,HL Ferling,0,0,"",""
ball,1,0.3,England,CM Edwards,L Winfield,HL Ferling,0,0,"",""
ball,1,0.4,England,CM Edwards,L Winfield,HL Ferling,0,0,"",""
ball,1,0.5,England,CM Edwards,L Winfield,HL Ferling,1,0,"",""
ball,1,0.6,England,L Winfield,CM Edwards,HL Ferling,0,0,"",""
ball,1,1.1,England,CM Edwards,L Winfield,RM Farrell,1,0,"",""
ball,1,1.2,England,L Winfield,CM Edwards,RM Farrell,0,0,caught,L Winfield
ball,1,1.3,England,SJ Taylor,CM Edwards,RM Farrell,1,0,"",""
ball,1,1.4,England,CM Edwards,SJ Taylor,RM Farrell,0,0,"",""
ball,1,1.5,England,CM Edwards,SJ Taylor,RM Farrell,1,0,"",""
ball,1,1.6,England,SJ Taylor,CM Edwards,RM Farrell,1,0,"",""
ball,1,2.1,England,SJ Taylor,CM Edwards,HL Ferling,0,1,"",""
ball,1,2.2,England,CM Edwards,SJ Taylor,HL Ferling,0,0,"",""
ball,1,2.3,England,CM Edwards,SJ Taylor,HL Ferling,0,0,"",""
ball,1,2.4,England,CM Edwards,SJ Taylor,HL Ferling,4,0,"",""
ball,1,2.5,England,CM Edwards,SJ Taylor,HL Ferling,0,0,"",""
ball,1,2.6,England,CM Edwards,SJ Taylor,HL Ferling,1,0,"",""
ball,1,3.1,England,CM Edwards,SJ Taylor,RM Farrell,4,0,"",""
ball,1,3.2,England,CM Edwards,SJ Taylor,RM Farrell,0,0,"",""
ball,1,3.3,England,CM Edwards,SJ Taylor,RM Farrell,0,0,caught,CM Edwards
ball,1,3.4,England,LS Greenway,SJ Taylor,RM Farrell,0,0,caught,LS Greenway
ball,1,3.5,England,NR Sciver,SJ Taylor,RM Farrell,0,0,"",""
ball,1,3.6,England,NR Sciver,SJ Taylor,RM Farrell,0,0,"",""
ball,1,4.1,England,SJ Taylor,NR Sciver,HL Ferling,0,0,"",""
ball,1,4.2,England,SJ Taylor,NR Sciver,HL Ferling,1,0,"",""
ball,1,4.3,England,NR Sciver,SJ Taylor,HL Ferling,0,1,"",""
ball,1,4.4,England,NR Sciver,SJ Taylor,HL Ferling,0,0,"",""
ball,1,4.5,England,NR Sciver,SJ Taylor,HL Ferling,0,0,"",""
ball,1,4.6,England,NR Sciver,SJ Taylor,HL Ferling,0,0,"",""
ball,1,4.7,England,NR Sciver,SJ Taylor,HL Ferling,0,0,"",""
ball,1,5.1,England,SJ Taylor,NR Sciver,JL Jonassen,1,0,"",""
ball,1,5.2,England,NR Sciver,SJ Taylor,JL Jonassen,0,0,"",""
ball,1,5.3,England,NR Sciver,SJ Taylor,JL Jonassen,1,0,"",""
ball,1,5.4,England,SJ Taylor,NR Sciver,JL Jonassen,1,0,"",""
ball,1,5.5,England,NR Sciver,SJ Taylor,JL Jonassen,0,0,"",""
ball,1,5.6,England,NR Sciver,SJ Taylor,JL Jonassen,1,0,"",""
ball,1,6.1,England,NR Sciver,SJ Taylor,EA Perry,1,0,"",""
ball,1,6.2,England,SJ Taylor,NR Sciver,EA Perry,1,0,"",""
ball,1,6.3,England,NR Sciver,SJ Taylor,EA Perry,1,0,"",""
ball,1,6.4,England,SJ Taylor,NR Sciver,EA Perry,1,0,"",""
ball,1,6.5,England,NR Sciver,SJ Taylor,EA Perry,1,0,"",""
ball,1,6.6,England,SJ Taylor,NR Sciver,EA Perry,1,0,"",""
ball,1,7.1,England,SJ Taylor,NR Sciver,JL Jonassen,1,0,"",""
ball,1,7.2,England,NR Sciver,SJ Taylor,JL Jonassen,1,0,"",""
ball,1,7.3,England,SJ Taylor,NR Sciver,JL Jonassen,4,0,"",""
ball,1,7.4,England,SJ Taylor,NR Sciver,JL Jonassen,0,0,"",""
ball,1,7.5,England,SJ Taylor,NR Sciver,JL Jonassen,1,0,"",""
ball,1,7.6,England,NR Sciver,SJ Taylor,JL Jonassen,1,0,"",""
ball,1,8.1,England,NR Sciver,SJ Taylor,EA Perry,1,0,"",""
ball,1,8.2,England,SJ Taylor,NR Sciver,EA Perry,1,0,"",""
ball,1,8.3,England,NR Sciver,SJ Taylor,EA Perry,0,1,"",""
ball,1,8.4,England,NR Sciver,SJ Taylor,EA Perry,1,0,"",""
ball,1,8.5,England,SJ Taylor,NR Sciver,EA Perry,4,0,"",""
ball,1,8.6,England,SJ Taylor,NR Sciver,EA Perry,1,0,"",""
ball,1,8.7,England,NR Sciver,SJ Taylor,EA Perry,0,0,"",""
ball,1,9.1,England,SJ Taylor,NR Sciver,ML Schutt,1,0,"",""
ball,1,9.2,England,NR Sciver,SJ Taylor,ML Schutt,1,0,"",""
ball,1,9.3,England,SJ Taylor,NR Sciver,ML Schutt,1,0,"",""
ball,1,9.4,England,NR Sciver,SJ Taylor,ML Schutt,0,0,"",""
ball,1,9.5,England,NR Sciver,SJ Taylor,ML Schutt,1,0,"",""
ball,1,9.6,England,SJ Taylor,NR Sciver,ML Schutt,0,1,"",""
ball,1,9.7,England,SJ Taylor,NR Sciver,ML Schutt,0,0,caught,SJ Taylor
ball,1,10.1,England,A Brindle,NR Sciver,EA Osborne,1,0,"",""
ball,1,10.2,England,NR Sciver,A Brindle,EA Osborne,1,0,"",""
ball,1,10.3,England,A Brindle,NR Sciver,EA Osborne,1,0,"",""
ball,1,10.4,England,NR Sciver,A Brindle,EA Osborne,4,0,"",""
ball,1,10.5,England,NR Sciver,A Brindle,EA Osborne,0,0,"",""
ball,1,10.6,England,NR Sciver,A Brindle,EA Osborne,1,0,"",""
ball,1,11.1,England,NR Sciver,A Brindle,ML Schutt,1,0,"",""
ball,1,11.2,England,A Brindle,NR Sciver,ML Schutt,0,0,"",""
ball,1,11.3,England,A Brindle,NR Sciver,ML Schutt,1,0,"",""
ball,1,11.4,England,NR Sciver,A Brindle,ML Schutt,1,0,"",""
ball,1,11.5,England,A Brindle,NR Sciver,ML Schutt,2,0,"",""
ball,1,11.6,England,A Brindle,NR Sciver,ML Schutt,1,0,"",""
ball,1,12.1,England,A Brindle,NR Sciver,EA Osborne,0,0,caught,A Brindle
ball,1,12.2,England,DN Wyatt,NR Sciver,EA Osborne,1,0,"",""
ball,1,12.3,England,NR Sciver,DN Wyatt,EA Osborne,1,0,"",""
ball,1,12.4,England,DN Wyatt,NR Sciver,EA Osborne,1,0,"",""
ball,1,12.5,England,NR Sciver,DN Wyatt,EA Osborne,4,0,"",""
ball,1,12.6,England,NR Sciver,DN Wyatt,EA Osborne,1,0,"",""
ball,1,13.1,England,NR Sciver,DN Wyatt,HL Ferling,0,0,"",""
ball,1,13.2,England,NR Sciver,DN Wyatt,HL Ferling,2,0,"",""
ball,1,13.3,England,NR Sciver,DN Wyatt,HL Ferling,1,0,"",""
ball,1,13.4,England,DN Wyatt,NR Sciver,HL Ferling,0,0,"",""
ball,1,13.5,England,DN Wyatt,NR Sciver,HL Ferling,0,0,"",""
ball,1,13.6,England,DN Wyatt,NR Sciver,HL Ferling,1,0,"",""
ball,1,14.1,England,DN Wyatt,NR Sciver,EA Osborne,0,0,run out,NR Sciver
ball,1,14.2,England,DN Wyatt,D Hazell,EA Osborne,1,0,"",""
ball,1,14.3,England,D Hazell,DN Wyatt,EA Osborne,1,0,"",""
ball,1,14.4,England,DN Wyatt,D Hazell,EA Osborne,2,0,"",""
ball,1,14.5,England,DN Wyatt,D Hazell,EA Osborne,0,0,run out,DN Wyatt
ball,1,14.6,England,D Hazell,JL Gunn,EA Osborne,1,0,"",""
ball,1,15.1,England,D Hazell,JL Gunn,EA Perry,0,0,"",""
ball,1,15.2,England,D Hazell,JL Gunn,EA Perry,0,0,"",""
ball,1,15.3,England,D Hazell,JL Gunn,EA Perry,0,0,"",""
ball,1,15.4,England,D Hazell,JL Gunn,EA Perry,0,0,"",""
ball,1,15.5,England,D Hazell,JL Gunn,EA Perry,1,0,"",""
ball,1,15.6,England,JL Gunn,D Hazell,EA Perry,0,1,"",""
ball,1,15.7,England,JL Gunn,D Hazell,EA Perry,0,0,"",""
ball,1,16.1,England,D Hazell,JL Gunn,EA Osborne,0,0,"",""
ball,1,16.2,England,D Hazell,JL Gunn,EA Osborne,1,0,"",""
ball,1,16.3,England,JL Gunn,D Hazell,EA Osborne,1,0,"",""
ball,1,16.4,England,D Hazell,JL Gunn,EA Osborne,1,0,"",""
ball,1,16.5,England,JL Gunn,D Hazell,EA Osborne,0,0,"",""
ball,1,16.6,England,JL Gunn,D Hazell,EA Osborne,1,0,"",""
ball,1,17.1,England,JL Gunn,D Hazell,EA Perry,1,0,"",""
ball,1,17.2,England,D Hazell,JL Gunn,EA Perry,1,0,"",""
ball,1,17.3,England,JL Gunn,D Hazell,EA Perry,0,0,"",""
ball,1,17.4,England,JL Gunn,D Hazell,EA Perry,1,1,"",""
ball,1,17.5,England,D Hazell,JL Gunn,EA Perry,0,0,"",""
ball,1,17.6,England,D Hazell,JL Gunn,EA Perry,0,0,"",""
ball,1,17.7,England,D Hazell,JL Gunn,EA Perry,0,1,"",""
ball,1,17.8,England,D Hazell,JL Gunn,EA Perry,1,0,"",""
ball,1,18.1,England,D Hazell,JL Gunn,ML Schutt,0,0,"",""
ball,1,18.2,England,D Hazell,JL Gunn,ML Schutt,1,0,"",""
ball,1,18.3,England,JL Gunn,D Hazell,ML Schutt,0,0,"",""
ball,1,18.4,England,JL Gunn,D Hazell,ML Schutt,0,0,"",""
ball,1,18.5,England,JL Gunn,D Hazell,ML Schutt,0,0,"",""
ball,1,18.6,England,JL Gunn,D Hazell,ML Schutt,1,0,"",""
ball,1,19.1,England,JL Gunn,D Hazell,RM Farrell,1,0,"",""
ball,1,19.2,England,D Hazell,JL Gunn,RM Farrell,1,0,"",""
ball,1,19.3,England,JL Gunn,D Hazell,RM Farrell,0,0,"",""
ball,1,19.4,England,JL Gunn,D Hazell,RM Farrell,4,0,"",""
ball,1,19.5,England,JL Gunn,D Hazell,RM Farrell,1,0,"",""
ball,1,19.6,England,D Hazell,JL Gunn,RM Farrell,0,0,bowled,D Hazell
ball,2,0.1,Australia,AJ Healy,EJ Villani,D Hazell,0,0,"",""
ball,2,0.2,Australia,AJ Healy,EJ Villani,D Hazell,0,0,"",""
ball,2,0.3,Australia,AJ Healy,EJ Villani,D Hazell,0,0,"",""
ball,2,0.4,Australia,AJ Healy,EJ Villani,D Hazell,1,0,"",""
ball,2,0.5,Australia,EJ Villani,AJ Healy,D Hazell,0,0,"",""
ball,2,0.6,Australia,EJ Villani,AJ Healy,D Hazell,0,0,"",""
ball,2,1.1,Australia,AJ Healy,EJ Villani,KL Cross,1,0,"",""
ball,2,1.2,Australia,EJ Villani,AJ Healy,KL Cross,0,0,"",""
ball,2,1.3,Australia,EJ Villani,AJ Healy,KL Cross,2,0,"",""
ball,2,1.4,Australia,EJ Villani,AJ Healy,KL Cross,0,0,"",""
ball,2,1.5,Australia,EJ Villani,AJ Healy,KL Cross,1,0,"",""
ball,2,1.6,Australia,AJ Healy,EJ Villani,KL Cross,1,0,"",""
ball,2,2.1,Australia,AJ Healy,EJ Villani,D Hazell,0,0,"",""
ball,2,2.2,Australia,AJ Healy,EJ Villani,D Hazell,0,0,"",""
ball,2,2.3,Australia,AJ Healy,EJ Villani,D Hazell,0,0,"",""
ball,2,2.4,Australia,AJ Healy,EJ Villani,D Hazell,0,0,"",""
ball,2,2.5,Australia,AJ Healy,EJ Villani,D Hazell,0,0,"",""
ball,2,2.6,Australia,AJ Healy,EJ Villani,D Hazell,0,0,"",""
ball,2,3.1,Australia,EJ Villani,AJ Healy,KL Cross,4,0,"",""
ball,2,3.2,Australia,EJ Villani,AJ Healy,KL Cross,1,0,"",""
ball,2,3.3,Australia,AJ Healy,EJ Villani,KL Cross,4,0,"",""
ball,2,3.4,Australia,AJ Healy,EJ Villani,KL Cross,1,0,"",""
ball,2,3.5,Australia,EJ Villani,AJ Healy,KL Cross,1,0,"",""
ball,2,3.6,Australia,AJ Healy,EJ Villani,KL Cross,0,1,"",""
ball,2,3.7,Australia,AJ Healy,EJ Villani,KL Cross,0,0,"",""
ball,2,4.1,Australia,EJ Villani,AJ Healy,D Hazell,0,0,"",""
ball,2,4.2,Australia,EJ Villani,AJ Healy,D Hazell,0,0,"",""
ball,2,4.3,Australia,EJ Villani,AJ Healy,D Hazell,0,0,"",""
ball,2,4.4,Australia,EJ Villani,AJ Healy,D Hazell,1,0,"",""
ball,2,4.5,Australia,AJ Healy,EJ Villani,D Hazell,4,0,"",""
ball,2,4.6,Australia,AJ Healy,EJ Villani,D Hazell,0,0,"",""
ball,2,5.1,Australia,EJ Villani,AJ Healy,JL Gunn,0,0,"",""
ball,2,5.2,Australia,EJ Villani,AJ Healy,JL Gunn,4,0,"",""
ball,2,5.3,Australia,EJ Villani,AJ Healy,JL Gunn,0,1,"",""
ball,2,5.4,Australia,EJ Villani,AJ Healy,JL Gunn,1,0,"",""
ball,2,5.5,Australia,AJ Healy,EJ Villani,JL Gunn,0,0,"",""
ball,2,5.6,Australia,AJ Healy,EJ Villani,JL Gunn,1,0,"",""
ball,2,5.7,Australia,EJ Villani,AJ Healy,JL Gunn,0,0,"",""
ball,2,6.1,Australia,AJ Healy,EJ Villani,A Brindle,1,0,"",""
ball,2,6.2,Australia,EJ Villani,AJ Healy,A Brindle,1,0,"",""
ball,2,6.3,Australia,AJ Healy,EJ Villani,A Brindle,1,0,"",""
ball,2,6.4,Australia,EJ Villani,AJ Healy,A Brindle,1,0,"",""
ball,2,6.5,Australia,AJ Healy,EJ Villani,A Brindle,1,0,"",""
ball,2,6.6,Australia,EJ Villani,AJ Healy,A Brindle,0,0,"",""
ball,2,7.1,Australia,AJ Healy,EJ Villani,DN Wyatt,2,0,"",""
ball,2,7.2,Australia,AJ Healy,EJ Villani,DN Wyatt,1,0,"",""
ball,2,7.3,Australia,EJ Villani,AJ Healy,DN Wyatt,1,0,"",""
ball,2,7.4,Australia,AJ Healy,EJ Villani,DN Wyatt,1,0,"",""
ball,2,7.5,Australia,EJ Villani,AJ Healy,DN Wyatt,2,0,"",""
ball,2,7.6,Australia,EJ Villani,AJ Healy,DN Wyatt,1,0,"",""
ball,2,8.1,Australia,EJ Villani,AJ Healy,A Brindle,1,0,"",""
ball,2,8.2,Australia,AJ Healy,EJ Villani,A Brindle,1,0,"",""
ball,2,8.3,Australia,EJ Villani,AJ Healy,A Brindle,1,0,"",""
ball,2,8.4,Australia,AJ Healy,EJ Villani,A Brindle,1,0,"",""
ball,2,8.5,Australia,EJ Villani,AJ Healy,A Brindle,1,0,"",""
ball,2,8.6,Australia,AJ Healy,EJ Villani,A Brindle,0,0,caught,AJ Healy
ball,2,9.1,Australia,MM Lanning,EJ Villani,DN Wyatt,2,0,"",""
ball,2,9.2,Australia,MM Lanning,EJ Villani,DN Wyatt,0,0,"",""
ball,2,9.3,Australia,MM Lanning,EJ Villani,DN Wyatt,1,0,"",""
ball,2,9.4,Australia,EJ Villani,MM Lanning,DN Wyatt,1,0,"",""
ball,2,9.5,Australia,MM Lanning,EJ Villani,DN Wyatt,2,0,"",""
ball,2,9.6,Australia,MM Lanning,EJ Villani,DN Wyatt,0,1,"",""
ball,2,9.7,Australia,MM Lanning,EJ Villani,DN Wyatt,1,0,"",""
ball,2,10.1,Australia,MM Lanning,EJ Villani,A Brindle,0,0,"",""
ball,2,10.2,Australia,MM Lanning,EJ Villani,A Brindle,1,0,"",""
ball,2,10.3,Australia,EJ Villani,MM Lanning,A Brindle,0,0,"",""
ball,2,10.4,Australia,EJ Villani,MM Lanning,A Brindle,1,0,"",""
ball,2,10.5,Australia,MM Lanning,EJ Villani,A Brindle,4,0,"",""
ball,2,10.6,Australia,MM Lanning,EJ Villani,A Brindle,1,0,"",""
ball,2,11.1,Australia,MM Lanning,EJ Villani,JL Gunn,4,0,"",""
ball,2,11.2,Australia,MM Lanning,EJ Villani,JL Gunn,0,0,"",""
ball,2,11.3,Australia,MM Lanning,EJ Villani,JL Gunn,1,0,"",""
ball,2,11.4,Australia,EJ Villani,MM Lanning,JL Gunn,1,0,"",""
ball,2,11.5,Australia,MM Lanning,EJ Villani,JL Gunn,4,0,"",""
ball,2,11.6,Australia,MM Lanning,EJ Villani,JL Gunn,0,1,"",""
ball,2,12.1,Australia,MM Lanning,EJ Villani,D Hazell,1,0,"",""
ball,2,12.2,Australia,EJ Villani,MM Lanning,D Hazell,0,0,"",""
ball,2,12.3,Australia,EJ Villani,MM Lanning,D Hazell,0,0,"",""
ball,2,12.4,Australia,EJ Villani,MM Lanning,D Hazell,1,0,"",""
ball,2,12.5,Australia,MM Lanning,EJ Villani,D Hazell,0,0,"",""
ball,2,12.6,Australia,MM Lanning,EJ Villani,D Hazell,1,0,"",""
ball,2,13.1,Australia,MM Lanning,EJ Villani,GA Elwiss,0,0,"",""
ball,2,13.2,Australia,MM Lanning,EJ Villani,GA Elwiss,0,0,"",""
ball,2,13.3,Australia,MM Lanning,EJ Villani,GA Elwiss,0,0,caught,MM Lanning
ball,2,13.4,Australia,EJ Villani,NE Bolton,GA Elwiss,0,0,"",""
ball,2,13.5,Australia,EJ Villani,NE Bolton,GA Elwiss,1,0,"",""
ball,2,13.6,Australia,NE Bolton,EJ Villani,GA Elwiss,1,0,"",""
ball,2,14.1,Australia,NE Bolton,EJ Villani,A Brindle,0,0,"",""
ball,2,14.2,Australia,NE Bolton,EJ Villani,A Brindle,0,0,"",""
ball,2,14.3,Australia,NE Bolton,EJ Villani,A Brindle,0,0,"",""
ball,2,14.4,Australia,NE Bolton,EJ Villani,A Brindle,0,0,"",""
ball,2,14.5,Australia,NE Bolton,EJ Villani,A Brindle,1,0,"",""
ball,2,14.6,Australia,EJ Villani,NE Bolton,A Brindle,1,0,"",""
ball,2,15.1,Australia,EJ Villani,NE Bolton,GA Elwiss,0,1,"",""
ball,2,15.2,Australia,NE Bolton,EJ Villani,GA Elwiss,0,0,"",""
ball,2,15.3,Australia,NE Bolton,EJ Villani,GA Elwiss,0,0,"",""
ball,2,15.4,Australia,NE Bolton,EJ Villani,GA Elwiss,1,0,"",""
ball,2,15.5,Australia,EJ Villani,NE Bolton,GA Elwiss,1,0,"",""
ball,2,15.6,Australia,NE Bolton,EJ Villani,GA Elwiss,1,0,"",""
ball,2,16.1,Australia,NE Bolton,EJ Villani,CM Edwards,1,0,"",""
ball,2,16.2,Australia,EJ Villani,NE Bolton,CM Edwards,0,0,"",""
ball,2,16.3,Australia,EJ Villani,NE Bolton,CM Edwards,0,0,"",""
ball,2,16.4,Australia,EJ Villani,NE Bolton,CM Edwards,1,0,"",""
ball,2,16.5,Australia,NE Bolton,EJ Villani,CM Edwards,1,0,run out,NE Bolton
ball,2,16.6,Australia,AJ Blackwell,EJ Villani,CM Edwards,4,0,"",""
ball,2,17.1,Australia,EJ Villani,AJ Blackwell,GA Elwiss,0,0,"",""
ball,2,17.2,Australia,EJ Villani,AJ Blackwell,GA Elwiss,1,0,"",""
ball,2,17.3,Australia,AJ Blackwell,EJ Villani,GA Elwiss,1,0,"",""
ball,2,17.4,Australia,EJ Villani,AJ Blackwell,GA Elwiss,0,0,"",""
ball,2,17.5,Australia,EJ Villani,AJ Blackwell,GA Elwiss,1,0,"",""
ball,2,17.6,Australia,AJ Blackwell,EJ Villani,GA Elwiss,4,0,"",""
ball,2,18.1,Australia,EJ Villani,AJ Blackwell,CM Edwards,1,0,"",""
ball,2,18.2,Australia,AJ Blackwell,EJ Villani,CM Edwards,1,0,"",""
ball,2,18.3,Australia,EJ Villani,AJ Blackwell,CM Edwards,1,0,"",""
