version,1.3.0
info,team,Afghanistan
info,team,Hong Kong
info,gender,male
info,season,2013/14
info,date,2014/03/18
info,competition,World T20
info,match_number,5
info,venue,Zahur Ahmed Chowdhury Stadium
info,city,Chittagong
info,neutralvenue,true
info,toss_winner,Hong Kong
info,toss_decision,bat
info,player_of_match,Mohammad Shahzad
info,umpire,S Ravi
info,umpire,PR Reiffel
info,reserve_umpire,Aleem Dar
info,tv_umpire,RJ Tucker
info,match_referee,J Srinath
info,winner,Afghanistan
info,winner_wickets,7
ball,1,0.1,Hong Kong,Irfan Ahmed,Waqas Barkat,Shapoor Zadran,0,0,bowled,Irfan Ahmed
ball,1,0.2,Hong Kong,JJ Atkinson,Waqas Barkat,Shapoor Zadran,0,0,"",""
ball,1,0.3,Hong Kong,JJ Atkinson,Waqas Barkat,Shapoor Zadran,0,0,"",""
ball,1,0.4,Hong Kong,JJ Atkinson,Waqas Barkat,Shapoor Zadran,0,0,"",""
ball,1,0.5,Hong Kong,JJ Atkinson,Waqas Barkat,Shapoor Zadran,1,0,"",""
ball,1,0.6,Hong Kong,Waqas Barkat,JJ Atkinson,Shapoor Zadran,1,0,"",""
ball,1,1.1,Hong Kong,Waqas Barkat,JJ Atkinson,Gulbadin Naib,1,0,"",""
ball,1,1.2,Hong Kong,JJ Atkinson,Waqas Barkat,Gulbadin Naib,0,0,"",""
ball,1,1.3,Hong Kong,JJ Atkinson,Waqas Barkat,Gulbadin Naib,0,1,"",""
ball,1,1.4,Hong Kong,JJ Atkinson,Waqas Barkat,Gulbadin Naib,0,0,"",""
ball,1,1.5,Hong Kong,JJ Atkinson,Waqas Barkat,Gulbadin Naib,4,0,"",""
ball,1,1.6,Hong Kong,JJ Atkinson,Waqas Barkat,Gulbadin Naib,1,0,"",""
ball,1,1.7,Hong Kong,Waqas Barkat,JJ Atkinson,Gulbadin Naib,0,0,"",""
ball,1,2.1,Hong Kong,JJ Atkinson,Waqas Barkat,Shapoor Zadran,0,0,"",""
ball,1,2.2,Hong Kong,JJ Atkinson,Waqas Barkat,Shapoor Zadran,0,0,"",""
ball,1,2.3,Hong Kong,JJ Atkinson,Waqas Barkat,Shapoor Zadran,4,0,"",""
ball,1,2.4,Hong Kong,JJ Atkinson,Waqas Barkat,Shapoor Zadran,4,0,"",""
ball,1,2.5,Hong Kong,JJ Atkinson,Waqas Barkat,Shapoor Zadran,1,0,"",""
ball,1,2.6,Hong Kong,Waqas Barkat,JJ Atkinson,Shapoor Zadran,2,0,"",""
ball,1,3.1,Hong Kong,JJ Atkinson,Waqas Barkat,Gulbadin Naib,0,0,"",""
ball,1,3.2,Hong Kong,JJ Atkinson,Waqas Barkat,Gulbadin Naib,6,0,"",""
ball,1,3.3,Hong Kong,JJ Atkinson,Waqas Barkat,Gulbadin Naib,0,1,"",""
ball,1,3.4,Hong Kong,JJ Atkinson,Waqas Barkat,Gulbadin Naib,4,0,"",""
ball,1,3.5,Hong Kong,JJ Atkinson,Waqas Barkat,Gulbadin Naib,1,0,"",""
ball,1,3.6,Hong Kong,Waqas Barkat,JJ Atkinson,Gulbadin Naib,4,0,"",""
ball,1,3.7,Hong Kong,Waqas Barkat,JJ Atkinson,Gulbadin Naib,0,0,"",""
ball,1,4.1,Hong Kong,JJ Atkinson,Waqas Barkat,Amir Hamza,1,0,"",""
ball,1,4.2,Hong Kong,Waqas Barkat,JJ Atkinson,Amir Hamza,1,0,"",""
ball,1,4.3,Hong Kong,JJ Atkinson,Waqas Barkat,Amir Hamza,4,0,"",""
ball,1,4.4,Hong Kong,JJ Atkinson,Waqas Barkat,Amir Hamza,0,0,lbw,JJ Atkinson
ball,1,4.5,Hong Kong,MS Chapman,Waqas Barkat,Amir Hamza,2,0,"",""
ball,1,4.6,Hong Kong,MS Chapman,Waqas Barkat,Amir Hamza,0,0,"",""
ball,1,5.1,Hong Kong,Waqas Barkat,MS Chapman,Samiullah Shenwari,1,0,"",""
ball,1,5.2,Hong Kong,MS Chapman,Waqas Barkat,Samiullah Shenwari,0,0,"",""
ball,1,5.3,Hong Kong,MS Chapman,Waqas Barkat,Samiullah Shenwari,0,0,"",""
ball,1,5.4,Hong Kong,MS Chapman,Waqas Barkat,Samiullah Shenwari,0,0,"",""
ball,1,5.5,Hong Kong,MS Chapman,Waqas Barkat,Samiullah Shenwari,1,0,"",""
ball,1,5.6,Hong Kong,Waqas Barkat,MS Chapman,Samiullah Shenwari,0,0,"",""
ball,1,6.1,Hong Kong,MS Chapman,Waqas Barkat,Amir Hamza,0,0,"",""
ball,1,6.2,Hong Kong,MS Chapman,Waqas Barkat,Amir Hamza,1,0,"",""
ball,1,6.3,Hong Kong,Waqas Barkat,MS Chapman,Amir Hamza,0,0,"",""
ball,1,6.4,Hong Kong,Waqas Barkat,MS Chapman,Amir Hamza,1,0,"",""
ball,1,6.5,Hong Kong,MS Chapman,Waqas Barkat,Amir Hamza,1,0,"",""
ball,1,6.6,Hong Kong,Waqas Barkat,MS Chapman,Amir Hamza,1,0,"",""
ball,1,7.1,Hong Kong,Waqas Barkat,MS Chapman,Samiullah Shenwari,1,0,"",""
ball,1,7.2,Hong Kong,MS Chapman,Waqas Barkat,Samiullah Shenwari,0,0,"",""
ball,1,7.3,Hong Kong,MS Chapman,Waqas Barkat,Samiullah Shenwari,1,0,"",""
ball,1,7.4,Hong Kong,Waqas Barkat,MS Chapman,Samiullah Shenwari,0,0,"",""
ball,1,7.5,Hong Kong,Waqas Barkat,MS Chapman,Samiullah Shenwari,0,0,"",""
ball,1,7.6,Hong Kong,Waqas Barkat,MS Chapman,Samiullah Shenwari,2,0,"",""
ball,1,8.1,Hong Kong,MS Chapman,Waqas Barkat,Dawlat Zadran,0,0,"",""
ball,1,8.2,Hong Kong,MS Chapman,Waqas Barkat,Dawlat Zadran,4,0,"",""
ball,1,8.3,Hong Kong,MS Chapman,Waqas Barkat,Dawlat Zadran,0,0,"",""
ball,1,8.4,Hong Kong,MS Chapman,Waqas Barkat,Dawlat Zadran,0,3,"",""
ball,1,8.5,Hong Kong,MS Chapman,Waqas Barkat,Dawlat Zadran,0,0,"",""
ball,1,8.6,Hong Kong,MS Chapman,Waqas Barkat,Dawlat Zadran,0,2,"",""
ball,1,8.7,Hong Kong,Waqas Barkat,MS Chapman,Dawlat Zadran,0,1,"",""
ball,1,8.8,Hong Kong,MS Chapman,Waqas Barkat,Dawlat Zadran,0,1,"",""
ball,1,9.1,Hong Kong,MS Chapman,Waqas Barkat,Mohammad Nabi,1,0,"",""
ball,1,9.2,Hong Kong,Waqas Barkat,MS Chapman,Mohammad Nabi,0,0,"",""
ball,1,9.3,Hong Kong,Waqas Barkat,MS Chapman,Mohammad Nabi,1,0,"",""
ball,1,9.4,Hong Kong,MS Chapman,Waqas Barkat,Mohammad Nabi,1,0,"",""
ball,1,9.5,Hong Kong,Waqas Barkat,MS Chapman,Mohammad Nabi,4,0,"",""
ball,1,9.6,Hong Kong,Waqas Barkat,MS Chapman,Mohammad Nabi,0,0,"",""
ball,1,10.1,Hong Kong,MS Chapman,Waqas Barkat,Samiullah Shenwari,0,0,"",""
ball,1,10.2,Hong Kong,MS Chapman,Waqas Barkat,Samiullah Shenwari,0,0,"",""
ball,1,10.3,Hong Kong,MS Chapman,Waqas Barkat,Samiullah Shenwari,4,0,"",""
ball,1,10.4,Hong Kong,MS Chapman,Waqas Barkat,Samiullah Shenwari,6,0,"",""
ball,1,10.5,Hong Kong,MS Chapman,Waqas Barkat,Samiullah Shenwari,1,0,"",""
ball,1,10.6,Hong Kong,Waqas Barkat,MS Chapman,Samiullah Shenwari,0,0,"",""
ball,1,11.1,Hong Kong,MS Chapman,Waqas Barkat,Mohammad Nabi,2,0,"",""
ball,1,11.2,Hong Kong,MS Chapman,Waqas Barkat,Mohammad Nabi,1,0,"",""
ball,1,11.3,Hong Kong,Waqas Barkat,MS Chapman,Mohammad Nabi,2,0,"",""
ball,1,11.4,Hong Kong,Waqas Barkat,MS Chapman,Mohammad Nabi,4,0,"",""
ball,1,11.5,Hong Kong,Waqas Barkat,MS Chapman,Mohammad Nabi,0,0,"",""
ball,1,11.6,Hong Kong,Waqas Barkat,MS Chapman,Mohammad Nabi,1,0,"",""
ball,1,12.1,Hong Kong,Waqas Barkat,MS Chapman,Amir Hamza,0,0,"",""
ball,1,12.2,Hong Kong,Waqas Barkat,MS Chapman,Amir Hamza,0,0,"",""
ball,1,12.3,Hong Kong,Waqas Barkat,MS Chapman,Amir Hamza,2,0,"",""
ball,1,12.4,Hong Kong,Waqas Barkat,MS Chapman,Amir Hamza,1,0,"",""
ball,1,12.5,Hong Kong,MS Chapman,Waqas Barkat,Amir Hamza,2,0,"",""
ball,1,12.6,Hong Kong,MS Chapman,Waqas Barkat,Amir Hamza,1,0,"",""
ball,1,13.1,Hong Kong,MS Chapman,Waqas Barkat,Mohammad Nabi,1,0,"",""
ball,1,13.2,Hong Kong,Waqas Barkat,MS Chapman,Mohammad Nabi,2,0,"",""
ball,1,13.3,Hong Kong,Waqas Barkat,MS Chapman,Mohammad Nabi,0,0,caught,Waqas Barkat
ball,1,13.4,Hong Kong,MS Chapman,Babar Hayat,Mohammad Nabi,0,0,"",""
ball,1,13.5,Hong Kong,MS Chapman,Babar Hayat,Mohammad Nabi,0,0,"",""
ball,1,13.6,Hong Kong,MS Chapman,Babar Hayat,Mohammad Nabi,1,0,"",""
ball,1,14.1,Hong Kong,MS Chapman,Babar Hayat,Shapoor Zadran,0,0,"",""
ball,1,14.2,Hong Kong,MS Chapman,Babar Hayat,Shapoor Zadran,0,0,"",""
ball,1,14.3,Hong Kong,MS Chapman,Babar Hayat,Shapoor Zadran,1,0,"",""
ball,1,14.4,Hong Kong,Babar Hayat,MS Chapman,Shapoor Zadran,1,0,"",""
ball,1,14.5,Hong Kong,MS Chapman,Babar Hayat,Shapoor Zadran,4,0,"",""
ball,1,14.6,Hong Kong,MS Chapman,Babar Hayat,Shapoor Zadran,1,0,"",""
ball,1,15.1,Hong Kong,MS Chapman,Babar Hayat,Mohammad Nabi,1,0,"",""
ball,1,15.2,Hong Kong,Babar Hayat,MS Chapman,Mohammad Nabi,4,0,"",""
ball,1,15.3,Hong Kong,Babar Hayat,MS Chapman,Mohammad Nabi,0,0,caught,Babar Hayat
ball,1,15.4,Hong Kong,MS Chapman,Nizakat Khan,Mohammad Nabi,0,0,"",""
ball,1,15.5,Hong Kong,MS Chapman,Nizakat Khan,Mohammad Nabi,0,0,"",""
ball,1,15.6,Hong Kong,MS Chapman,Nizakat Khan,Mohammad Nabi,0,1,"",""
ball,1,15.7,Hong Kong,MS Chapman,Nizakat Khan,Mohammad Nabi,0,0,"",""
ball,1,16.1,Hong Kong,Nizakat Khan,MS Chapman,Dawlat Zadran,1,0,"",""
ball,1,16.2,Hong Kong,MS Chapman,Nizakat Khan,Dawlat Zadran,0,0,bowled,MS Chapman
ball,1,16.3,Hong Kong,Munir Dar,Nizakat Khan,Dawlat Zadran,0,0,"",""
ball,1,16.4,Hong Kong,Munir Dar,Nizakat Khan,Dawlat Zadran,0,0,"",""
ball,1,16.5,Hong Kong,Munir Dar,Nizakat Khan,Dawlat Zadran,1,0,"",""
ball,1,16.6,Hong Kong,Nizakat Khan,Munir Dar,Dawlat Zadran,2,0,"",""
ball,1,17.1,Hong Kong,Munir Dar,Nizakat Khan,Amir Hamza,0,1,"",""
ball,1,17.2,Hong Kong,Nizakat Khan,Munir Dar,Amir Hamza,6,0,"",""
ball,1,17.3,Hong Kong,Nizakat Khan,Munir Dar,Amir Hamza,0,0,caught,Nizakat Khan
ball,1,17.4,Hong Kong,Tanwir Afzal,Munir Dar,Amir Hamza,1,0,"",""
ball,1,17.5,Hong Kong,Munir Dar,Tanwir Afzal,Amir Hamza,0,0,"",""
ball,1,17.6,Hong Kong,Munir Dar,Tanwir Afzal,Amir Hamza,0,5,"",""
ball,1,17.7,Hong Kong,Munir Dar,Tanwir Afzal,Amir Hamza,2,0,"",""
ball,1,18.1,Hong Kong,Tanwir Afzal,Munir Dar,Dawlat Zadran,0,0,"",""
ball,1,18.2,Hong Kong,Tanwir Afzal,Munir Dar,Dawlat Zadran,0,0,run out,Munir Dar
ball,1,18.3,Hong Kong,Haseeb Amjad,Tanwir Afzal,Dawlat Zadran,0,0,"",""
ball,1,18.4,Hong Kong,Haseeb Amjad,Tanwir Afzal,Dawlat Zadran,1,0,"",""
ball,1,18.5,Hong Kong,Tanwir Afzal,Haseeb Amjad,Dawlat Zadran,6,0,"",""
ball,1,18.6,Hong Kong,Tanwir Afzal,Haseeb Amjad,Dawlat Zadran,4,0,"",""
ball,1,19.1,Hong Kong,Haseeb Amjad,Tanwir Afzal,Shapoor Zadran,1,0,"",""
ball,1,19.2,Hong Kong,Tanwir Afzal,Haseeb Amjad,Shapoor Zadran,0,0,caught,Tanwir Afzal
ball,1,19.3,Hong Kong,Haseeb Amjad,Aizaz Khan,Shapoor Zadran,0,0,"",""
ball,1,19.4,Hong Kong,Haseeb Amjad,Aizaz Khan,Shapoor Zadran,1,0,"",""
ball,1,19.5,Hong Kong,Aizaz Khan,Haseeb Amjad,Shapoor Zadran,1,0,"",""
ball,1,19.6,Hong Kong,Haseeb Amjad,Aizaz Khan,Shapoor Zadran,4,0,"",""
ball,2,0.1,Afghanistan,Najeeb Tarakai,Mohammad Shahzad,Tanwir Afzal,1,0,"",""
ball,2,0.2,Afghanistan,Mohammad Shahzad,Najeeb Tarakai,Tanwir Afzal,0,0,"",""
ball,2,0.3,Afghanistan,Mohammad Shahzad,Najeeb Tarakai,Tanwir Afzal,0,0,"",""
ball,2,0.4,Afghanistan,Mohammad Shahzad,Najeeb Tarakai,Tanwir Afzal,0,0,"",""
ball,2,0.5,Afghanistan,Mohammad Shahzad,Najeeb Tarakai,Tanwir Afzal,1,0,"",""
ball,2,0.6,Afghanistan,Najeeb Tarakai,Mohammad Shahzad,Tanwir Afzal,0,0,"",""
ball,2,1.1,Afghanistan,Mohammad Shahzad,Najeeb Tarakai,Haseeb Amjad,0,0,"",""
ball,2,1.2,Afghanistan,Mohammad Shahzad,Najeeb Tarakai,Haseeb Amjad,4,0,"",""
ball,2,1.3,Afghanistan,Mohammad Shahzad,Najeeb Tarakai,Haseeb Amjad,1,0,"",""
ball,2,1.4,Afghanistan,Najeeb Tarakai,Mohammad Shahzad,Haseeb Amjad,1,0,"",""
ball,2,1.5,Afghanistan,Mohammad Shahzad,Najeeb Tarakai,Haseeb Amjad,0,0,"",""
ball,2,1.6,Afghanistan,Mohammad Shahzad,Najeeb Tarakai,Haseeb Amjad,0,0,"",""
ball,2,2.1,Afghanistan,Najeeb Tarakai,Mohammad Shahzad,Tanwir Afzal,1,0,"",""
ball,2,2.2,Afghanistan,Mohammad Shahzad,Najeeb Tarakai,Tanwir Afzal,1,0,"",""
ball,2,2.3,Afghanistan,Najeeb Tarakai,Mohammad Shahzad,Tanwir Afzal,4,0,"",""
ball,2,2.4,Afghanistan,Najeeb Tarakai,Mohammad Shahzad,Tanwir Afzal,0,0,caught,Najeeb Tarakai
ball,2,2.5,Afghanistan,Mohammad Shahzad,Asghar Stanikzai,Tanwir Afzal,0,0,"",""
ball,2,2.6,Afghanistan,Mohammad Shahzad,Asghar Stanikzai,Tanwir Afzal,0,0,"",""
ball,2,3.1,Afghanistan,Asghar Stanikzai,Mohammad Shahzad,Haseeb Amjad,0,0,"",""
ball,2,3.2,Afghanistan,Asghar Stanikzai,Mohammad Shahzad,Haseeb Amjad,0,0,"",""
ball,2,3.3,Afghanistan,Asghar Stanikzai,Mohammad Shahzad,Haseeb Amjad,1,0,"",""
ball,2,3.4,Afghanistan,Mohammad Shahzad,Asghar Stanikzai,Haseeb Amjad,0,0,"",""
ball,2,3.5,Afghanistan,Mohammad Shahzad,Asghar Stanikzai,Haseeb Amjad,4,0,"",""
ball,2,3.6,Afghanistan,Mohammad Shahzad,Asghar Stanikzai,Haseeb Amjad,4,0,"",""
ball,2,4.1,Afghanistan,Asghar Stanikzai,Mohammad Shahzad,Tanwir Afzal,1,0,"",""
ball,2,4.2,Afghanistan,Mohammad Shahzad,Asghar Stanikzai,Tanwir Afzal,1,0,"",""
ball,2,4.3,Afghanistan,Asghar Stanikzai,Mohammad Shahzad,Tanwir Afzal,1,0,"",""
ball,2,4.4,Afghanistan,Mohammad Shahzad,Asghar Stanikzai,Tanwir Afzal,4,0,"",""
ball,2,4.5,Afghanistan,Mohammad Shahzad,Asghar Stanikzai,Tanwir Afzal,4,0,"",""
ball,2,4.6,Afghanistan,Mohammad Shahzad,Asghar Stanikzai,Tanwir Afzal,0,0,"",""
ball,2,5.1,Afghanistan,Asghar Stanikzai,Mohammad Shahzad,Nadeem Ahmed,0,0,"",""
ball,2,5.2,Afghanistan,Asghar Stanikzai,Mohammad Shahzad,Nadeem Ahmed,0,0,"",""
ball,2,5.3,Afghanistan,Asghar Stanikzai,Mohammad Shahzad,Nadeem Ahmed,1,0,"",""
ball,2,5.4,Afghanistan,Mohammad Shahzad,Asghar Stanikzai,Nadeem Ahmed,0,1,"",""
ball,2,5.5,Afghanistan,Mohammad Shahzad,Asghar Stanikzai,Nadeem Ahmed,1,0,"",""
ball,2,5.6,Afghanistan,Asghar Stanikzai,Mohammad Shahzad,Nadeem Ahmed,1,0,"",""
ball,2,5.7,Afghanistan,Mohammad Shahzad,Asghar Stanikzai,Nadeem Ahmed,0,0,"",""
ball,2,6.1,Afghanistan,Asghar Stanikzai,Mohammad Shahzad,Irfan Ahmed,1,0,"",""
ball,2,6.2,Afghanistan,Mohammad Shahzad,Asghar Stanikzai,Irfan Ahmed,1,0,"",""
ball,2,6.3,Afghanistan,Asghar Stanikzai,Mohammad Shahzad,Irfan Ahmed,0,0,"",""
ball,2,6.4,Afghanistan,Asghar Stanikzai,Mohammad Shahzad,Irfan Ahmed,1,0,"",""
ball,2,6.5,Afghanistan,Mohammad Shahzad,Asghar Stanikzai,Irfan Ahmed,0,0,"",""
ball,2,6.6,Afghanistan,Mohammad Shahzad,Asghar Stanikzai,Irfan Ahmed,0,0,"",""
ball,2,7.1,Afghanistan,Asghar Stanikzai,Mohammad Shahzad,Nizakat Khan,0,0,"",""
ball,2,7.2,Afghanistan,Asghar Stanikzai,Mohammad Shahzad,Nizakat Khan,2,0,"",""
ball,2,7.3,Afghanistan,Asghar Stanikzai,Mohammad Shahzad,Nizakat Khan,2,0,"",""
ball,2,7.4,Afghanistan,Asghar Stanikzai,Mohammad Shahzad,Nizakat Khan,0,0,"",""
ball,2,7.5,Afghanistan,Asghar Stanikzai,Mohammad Shahzad,Nizakat Khan,0,0,"",""
ball,2,7.6,Afghanistan,Asghar Stanikzai,Mohammad Shahzad,Nizakat Khan,0,0,"",""
ball,2,8.1,Afghanistan,Mohammad Shahzad,Asghar Stanikzai,Irfan Ahmed,0,0,"",""
ball,2,8.2,Afghanistan,Mohammad Shahzad,Asghar Stanikzai,Irfan Ahmed,1,0,"",""
ball,2,8.3,Afghanistan,Asghar Stanikzai,Mohammad Shahzad,Irfan Ahmed,1,0,"",""
ball,2,8.4,Afghanistan,Mohammad Shahzad,Asghar Stanikzai,Irfan Ahmed,0,0,"",""
ball,2,8.5,Afghanistan,Mohammad Shahzad,Asghar Stanikzai,Irfan Ahmed,0,0,"",""
ball,2,8.6,Afghanistan,Mohammad Shahzad,Asghar Stanikzai,Irfan Ahmed,2,0,"",""
ball,2,9.1,Afghanistan,Asghar Stanikzai,Mohammad Shahzad,Nizakat Khan,1,0,"",""
ball,2,9.2,Afghanistan,Mohammad Shahzad,Asghar Stanikzai,Nizakat Khan,0,0,"",""
ball,2,9.3,Afghanistan,Mohammad Shahzad,Asghar Stanikzai,Nizakat Khan,6,0,"",""
ball,2,9.4,Afghanistan,Mohammad Shahzad,Asghar Stanikzai,Nizakat Khan,0,0,"",""
ball,2,9.5,Afghanistan,Mohammad Shahzad,Asghar Stanikzai,Nizakat Khan,6,0,"",""
ball,2,9.6,Afghanistan,Mohammad Shahzad,Asghar Stanikzai,Nizakat Khan,0,5,"",""
ball,2,9.7,Afghanistan,Mohammad Shahzad,Asghar Stanikzai,Nizakat Khan,1,0,"",""
ball,2,10.1,Afghanistan,Mohammad Shahzad,Asghar Stanikzai,Aizaz Khan,1,0,"",""
ball,2,10.2,Afghanistan,Asghar Stanikzai,Mohammad Shahzad,Aizaz Khan,0,0,caught,Asghar Stanikzai
ball,2,10.3,Afghanistan,Mohammad Shahzad,Shafiqullah,Aizaz Khan,1,0,"",""
ball,2,10.4,Afghanistan,Shafiqullah,Mohammad Shahzad,Aizaz Khan,1,0,"",""
ball,2,10.5,Afghanistan,Mohammad Shahzad,Shafiqullah,Aizaz Khan,1,0,"",""
ball,2,10.6,Afghanistan,Shafiqullah,Mohammad Shahzad,Aizaz Khan,0,0,"",""
ball,2,11.1,Afghanistan,Mohammad Shahzad,Shafiqullah,Nadeem Ahmed,2,0,"",""
ball,2,11.2,Afghanistan,Mohammad Shahzad,Shafiqullah,Nadeem Ahmed,0,0,"",""
ball,2,11.3,Afghanistan,Mohammad Shahzad,Shafiqullah,Nadeem Ahmed,1,0,"",""
ball,2,11.4,Afghanistan,Shafiqullah,Mohammad Shahzad,Nadeem Ahmed,4,0,"",""
ball,2,11.5,Afghanistan,Shafiqullah,Mohammad Shahzad,Nadeem Ahmed,0,1,"",""
ball,2,11.6,Afghanistan,Mohammad Shahzad,Shafiqullah,Nadeem Ahmed,2,0,"",""
ball,2,12.1,Afghanistan,Shafiqullah,Mohammad Shahzad,Aizaz Khan,1,1,"",""
ball,2,12.2,Afghanistan,Mohammad Shahzad,Shafiqullah,Aizaz Khan,6,0,"",""
ball,2,12.3,Afghanistan,Mohammad Shahzad,Shafiqullah,Aizaz Khan,1,0,"",""
ball,2,12.4,Afghanistan,Shafiqullah,Mohammad Shahzad,Aizaz Khan,0,0,"",""
ball,2,12.5,Afghanistan,Shafiqullah,Mohammad Shahzad,Aizaz Khan,0,0,"",""
ball,2,12.6,Afghanistan,Shafiqullah,Mohammad Shahzad,Aizaz Khan,1,0,"",""
ball,2,12.7,Afghanistan,Mohammad Shahzad,Shafiqullah,Aizaz Khan,1,0,"",""
ball,2,13.1,Afghanistan,Mohammad Shahzad,Shafiqullah,Nadeem Ahmed,1,0,"",""
ball,2,13.2,Afghanistan,Shafiqullah,Mohammad Shahzad,Nadeem Ahmed,1,0,"",""
ball,2,13.3,Afghanistan,Mohammad Shahzad,Shafiqullah,Nadeem Ahmed,1,0,"",""
ball,2,13.4,Afghanistan,Shafiqullah,Mohammad Shahzad,Nadeem Ahmed,4,0,"",""
ball,2,13.5,Afghanistan,Shafiqullah,Mohammad Shahzad,Nadeem Ahmed,1,0,"",""
ball,2,13.6,Afghanistan,Mohammad Shahzad,Shafiqullah,Nadeem Ahmed,1,0,"",""
ball,2,14.1,Afghanistan,Mohammad Shahzad,Shafiqullah,Irfan Ahmed,2,0,"",""
ball,2,14.2,Afghanistan,Mohammad Shahzad,Shafiqullah,Irfan Ahmed,0,0,"",""
ball,2,14.3,Afghanistan,Mohammad Shahzad,Shafiqullah,Irfan Ahmed,1,0,"",""
ball,2,14.4,Afghanistan,Shafiqullah,Mohammad Shahzad,Irfan Ahmed,1,0,"",""
ball,2,14.5,Afghanistan,Mohammad Shahzad,Shafiqullah,Irfan Ahmed,0,0,"",""
ball,2,14.6,Afghanistan,Mohammad Shahzad,Shafiqullah,Irfan Ahmed,4,0,"",""
ball,2,15.1,Afghanistan,Shafiqullah,Mohammad Shahzad,Haseeb Amjad,4,0,"",""
ball,2,15.2,Afghanistan,Shafiqullah,Mohammad Shahzad,Haseeb Amjad,0,1,"",""
ball,2,15.3,Afghanistan,Shafiqullah,Mohammad Shahzad,Haseeb Amjad,1,0,"",""
ball,2,15.4,Afghanistan,Mohammad Shahzad,Shafiqullah,Haseeb Amjad,0,0,caught,Mohammad Shahzad
ball,2,15.5,Afghanistan,Shafiqullah,Mohammad Nabi,Haseeb Amjad,1,0,"",""
ball,2,15.6,Afghanistan,Mohammad Nabi,Shafiqullah,Haseeb Amjad,1,0,"",""
ball,2,15.7,Afghanistan,Shafiqullah,Mohammad Nabi,Haseeb Amjad,1,0,"",""
ball,2,16.1,Afghanistan,Shafiqullah,Mohammad Nabi,Aizaz Khan,6,0,"",""
ball,2,16.2,Afghanistan,Shafiqullah,Mohammad Nabi,Aizaz Khan,2,0,"",""
ball,2,16.3,Afghanistan,Shafiqullah,Mohammad Nabi,Aizaz Khan,6,0,"",""
ball,2,16.4,Afghanistan,Shafiqullah,Mohammad Nabi,Aizaz Khan,1,0,"",""
ball,2,16.5,Afghanistan,Mohammad Nabi,Shafiqullah,Aizaz Khan,3,0,"",""
ball,2,16.6,Afghanistan,Shafiqullah,Mohammad Nabi,Aizaz Khan,6,0,"",""
ball,2,17.1,Afghanistan,Mohammad Nabi,Shafiqullah,Haseeb Amjad,1,0,"",""
ball,2,17.2,Afghanistan,Shafiqullah,Mohammad Nabi,Haseeb Amjad,4,0,"",""
ball,2,17.3,Afghanistan,Shafiqullah,Mohammad Nabi,Haseeb Amjad,1,0,"",""
ball,2,17.4,Afghanistan,Mohammad Nabi,Shafiqullah,Haseeb Amjad,0,0,"",""
ball,2,17.5,Afghanistan,Mohammad Nabi,Shafiqullah,Haseeb Amjad,1,0,"",""
ball,2,17.6,Afghanistan,Shafiqullah,Mohammad Nabi,Haseeb Amjad,4,0,"",""
