version,1.3.0
info,team,New Zealand
info,team,South Africa
info,gender,male
info,season,2013/14
info,date,2014/03/24
info,competition,World T20
info,match_number,18
info,venue,Zahur Ahmed Chowdhury Stadium
info,city,Chittagong
info,neutralvenue,true
info,toss_winner,New Zealand
info,toss_decision,field
info,player_of_match,JP Duminy
info,umpire,Aleem Dar
info,umpire,S Ravi
info,reserve_umpire,RJ Tucker
info,tv_umpire,PR Reiffel
info,match_referee,J Srinath
info,winner,South Africa
info,winner_runs,2
ball,1,0.1,South Africa,Q de Kock,HM Amla,KD Mills,1,0,"",""
ball,1,0.2,South Africa,HM Amla,Q de Kock,KD Mills,0,0,"",""
ball,1,0.3,South Africa,HM Amla,Q de Kock,KD Mills,1,0,"",""
ball,1,0.4,South Africa,Q de Kock,HM Amla,KD Mills,0,0,"",""
ball,1,0.5,South Africa,Q de Kock,HM Amla,KD Mills,0,0,"",""
ball,1,0.6,South Africa,Q de Kock,HM Amla,KD Mills,1,0,"",""
ball,1,1.1,South Africa,Q de Kock,HM Amla,MJ McClenaghan,1,0,"",""
ball,1,1.2,South Africa,HM Amla,Q de Kock,MJ McClenaghan,2,0,"",""
ball,1,1.3,South Africa,HM Amla,Q de Kock,MJ McClenaghan,0,0,"",""
ball,1,1.4,South Africa,HM Amla,Q de Kock,MJ McClenaghan,4,0,"",""
ball,1,1.5,South Africa,HM Amla,Q de Kock,MJ McClenaghan,0,0,"",""
ball,1,1.6,South Africa,HM Amla,Q de Kock,MJ McClenaghan,0,0,"",""
ball,1,2.1,South Africa,Q de Kock,HM Amla,KD Mills,1,0,"",""
ball,1,2.2,South Africa,HM Amla,Q de Kock,KD Mills,2,0,"",""
ball,1,2.3,South Africa,HM Amla,Q de Kock,KD Mills,2,0,"",""
ball,1,2.4,South Africa,HM Amla,Q de Kock,KD Mills,1,0,"",""
ball,1,2.5,South Africa,Q de Kock,HM Amla,KD Mills,0,0,"",""
ball,1,2.6,South Africa,Q de Kock,HM Amla,KD Mills,0,0,caught,Q de Kock
ball,1,3.1,South Africa,HM Amla,F du Plessis,MJ McClenaghan,2,0,"",""
ball,1,3.2,South Africa,HM Amla,F du Plessis,MJ McClenaghan,1,0,"",""
ball,1,3.3,South Africa,F du Plessis,HM Amla,MJ McClenaghan,0,0,"",""
ball,1,3.4,South Africa,F du Plessis,HM Amla,MJ McClenaghan,3,0,"",""
ball,1,3.5,South Africa,HM Amla,F du Plessis,MJ McClenaghan,0,0,"",""
ball,1,3.6,South Africa,HM Amla,F du Plessis,MJ McClenaghan,0,0,"",""
ball,1,4.1,South Africa,F du Plessis,HM Amla,TG Southee,0,0,"",""
ball,1,4.2,South Africa,F du Plessis,HM Amla,TG Southee,0,0,"",""
ball,1,4.3,South Africa,F du Plessis,HM Amla,TG Southee,2,0,"",""
ball,1,4.4,South Africa,F du Plessis,HM Amla,TG Southee,4,0,"",""
ball,1,4.5,South Africa,F du Plessis,HM Amla,TG Southee,4,0,"",""
ball,1,4.6,South Africa,F du Plessis,HM Amla,TG Southee,0,0,caught,F du Plessis
ball,1,5.1,South Africa,HM Amla,AB de Villiers,MJ McClenaghan,2,0,"",""
ball,1,5.2,South Africa,HM Amla,AB de Villiers,MJ McClenaghan,1,0,"",""
ball,1,5.3,South Africa,AB de Villiers,HM Amla,MJ McClenaghan,0,0,"",""
ball,1,5.4,South Africa,AB de Villiers,HM Amla,MJ McClenaghan,0,0,"",""
ball,1,5.5,South Africa,AB de Villiers,HM Amla,MJ McClenaghan,4,0,"",""
ball,1,5.6,South Africa,AB de Villiers,HM Amla,MJ McClenaghan,0,0,"",""
ball,1,6.1,South Africa,HM Amla,AB de Villiers,NL McCullum,1,0,"",""
ball,1,6.2,South Africa,AB de Villiers,HM Amla,NL McCullum,1,0,"",""
ball,1,6.3,South Africa,HM Amla,AB de Villiers,NL McCullum,1,0,"",""
ball,1,6.4,South Africa,AB de Villiers,HM Amla,NL McCullum,0,0,bowled,AB de Villiers
ball,1,6.5,South Africa,JP Duminy,HM Amla,NL McCullum,1,0,"",""
ball,1,6.6,South Africa,HM Amla,JP Duminy,NL McCullum,0,0,"",""
ball,1,7.1,South Africa,JP Duminy,HM Amla,TG Southee,0,0,"",""
ball,1,7.2,South Africa,JP Duminy,HM Amla,TG Southee,1,0,"",""
ball,1,7.3,South Africa,HM Amla,JP Duminy,TG Southee,2,0,"",""
ball,1,7.4,South Africa,HM Amla,JP Duminy,TG Southee,1,0,"",""
ball,1,7.5,South Africa,JP Duminy,HM Amla,TG Southee,1,0,"",""
ball,1,7.6,South Africa,HM Amla,JP Duminy,TG Southee,1,0,"",""
ball,1,8.1,South Africa,HM Amla,JP Duminy,NL McCullum,1,0,"",""
ball,1,8.2,South Africa,JP Duminy,HM Amla,NL McCullum,1,0,"",""
ball,1,8.3,South Africa,HM Amla,JP Duminy,NL McCullum,0,0,"",""
ball,1,8.4,South Africa,HM Amla,JP Duminy,NL McCullum,4,0,"",""
ball,1,8.5,South Africa,HM Amla,JP Duminy,NL McCullum,1,0,"",""
ball,1,8.6,South Africa,JP Duminy,HM Amla,NL McCullum,1,0,"",""
ball,1,9.1,South Africa,JP Duminy,HM Amla,CJ Anderson,0,0,"",""
ball,1,9.2,South Africa,JP Duminy,HM Amla,CJ Anderson,1,0,"",""
ball,1,9.3,South Africa,HM Amla,JP Duminy,CJ Anderson,1,0,"",""
ball,1,9.4,South Africa,JP Duminy,HM Amla,CJ Anderson,1,0,"",""
ball,1,9.5,South Africa,HM Amla,JP Duminy,CJ Anderson,0,0,"",""
ball,1,9.6,South Africa,HM Amla,JP Duminy,CJ Anderson,1,0,"",""
ball,1,10.1,South Africa,HM Amla,JP Duminy,NL McCullum,1,0,"",""
ball,1,10.2,South Africa,JP Duminy,HM Amla,NL McCullum,1,0,"",""
ball,1,10.3,South Africa,HM Amla,JP Duminy,NL McCullum,1,0,"",""
ball,1,10.4,South Africa,JP Duminy,HM Amla,NL McCullum,2,0,"",""
ball,1,10.5,South Africa,JP Duminy,HM Amla,NL McCullum,1,0,"",""
ball,1,10.6,South Africa,HM Amla,JP Duminy,NL McCullum,0,0,"",""
ball,1,11.1,South Africa,JP Duminy,HM Amla,MJ McClenaghan,0,0,"",""
ball,1,11.2,South Africa,JP Duminy,HM Amla,MJ McClenaghan,0,0,"",""
ball,1,11.3,South Africa,JP Duminy,HM Amla,MJ McClenaghan,0,1,"",""
ball,1,11.4,South Africa,JP Duminy,HM Amla,MJ McClenaghan,2,0,"",""
ball,1,11.5,South Africa,JP Duminy,HM Amla,MJ McClenaghan,6,0,"",""
ball,1,11.6,South Africa,JP Duminy,HM Amla,MJ McClenaghan,1,0,"",""
ball,1,11.7,South Africa,HM Amla,JP Duminy,MJ McClenaghan,0,0,"",""
ball,1,12.1,South Africa,JP Duminy,HM Amla,NL McCullum,1,0,"",""
ball,1,12.2,South Africa,HM Amla,JP Duminy,NL McCullum,1,0,"",""
ball,1,12.3,South Africa,JP Duminy,HM Amla,NL McCullum,1,0,"",""
ball,1,12.4,South Africa,HM Amla,JP Duminy,NL McCullum,2,0,"",""
ball,1,12.5,South Africa,HM Amla,JP Duminy,NL McCullum,0,0,"",""
ball,1,12.6,South Africa,HM Amla,JP Duminy,NL McCullum,1,0,"",""
ball,1,13.1,South Africa,HM Amla,JP Duminy,CJ Anderson,2,0,"",""
ball,1,13.2,South Africa,HM Amla,JP Duminy,CJ Anderson,1,0,"",""
ball,1,13.3,South Africa,JP Duminy,HM Amla,CJ Anderson,4,0,"",""
ball,1,13.4,South Africa,JP Duminy,HM Amla,CJ Anderson,6,0,"",""
ball,1,13.5,South Africa,JP Duminy,HM Amla,CJ Anderson,1,0,"",""
ball,1,13.6,South Africa,HM Amla,JP Duminy,CJ Anderson,0,0,caught and bowled,HM Amla
ball,1,14.1,South Africa,JP Duminy,DA Miller,KD Mills,1,0,"",""
ball,1,14.2,South Africa,DA Miller,JP Duminy,KD Mills,0,0,"",""
ball,1,14.3,South Africa,DA Miller,JP Duminy,KD Mills,0,0,"",""
ball,1,14.4,South Africa,DA Miller,JP Duminy,KD Mills,1,0,"",""
ball,1,14.5,South Africa,JP Duminy,DA Miller,KD Mills,0,0,"",""
ball,1,14.6,South Africa,JP Duminy,DA Miller,KD Mills,1,0,"",""
ball,1,15.1,South Africa,JP Duminy,DA Miller,KS Williamson,4,0,"",""
ball,1,15.2,South Africa,JP Duminy,DA Miller,KS Williamson,1,0,"",""
ball,1,15.3,South Africa,DA Miller,JP Duminy,KS Williamson,1,0,"",""
ball,1,15.4,South Africa,JP Duminy,DA Miller,KS Williamson,2,0,"",""
ball,1,15.5,South Africa,JP Duminy,DA Miller,KS Williamson,4,0,"",""
ball,1,15.6,South Africa,JP Duminy,DA Miller,KS Williamson,1,0,"",""
ball,1,16.1,South Africa,JP Duminy,DA Miller,TG Southee,4,0,"",""
ball,1,16.2,South Africa,JP Duminy,DA Miller,TG Southee,0,0,"",""
ball,1,16.3,South Africa,JP Duminy,DA Miller,TG Southee,4,0,"",""
ball,1,16.4,South Africa,JP Duminy,DA Miller,TG Southee,4,0,"",""
ball,1,16.5,South Africa,JP Duminy,DA Miller,TG Southee,1,0,"",""
ball,1,16.6,South Africa,DA Miller,JP Duminy,TG Southee,4,0,"",""
ball,1,17.1,South Africa,JP Duminy,DA Miller,CJ Anderson,1,0,"",""
ball,1,17.2,South Africa,DA Miller,JP Duminy,CJ Anderson,0,0,caught and bowled,DA Miller
ball,1,17.3,South Africa,JA Morkel,JP Duminy,CJ Anderson,2,0,"",""
ball,1,17.4,South Africa,JA Morkel,JP Duminy,CJ Anderson,0,0,"",""
ball,1,17.5,South Africa,JA Morkel,JP Duminy,CJ Anderson,6,0,"",""
ball,1,17.6,South Africa,JA Morkel,JP Duminy,CJ Anderson,1,0,"",""
ball,1,18.1,South Africa,JA Morkel,JP Duminy,KD Mills,1,0,"",""
ball,1,18.2,South Africa,JP Duminy,JA Morkel,KD Mills,1,0,"",""
ball,1,18.3,South Africa,JA Morkel,JP Duminy,KD Mills,1,0,"",""
ball,1,18.4,South Africa,JP Duminy,JA Morkel,KD Mills,4,0,"",""
ball,1,18.5,South Africa,JP Duminy,JA Morkel,KD Mills,4,0,"",""
ball,1,18.6,South Africa,JP Duminy,JA Morkel,KD Mills,6,0,"",""
ball,1,19.1,South Africa,JA Morkel,JP Duminy,TG Southee,2,0,"",""
ball,1,19.2,South Africa,JA Morkel,JP Duminy,TG Southee,0,0,bowled,JA Morkel
ball,1,19.3,South Africa,DW Steyn,JP Duminy,TG Southee,1,0,"",""
ball,1,19.4,South Africa,JP Duminy,DW Steyn,TG Southee,4,0,"",""
ball,1,19.5,South Africa,JP Duminy,DW Steyn,TG Southee,4,0,"",""
ball,1,19.6,South Africa,JP Duminy,DW Steyn,TG Southee,2,0,"",""
ball,2,0.1,New Zealand,MJ Guptill,KS Williamson,JP Duminy,1,0,"",""
ball,2,0.2,New Zealand,KS Williamson,MJ Guptill,JP Duminy,0,0,"",""
ball,2,0.3,New Zealand,KS Williamson,MJ Guptill,JP Duminy,1,0,"",""
ball,2,0.4,New Zealand,MJ Guptill,KS Williamson,JP Duminy,1,0,"",""
ball,2,0.5,New Zealand,KS Williamson,MJ Guptill,JP Duminy,0,0,"",""
ball,2,0.6,New Zealand,KS Williamson,MJ Guptill,JP Duminy,4,0,"",""
ball,2,1.1,New Zealand,MJ Guptill,KS Williamson,LL Tsotsobe,0,0,"",""
ball,2,1.2,New Zealand,MJ Guptill,KS Williamson,LL Tsotsobe,0,0,"",""
ball,2,1.3,New Zealand,MJ Guptill,KS Williamson,LL Tsotsobe,1,0,"",""
ball,2,1.4,New Zealand,KS Williamson,MJ Guptill,LL Tsotsobe,1,0,"",""
ball,2,1.5,New Zealand,MJ Guptill,KS Williamson,LL Tsotsobe,1,0,"",""
ball,2,1.6,New Zealand,KS Williamson,MJ Guptill,LL Tsotsobe,2,0,"",""
ball,2,2.1,New Zealand,MJ Guptill,KS Williamson,DW Steyn,0,0,"",""
ball,2,2.2,New Zealand,MJ Guptill,KS Williamson,DW Steyn,0,0,"",""
ball,2,2.3,New Zealand,MJ Guptill,KS Williamson,DW Steyn,0,0,"",""
ball,2,2.4,New Zealand,MJ Guptill,KS Williamson,DW Steyn,0,0,"",""
ball,2,2.5,New Zealand,MJ Guptill,KS Williamson,DW Steyn,1,0,"",""
ball,2,2.6,New Zealand,KS Williamson,MJ Guptill,DW Steyn,0,0,"",""
ball,2,3.1,New Zealand,MJ Guptill,KS Williamson,LL Tsotsobe,0,0,"",""
ball,2,3.2,New Zealand,MJ Guptill,KS Williamson,LL Tsotsobe,1,0,"",""
ball,2,3.3,New Zealand,KS Williamson,MJ Guptill,LL Tsotsobe,4,0,"",""
ball,2,3.4,New Zealand,KS Williamson,MJ Guptill,LL Tsotsobe,0,0,"",""
ball,2,3.5,New Zealand,KS Williamson,MJ Guptill,LL Tsotsobe,0,1,"",""
ball,2,3.6,New Zealand,MJ Guptill,KS Williamson,LL Tsotsobe,0,0,"",""
ball,2,4.1,New Zealand,KS Williamson,MJ Guptill,M Morkel,4,0,"",""
ball,2,4.2,New Zealand,KS Williamson,MJ Guptill,M Morkel,1,0,"",""
ball,2,4.3,New Zealand,MJ Guptill,KS Williamson,M Morkel,1,0,"",""
ball,2,4.4,New Zealand,KS Williamson,MJ Guptill,M Morkel,0,0,"",""
ball,2,4.5,New Zealand,KS Williamson,MJ Guptill,M Morkel,4,0,"",""
ball,2,4.6,New Zealand,KS Williamson,MJ Guptill,M Morkel,6,0,"",""
ball,2,5.1,New Zealand,MJ Guptill,KS Williamson,LL Tsotsobe,0,0,"",""
ball,2,5.2,New Zealand,MJ Guptill,KS Williamson,LL Tsotsobe,0,0,"",""
ball,2,5.3,New Zealand,MJ Guptill,KS Williamson,LL Tsotsobe,4,0,"",""
ball,2,5.4,New Zealand,MJ Guptill,KS Williamson,LL Tsotsobe,4,0,"",""
ball,2,5.5,New Zealand,MJ Guptill,KS Williamson,LL Tsotsobe,0,0,"",""
ball,2,5.6,New Zealand,MJ Guptill,KS Williamson,LL Tsotsobe,4,0,"",""
ball,2,6.1,New Zealand,KS Williamson,MJ Guptill,JP Duminy,2,0,"",""
ball,2,6.2,New Zealand,KS Williamson,MJ Guptill,JP Duminy,1,0,"",""
ball,2,6.3,New Zealand,MJ Guptill,KS Williamson,JP Duminy,0,0,"",""
ball,2,6.4,New Zealand,MJ Guptill,KS Williamson,JP Duminy,2,0,"",""
ball,2,6.5,New Zealand,MJ Guptill,KS Williamson,JP Duminy,1,0,"",""
ball,2,6.6,New Zealand,KS Williamson,MJ Guptill,JP Duminy,4,0,"",""
ball,2,7.1,New Zealand,MJ Guptill,KS Williamson,JA Morkel,0,0,caught,MJ Guptill
ball,2,7.2,New Zealand,KS Williamson,BB McCullum,JA Morkel,0,0,"",""
ball,2,7.3,New Zealand,KS Williamson,BB McCullum,JA Morkel,1,0,"",""
ball,2,7.4,New Zealand,BB McCullum,KS Williamson,JA Morkel,1,0,"",""
ball,2,7.5,New Zealand,KS Williamson,BB McCullum,JA Morkel,1,0,"",""
ball,2,7.6,New Zealand,BB McCullum,KS Williamson,JA Morkel,1,0,"",""
ball,2,8.1,New Zealand,BB McCullum,KS Williamson,Imran Tahir,1,0,"",""
ball,2,8.2,New Zealand,KS Williamson,BB McCullum,Imran Tahir,0,1,"",""
ball,2,8.3,New Zealand,BB McCullum,KS Williamson,Imran Tahir,1,0,"",""
ball,2,8.4,New Zealand,KS Williamson,BB McCullum,Imran Tahir,1,0,"",""
ball,2,8.5,New Zealand,BB McCullum,KS Williamson,Imran Tahir,0,1,stumped,BB McCullum
ball,2,8.6,New Zealand,LRPL Taylor,KS Williamson,Imran Tahir,1,0,"",""
ball,2,8.7,New Zealand,KS Williamson,LRPL Taylor,Imran Tahir,1,0,"",""
ball,2,9.1,New Zealand,KS Williamson,LRPL Taylor,JA Morkel,1,0,"",""
ball,2,9.2,New Zealand,LRPL Taylor,KS Williamson,JA Morkel,0,0,"",""
ball,2,9.3,New Zealand,LRPL Taylor,KS Williamson,JA Morkel,1,0,"",""
ball,2,9.4,New Zealand,KS Williamson,LRPL Taylor,JA Morkel,1,0,"",""
ball,2,9.5,New Zealand,LRPL Taylor,KS Williamson,JA Morkel,2,0,"",""
ball,2,9.6,New Zealand,LRPL Taylor,KS Williamson,JA Morkel,4,0,"",""
ball,2,10.1,New Zealand,KS Williamson,LRPL Taylor,Imran Tahir,1,0,"",""
ball,2,10.2,New Zealand,LRPL Taylor,KS Williamson,Imran Tahir,1,0,"",""
ball,2,10.3,New Zealand,KS Williamson,LRPL Taylor,Imran Tahir,6,0,"",""
ball,2,10.4,New Zealand,KS Williamson,LRPL Taylor,Imran Tahir,1,0,"",""
ball,2,10.5,New Zealand,LRPL Taylor,KS Williamson,Imran Tahir,0,1,"",""
ball,2,10.6,New Zealand,LRPL Taylor,KS Williamson,Imran Tahir,1,0,"",""
ball,2,10.7,New Zealand,KS Williamson,LRPL Taylor,Imran Tahir,1,0,"",""
ball,2,11.1,New Zealand,KS Williamson,LRPL Taylor,M Morkel,1,0,"",""
ball,2,11.2,New Zealand,LRPL Taylor,KS Williamson,M Morkel,6,0,"",""
ball,2,11.3,New Zealand,LRPL Taylor,KS Williamson,M Morkel,6,0,"",""
ball,2,11.4,New Zealand,LRPL Taylor,KS Williamson,M Morkel,6,0,"",""
ball,2,11.5,New Zealand,LRPL Taylor,KS Williamson,M Morkel,1,0,"",""
ball,2,11.6,New Zealand,KS Williamson,LRPL Taylor,M Morkel,0,0,"",""
ball,2,12.1,New Zealand,LRPL Taylor,KS Williamson,Imran Tahir,2,0,"",""
ball,2,12.2,New Zealand,LRPL Taylor,KS Williamson,Imran Tahir,1,0,"",""
ball,2,12.3,New Zealand,KS Williamson,LRPL Taylor,Imran Tahir,1,0,"",""
ball,2,12.4,New Zealand,LRPL Taylor,KS Williamson,Imran Tahir,2,0,"",""
ball,2,12.5,New Zealand,LRPL Taylor,KS Williamson,Imran Tahir,0,0,"",""
ball,2,12.6,New Zealand,LRPL Taylor,KS Williamson,Imran Tahir,1,0,"",""
ball,2,13.1,New Zealand,LRPL Taylor,KS Williamson,DW Steyn,1,0,"",""
ball,2,13.2,New Zealand,KS Williamson,LRPL Taylor,DW Steyn,0,0,"",""
ball,2,13.3,New Zealand,KS Williamson,LRPL Taylor,DW Steyn,0,0,caught,KS Williamson
ball,2,13.4,New Zealand,LRPL Taylor,C Munro,DW Steyn,2,0,"",""
ball,2,13.5,New Zealand,LRPL Taylor,C Munro,DW Steyn,1,0,"",""
ball,2,13.6,New Zealand,C Munro,LRPL Taylor,DW Steyn,0,0,"",""
ball,2,14.1,New Zealand,LRPL Taylor,C Munro,JP Duminy,2,0,"",""
ball,2,14.2,New Zealand,LRPL Taylor,C Munro,JP Duminy,0,0,"",""
ball,2,14.3,New Zealand,LRPL Taylor,C Munro,JP Duminy,2,0,"",""
ball,2,14.4,New Zealand,LRPL Taylor,C Munro,JP Duminy,4,0,"",""
ball,2,14.5,New Zealand,LRPL Taylor,C Munro,JP Duminy,1,0,"",""
ball,2,14.6,New Zealand,C Munro,LRPL Taylor,JP Duminy,4,0,"",""
ball,2,15.1,New Zealand,LRPL Taylor,C Munro,LL Tsotsobe,1,0,"",""
ball,2,15.2,New Zealand,C Munro,LRPL Taylor,LL Tsotsobe,1,0,"",""
ball,2,15.3,New Zealand,LRPL Taylor,C Munro,LL Tsotsobe,1,0,"",""
ball,2,15.4,New Zealand,C Munro,LRPL Taylor,LL Tsotsobe,1,0,"",""
ball,2,15.5,New Zealand,LRPL Taylor,C Munro,LL Tsotsobe,1,0,"",""
ball,2,15.6,New Zealand,C Munro,LRPL Taylor,LL Tsotsobe,0,1,"",""
ball,2,15.7,New Zealand,C Munro,LRPL Taylor,LL Tsotsobe,1,0,"",""
ball,2,16.1,New Zealand,C Munro,LRPL Taylor,Imran Tahir,0,0,"",""
ball,2,16.2,New Zealand,C Munro,LRPL Taylor,Imran Tahir,0,0,"",""
ball,2,16.3,New Zealand,C Munro,LRPL Taylor,Imran Tahir,0,0,caught,C Munro
ball,2,16.4,New Zealand,LRPL Taylor,CJ Anderson,Imran Tahir,1,0,"",""
ball,2,16.5,New Zealand,CJ Anderson,LRPL Taylor,Imran Tahir,1,0,"",""
ball,2,16.6,New Zealand,LRPL Taylor,CJ Anderson,Imran Tahir,0,0,"",""
ball,2,17.1,New Zealand,CJ Anderson,LRPL Taylor,DW Steyn,2,0,"",""
ball,2,17.2,New Zealand,CJ Anderson,LRPL Taylor,DW Steyn,4,0,"",""
ball,2,17.3,New Zealand,CJ Anderson,LRPL Taylor,DW Steyn,0,0,caught,CJ Anderson
ball,2,17.4,New Zealand,LRPL Taylor,L Ronchi,DW Steyn,0,0,"",""
ball,2,17.5,New Zealand,LRPL Taylor,L Ronchi,DW Steyn,0,0,"",""
ball,2,17.6,New Zealand,LRPL Taylor,L Ronchi,DW Steyn,2,0,"",""
ball,2,18.1,New Zealand,L Ronchi,LRPL Taylor,M Morkel,4,0,"",""
ball,2,18.2,New Zealand,L Ronchi,LRPL Taylor,M Morkel,1,0,"",""
ball,2,18.3,New Zealand,LRPL Taylor,L Ronchi,M Morkel,4,0,"",""
ball,2,18.4,New Zealand,LRPL Taylor,L Ronchi,M Morkel,0,1,"",""
ball,2,18.5,New Zealand,LRPL Taylor,L Ronchi,M Morkel,0,0,"",""
ball,2,18.6,New Zealand,LRPL Taylor,L Ronchi,M Morkel,0,0,"",""
ball,2,18.7,New Zealand,LRPL Taylor,L Ronchi,M Morkel,4,0,"",""
ball,2,19.1,New Zealand,L Ronchi,LRPL Taylor,DW Steyn,0,0,caught,L Ronchi
ball,2,19.2,New Zealand,NL McCullum,LRPL Taylor,DW Steyn,0,0,"",""
ball,2,19.3,New Zealand,NL McCullum,LRPL Taylor,DW Steyn,0,0,"",""
ball,2,19.4,New Zealand,NL McCullum,LRPL Taylor,DW Steyn,4,0,"",""
ball,2,19.5,New Zealand,NL McCullum,LRPL Taylor,DW Steyn,0,0,caught,NL McCullum
ball,2,19.6,New Zealand,LRPL Taylor,TG Southee,DW Steyn,0,0,run out,LRPL Taylor
