version,1.3.0
info,team,England
info,team,South Africa
info,gender,female
info,season,2014
info,date,2014/09/01
info,series,South Africa Women in England T20I Series
info,match_number,1
info,venue,County Ground
info,city,Chelmsford
info,toss_winner,England
info,toss_decision,field
info,player_of_match,CM Edwards
info,umpire,JW Lloyds
info,umpire,NA Mallender
info,tv_umpire,PR Pollard
info,match_referee,DT Jukes
info,winner,England
info,winner_wickets,9
ball,1,0.1,South Africa,D van Niekerk,T Chetty,KH Brunt,0,0,"",""
ball,1,0.2,South Africa,D van Niekerk,T Chetty,KH Brunt,0,0,"",""
ball,1,0.3,South Africa,D van Niekerk,T Chetty,KH Brunt,0,0,"",""
ball,1,0.4,South Africa,D van Niekerk,T Chetty,KH Brunt,3,0,"",""
ball,1,0.5,South Africa,T Chetty,D van Niekerk,KH Brunt,0,0,"",""
ball,1,0.6,South Africa,T Chetty,D van Niekerk,KH Brunt,4,0,"",""
ball,1,1.1,South Africa,D van Niekerk,T Chetty,A Shrubsole,0,0,"",""
ball,1,1.2,South Africa,D van Niekerk,T Chetty,A Shrubsole,0,0,"",""
ball,1,1.3,South Africa,D van Niekerk,T Chetty,A Shrubsole,0,0,"",""
ball,1,1.4,South Africa,D van Niekerk,T Chetty,A Shrubsole,2,0,"",""
ball,1,1.5,South Africa,D van Niekerk,T Chetty,A Shrubsole,0,0,"",""
ball,1,1.6,South Africa,D van Niekerk,T Chetty,A Shrubsole,0,1,"",""
ball,1,2.1,South Africa,D van Niekerk,T Chetty,KH Brunt,0,0,"",""
ball,1,2.2,South Africa,D van Niekerk,T Chetty,KH Brunt,1,0,"",""
ball,1,2.3,South Africa,T Chetty,D van Niekerk,KH Brunt,0,0,caught,T Chetty
ball,1,2.4,South Africa,M du Preez,D van Niekerk,KH Brunt,0,0,"",""
ball,1,2.5,South Africa,M du Preez,D van Niekerk,KH Brunt,0,0,"",""
ball,1,2.6,South Africa,M du Preez,D van Niekerk,KH Brunt,0,0,"",""
ball,1,3.1,South Africa,D van Niekerk,M du Preez,A Shrubsole,0,0,"",""
ball,1,3.2,South Africa,D van Niekerk,M du Preez,A Shrubsole,0,0,"",""
ball,1,3.3,South Africa,D van Niekerk,M du Preez,A Shrubsole,0,0,"",""
ball,1,3.4,South Africa,D van Niekerk,M du Preez,A Shrubsole,2,0,"",""
ball,1,3.5,South Africa,D van Niekerk,M du Preez,A Shrubsole,0,0,"",""
ball,1,3.6,South Africa,D van Niekerk,M du Preez,A Shrubsole,0,0,"",""
ball,1,4.1,South Africa,M du Preez,D van Niekerk,KH Brunt,0,0,"",""
ball,1,4.2,South Africa,M du Preez,D van Niekerk,KH Brunt,1,0,"",""
ball,1,4.3,South Africa,D van Niekerk,M du Preez,KH Brunt,0,0,"",""
ball,1,4.4,South Africa,D van Niekerk,M du Preez,KH Brunt,0,0,"",""
ball,1,4.5,South Africa,D van Niekerk,M du Preez,KH Brunt,0,0,"",""
ball,1,4.6,South Africa,D van Niekerk,M du Preez,KH Brunt,4,0,"",""
ball,1,5.1,South Africa,M du Preez,D van Niekerk,A Shrubsole,0,0,"",""
ball,1,5.2,South Africa,M du Preez,D van Niekerk,A Shrubsole,4,0,"",""
ball,1,5.3,South Africa,M du Preez,D van Niekerk,A Shrubsole,0,0,"",""
ball,1,5.4,South Africa,M du Preez,D van Niekerk,A Shrubsole,0,0,"",""
ball,1,5.5,South Africa,M du Preez,D van Niekerk,A Shrubsole,1,0,"",""
ball,1,5.6,South Africa,D van Niekerk,M du Preez,A Shrubsole,0,0,"",""
ball,1,6.1,South Africa,M du Preez,D van Niekerk,D Hazell,1,0,"",""
ball,1,6.2,South Africa,D van Niekerk,M du Preez,D Hazell,0,0,"",""
ball,1,6.3,South Africa,D van Niekerk,M du Preez,D Hazell,0,0,"",""
ball,1,6.4,South Africa,D van Niekerk,M du Preez,D Hazell,0,0,"",""
ball,1,6.5,South Africa,D van Niekerk,M du Preez,D Hazell,1,0,"",""
ball,1,6.6,South Africa,M du Preez,D van Niekerk,D Hazell,1,0,"",""
ball,1,7.1,South Africa,M du Preez,D van Niekerk,JL Gunn,1,0,"",""
ball,1,7.2,South Africa,D van Niekerk,M du Preez,JL Gunn,1,0,"",""
ball,1,7.3,South Africa,M du Preez,D van Niekerk,JL Gunn,1,0,"",""
ball,1,7.4,South Africa,D van Niekerk,M du Preez,JL Gunn,2,0,"",""
ball,1,7.5,South Africa,D van Niekerk,M du Preez,JL Gunn,1,0,"",""
ball,1,7.6,South Africa,M du Preez,D van Niekerk,JL Gunn,1,0,"",""
ball,1,8.1,South Africa,M du Preez,D van Niekerk,D Hazell,0,0,"",""
ball,1,8.2,South Africa,M du Preez,D van Niekerk,D Hazell,1,0,"",""
ball,1,8.3,South Africa,D van Niekerk,M du Preez,D Hazell,0,0,"",""
ball,1,8.4,South Africa,D van Niekerk,M du Preez,D Hazell,1,0,"",""
ball,1,8.5,South Africa,M du Preez,D van Niekerk,D Hazell,1,0,"",""
ball,1,8.6,South Africa,D van Niekerk,M du Preez,D Hazell,1,0,"",""
ball,1,9.1,South Africa,D van Niekerk,M du Preez,HC Knight,0,0,"",""
ball,1,9.2,South Africa,D van Niekerk,M du Preez,HC Knight,0,0,"",""
ball,1,9.3,South Africa,D van Niekerk,M du Preez,HC Knight,0,0,"",""
ball,1,9.4,South Africa,D van Niekerk,M du Preez,HC Knight,1,0,"",""
ball,1,9.5,South Africa,M du Preez,D van Niekerk,HC Knight,0,0,"",""
ball,1,9.6,South Africa,M du Preez,D van Niekerk,HC Knight,0,1,"",""
ball,1,10.1,South Africa,M du Preez,D van Niekerk,D Hazell,1,0,"",""
ball,1,10.2,South Africa,D van Niekerk,M du Preez,D Hazell,4,0,"",""
ball,1,10.3,South Africa,D van Niekerk,M du Preez,D Hazell,0,0,"",""
ball,1,10.4,South Africa,D van Niekerk,M du Preez,D Hazell,1,0,"",""
ball,1,10.5,South Africa,M du Preez,D van Niekerk,D Hazell,1,0,"",""
ball,1,10.6,South Africa,D van Niekerk,M du Preez,D Hazell,1,0,"",""
ball,1,11.1,South Africa,D van Niekerk,M du Preez,HC Knight,1,0,"",""
ball,1,11.2,South Africa,M du Preez,D van Niekerk,HC Knight,1,0,"",""
ball,1,11.3,South Africa,D van Niekerk,M du Preez,HC Knight,4,0,"",""
ball,1,11.4,South Africa,D van Niekerk,M du Preez,HC Knight,0,0,"",""
ball,1,11.5,South Africa,D van Niekerk,M du Preez,HC Knight,0,0,"",""
ball,1,11.6,South Africa,D van Niekerk,M du Preez,HC Knight,1,0,"",""
ball,1,12.1,South Africa,D van Niekerk,M du Preez,JL Gunn,1,0,"",""
ball,1,12.2,South Africa,M du Preez,D van Niekerk,JL Gunn,1,0,"",""
ball,1,12.3,South Africa,D van Niekerk,M du Preez,JL Gunn,1,0,"",""
ball,1,12.4,South Africa,M du Preez,D van Niekerk,JL Gunn,1,0,"",""
ball,1,12.5,South Africa,D van Niekerk,M du Preez,JL Gunn,0,0,"",""
ball,1,12.6,South Africa,D van Niekerk,M du Preez,JL Gunn,1,0,"",""
ball,1,13.1,South Africa,D van Niekerk,M du Preez,NR Sciver,0,0,"",""
ball,1,13.2,South Africa,D van Niekerk,M du Preez,NR Sciver,0,1,"",""
ball,1,13.3,South Africa,M du Preez,D van Niekerk,NR Sciver,0,0,"",""
ball,1,13.4,South Africa,M du Preez,D van Niekerk,NR Sciver,0,0,"",""
ball,1,13.5,South Africa,M du Preez,D van Niekerk,NR Sciver,1,0,"",""
ball,1,13.6,South Africa,D van Niekerk,M du Preez,NR Sciver,1,0,"",""
ball,1,14.1,South Africa,D van Niekerk,M du Preez,D Hazell,0,0,bowled,D van Niekerk
ball,1,14.2,South Africa,L Lee,M du Preez,D Hazell,0,0,"",""
ball,1,14.3,South Africa,L Lee,M du Preez,D Hazell,1,0,"",""
ball,1,14.4,South Africa,M du Preez,L Lee,D Hazell,0,0,"",""
ball,1,14.5,South Africa,M du Preez,L Lee,D Hazell,0,0,"",""
ball,1,14.6,South Africa,M du Preez,L Lee,D Hazell,4,0,"",""
ball,1,15.1,South Africa,L Lee,M du Preez,A Shrubsole,0,0,"",""
ball,1,15.2,South Africa,L Lee,M du Preez,A Shrubsole,1,0,"",""
ball,1,15.3,South Africa,M du Preez,L Lee,A Shrubsole,1,0,"",""
ball,1,15.4,South Africa,L Lee,M du Preez,A Shrubsole,1,0,"",""
ball,1,15.5,South Africa,M du Preez,L Lee,A Shrubsole,0,0,"",""
ball,1,15.6,South Africa,M du Preez,L Lee,A Shrubsole,1,0,"",""
ball,1,16.1,South Africa,M du Preez,L Lee,HC Knight,1,0,"",""
ball,1,16.2,South Africa,L Lee,M du Preez,HC Knight,1,0,"",""
ball,1,16.3,South Africa,M du Preez,L Lee,HC Knight,0,0,"",""
ball,1,16.4,South Africa,M du Preez,L Lee,HC Knight,0,0,"",""
ball,1,16.5,South Africa,M du Preez,L Lee,HC Knight,0,0,"",""
ball,1,16.6,South Africa,M du Preez,L Lee,HC Knight,0,0,run out,L Lee
ball,1,17.1,South Africa,M du Preez,S Luus,NR Sciver,2,0,"",""
ball,1,17.2,South Africa,M du Preez,S Luus,NR Sciver,0,0,caught,M du Preez
ball,1,17.3,South Africa,S Luus,CL Tryon,NR Sciver,0,1,"",""
ball,1,17.4,South Africa,S Luus,CL Tryon,NR Sciver,0,0,"",""
ball,1,17.5,South Africa,S Luus,CL Tryon,NR Sciver,4,0,"",""
ball,1,17.6,South Africa,S Luus,CL Tryon,NR Sciver,1,0,"",""
ball,1,17.7,South Africa,CL Tryon,S Luus,NR Sciver,0,0,"",""
ball,1,18.1,South Africa,S Luus,CL Tryon,KH Brunt,0,0,"",""
ball,1,18.2,South Africa,S Luus,CL Tryon,KH Brunt,1,0,"",""
ball,1,18.3,South Africa,CL Tryon,S Luus,KH Brunt,0,0,"",""
ball,1,18.4,South Africa,CL Tryon,S Luus,KH Brunt,0,0,"",""
ball,1,18.5,South Africa,CL Tryon,S Luus,KH Brunt,1,0,"",""
ball,1,18.6,South Africa,S Luus,CL Tryon,KH Brunt,1,0,"",""
ball,1,19.1,South Africa,S Luus,CL Tryon,JL Gunn,1,0,"",""
ball,1,19.2,South Africa,CL Tryon,S Luus,JL Gunn,1,0,"",""
ball,1,19.3,South Africa,S Luus,CL Tryon,JL Gunn,1,0,"",""
ball,1,19.4,South Africa,CL Tryon,S Luus,JL Gunn,0,0,"",""
ball,1,19.5,South Africa,CL Tryon,S Luus,JL Gunn,1,0,"",""
ball,1,19.6,South Africa,S Luus,CL Tryon,JL Gunn,1,0,"",""
ball,2,0.1,England,CM Edwards,L Winfield,S Ismail,0,1,"",""
ball,2,0.2,England,CM Edwards,L Winfield,S Ismail,0,0,"",""
ball,2,0.3,England,CM Edwards,L Winfield,S Ismail,2,0,"",""
ball,2,0.4,England,CM Edwards,L Winfield,S Ismail,2,0,"",""
ball,2,0.5,England,CM Edwards,L Winfield,S Ismail,0,0,"",""
ball,2,0.6,England,CM Edwards,L Winfield,S Ismail,0,0,"",""
ball,2,0.7,England,CM Edwards,L Winfield,S Ismail,0,0,"",""
ball,2,1.1,England,L Winfield,CM Edwards,M Kapp,0,0,"",""
ball,2,1.2,England,L Winfield,CM Edwards,M Kapp,3,0,"",""
ball,2,1.3,England,CM Edwards,L Winfield,M Kapp,0,0,"",""
ball,2,1.4,England,CM Edwards,L Winfield,M Kapp,1,0,"",""
ball,2,1.5,England,L Winfield,CM Edwards,M Kapp,0,0,"",""
ball,2,1.6,England,L Winfield,CM Edwards,M Kapp,0,0,"",""
ball,2,2.1,England,CM Edwards,L Winfield,M Daniels,4,0,"",""
ball,2,2.2,England,CM Edwards,L Winfield,M Daniels,0,0,"",""
ball,2,2.3,England,CM Edwards,L Winfield,M Daniels,0,0,"",""
ball,2,2.4,England,CM Edwards,L Winfield,M Daniels,0,0,"",""
ball,2,2.5,England,CM Edwards,L Winfield,M Daniels,0,0,"",""
ball,2,2.6,England,CM Edwards,L Winfield,M Daniels,0,0,"",""
ball,2,3.1,England,L Winfield,CM Edwards,M Kapp,1,0,"",""
ball,2,3.2,England,CM Edwards,L Winfield,M Kapp,4,0,"",""
ball,2,3.3,England,CM Edwards,L Winfield,M Kapp,4,0,"",""
ball,2,3.4,England,CM Edwards,L Winfield,M Kapp,0,1,"",""
ball,2,3.5,England,CM Edwards,L Winfield,M Kapp,0,0,"",""
ball,2,3.6,England,CM Edwards,L Winfield,M Kapp,0,0,"",""
ball,2,3.7,England,CM Edwards,L Winfield,M Kapp,1,0,"",""
ball,2,4.1,England,CM Edwards,L Winfield,M Daniels,0,0,run out,L Winfield
ball,2,4.2,England,SJ Taylor,CM Edwards,M Daniels,1,0,"",""
ball,2,4.3,England,CM Edwards,SJ Taylor,M Daniels,0,0,"",""
ball,2,4.4,England,CM Edwards,SJ Taylor,M Daniels,0,0,"",""
ball,2,4.5,England,CM Edwards,SJ Taylor,M Daniels,0,0,"",""
ball,2,4.6,England,CM Edwards,SJ Taylor,M Daniels,0,0,"",""
ball,2,5.1,England,SJ Taylor,CM Edwards,S Loubser,0,0,"",""
ball,2,5.2,England,SJ Taylor,CM Edwards,S Loubser,1,0,"",""
ball,2,5.3,England,CM Edwards,SJ Taylor,S Loubser,4,0,"",""
ball,2,5.4,England,CM Edwards,SJ Taylor,S Loubser,3,0,"",""
ball,2,5.5,England,SJ Taylor,CM Edwards,S Loubser,1,0,"",""
ball,2,5.6,England,CM Edwards,SJ Taylor,S Loubser,0,0,"",""
ball,2,6.1,England,SJ Taylor,CM Edwards,S Ismail,1,0,"",""
ball,2,6.2,England,CM Edwards,SJ Taylor,S Ismail,0,0,"",""
ball,2,6.3,England,CM Edwards,SJ Taylor,S Ismail,4,0,"",""
ball,2,6.4,England,CM Edwards,SJ Taylor,S Ismail,0,0,"",""
ball,2,6.5,England,CM Edwards,SJ Taylor,S Ismail,1,0,"",""
ball,2,6.6,England,SJ Taylor,CM Edwards,S Ismail,0,0,"",""
ball,2,7.1,England,CM Edwards,SJ Taylor,CL Tryon,4,0,"",""
ball,2,7.2,England,CM Edwards,SJ Taylor,CL Tryon,0,0,"",""
ball,2,7.3,England,CM Edwards,SJ Taylor,CL Tryon,1,0,"",""
ball,2,7.4,England,SJ Taylor,CM Edwards,CL Tryon,2,0,"",""
ball,2,7.5,England,SJ Taylor,CM Edwards,CL Tryon,0,0,"",""
ball,2,7.6,England,SJ Taylor,CM Edwards,CL Tryon,1,0,"",""
ball,2,8.1,England,SJ Taylor,CM Edwards,D van Niekerk,0,2,"",""
ball,2,8.2,England,CM Edwards,SJ Taylor,D van Niekerk,0,0,"",""
ball,2,8.3,England,CM Edwards,SJ Taylor,D van Niekerk,0,0,"",""
ball,2,8.4,England,CM Edwards,SJ Taylor,D van Niekerk,1,0,"",""
ball,2,8.5,England,SJ Taylor,CM Edwards,D van Niekerk,0,0,"",""
ball,2,8.6,England,SJ Taylor,CM Edwards,D van Niekerk,0,0,"",""
ball,2,8.7,England,SJ Taylor,CM Edwards,D van Niekerk,1,0,"",""
ball,2,9.1,England,SJ Taylor,CM Edwards,MM Letsoalo,1,0,"",""
ball,2,9.2,England,CM Edwards,SJ Taylor,MM Letsoalo,4,0,"",""
ball,2,9.3,England,CM Edwards,SJ Taylor,MM Letsoalo,0,0,"",""
ball,2,9.4,England,CM Edwards,SJ Taylor,MM Letsoalo,4,0,"",""
ball,2,9.5,England,CM Edwards,SJ Taylor,MM Letsoalo,1,0,"",""
ball,2,9.6,England,SJ Taylor,CM Edwards,MM Letsoalo,4,0,"",""
ball,2,10.1,England,CM Edwards,SJ Taylor,D van Niekerk,1,0,"",""
ball,2,10.2,England,SJ Taylor,CM Edwards,D van Niekerk,1,0,"",""
ball,2,10.3,England,CM Edwards,SJ Taylor,D van Niekerk,0,0,"",""
ball,2,10.4,England,CM Edwards,SJ Taylor,D van Niekerk,1,0,"",""
ball,2,10.5,England,SJ Taylor,CM Edwards,D van Niekerk,1,0,"",""
ball,2,10.6,England,CM Edwards,SJ Taylor,D van Niekerk,1,0,"",""
ball,2,11.1,England,CM Edwards,SJ Taylor,S Luus,1,0,"",""
ball,2,11.2,England,SJ Taylor,CM Edwards,S Luus,1,0,"",""
ball,2,11.3,England,CM Edwards,SJ Taylor,S Luus,4,0,"",""
ball,2,11.4,England,CM Edwards,SJ Taylor,S Luus,1,0,"",""
ball,2,11.5,England,SJ Taylor,CM Edwards,S Luus,1,0,"",""
ball,2,11.6,England,CM Edwards,SJ Taylor,S Luus,1,0,"",""
ball,2,12.1,England,CM Edwards,SJ Taylor,S Ismail,0,0,"",""
ball,2,12.2,England,CM Edwards,SJ Taylor,S Ismail,1,0,"",""
ball,2,12.3,England,SJ Taylor,CM Edwards,S Ismail,0,0,"",""
ball,2,12.4,England,SJ Taylor,CM Edwards,S Ismail,0,0,"",""
ball,2,12.5,England,SJ Taylor,CM Edwards,S Ismail,4,0,"",""
ball,2,12.6,England,SJ Taylor,CM Edwards,S Ismail,0,0,"",""
ball,2,13.1,England,CM Edwards,SJ Taylor,M Kapp,2,0,"",""
ball,2,13.2,England,CM Edwards,SJ Taylor,M Kapp,0,0,"",""
ball,2,13.3,England,CM Edwards,SJ Taylor,M Kapp,4,0,"",""
